  Installing layer-presets-path with default = ${gimp_dir}/layer-presets:${gimp_data_dir}/layer-presets
  Installing layer-presets-path-writable with default = ${gimp_dir}/layer-presets
GimpCoreConfig: Set properties_base to 62
  Installed set_property_handler
  Installed get_property_handler
Installed::N4GLib13GClassWrapperINS_11UseCStructsI15_GimpBaseConfig15_GimpCoreConfigEEE9WithClassE-> prop=layer-presets-path, id=62
  Kept set_property_handler
  Kept get_property_handler
Installed::N4GLib13GClassWrapperINS_11UseCStructsI15_GimpBaseConfig15_GimpCoreConfigEEE9WithClassE-> prop=layer-presets-path-writable, id=63
Install ConfigExtender.
set::readonly path to `${gimp_dir}/layer-presets:${gimp_data_dir}/layer-presets'
set::writable path to `${gimp_dir}/layer-presets'
Install ConfigExtender.
set::readonly path to `${gimp_dir}/layer-presets:${gimp_data_dir}/layer-presets'
set::writable path to `${gimp_dir}/layer-presets'

(gimp-2.8:13): GLib-GObject-CRITICAL **: 08:34:16.381: g_value_set_object: assertion 'G_VALUE_HOLDS_OBJECT (value)' failed

(gimp-2.8:13): GLib-GObject-CRITICAL **: 08:34:16.381: g_value_set_object: assertion 'G_VALUE_HOLDS_OBJECT (value)' failed
get::readonly path
get::readonly path
get::writable path
get::writable path

(gimp-2.8:13): GLib-GObject-CRITICAL **: 08:34:16.381: g_object_set_is_valid_property: object class 'GeglConfig' has no property named 'cache-size'
GimpJsonResource: Set properties_base to 8
  Installed set_property_handler
  Installed get_property_handler
Installed::N4GLib13GClassWrapperINS_11UseCStructsI9_GimpData17_GimpJsonResourceEEE9WithClassE-> prop=root, id=8
Feature::entry_point: add restore/exit on initialize.
Failed to parse tag cache: No such file or directory

(gimp-2.8:13): Gimp-Widgets-CRITICAL **: 08:34:16.385: gimp_dialog_factory_get_singleton: assertion 'gimp_toplevel_factory != NULL' failed
PresetGuiFactory::on_restore::GimpDialogFactory=(nil)

(gimp-2.8:13): Gimp-Widgets-CRITICAL **: 08:34:16.385: gimp_dialog_factory_register_entry: assertion 'GIMP_IS_DIALOG_FACTORY (factory)' failed
PresetGuiFactory::on_restore::end

(gimp-2.8:13): Gimp-Widgets-CRITICAL **: 08:34:16.385: gimp_action_factory_group_register: assertion 'GIMP_IS_ACTION_FACTORY (factory)' failed
gimp_plug_in_manager_call_run_full
gimp_plug_in_get_proc_frame=0x563b29988720:  set ignore_undos=0
gimp_plug_in_manager_call_run_full
gimp_plug_in_get_proc_frame=0x563b29a9af80:  set ignore_undos=0
gimp_plug_in_manager_call_run_full
gimp_plug_in_get_proc_frame=0x563b29aa9b20:  set ignore_undos=0
push_undo: GimpLayerUndo=55
gimp_plug_in_manager_call_run_full
gimp_plug_in_get_proc_frame=0x563b29aa9b20:  set ignore_undos=0
script-fu-Warning: BLINDS_INPUT_LOADED=RGBA-1x1

gimp_plug_in_manager_call_run_full
gimp_plug_in_get_proc_frame=0x563b29aa9b20:  set ignore_undos=0
push_undo: GimpLayerUndo=55
script-fu-Warning: BLINDS_CASE_START=RGBA-1x1-a0-s1-o0-t0

gimp_plug_in_manager_call_run_full
gimp_plug_in_get_proc_frame=0x563b29aa9b20:  set ignore_undos=0
push_undo: GimpDrawableUndo=47
script-fu-Warning: BLINDS_PDB_DONE=RGBA-1x1-a0-s1-o0-t0

gimp_plug_in_manager_call_run_full
gimp_plug_in_get_proc_frame=0x563b29aa9b20:  set ignore_undos=0
script-fu-Warning: BLINDS_CASE_DONE=RGBA-1x1-a0-s1-o0-t0

gimp_plug_in_manager_call_run_full
gimp_plug_in_get_proc_frame=0x563b29aa9b20:  set ignore_undos=0
push_undo: GimpLayerUndo=55
script-fu-Warning: BLINDS_CASE_START=RGBA-1x1-a0-s1-o0-t1

gimp_plug_in_manager_call_run_full
gimp_plug_in_get_proc_frame=0x563b29aa9b20:  set ignore_undos=0
push_undo: GimpDrawableUndo=47
script-fu-Warning: BLINDS_PDB_DONE=RGBA-1x1-a0-s1-o0-t1

gimp_plug_in_manager_call_run_full
gimp_plug_in_get_proc_frame=0x563b29aa9b20:  set ignore_undos=0
script-fu-Warning: BLINDS_CASE_DONE=RGBA-1x1-a0-s1-o0-t1

gimp_plug_in_manager_call_run_full
gimp_plug_in_get_proc_frame=0x563b29aa9b20:  set ignore_undos=0
push_undo: GimpLayerUndo=55
script-fu-Warning: BLINDS_CASE_START=RGBA-1x1-a0-s1-o0-t-1

gimp_plug_in_manager_call_run_full
gimp_plug_in_get_proc_frame=0x563b29aa9b20:  set ignore_undos=0
push_undo: GimpDrawableUndo=47
script-fu-Warning: BLINDS_PDB_DONE=RGBA-1x1-a0-s1-o0-t-1

gimp_plug_in_manager_call_run_full
gimp_plug_in_get_proc_frame=0x563b29aa9b20:  set ignore_undos=0
script-fu-Warning: BLINDS_CASE_DONE=RGBA-1x1-a0-s1-o0-t-1

gimp_plug_in_manager_call_run_full
gimp_plug_in_get_proc_frame=0x563b29aa9b20:  set ignore_undos=0
push_undo: GimpLayerUndo=55
script-fu-Warning: BLINDS_CASE_START=RGBA-1x1-a0-s1-o0-t2

gimp_plug_in_manager_call_run_full
gimp_plug_in_get_proc_frame=0x563b29aa9b20:  set ignore_undos=0
push_undo: GimpDrawableUndo=47
script-fu-Warning: BLINDS_PDB_DONE=RGBA-1x1-a0-s1-o0-t2

gimp_plug_in_manager_call_run_full
gimp_plug_in_get_proc_frame=0x563b29aa9b20:  set ignore_undos=0
script-fu-Warning: BLINDS_CASE_DONE=RGBA-1x1-a0-s1-o0-t2

gimp_plug_in_manager_call_run_full
gimp_plug_in_get_proc_frame=0x563b29aa9b20:  set ignore_undos=0
push_undo: GimpLayerUndo=55
script-fu-Warning: BLINDS_CASE_START=RGBA-1x1-a15-s3-o0-t0

gimp_plug_in_manager_call_run_full
gimp_plug_in_get_proc_frame=0x563b29aa9b20:  set ignore_undos=0
push_undo: GimpDrawableUndo=47
script-fu-Warning: BLINDS_PDB_DONE=RGBA-1x1-a15-s3-o0-t0

gimp_plug_in_manager_call_run_full
gimp_plug_in_get_proc_frame=0x563b29aa9b20:  set ignore_undos=0
script-fu-Warning: BLINDS_CASE_DONE=RGBA-1x1-a15-s3-o0-t0

gimp_plug_in_manager_call_run_full
gimp_plug_in_get_proc_frame=0x563b29aa9b20:  set ignore_undos=0
push_undo: GimpLayerUndo=55
script-fu-Warning: BLINDS_CASE_START=RGBA-1x1-a15-s3-o0-t1

gimp_plug_in_manager_call_run_full
gimp_plug_in_get_proc_frame=0x563b29aa9b20:  set ignore_undos=0
push_undo: GimpDrawableUndo=47
script-fu-Warning: BLINDS_PDB_DONE=RGBA-1x1-a15-s3-o0-t1

gimp_plug_in_manager_call_run_full
gimp_plug_in_get_proc_frame=0x563b29aa9b20:  set ignore_undos=0
script-fu-Warning: BLINDS_CASE_DONE=RGBA-1x1-a15-s3-o0-t1

gimp_plug_in_manager_call_run_full
gimp_plug_in_get_proc_frame=0x563b29aa9b20:  set ignore_undos=0
push_undo: GimpLayerUndo=55
script-fu-Warning: BLINDS_CASE_START=RGBA-1x1-a15-s3-o0-t-1

gimp_plug_in_manager_call_run_full
gimp_plug_in_get_proc_frame=0x563b29aa9b20:  set ignore_undos=0
push_undo: GimpDrawableUndo=47
script-fu-Warning: BLINDS_PDB_DONE=RGBA-1x1-a15-s3-o0-t-1

gimp_plug_in_manager_call_run_full
gimp_plug_in_get_proc_frame=0x563b29aa9b20:  set ignore_undos=0
script-fu-Warning: BLINDS_CASE_DONE=RGBA-1x1-a15-s3-o0-t-1

gimp_plug_in_manager_call_run_full
gimp_plug_in_get_proc_frame=0x563b29aa9b20:  set ignore_undos=0
push_undo: GimpLayerUndo=55
script-fu-Warning: BLINDS_CASE_START=RGBA-1x1-a15-s3-o0-t2

gimp_plug_in_manager_call_run_full
gimp_plug_in_get_proc_frame=0x563b29aa9b20:  set ignore_undos=0
push_undo: GimpDrawableUndo=47
script-fu-Warning: BLINDS_PDB_DONE=RGBA-1x1-a15-s3-o0-t2

gimp_plug_in_manager_call_run_full
gimp_plug_in_get_proc_frame=0x563b29aa9b20:  set ignore_undos=0
script-fu-Warning: BLINDS_CASE_DONE=RGBA-1x1-a15-s3-o0-t2

gimp_plug_in_manager_call_run_full
gimp_plug_in_get_proc_frame=0x563b29aa9b20:  set ignore_undos=0
push_undo: GimpLayerUndo=55
script-fu-Warning: BLINDS_CASE_START=RGBA-1x1-a67-s7-o0-t0

gimp_plug_in_manager_call_run_full
gimp_plug_in_get_proc_frame=0x563b29aa9b20:  set ignore_undos=0
push_undo: GimpDrawableUndo=47
script-fu-Warning: BLINDS_PDB_DONE=RGBA-1x1-a67-s7-o0-t0

gimp_plug_in_manager_call_run_full
gimp_plug_in_get_proc_frame=0x563b29aa9b20:  set ignore_undos=0
script-fu-Warning: BLINDS_CASE_DONE=RGBA-1x1-a67-s7-o0-t0

gimp_plug_in_manager_call_run_full
gimp_plug_in_get_proc_frame=0x563b29aa9b20:  set ignore_undos=0
push_undo: GimpLayerUndo=55
script-fu-Warning: BLINDS_CASE_START=RGBA-1x1-a67-s7-o0-t1

gimp_plug_in_manager_call_run_full
gimp_plug_in_get_proc_frame=0x563b29aa9b20:  set ignore_undos=0
push_undo: GimpDrawableUndo=47
script-fu-Warning: BLINDS_PDB_DONE=RGBA-1x1-a67-s7-o0-t1

gimp_plug_in_manager_call_run_full
gimp_plug_in_get_proc_frame=0x563b29aa9b20:  set ignore_undos=0
script-fu-Warning: BLINDS_CASE_DONE=RGBA-1x1-a67-s7-o0-t1

gimp_plug_in_manager_call_run_full
gimp_plug_in_get_proc_frame=0x563b29aa9b20:  set ignore_undos=0
push_undo: GimpLayerUndo=55
script-fu-Warning: BLINDS_CASE_START=RGBA-1x1-a67-s7-o0-t-1

gimp_plug_in_manager_call_run_full
gimp_plug_in_get_proc_frame=0x563b29aa9b20:  set ignore_undos=0
push_undo: GimpDrawableUndo=47
script-fu-Warning: BLINDS_PDB_DONE=RGBA-1x1-a67-s7-o0-t-1

gimp_plug_in_manager_call_run_full
gimp_plug_in_get_proc_frame=0x563b29aa9b20:  set ignore_undos=0
script-fu-Warning: BLINDS_CASE_DONE=RGBA-1x1-a67-s7-o0-t-1

gimp_plug_in_manager_call_run_full
gimp_plug_in_get_proc_frame=0x563b29aa9b20:  set ignore_undos=0
push_undo: GimpLayerUndo=55
script-fu-Warning: BLINDS_CASE_START=RGBA-1x1-a67-s7-o0-t2

gimp_plug_in_manager_call_run_full
gimp_plug_in_get_proc_frame=0x563b29aa9b20:  set ignore_undos=0
push_undo: GimpDrawableUndo=47
script-fu-Warning: BLINDS_PDB_DONE=RGBA-1x1-a67-s7-o0-t2

gimp_plug_in_manager_call_run_full
gimp_plug_in_get_proc_frame=0x563b29aa9b20:  set ignore_undos=0
script-fu-Warning: BLINDS_CASE_DONE=RGBA-1x1-a67-s7-o0-t2

gimp_plug_in_manager_call_run_full
gimp_plug_in_get_proc_frame=0x563b29aa9b20:  set ignore_undos=0
push_undo: GimpLayerUndo=55
script-fu-Warning: BLINDS_CASE_START=RGBA-1x1-a90-s100-o0-t0

gimp_plug_in_manager_call_run_full
gimp_plug_in_get_proc_frame=0x563b29aa9b20:  set ignore_undos=0
push_undo: GimpDrawableUndo=47
script-fu-Warning: BLINDS_PDB_DONE=RGBA-1x1-a90-s100-o0-t0

gimp_plug_in_manager_call_run_full
gimp_plug_in_get_proc_frame=0x563b29aa9b20:  set ignore_undos=0
script-fu-Warning: BLINDS_CASE_DONE=RGBA-1x1-a90-s100-o0-t0

gimp_plug_in_manager_call_run_full
gimp_plug_in_get_proc_frame=0x563b29aa9b20:  set ignore_undos=0
push_undo: GimpLayerUndo=55
script-fu-Warning: BLINDS_CASE_START=RGBA-1x1-a90-s100-o0-t1

gimp_plug_in_manager_call_run_full
gimp_plug_in_get_proc_frame=0x563b29aa9b20:  set ignore_undos=0
push_undo: GimpDrawableUndo=47
script-fu-Warning: BLINDS_PDB_DONE=RGBA-1x1-a90-s100-o0-t1

gimp_plug_in_manager_call_run_full
gimp_plug_in_get_proc_frame=0x563b29aa9b20:  set ignore_undos=0
script-fu-Warning: BLINDS_CASE_DONE=RGBA-1x1-a90-s100-o0-t1

gimp_plug_in_manager_call_run_full
gimp_plug_in_get_proc_frame=0x563b29aa9b20:  set ignore_undos=0
push_undo: GimpLayerUndo=55
script-fu-Warning: BLINDS_CASE_START=RGBA-1x1-a90-s100-o0-t-1

gimp_plug_in_manager_call_run_full
gimp_plug_in_get_proc_frame=0x563b29aa9b20:  set ignore_undos=0
push_undo: GimpDrawableUndo=47
script-fu-Warning: BLINDS_PDB_DONE=RGBA-1x1-a90-s100-o0-t-1

gimp_plug_in_manager_call_run_full
gimp_plug_in_get_proc_frame=0x563b29aa9b20:  set ignore_undos=0
script-fu-Warning: BLINDS_CASE_DONE=RGBA-1x1-a90-s100-o0-t-1

gimp_plug_in_manager_call_run_full
gimp_plug_in_get_proc_frame=0x563b29aa9b20:  set ignore_undos=0
push_undo: GimpLayerUndo=55
script-fu-Warning: BLINDS_CASE_START=RGBA-1x1-a90-s100-o0-t2

gimp_plug_in_manager_call_run_full
gimp_plug_in_get_proc_frame=0x563b29aa9b20:  set ignore_undos=0
push_undo: GimpDrawableUndo=47
script-fu-Warning: BLINDS_PDB_DONE=RGBA-1x1-a90-s100-o0-t2

gimp_plug_in_manager_call_run_full
gimp_plug_in_get_proc_frame=0x563b29aa9b20:  set ignore_undos=0
script-fu-Warning: BLINDS_CASE_DONE=RGBA-1x1-a90-s100-o0-t2

gimp_plug_in_manager_call_run_full
gimp_plug_in_get_proc_frame=0x563b29aa9b20:  set ignore_undos=0
push_undo: GimpLayerUndo=55
script-fu-Warning: BLINDS_CASE_START=RGBA-1x1-a0-s1-o1-t0

gimp_plug_in_manager_call_run_full
gimp_plug_in_get_proc_frame=0x563b29aa9b20:  set ignore_undos=0
push_undo: GimpDrawableUndo=47
script-fu-Warning: BLINDS_PDB_DONE=RGBA-1x1-a0-s1-o1-t0

gimp_plug_in_manager_call_run_full
gimp_plug_in_get_proc_frame=0x563b29aa9b20:  set ignore_undos=0
script-fu-Warning: BLINDS_CASE_DONE=RGBA-1x1-a0-s1-o1-t0

gimp_plug_in_manager_call_run_full
gimp_plug_in_get_proc_frame=0x563b29aa9b20:  set ignore_undos=0
push_undo: GimpLayerUndo=55
script-fu-Warning: BLINDS_CASE_START=RGBA-1x1-a0-s1-o1-t1

gimp_plug_in_manager_call_run_full
gimp_plug_in_get_proc_frame=0x563b29aa9b20:  set ignore_undos=0
push_undo: GimpDrawableUndo=47
script-fu-Warning: BLINDS_PDB_DONE=RGBA-1x1-a0-s1-o1-t1

gimp_plug_in_manager_call_run_full
gimp_plug_in_get_proc_frame=0x563b29aa9b20:  set ignore_undos=0
script-fu-Warning: BLINDS_CASE_DONE=RGBA-1x1-a0-s1-o1-t1

gimp_plug_in_manager_call_run_full
gimp_plug_in_get_proc_frame=0x563b29aa9b20:  set ignore_undos=0
push_undo: GimpLayerUndo=55
script-fu-Warning: BLINDS_CASE_START=RGBA-1x1-a0-s1-o1-t-1

gimp_plug_in_manager_call_run_full
gimp_plug_in_get_proc_frame=0x563b29aa9b20:  set ignore_undos=0
push_undo: GimpDrawableUndo=47
script-fu-Warning: BLINDS_PDB_DONE=RGBA-1x1-a0-s1-o1-t-1

gimp_plug_in_manager_call_run_full
gimp_plug_in_get_proc_frame=0x563b29aa9b20:  set ignore_undos=0
script-fu-Warning: BLINDS_CASE_DONE=RGBA-1x1-a0-s1-o1-t-1

gimp_plug_in_manager_call_run_full
gimp_plug_in_get_proc_frame=0x563b29aa9b20:  set ignore_undos=0
push_undo: GimpLayerUndo=55
script-fu-Warning: BLINDS_CASE_START=RGBA-1x1-a0-s1-o1-t2

gimp_plug_in_manager_call_run_full
gimp_plug_in_get_proc_frame=0x563b29aa9b20:  set ignore_undos=0
push_undo: GimpDrawableUndo=47
script-fu-Warning: BLINDS_PDB_DONE=RGBA-1x1-a0-s1-o1-t2

gimp_plug_in_manager_call_run_full
gimp_plug_in_get_proc_frame=0x563b29aa9b20:  set ignore_undos=0
script-fu-Warning: BLINDS_CASE_DONE=RGBA-1x1-a0-s1-o1-t2

gimp_plug_in_manager_call_run_full
gimp_plug_in_get_proc_frame=0x563b29aa9b20:  set ignore_undos=0
push_undo: GimpLayerUndo=55
script-fu-Warning: BLINDS_CASE_START=RGBA-1x1-a15-s3-o1-t0

gimp_plug_in_manager_call_run_full
gimp_plug_in_get_proc_frame=0x563b29aa9b20:  set ignore_undos=0
push_undo: GimpDrawableUndo=47
script-fu-Warning: BLINDS_PDB_DONE=RGBA-1x1-a15-s3-o1-t0

gimp_plug_in_manager_call_run_full
gimp_plug_in_get_proc_frame=0x563b29aa9b20:  set ignore_undos=0
script-fu-Warning: BLINDS_CASE_DONE=RGBA-1x1-a15-s3-o1-t0

gimp_plug_in_manager_call_run_full
gimp_plug_in_get_proc_frame=0x563b29aa9b20:  set ignore_undos=0
push_undo: GimpLayerUndo=55
script-fu-Warning: BLINDS_CASE_START=RGBA-1x1-a15-s3-o1-t1

gimp_plug_in_manager_call_run_full
gimp_plug_in_get_proc_frame=0x563b29aa9b20:  set ignore_undos=0
push_undo: GimpDrawableUndo=47
script-fu-Warning: BLINDS_PDB_DONE=RGBA-1x1-a15-s3-o1-t1

gimp_plug_in_manager_call_run_full
gimp_plug_in_get_proc_frame=0x563b29aa9b20:  set ignore_undos=0
script-fu-Warning: BLINDS_CASE_DONE=RGBA-1x1-a15-s3-o1-t1

gimp_plug_in_manager_call_run_full
gimp_plug_in_get_proc_frame=0x563b29aa9b20:  set ignore_undos=0
push_undo: GimpLayerUndo=55
script-fu-Warning: BLINDS_CASE_START=RGBA-1x1-a15-s3-o1-t-1

gimp_plug_in_manager_call_run_full
gimp_plug_in_get_proc_frame=0x563b29aa9b20:  set ignore_undos=0
push_undo: GimpDrawableUndo=47
script-fu-Warning: BLINDS_PDB_DONE=RGBA-1x1-a15-s3-o1-t-1

gimp_plug_in_manager_call_run_full
gimp_plug_in_get_proc_frame=0x563b29aa9b20:  set ignore_undos=0
script-fu-Warning: BLINDS_CASE_DONE=RGBA-1x1-a15-s3-o1-t-1

gimp_plug_in_manager_call_run_full
gimp_plug_in_get_proc_frame=0x563b29aa9b20:  set ignore_undos=0
push_undo: GimpLayerUndo=55
script-fu-Warning: BLINDS_CASE_START=RGBA-1x1-a15-s3-o1-t2

gimp_plug_in_manager_call_run_full
gimp_plug_in_get_proc_frame=0x563b29aa9b20:  set ignore_undos=0
push_undo: GimpDrawableUndo=47
script-fu-Warning: BLINDS_PDB_DONE=RGBA-1x1-a15-s3-o1-t2

gimp_plug_in_manager_call_run_full
gimp_plug_in_get_proc_frame=0x563b29aa9b20:  set ignore_undos=0
script-fu-Warning: BLINDS_CASE_DONE=RGBA-1x1-a15-s3-o1-t2

gimp_plug_in_manager_call_run_full
gimp_plug_in_get_proc_frame=0x563b29aa9b20:  set ignore_undos=0
push_undo: GimpLayerUndo=55
script-fu-Warning: BLINDS_CASE_START=RGBA-1x1-a67-s7-o1-t0

gimp_plug_in_manager_call_run_full
gimp_plug_in_get_proc_frame=0x563b29aa9b20:  set ignore_undos=0
push_undo: GimpDrawableUndo=47
script-fu-Warning: BLINDS_PDB_DONE=RGBA-1x1-a67-s7-o1-t0

gimp_plug_in_manager_call_run_full
gimp_plug_in_get_proc_frame=0x563b29aa9b20:  set ignore_undos=0
script-fu-Warning: BLINDS_CASE_DONE=RGBA-1x1-a67-s7-o1-t0

gimp_plug_in_manager_call_run_full
gimp_plug_in_get_proc_frame=0x563b29aa9b20:  set ignore_undos=0
push_undo: GimpLayerUndo=55
script-fu-Warning: BLINDS_CASE_START=RGBA-1x1-a67-s7-o1-t1

gimp_plug_in_manager_call_run_full
gimp_plug_in_get_proc_frame=0x563b29aa9b20:  set ignore_undos=0
push_undo: GimpDrawableUndo=47
script-fu-Warning: BLINDS_PDB_DONE=RGBA-1x1-a67-s7-o1-t1

gimp_plug_in_manager_call_run_full
gimp_plug_in_get_proc_frame=0x563b29aa9b20:  set ignore_undos=0
script-fu-Warning: BLINDS_CASE_DONE=RGBA-1x1-a67-s7-o1-t1

gimp_plug_in_manager_call_run_full
gimp_plug_in_get_proc_frame=0x563b29aa9b20:  set ignore_undos=0
push_undo: GimpLayerUndo=55
script-fu-Warning: BLINDS_CASE_START=RGBA-1x1-a67-s7-o1-t-1

gimp_plug_in_manager_call_run_full
gimp_plug_in_get_proc_frame=0x563b29aa9b20:  set ignore_undos=0
push_undo: GimpDrawableUndo=47
script-fu-Warning: BLINDS_PDB_DONE=RGBA-1x1-a67-s7-o1-t-1

gimp_plug_in_manager_call_run_full
gimp_plug_in_get_proc_frame=0x563b29aa9b20:  set ignore_undos=0
script-fu-Warning: BLINDS_CASE_DONE=RGBA-1x1-a67-s7-o1-t-1

gimp_plug_in_manager_call_run_full
gimp_plug_in_get_proc_frame=0x563b29aa9b20:  set ignore_undos=0
push_undo: GimpLayerUndo=55
script-fu-Warning: BLINDS_CASE_START=RGBA-1x1-a67-s7-o1-t2

gimp_plug_in_manager_call_run_full
gimp_plug_in_get_proc_frame=0x563b29aa9b20:  set ignore_undos=0
push_undo: GimpDrawableUndo=47
script-fu-Warning: BLINDS_PDB_DONE=RGBA-1x1-a67-s7-o1-t2

gimp_plug_in_manager_call_run_full
gimp_plug_in_get_proc_frame=0x563b29aa9b20:  set ignore_undos=0
script-fu-Warning: BLINDS_CASE_DONE=RGBA-1x1-a67-s7-o1-t2

gimp_plug_in_manager_call_run_full
gimp_plug_in_get_proc_frame=0x563b29aa9b20:  set ignore_undos=0
push_undo: GimpLayerUndo=55
script-fu-Warning: BLINDS_CASE_START=RGBA-1x1-a90-s100-o1-t0

gimp_plug_in_manager_call_run_full
gimp_plug_in_get_proc_frame=0x563b29aa9b20:  set ignore_undos=0
push_undo: GimpDrawableUndo=47
script-fu-Warning: BLINDS_PDB_DONE=RGBA-1x1-a90-s100-o1-t0

gimp_plug_in_manager_call_run_full
gimp_plug_in_get_proc_frame=0x563b29aa9b20:  set ignore_undos=0
script-fu-Warning: BLINDS_CASE_DONE=RGBA-1x1-a90-s100-o1-t0

gimp_plug_in_manager_call_run_full
gimp_plug_in_get_proc_frame=0x563b29aa9b20:  set ignore_undos=0
push_undo: GimpLayerUndo=55
script-fu-Warning: BLINDS_CASE_START=RGBA-1x1-a90-s100-o1-t1

gimp_plug_in_manager_call_run_full
gimp_plug_in_get_proc_frame=0x563b29aa9b20:  set ignore_undos=0
push_undo: GimpDrawableUndo=47
script-fu-Warning: BLINDS_PDB_DONE=RGBA-1x1-a90-s100-o1-t1

gimp_plug_in_manager_call_run_full
gimp_plug_in_get_proc_frame=0x563b29aa9b20:  set ignore_undos=0
script-fu-Warning: BLINDS_CASE_DONE=RGBA-1x1-a90-s100-o1-t1

gimp_plug_in_manager_call_run_full
gimp_plug_in_get_proc_frame=0x563b29aa9b20:  set ignore_undos=0
push_undo: GimpLayerUndo=55
script-fu-Warning: BLINDS_CASE_START=RGBA-1x1-a90-s100-o1-t-1

gimp_plug_in_manager_call_run_full
gimp_plug_in_get_proc_frame=0x563b29aa9b20:  set ignore_undos=0
push_undo: GimpDrawableUndo=47
script-fu-Warning: BLINDS_PDB_DONE=RGBA-1x1-a90-s100-o1-t-1

gimp_plug_in_manager_call_run_full
gimp_plug_in_get_proc_frame=0x563b29aa9b20:  set ignore_undos=0
script-fu-Warning: BLINDS_CASE_DONE=RGBA-1x1-a90-s100-o1-t-1

gimp_plug_in_manager_call_run_full
gimp_plug_in_get_proc_frame=0x563b29aa9b20:  set ignore_undos=0
push_undo: GimpLayerUndo=55
script-fu-Warning: BLINDS_CASE_START=RGBA-1x1-a90-s100-o1-t2

gimp_plug_in_manager_call_run_full
gimp_plug_in_get_proc_frame=0x563b29aa9b20:  set ignore_undos=0
push_undo: GimpDrawableUndo=47
script-fu-Warning: BLINDS_PDB_DONE=RGBA-1x1-a90-s100-o1-t2

gimp_plug_in_manager_call_run_full
gimp_plug_in_get_proc_frame=0x563b29aa9b20:  set ignore_undos=0
script-fu-Warning: BLINDS_CASE_DONE=RGBA-1x1-a90-s100-o1-t2

gimp_plug_in_manager_call_run_full
gimp_plug_in_get_proc_frame=0x563b29aa9b20:  set ignore_undos=0
push_undo: GimpLayerUndo=55
gimp_plug_in_manager_call_run_full
gimp_plug_in_get_proc_frame=0x563b29aa9b20:  set ignore_undos=0
script-fu-Warning: BLINDS_INPUT_LOADED=RGBA-2x3

gimp_plug_in_manager_call_run_full
gimp_plug_in_get_proc_frame=0x563b29aa9b20:  set ignore_undos=0
push_undo: GimpLayerUndo=55
script-fu-Warning: BLINDS_CASE_START=RGBA-2x3-a0-s1-o0-t0

gimp_plug_in_manager_call_run_full
gimp_plug_in_get_proc_frame=0x563b29aa9b20:  set ignore_undos=0
push_undo: GimpDrawableUndo=47
script-fu-Warning: BLINDS_PDB_DONE=RGBA-2x3-a0-s1-o0-t0

gimp_plug_in_manager_call_run_full
gimp_plug_in_get_proc_frame=0x563b29aa9b20:  set ignore_undos=0
script-fu-Warning: BLINDS_CASE_DONE=RGBA-2x3-a0-s1-o0-t0

gimp_plug_in_manager_call_run_full
gimp_plug_in_get_proc_frame=0x563b29aa9b20:  set ignore_undos=0
push_undo: GimpLayerUndo=55
script-fu-Warning: BLINDS_CASE_START=RGBA-2x3-a0-s1-o0-t1

gimp_plug_in_manager_call_run_full
gimp_plug_in_get_proc_frame=0x563b29aa9b20:  set ignore_undos=0
push_undo: GimpDrawableUndo=47
script-fu-Warning: BLINDS_PDB_DONE=RGBA-2x3-a0-s1-o0-t1

gimp_plug_in_manager_call_run_full
gimp_plug_in_get_proc_frame=0x563b29aa9b20:  set ignore_undos=0
script-fu-Warning: BLINDS_CASE_DONE=RGBA-2x3-a0-s1-o0-t1

gimp_plug_in_manager_call_run_full
gimp_plug_in_get_proc_frame=0x563b29aa9b20:  set ignore_undos=0
push_undo: GimpLayerUndo=55
script-fu-Warning: BLINDS_CASE_START=RGBA-2x3-a0-s1-o0-t-1

gimp_plug_in_manager_call_run_full
gimp_plug_in_get_proc_frame=0x563b29aa9b20:  set ignore_undos=0
push_undo: GimpDrawableUndo=47
script-fu-Warning: BLINDS_PDB_DONE=RGBA-2x3-a0-s1-o0-t-1

gimp_plug_in_manager_call_run_full
gimp_plug_in_get_proc_frame=0x563b29aa9b20:  set ignore_undos=0
script-fu-Warning: BLINDS_CASE_DONE=RGBA-2x3-a0-s1-o0-t-1

gimp_plug_in_manager_call_run_full
gimp_plug_in_get_proc_frame=0x563b29aa9b20:  set ignore_undos=0
push_undo: GimpLayerUndo=55
script-fu-Warning: BLINDS_CASE_START=RGBA-2x3-a0-s1-o0-t2

gimp_plug_in_manager_call_run_full
gimp_plug_in_get_proc_frame=0x563b29aa9b20:  set ignore_undos=0
push_undo: GimpDrawableUndo=47
script-fu-Warning: BLINDS_PDB_DONE=RGBA-2x3-a0-s1-o0-t2

gimp_plug_in_manager_call_run_full
gimp_plug_in_get_proc_frame=0x563b29aa9b20:  set ignore_undos=0
script-fu-Warning: BLINDS_CASE_DONE=RGBA-2x3-a0-s1-o0-t2

gimp_plug_in_manager_call_run_full
gimp_plug_in_get_proc_frame=0x563b29aa9b20:  set ignore_undos=0
push_undo: GimpLayerUndo=55
script-fu-Warning: BLINDS_CASE_START=RGBA-2x3-a15-s3-o0-t0

gimp_plug_in_manager_call_run_full
gimp_plug_in_get_proc_frame=0x563b29aa9b20:  set ignore_undos=0
push_undo: GimpDrawableUndo=47
script-fu-Warning: BLINDS_PDB_DONE=RGBA-2x3-a15-s3-o0-t0

gimp_plug_in_manager_call_run_full
gimp_plug_in_get_proc_frame=0x563b29aa9b20:  set ignore_undos=0
script-fu-Warning: BLINDS_CASE_DONE=RGBA-2x3-a15-s3-o0-t0

gimp_plug_in_manager_call_run_full
gimp_plug_in_get_proc_frame=0x563b29aa9b20:  set ignore_undos=0
push_undo: GimpLayerUndo=55
script-fu-Warning: BLINDS_CASE_START=RGBA-2x3-a15-s3-o0-t1

gimp_plug_in_manager_call_run_full
gimp_plug_in_get_proc_frame=0x563b29aa9b20:  set ignore_undos=0
push_undo: GimpDrawableUndo=47
script-fu-Warning: BLINDS_PDB_DONE=RGBA-2x3-a15-s3-o0-t1

gimp_plug_in_manager_call_run_full
gimp_plug_in_get_proc_frame=0x563b29aa9b20:  set ignore_undos=0
script-fu-Warning: BLINDS_CASE_DONE=RGBA-2x3-a15-s3-o0-t1

gimp_plug_in_manager_call_run_full
gimp_plug_in_get_proc_frame=0x563b29aa9b20:  set ignore_undos=0
push_undo: GimpLayerUndo=55
script-fu-Warning: BLINDS_CASE_START=RGBA-2x3-a15-s3-o0-t-1

gimp_plug_in_manager_call_run_full
gimp_plug_in_get_proc_frame=0x563b29aa9b20:  set ignore_undos=0
push_undo: GimpDrawableUndo=47
script-fu-Warning: BLINDS_PDB_DONE=RGBA-2x3-a15-s3-o0-t-1

gimp_plug_in_manager_call_run_full
gimp_plug_in_get_proc_frame=0x563b29aa9b20:  set ignore_undos=0
script-fu-Warning: BLINDS_CASE_DONE=RGBA-2x3-a15-s3-o0-t-1

gimp_plug_in_manager_call_run_full
gimp_plug_in_get_proc_frame=0x563b29aa9b20:  set ignore_undos=0
push_undo: GimpLayerUndo=55
script-fu-Warning: BLINDS_CASE_START=RGBA-2x3-a15-s3-o0-t2

gimp_plug_in_manager_call_run_full
gimp_plug_in_get_proc_frame=0x563b29aa9b20:  set ignore_undos=0
push_undo: GimpDrawableUndo=47
script-fu-Warning: BLINDS_PDB_DONE=RGBA-2x3-a15-s3-o0-t2

gimp_plug_in_manager_call_run_full
gimp_plug_in_get_proc_frame=0x563b29aa9b20:  set ignore_undos=0
script-fu-Warning: BLINDS_CASE_DONE=RGBA-2x3-a15-s3-o0-t2

gimp_plug_in_manager_call_run_full
gimp_plug_in_get_proc_frame=0x563b29aa9b20:  set ignore_undos=0
push_undo: GimpLayerUndo=55
script-fu-Warning: BLINDS_CASE_START=RGBA-2x3-a67-s7-o0-t0

gimp_plug_in_manager_call_run_full
gimp_plug_in_get_proc_frame=0x563b29aa9b20:  set ignore_undos=0
push_undo: GimpDrawableUndo=47
script-fu-Warning: BLINDS_PDB_DONE=RGBA-2x3-a67-s7-o0-t0

gimp_plug_in_manager_call_run_full
gimp_plug_in_get_proc_frame=0x563b29aa9b20:  set ignore_undos=0
script-fu-Warning: BLINDS_CASE_DONE=RGBA-2x3-a67-s7-o0-t0

gimp_plug_in_manager_call_run_full
gimp_plug_in_get_proc_frame=0x563b29aa9b20:  set ignore_undos=0
push_undo: GimpLayerUndo=55
script-fu-Warning: BLINDS_CASE_START=RGBA-2x3-a67-s7-o0-t1

gimp_plug_in_manager_call_run_full
gimp_plug_in_get_proc_frame=0x563b29aa9b20:  set ignore_undos=0
push_undo: GimpDrawableUndo=47
script-fu-Warning: BLINDS_PDB_DONE=RGBA-2x3-a67-s7-o0-t1

gimp_plug_in_manager_call_run_full
gimp_plug_in_get_proc_frame=0x563b29aa9b20:  set ignore_undos=0
script-fu-Warning: BLINDS_CASE_DONE=RGBA-2x3-a67-s7-o0-t1

gimp_plug_in_manager_call_run_full
gimp_plug_in_get_proc_frame=0x563b29aa9b20:  set ignore_undos=0
push_undo: GimpLayerUndo=55
script-fu-Warning: BLINDS_CASE_START=RGBA-2x3-a67-s7-o0-t-1

gimp_plug_in_manager_call_run_full
gimp_plug_in_get_proc_frame=0x563b29aa9b20:  set ignore_undos=0
push_undo: GimpDrawableUndo=47
script-fu-Warning: BLINDS_PDB_DONE=RGBA-2x3-a67-s7-o0-t-1

gimp_plug_in_manager_call_run_full
gimp_plug_in_get_proc_frame=0x563b29aa9b20:  set ignore_undos=0
script-fu-Warning: BLINDS_CASE_DONE=RGBA-2x3-a67-s7-o0-t-1

gimp_plug_in_manager_call_run_full
gimp_plug_in_get_proc_frame=0x563b29aa9b20:  set ignore_undos=0
push_undo: GimpLayerUndo=55
script-fu-Warning: BLINDS_CASE_START=RGBA-2x3-a67-s7-o0-t2

gimp_plug_in_manager_call_run_full
gimp_plug_in_get_proc_frame=0x563b29aa9b20:  set ignore_undos=0
push_undo: GimpDrawableUndo=47
script-fu-Warning: BLINDS_PDB_DONE=RGBA-2x3-a67-s7-o0-t2

gimp_plug_in_manager_call_run_full
gimp_plug_in_get_proc_frame=0x563b29aa9b20:  set ignore_undos=0
script-fu-Warning: BLINDS_CASE_DONE=RGBA-2x3-a67-s7-o0-t2

gimp_plug_in_manager_call_run_full
gimp_plug_in_get_proc_frame=0x563b29aa9b20:  set ignore_undos=0
push_undo: GimpLayerUndo=55
script-fu-Warning: BLINDS_CASE_START=RGBA-2x3-a90-s100-o0-t0

gimp_plug_in_manager_call_run_full
gimp_plug_in_get_proc_frame=0x563b29aa9b20:  set ignore_undos=0
push_undo: GimpDrawableUndo=47
script-fu-Warning: BLINDS_PDB_DONE=RGBA-2x3-a90-s100-o0-t0

gimp_plug_in_manager_call_run_full
gimp_plug_in_get_proc_frame=0x563b29aa9b20:  set ignore_undos=0
script-fu-Warning: BLINDS_CASE_DONE=RGBA-2x3-a90-s100-o0-t0

gimp_plug_in_manager_call_run_full
gimp_plug_in_get_proc_frame=0x563b29aa9b20:  set ignore_undos=0
push_undo: GimpLayerUndo=55
script-fu-Warning: BLINDS_CASE_START=RGBA-2x3-a90-s100-o0-t1

gimp_plug_in_manager_call_run_full
gimp_plug_in_get_proc_frame=0x563b29aa9b20:  set ignore_undos=0
push_undo: GimpDrawableUndo=47
script-fu-Warning: BLINDS_PDB_DONE=RGBA-2x3-a90-s100-o0-t1

gimp_plug_in_manager_call_run_full
gimp_plug_in_get_proc_frame=0x563b29aa9b20:  set ignore_undos=0
script-fu-Warning: BLINDS_CASE_DONE=RGBA-2x3-a90-s100-o0-t1

gimp_plug_in_manager_call_run_full
gimp_plug_in_get_proc_frame=0x563b29aa9b20:  set ignore_undos=0
push_undo: GimpLayerUndo=55
script-fu-Warning: BLINDS_CASE_START=RGBA-2x3-a90-s100-o0-t-1

gimp_plug_in_manager_call_run_full
gimp_plug_in_get_proc_frame=0x563b29aa9b20:  set ignore_undos=0
push_undo: GimpDrawableUndo=47
script-fu-Warning: BLINDS_PDB_DONE=RGBA-2x3-a90-s100-o0-t-1

gimp_plug_in_manager_call_run_full
gimp_plug_in_get_proc_frame=0x563b29aa9b20:  set ignore_undos=0
script-fu-Warning: BLINDS_CASE_DONE=RGBA-2x3-a90-s100-o0-t-1

gimp_plug_in_manager_call_run_full
gimp_plug_in_get_proc_frame=0x563b29aa9b20:  set ignore_undos=0
push_undo: GimpLayerUndo=55
script-fu-Warning: BLINDS_CASE_START=RGBA-2x3-a90-s100-o0-t2

gimp_plug_in_manager_call_run_full
gimp_plug_in_get_proc_frame=0x563b29aa9b20:  set ignore_undos=0
push_undo: GimpDrawableUndo=47
script-fu-Warning: BLINDS_PDB_DONE=RGBA-2x3-a90-s100-o0-t2

gimp_plug_in_manager_call_run_full
gimp_plug_in_get_proc_frame=0x563b29aa9b20:  set ignore_undos=0
script-fu-Warning: BLINDS_CASE_DONE=RGBA-2x3-a90-s100-o0-t2

gimp_plug_in_manager_call_run_full
gimp_plug_in_get_proc_frame=0x563b29aa9b20:  set ignore_undos=0
push_undo: GimpLayerUndo=55
script-fu-Warning: BLINDS_CASE_START=RGBA-2x3-a0-s1-o1-t0

gimp_plug_in_manager_call_run_full
gimp_plug_in_get_proc_frame=0x563b29aa9b20:  set ignore_undos=0
push_undo: GimpDrawableUndo=47
script-fu-Warning: BLINDS_PDB_DONE=RGBA-2x3-a0-s1-o1-t0

gimp_plug_in_manager_call_run_full
gimp_plug_in_get_proc_frame=0x563b29aa9b20:  set ignore_undos=0
script-fu-Warning: BLINDS_CASE_DONE=RGBA-2x3-a0-s1-o1-t0

gimp_plug_in_manager_call_run_full
gimp_plug_in_get_proc_frame=0x563b29aa9b20:  set ignore_undos=0
push_undo: GimpLayerUndo=55
script-fu-Warning: BLINDS_CASE_START=RGBA-2x3-a0-s1-o1-t1

gimp_plug_in_manager_call_run_full
gimp_plug_in_get_proc_frame=0x563b29aa9b20:  set ignore_undos=0
push_undo: GimpDrawableUndo=47
script-fu-Warning: BLINDS_PDB_DONE=RGBA-2x3-a0-s1-o1-t1

gimp_plug_in_manager_call_run_full
gimp_plug_in_get_proc_frame=0x563b29aa9b20:  set ignore_undos=0
script-fu-Warning: BLINDS_CASE_DONE=RGBA-2x3-a0-s1-o1-t1

gimp_plug_in_manager_call_run_full
gimp_plug_in_get_proc_frame=0x563b29aa9b20:  set ignore_undos=0
push_undo: GimpLayerUndo=55
script-fu-Warning: BLINDS_CASE_START=RGBA-2x3-a0-s1-o1-t-1

gimp_plug_in_manager_call_run_full
gimp_plug_in_get_proc_frame=0x563b29aa9b20:  set ignore_undos=0
push_undo: GimpDrawableUndo=47
script-fu-Warning: BLINDS_PDB_DONE=RGBA-2x3-a0-s1-o1-t-1

gimp_plug_in_manager_call_run_full
gimp_plug_in_get_proc_frame=0x563b29aa9b20:  set ignore_undos=0
script-fu-Warning: BLINDS_CASE_DONE=RGBA-2x3-a0-s1-o1-t-1

gimp_plug_in_manager_call_run_full
gimp_plug_in_get_proc_frame=0x563b29aa9b20:  set ignore_undos=0
push_undo: GimpLayerUndo=55
script-fu-Warning: BLINDS_CASE_START=RGBA-2x3-a0-s1-o1-t2

gimp_plug_in_manager_call_run_full
gimp_plug_in_get_proc_frame=0x563b29aa9b20:  set ignore_undos=0
push_undo: GimpDrawableUndo=47
script-fu-Warning: BLINDS_PDB_DONE=RGBA-2x3-a0-s1-o1-t2

gimp_plug_in_manager_call_run_full
gimp_plug_in_get_proc_frame=0x563b29aa9b20:  set ignore_undos=0
script-fu-Warning: BLINDS_CASE_DONE=RGBA-2x3-a0-s1-o1-t2

gimp_plug_in_manager_call_run_full
gimp_plug_in_get_proc_frame=0x563b29aa9b20:  set ignore_undos=0
push_undo: GimpLayerUndo=55
script-fu-Warning: BLINDS_CASE_START=RGBA-2x3-a15-s3-o1-t0

gimp_plug_in_manager_call_run_full
gimp_plug_in_get_proc_frame=0x563b29aa9b20:  set ignore_undos=0
push_undo: GimpDrawableUndo=47
script-fu-Warning: BLINDS_PDB_DONE=RGBA-2x3-a15-s3-o1-t0

gimp_plug_in_manager_call_run_full
gimp_plug_in_get_proc_frame=0x563b29aa9b20:  set ignore_undos=0
script-fu-Warning: BLINDS_CASE_DONE=RGBA-2x3-a15-s3-o1-t0

gimp_plug_in_manager_call_run_full
gimp_plug_in_get_proc_frame=0x563b29aa9b20:  set ignore_undos=0
push_undo: GimpLayerUndo=55
script-fu-Warning: BLINDS_CASE_START=RGBA-2x3-a15-s3-o1-t1

gimp_plug_in_manager_call_run_full
gimp_plug_in_get_proc_frame=0x563b29aa9b20:  set ignore_undos=0
push_undo: GimpDrawableUndo=47
script-fu-Warning: BLINDS_PDB_DONE=RGBA-2x3-a15-s3-o1-t1

gimp_plug_in_manager_call_run_full
gimp_plug_in_get_proc_frame=0x563b29aa9b20:  set ignore_undos=0
script-fu-Warning: BLINDS_CASE_DONE=RGBA-2x3-a15-s3-o1-t1

gimp_plug_in_manager_call_run_full
gimp_plug_in_get_proc_frame=0x563b29aa9b20:  set ignore_undos=0
push_undo: GimpLayerUndo=55
script-fu-Warning: BLINDS_CASE_START=RGBA-2x3-a15-s3-o1-t-1

gimp_plug_in_manager_call_run_full
gimp_plug_in_get_proc_frame=0x563b29aa9b20:  set ignore_undos=0
push_undo: GimpDrawableUndo=47
script-fu-Warning: BLINDS_PDB_DONE=RGBA-2x3-a15-s3-o1-t-1

gimp_plug_in_manager_call_run_full
gimp_plug_in_get_proc_frame=0x563b29aa9b20:  set ignore_undos=0
script-fu-Warning: BLINDS_CASE_DONE=RGBA-2x3-a15-s3-o1-t-1

gimp_plug_in_manager_call_run_full
gimp_plug_in_get_proc_frame=0x563b29aa9b20:  set ignore_undos=0
push_undo: GimpLayerUndo=55
script-fu-Warning: BLINDS_CASE_START=RGBA-2x3-a15-s3-o1-t2

gimp_plug_in_manager_call_run_full
gimp_plug_in_get_proc_frame=0x563b29aa9b20:  set ignore_undos=0
push_undo: GimpDrawableUndo=47
script-fu-Warning: BLINDS_PDB_DONE=RGBA-2x3-a15-s3-o1-t2

gimp_plug_in_manager_call_run_full
gimp_plug_in_get_proc_frame=0x563b29aa9b20:  set ignore_undos=0
script-fu-Warning: BLINDS_CASE_DONE=RGBA-2x3-a15-s3-o1-t2

gimp_plug_in_manager_call_run_full
gimp_plug_in_get_proc_frame=0x563b29aa9b20:  set ignore_undos=0
push_undo: GimpLayerUndo=55
script-fu-Warning: BLINDS_CASE_START=RGBA-2x3-a67-s7-o1-t0

gimp_plug_in_manager_call_run_full
gimp_plug_in_get_proc_frame=0x563b29aa9b20:  set ignore_undos=0
push_undo: GimpDrawableUndo=47
script-fu-Warning: BLINDS_PDB_DONE=RGBA-2x3-a67-s7-o1-t0

gimp_plug_in_manager_call_run_full
gimp_plug_in_get_proc_frame=0x563b29aa9b20:  set ignore_undos=0
script-fu-Warning: BLINDS_CASE_DONE=RGBA-2x3-a67-s7-o1-t0

gimp_plug_in_manager_call_run_full
gimp_plug_in_get_proc_frame=0x563b29aa9b20:  set ignore_undos=0
push_undo: GimpLayerUndo=55
script-fu-Warning: BLINDS_CASE_START=RGBA-2x3-a67-s7-o1-t1

gimp_plug_in_manager_call_run_full
gimp_plug_in_get_proc_frame=0x563b29aa9b20:  set ignore_undos=0
push_undo: GimpDrawableUndo=47
script-fu-Warning: BLINDS_PDB_DONE=RGBA-2x3-a67-s7-o1-t1

gimp_plug_in_manager_call_run_full
gimp_plug_in_get_proc_frame=0x563b29aa9b20:  set ignore_undos=0
script-fu-Warning: BLINDS_CASE_DONE=RGBA-2x3-a67-s7-o1-t1

gimp_plug_in_manager_call_run_full
gimp_plug_in_get_proc_frame=0x563b29aa9b20:  set ignore_undos=0
push_undo: GimpLayerUndo=55
script-fu-Warning: BLINDS_CASE_START=RGBA-2x3-a67-s7-o1-t-1

gimp_plug_in_manager_call_run_full
gimp_plug_in_get_proc_frame=0x563b29aa9b20:  set ignore_undos=0
push_undo: GimpDrawableUndo=47
script-fu-Warning: BLINDS_PDB_DONE=RGBA-2x3-a67-s7-o1-t-1

gimp_plug_in_manager_call_run_full
gimp_plug_in_get_proc_frame=0x563b29aa9b20:  set ignore_undos=0
script-fu-Warning: BLINDS_CASE_DONE=RGBA-2x3-a67-s7-o1-t-1

gimp_plug_in_manager_call_run_full
gimp_plug_in_get_proc_frame=0x563b29aa9b20:  set ignore_undos=0
push_undo: GimpLayerUndo=55
script-fu-Warning: BLINDS_CASE_START=RGBA-2x3-a67-s7-o1-t2

gimp_plug_in_manager_call_run_full
gimp_plug_in_get_proc_frame=0x563b29aa9b20:  set ignore_undos=0
push_undo: GimpDrawableUndo=47
script-fu-Warning: BLINDS_PDB_DONE=RGBA-2x3-a67-s7-o1-t2

gimp_plug_in_manager_call_run_full
gimp_plug_in_get_proc_frame=0x563b29aa9b20:  set ignore_undos=0
script-fu-Warning: BLINDS_CASE_DONE=RGBA-2x3-a67-s7-o1-t2

gimp_plug_in_manager_call_run_full
gimp_plug_in_get_proc_frame=0x563b29aa9b20:  set ignore_undos=0
push_undo: GimpLayerUndo=55
script-fu-Warning: BLINDS_CASE_START=RGBA-2x3-a90-s100-o1-t0

gimp_plug_in_manager_call_run_full
gimp_plug_in_get_proc_frame=0x563b29aa9b20:  set ignore_undos=0
push_undo: GimpDrawableUndo=47
script-fu-Warning: BLINDS_PDB_DONE=RGBA-2x3-a90-s100-o1-t0

gimp_plug_in_manager_call_run_full
gimp_plug_in_get_proc_frame=0x563b29aa9b20:  set ignore_undos=0
script-fu-Warning: BLINDS_CASE_DONE=RGBA-2x3-a90-s100-o1-t0

gimp_plug_in_manager_call_run_full
gimp_plug_in_get_proc_frame=0x563b29aa9b20:  set ignore_undos=0
push_undo: GimpLayerUndo=55
script-fu-Warning: BLINDS_CASE_START=RGBA-2x3-a90-s100-o1-t1

gimp_plug_in_manager_call_run_full
gimp_plug_in_get_proc_frame=0x563b29aa9b20:  set ignore_undos=0
push_undo: GimpDrawableUndo=47
script-fu-Warning: BLINDS_PDB_DONE=RGBA-2x3-a90-s100-o1-t1

gimp_plug_in_manager_call_run_full
gimp_plug_in_get_proc_frame=0x563b29aa9b20:  set ignore_undos=0
script-fu-Warning: BLINDS_CASE_DONE=RGBA-2x3-a90-s100-o1-t1

gimp_plug_in_manager_call_run_full
gimp_plug_in_get_proc_frame=0x563b29aa9b20:  set ignore_undos=0
push_undo: GimpLayerUndo=55
script-fu-Warning: BLINDS_CASE_START=RGBA-2x3-a90-s100-o1-t-1

gimp_plug_in_manager_call_run_full
gimp_plug_in_get_proc_frame=0x563b29aa9b20:  set ignore_undos=0
push_undo: GimpDrawableUndo=47
script-fu-Warning: BLINDS_PDB_DONE=RGBA-2x3-a90-s100-o1-t-1

gimp_plug_in_manager_call_run_full
gimp_plug_in_get_proc_frame=0x563b29aa9b20:  set ignore_undos=0
script-fu-Warning: BLINDS_CASE_DONE=RGBA-2x3-a90-s100-o1-t-1

gimp_plug_in_manager_call_run_full
gimp_plug_in_get_proc_frame=0x563b29aa9b20:  set ignore_undos=0
push_undo: GimpLayerUndo=55
script-fu-Warning: BLINDS_CASE_START=RGBA-2x3-a90-s100-o1-t2

gimp_plug_in_manager_call_run_full
gimp_plug_in_get_proc_frame=0x563b29aa9b20:  set ignore_undos=0
push_undo: GimpDrawableUndo=47
script-fu-Warning: BLINDS_PDB_DONE=RGBA-2x3-a90-s100-o1-t2

gimp_plug_in_manager_call_run_full
gimp_plug_in_get_proc_frame=0x563b29aa9b20:  set ignore_undos=0
script-fu-Warning: BLINDS_CASE_DONE=RGBA-2x3-a90-s100-o1-t2

gimp_plug_in_manager_call_run_full
gimp_plug_in_get_proc_frame=0x563b29aa9b20:  set ignore_undos=0
push_undo: GimpLayerUndo=55
gimp_plug_in_manager_call_run_full
gimp_plug_in_get_proc_frame=0x563b29aa9b20:  set ignore_undos=0
script-fu-Warning: BLINDS_INPUT_LOADED=RGBA-9x8

gimp_plug_in_manager_call_run_full
gimp_plug_in_get_proc_frame=0x563b29aa9b20:  set ignore_undos=0
push_undo: GimpLayerUndo=55
script-fu-Warning: BLINDS_CASE_START=RGBA-9x8-a0-s1-o0-t0

gimp_plug_in_manager_call_run_full
gimp_plug_in_get_proc_frame=0x563b29aa9b20:  set ignore_undos=0
push_undo: GimpDrawableUndo=47
script-fu-Warning: BLINDS_PDB_DONE=RGBA-9x8-a0-s1-o0-t0

gimp_plug_in_manager_call_run_full
gimp_plug_in_get_proc_frame=0x563b29aa9b20:  set ignore_undos=0
script-fu-Warning: BLINDS_CASE_DONE=RGBA-9x8-a0-s1-o0-t0

gimp_plug_in_manager_call_run_full
gimp_plug_in_get_proc_frame=0x563b29aa9b20:  set ignore_undos=0
push_undo: GimpLayerUndo=55
script-fu-Warning: BLINDS_CASE_START=RGBA-9x8-a0-s1-o0-t1

gimp_plug_in_manager_call_run_full
gimp_plug_in_get_proc_frame=0x563b29aa9b20:  set ignore_undos=0
push_undo: GimpDrawableUndo=47
script-fu-Warning: BLINDS_PDB_DONE=RGBA-9x8-a0-s1-o0-t1

gimp_plug_in_manager_call_run_full
gimp_plug_in_get_proc_frame=0x563b29aa9b20:  set ignore_undos=0
script-fu-Warning: BLINDS_CASE_DONE=RGBA-9x8-a0-s1-o0-t1

gimp_plug_in_manager_call_run_full
gimp_plug_in_get_proc_frame=0x563b29aa9b20:  set ignore_undos=0
push_undo: GimpLayerUndo=55
script-fu-Warning: BLINDS_CASE_START=RGBA-9x8-a0-s1-o0-t-1

gimp_plug_in_manager_call_run_full
gimp_plug_in_get_proc_frame=0x563b29aa9b20:  set ignore_undos=0
push_undo: GimpDrawableUndo=47
script-fu-Warning: BLINDS_PDB_DONE=RGBA-9x8-a0-s1-o0-t-1

gimp_plug_in_manager_call_run_full
gimp_plug_in_get_proc_frame=0x563b29aa9b20:  set ignore_undos=0
script-fu-Warning: BLINDS_CASE_DONE=RGBA-9x8-a0-s1-o0-t-1

gimp_plug_in_manager_call_run_full
gimp_plug_in_get_proc_frame=0x563b29aa9b20:  set ignore_undos=0
push_undo: GimpLayerUndo=55
script-fu-Warning: BLINDS_CASE_START=RGBA-9x8-a0-s1-o0-t2

gimp_plug_in_manager_call_run_full
gimp_plug_in_get_proc_frame=0x563b29aa9b20:  set ignore_undos=0
push_undo: GimpDrawableUndo=47
script-fu-Warning: BLINDS_PDB_DONE=RGBA-9x8-a0-s1-o0-t2

gimp_plug_in_manager_call_run_full
gimp_plug_in_get_proc_frame=0x563b29aa9b20:  set ignore_undos=0
script-fu-Warning: BLINDS_CASE_DONE=RGBA-9x8-a0-s1-o0-t2

gimp_plug_in_manager_call_run_full
gimp_plug_in_get_proc_frame=0x563b29aa9b20:  set ignore_undos=0
push_undo: GimpLayerUndo=55
script-fu-Warning: BLINDS_CASE_START=RGBA-9x8-a15-s3-o0-t0

gimp_plug_in_manager_call_run_full
gimp_plug_in_get_proc_frame=0x563b29aa9b20:  set ignore_undos=0
push_undo: GimpDrawableUndo=47
script-fu-Warning: BLINDS_PDB_DONE=RGBA-9x8-a15-s3-o0-t0

gimp_plug_in_manager_call_run_full
gimp_plug_in_get_proc_frame=0x563b29aa9b20:  set ignore_undos=0
script-fu-Warning: BLINDS_CASE_DONE=RGBA-9x8-a15-s3-o0-t0

gimp_plug_in_manager_call_run_full
gimp_plug_in_get_proc_frame=0x563b29aa9b20:  set ignore_undos=0
push_undo: GimpLayerUndo=55
script-fu-Warning: BLINDS_CASE_START=RGBA-9x8-a15-s3-o0-t1

gimp_plug_in_manager_call_run_full
gimp_plug_in_get_proc_frame=0x563b29aa9b20:  set ignore_undos=0
push_undo: GimpDrawableUndo=47
script-fu-Warning: BLINDS_PDB_DONE=RGBA-9x8-a15-s3-o0-t1

gimp_plug_in_manager_call_run_full
gimp_plug_in_get_proc_frame=0x563b29aa9b20:  set ignore_undos=0
script-fu-Warning: BLINDS_CASE_DONE=RGBA-9x8-a15-s3-o0-t1

gimp_plug_in_manager_call_run_full
gimp_plug_in_get_proc_frame=0x563b29aa9b20:  set ignore_undos=0
push_undo: GimpLayerUndo=55
script-fu-Warning: BLINDS_CASE_START=RGBA-9x8-a15-s3-o0-t-1

gimp_plug_in_manager_call_run_full
gimp_plug_in_get_proc_frame=0x563b29aa9b20:  set ignore_undos=0
push_undo: GimpDrawableUndo=47
script-fu-Warning: BLINDS_PDB_DONE=RGBA-9x8-a15-s3-o0-t-1

gimp_plug_in_manager_call_run_full
gimp_plug_in_get_proc_frame=0x563b29aa9b20:  set ignore_undos=0
script-fu-Warning: BLINDS_CASE_DONE=RGBA-9x8-a15-s3-o0-t-1

gimp_plug_in_manager_call_run_full
gimp_plug_in_get_proc_frame=0x563b29aa9b20:  set ignore_undos=0
push_undo: GimpLayerUndo=55
script-fu-Warning: BLINDS_CASE_START=RGBA-9x8-a15-s3-o0-t2

gimp_plug_in_manager_call_run_full
gimp_plug_in_get_proc_frame=0x563b29aa9b20:  set ignore_undos=0
push_undo: GimpDrawableUndo=47
script-fu-Warning: BLINDS_PDB_DONE=RGBA-9x8-a15-s3-o0-t2

gimp_plug_in_manager_call_run_full
gimp_plug_in_get_proc_frame=0x563b29aa9b20:  set ignore_undos=0
script-fu-Warning: BLINDS_CASE_DONE=RGBA-9x8-a15-s3-o0-t2

gimp_plug_in_manager_call_run_full
gimp_plug_in_get_proc_frame=0x563b29aa9b20:  set ignore_undos=0
push_undo: GimpLayerUndo=55
script-fu-Warning: BLINDS_CASE_START=RGBA-9x8-a67-s7-o0-t0

gimp_plug_in_manager_call_run_full
gimp_plug_in_get_proc_frame=0x563b29aa9b20:  set ignore_undos=0
push_undo: GimpDrawableUndo=47
script-fu-Warning: BLINDS_PDB_DONE=RGBA-9x8-a67-s7-o0-t0

gimp_plug_in_manager_call_run_full
gimp_plug_in_get_proc_frame=0x563b29aa9b20:  set ignore_undos=0
script-fu-Warning: BLINDS_CASE_DONE=RGBA-9x8-a67-s7-o0-t0

gimp_plug_in_manager_call_run_full
gimp_plug_in_get_proc_frame=0x563b29aa9b20:  set ignore_undos=0
push_undo: GimpLayerUndo=55
script-fu-Warning: BLINDS_CASE_START=RGBA-9x8-a67-s7-o0-t1

gimp_plug_in_manager_call_run_full
gimp_plug_in_get_proc_frame=0x563b29aa9b20:  set ignore_undos=0
push_undo: GimpDrawableUndo=47
script-fu-Warning: BLINDS_PDB_DONE=RGBA-9x8-a67-s7-o0-t1

gimp_plug_in_manager_call_run_full
gimp_plug_in_get_proc_frame=0x563b29aa9b20:  set ignore_undos=0
script-fu-Warning: BLINDS_CASE_DONE=RGBA-9x8-a67-s7-o0-t1

gimp_plug_in_manager_call_run_full
gimp_plug_in_get_proc_frame=0x563b29aa9b20:  set ignore_undos=0
push_undo: GimpLayerUndo=55
script-fu-Warning: BLINDS_CASE_START=RGBA-9x8-a67-s7-o0-t-1

gimp_plug_in_manager_call_run_full
gimp_plug_in_get_proc_frame=0x563b29aa9b20:  set ignore_undos=0
push_undo: GimpDrawableUndo=47
script-fu-Warning: BLINDS_PDB_DONE=RGBA-9x8-a67-s7-o0-t-1

gimp_plug_in_manager_call_run_full
gimp_plug_in_get_proc_frame=0x563b29aa9b20:  set ignore_undos=0
script-fu-Warning: BLINDS_CASE_DONE=RGBA-9x8-a67-s7-o0-t-1

gimp_plug_in_manager_call_run_full
gimp_plug_in_get_proc_frame=0x563b29aa9b20:  set ignore_undos=0
push_undo: GimpLayerUndo=55
script-fu-Warning: BLINDS_CASE_START=RGBA-9x8-a67-s7-o0-t2

gimp_plug_in_manager_call_run_full
gimp_plug_in_get_proc_frame=0x563b29aa9b20:  set ignore_undos=0
push_undo: GimpDrawableUndo=47
script-fu-Warning: BLINDS_PDB_DONE=RGBA-9x8-a67-s7-o0-t2

gimp_plug_in_manager_call_run_full
gimp_plug_in_get_proc_frame=0x563b29aa9b20:  set ignore_undos=0
script-fu-Warning: BLINDS_CASE_DONE=RGBA-9x8-a67-s7-o0-t2

gimp_plug_in_manager_call_run_full
gimp_plug_in_get_proc_frame=0x563b29aa9b20:  set ignore_undos=0
push_undo: GimpLayerUndo=55
script-fu-Warning: BLINDS_CASE_START=RGBA-9x8-a90-s100-o0-t0

gimp_plug_in_manager_call_run_full
gimp_plug_in_get_proc_frame=0x563b29aa9b20:  set ignore_undos=0
push_undo: GimpDrawableUndo=47
script-fu-Warning: BLINDS_PDB_DONE=RGBA-9x8-a90-s100-o0-t0

gimp_plug_in_manager_call_run_full
gimp_plug_in_get_proc_frame=0x563b29aa9b20:  set ignore_undos=0
script-fu-Warning: BLINDS_CASE_DONE=RGBA-9x8-a90-s100-o0-t0

gimp_plug_in_manager_call_run_full
gimp_plug_in_get_proc_frame=0x563b29aa9b20:  set ignore_undos=0
push_undo: GimpLayerUndo=55
script-fu-Warning: BLINDS_CASE_START=RGBA-9x8-a90-s100-o0-t1

gimp_plug_in_manager_call_run_full
gimp_plug_in_get_proc_frame=0x563b29aa9b20:  set ignore_undos=0
push_undo: GimpDrawableUndo=47
script-fu-Warning: BLINDS_PDB_DONE=RGBA-9x8-a90-s100-o0-t1

gimp_plug_in_manager_call_run_full
gimp_plug_in_get_proc_frame=0x563b29aa9b20:  set ignore_undos=0
script-fu-Warning: BLINDS_CASE_DONE=RGBA-9x8-a90-s100-o0-t1

gimp_plug_in_manager_call_run_full
gimp_plug_in_get_proc_frame=0x563b29aa9b20:  set ignore_undos=0
push_undo: GimpLayerUndo=55
script-fu-Warning: BLINDS_CASE_START=RGBA-9x8-a90-s100-o0-t-1

gimp_plug_in_manager_call_run_full
gimp_plug_in_get_proc_frame=0x563b29aa9b20:  set ignore_undos=0
push_undo: GimpDrawableUndo=47
script-fu-Warning: BLINDS_PDB_DONE=RGBA-9x8-a90-s100-o0-t-1

gimp_plug_in_manager_call_run_full
gimp_plug_in_get_proc_frame=0x563b29aa9b20:  set ignore_undos=0
script-fu-Warning: BLINDS_CASE_DONE=RGBA-9x8-a90-s100-o0-t-1

gimp_plug_in_manager_call_run_full
gimp_plug_in_get_proc_frame=0x563b29aa9b20:  set ignore_undos=0
push_undo: GimpLayerUndo=55
script-fu-Warning: BLINDS_CASE_START=RGBA-9x8-a90-s100-o0-t2

gimp_plug_in_manager_call_run_full
gimp_plug_in_get_proc_frame=0x563b29aa9b20:  set ignore_undos=0
push_undo: GimpDrawableUndo=47
script-fu-Warning: BLINDS_PDB_DONE=RGBA-9x8-a90-s100-o0-t2

gimp_plug_in_manager_call_run_full
gimp_plug_in_get_proc_frame=0x563b29aa9b20:  set ignore_undos=0
script-fu-Warning: BLINDS_CASE_DONE=RGBA-9x8-a90-s100-o0-t2

gimp_plug_in_manager_call_run_full
gimp_plug_in_get_proc_frame=0x563b29aa9b20:  set ignore_undos=0
push_undo: GimpLayerUndo=55
script-fu-Warning: BLINDS_CASE_START=RGBA-9x8-a0-s1-o1-t0

gimp_plug_in_manager_call_run_full
gimp_plug_in_get_proc_frame=0x563b29aa9b20:  set ignore_undos=0
push_undo: GimpDrawableUndo=47
script-fu-Warning: BLINDS_PDB_DONE=RGBA-9x8-a0-s1-o1-t0

gimp_plug_in_manager_call_run_full
gimp_plug_in_get_proc_frame=0x563b29aa9b20:  set ignore_undos=0
script-fu-Warning: BLINDS_CASE_DONE=RGBA-9x8-a0-s1-o1-t0

gimp_plug_in_manager_call_run_full
gimp_plug_in_get_proc_frame=0x563b29aa9b20:  set ignore_undos=0
push_undo: GimpLayerUndo=55
script-fu-Warning: BLINDS_CASE_START=RGBA-9x8-a0-s1-o1-t1

gimp_plug_in_manager_call_run_full
gimp_plug_in_get_proc_frame=0x563b29aa9b20:  set ignore_undos=0
push_undo: GimpDrawableUndo=47
script-fu-Warning: BLINDS_PDB_DONE=RGBA-9x8-a0-s1-o1-t1

gimp_plug_in_manager_call_run_full
gimp_plug_in_get_proc_frame=0x563b29aa9b20:  set ignore_undos=0
script-fu-Warning: BLINDS_CASE_DONE=RGBA-9x8-a0-s1-o1-t1

gimp_plug_in_manager_call_run_full
gimp_plug_in_get_proc_frame=0x563b29aa9b20:  set ignore_undos=0
push_undo: GimpLayerUndo=55
script-fu-Warning: BLINDS_CASE_START=RGBA-9x8-a0-s1-o1-t-1

gimp_plug_in_manager_call_run_full
gimp_plug_in_get_proc_frame=0x563b29aa9b20:  set ignore_undos=0
push_undo: GimpDrawableUndo=47
script-fu-Warning: BLINDS_PDB_DONE=RGBA-9x8-a0-s1-o1-t-1

gimp_plug_in_manager_call_run_full
gimp_plug_in_get_proc_frame=0x563b29aa9b20:  set ignore_undos=0
script-fu-Warning: BLINDS_CASE_DONE=RGBA-9x8-a0-s1-o1-t-1

gimp_plug_in_manager_call_run_full
gimp_plug_in_get_proc_frame=0x563b29aa9b20:  set ignore_undos=0
push_undo: GimpLayerUndo=55
script-fu-Warning: BLINDS_CASE_START=RGBA-9x8-a0-s1-o1-t2

gimp_plug_in_manager_call_run_full
gimp_plug_in_get_proc_frame=0x563b29aa9b20:  set ignore_undos=0
push_undo: GimpDrawableUndo=47
script-fu-Warning: BLINDS_PDB_DONE=RGBA-9x8-a0-s1-o1-t2

gimp_plug_in_manager_call_run_full
gimp_plug_in_get_proc_frame=0x563b29aa9b20:  set ignore_undos=0
script-fu-Warning: BLINDS_CASE_DONE=RGBA-9x8-a0-s1-o1-t2

gimp_plug_in_manager_call_run_full
gimp_plug_in_get_proc_frame=0x563b29aa9b20:  set ignore_undos=0
push_undo: GimpLayerUndo=55
script-fu-Warning: BLINDS_CASE_START=RGBA-9x8-a15-s3-o1-t0

gimp_plug_in_manager_call_run_full
gimp_plug_in_get_proc_frame=0x563b29aa9b20:  set ignore_undos=0
push_undo: GimpDrawableUndo=47
script-fu-Warning: BLINDS_PDB_DONE=RGBA-9x8-a15-s3-o1-t0

gimp_plug_in_manager_call_run_full
gimp_plug_in_get_proc_frame=0x563b29aa9b20:  set ignore_undos=0
script-fu-Warning: BLINDS_CASE_DONE=RGBA-9x8-a15-s3-o1-t0

gimp_plug_in_manager_call_run_full
gimp_plug_in_get_proc_frame=0x563b29aa9b20:  set ignore_undos=0
push_undo: GimpLayerUndo=55
script-fu-Warning: BLINDS_CASE_START=RGBA-9x8-a15-s3-o1-t1

gimp_plug_in_manager_call_run_full
gimp_plug_in_get_proc_frame=0x563b29aa9b20:  set ignore_undos=0
push_undo: GimpDrawableUndo=47
script-fu-Warning: BLINDS_PDB_DONE=RGBA-9x8-a15-s3-o1-t1

gimp_plug_in_manager_call_run_full
gimp_plug_in_get_proc_frame=0x563b29aa9b20:  set ignore_undos=0
script-fu-Warning: BLINDS_CASE_DONE=RGBA-9x8-a15-s3-o1-t1

gimp_plug_in_manager_call_run_full
gimp_plug_in_get_proc_frame=0x563b29aa9b20:  set ignore_undos=0
push_undo: GimpLayerUndo=55
script-fu-Warning: BLINDS_CASE_START=RGBA-9x8-a15-s3-o1-t-1

gimp_plug_in_manager_call_run_full
gimp_plug_in_get_proc_frame=0x563b29aa9b20:  set ignore_undos=0
push_undo: GimpDrawableUndo=47
script-fu-Warning: BLINDS_PDB_DONE=RGBA-9x8-a15-s3-o1-t-1

gimp_plug_in_manager_call_run_full
gimp_plug_in_get_proc_frame=0x563b29aa9b20:  set ignore_undos=0
script-fu-Warning: BLINDS_CASE_DONE=RGBA-9x8-a15-s3-o1-t-1

gimp_plug_in_manager_call_run_full
gimp_plug_in_get_proc_frame=0x563b29aa9b20:  set ignore_undos=0
push_undo: GimpLayerUndo=55
script-fu-Warning: BLINDS_CASE_START=RGBA-9x8-a15-s3-o1-t2

gimp_plug_in_manager_call_run_full
gimp_plug_in_get_proc_frame=0x563b29aa9b20:  set ignore_undos=0
push_undo: GimpDrawableUndo=47
script-fu-Warning: BLINDS_PDB_DONE=RGBA-9x8-a15-s3-o1-t2

gimp_plug_in_manager_call_run_full
gimp_plug_in_get_proc_frame=0x563b29aa9b20:  set ignore_undos=0
script-fu-Warning: BLINDS_CASE_DONE=RGBA-9x8-a15-s3-o1-t2

gimp_plug_in_manager_call_run_full
gimp_plug_in_get_proc_frame=0x563b29aa9b20:  set ignore_undos=0
push_undo: GimpLayerUndo=55
script-fu-Warning: BLINDS_CASE_START=RGBA-9x8-a67-s7-o1-t0

gimp_plug_in_manager_call_run_full
gimp_plug_in_get_proc_frame=0x563b29aa9b20:  set ignore_undos=0
push_undo: GimpDrawableUndo=47
script-fu-Warning: BLINDS_PDB_DONE=RGBA-9x8-a67-s7-o1-t0

gimp_plug_in_manager_call_run_full
gimp_plug_in_get_proc_frame=0x563b29aa9b20:  set ignore_undos=0
script-fu-Warning: BLINDS_CASE_DONE=RGBA-9x8-a67-s7-o1-t0

gimp_plug_in_manager_call_run_full
gimp_plug_in_get_proc_frame=0x563b29aa9b20:  set ignore_undos=0
push_undo: GimpLayerUndo=55
script-fu-Warning: BLINDS_CASE_START=RGBA-9x8-a67-s7-o1-t1

gimp_plug_in_manager_call_run_full
gimp_plug_in_get_proc_frame=0x563b29aa9b20:  set ignore_undos=0
push_undo: GimpDrawableUndo=47
script-fu-Warning: BLINDS_PDB_DONE=RGBA-9x8-a67-s7-o1-t1

gimp_plug_in_manager_call_run_full
gimp_plug_in_get_proc_frame=0x563b29aa9b20:  set ignore_undos=0
script-fu-Warning: BLINDS_CASE_DONE=RGBA-9x8-a67-s7-o1-t1

gimp_plug_in_manager_call_run_full
gimp_plug_in_get_proc_frame=0x563b29aa9b20:  set ignore_undos=0
push_undo: GimpLayerUndo=55
script-fu-Warning: BLINDS_CASE_START=RGBA-9x8-a67-s7-o1-t-1

gimp_plug_in_manager_call_run_full
gimp_plug_in_get_proc_frame=0x563b29aa9b20:  set ignore_undos=0
push_undo: GimpDrawableUndo=47
script-fu-Warning: BLINDS_PDB_DONE=RGBA-9x8-a67-s7-o1-t-1

gimp_plug_in_manager_call_run_full
gimp_plug_in_get_proc_frame=0x563b29aa9b20:  set ignore_undos=0
script-fu-Warning: BLINDS_CASE_DONE=RGBA-9x8-a67-s7-o1-t-1

gimp_plug_in_manager_call_run_full
gimp_plug_in_get_proc_frame=0x563b29aa9b20:  set ignore_undos=0
push_undo: GimpLayerUndo=55
script-fu-Warning: BLINDS_CASE_START=RGBA-9x8-a67-s7-o1-t2

gimp_plug_in_manager_call_run_full
gimp_plug_in_get_proc_frame=0x563b29aa9b20:  set ignore_undos=0
push_undo: GimpDrawableUndo=47
script-fu-Warning: BLINDS_PDB_DONE=RGBA-9x8-a67-s7-o1-t2

gimp_plug_in_manager_call_run_full
gimp_plug_in_get_proc_frame=0x563b29aa9b20:  set ignore_undos=0
script-fu-Warning: BLINDS_CASE_DONE=RGBA-9x8-a67-s7-o1-t2

gimp_plug_in_manager_call_run_full
gimp_plug_in_get_proc_frame=0x563b29aa9b20:  set ignore_undos=0
push_undo: GimpLayerUndo=55
script-fu-Warning: BLINDS_CASE_START=RGBA-9x8-a90-s100-o1-t0

gimp_plug_in_manager_call_run_full
gimp_plug_in_get_proc_frame=0x563b29aa9b20:  set ignore_undos=0
push_undo: GimpDrawableUndo=47
script-fu-Warning: BLINDS_PDB_DONE=RGBA-9x8-a90-s100-o1-t0

gimp_plug_in_manager_call_run_full
gimp_plug_in_get_proc_frame=0x563b29aa9b20:  set ignore_undos=0
script-fu-Warning: BLINDS_CASE_DONE=RGBA-9x8-a90-s100-o1-t0

gimp_plug_in_manager_call_run_full
gimp_plug_in_get_proc_frame=0x563b29aa9b20:  set ignore_undos=0
push_undo: GimpLayerUndo=55
script-fu-Warning: BLINDS_CASE_START=RGBA-9x8-a90-s100-o1-t1

gimp_plug_in_manager_call_run_full
gimp_plug_in_get_proc_frame=0x563b29aa9b20:  set ignore_undos=0
push_undo: GimpDrawableUndo=47
script-fu-Warning: BLINDS_PDB_DONE=RGBA-9x8-a90-s100-o1-t1

gimp_plug_in_manager_call_run_full
gimp_plug_in_get_proc_frame=0x563b29aa9b20:  set ignore_undos=0
script-fu-Warning: BLINDS_CASE_DONE=RGBA-9x8-a90-s100-o1-t1

gimp_plug_in_manager_call_run_full
gimp_plug_in_get_proc_frame=0x563b29aa9b20:  set ignore_undos=0
push_undo: GimpLayerUndo=55
script-fu-Warning: BLINDS_CASE_START=RGBA-9x8-a90-s100-o1-t-1

gimp_plug_in_manager_call_run_full
gimp_plug_in_get_proc_frame=0x563b29aa9b20:  set ignore_undos=0
push_undo: GimpDrawableUndo=47
script-fu-Warning: BLINDS_PDB_DONE=RGBA-9x8-a90-s100-o1-t-1

gimp_plug_in_manager_call_run_full
gimp_plug_in_get_proc_frame=0x563b29aa9b20:  set ignore_undos=0
script-fu-Warning: BLINDS_CASE_DONE=RGBA-9x8-a90-s100-o1-t-1

gimp_plug_in_manager_call_run_full
gimp_plug_in_get_proc_frame=0x563b29aa9b20:  set ignore_undos=0
push_undo: GimpLayerUndo=55
script-fu-Warning: BLINDS_CASE_START=RGBA-9x8-a90-s100-o1-t2

gimp_plug_in_manager_call_run_full
gimp_plug_in_get_proc_frame=0x563b29aa9b20:  set ignore_undos=0
push_undo: GimpDrawableUndo=47
script-fu-Warning: BLINDS_PDB_DONE=RGBA-9x8-a90-s100-o1-t2

gimp_plug_in_manager_call_run_full
gimp_plug_in_get_proc_frame=0x563b29aa9b20:  set ignore_undos=0
script-fu-Warning: BLINDS_CASE_DONE=RGBA-9x8-a90-s100-o1-t2

gimp_plug_in_manager_call_run_full
gimp_plug_in_get_proc_frame=0x563b29aa9b20:  set ignore_undos=0
push_undo: GimpLayerUndo=55
gimp_plug_in_manager_call_run_full
gimp_plug_in_get_proc_frame=0x563b29aa9b20:  set ignore_undos=0
script-fu-Warning: BLINDS_INPUT_LOADED=RGBA-67x66

gimp_plug_in_manager_call_run_full
gimp_plug_in_get_proc_frame=0x563b29aa9b20:  set ignore_undos=0
push_undo: GimpLayerUndo=55
script-fu-Warning: BLINDS_CASE_START=RGBA-67x66-a0-s1-o0-t0

gimp_plug_in_manager_call_run_full
gimp_plug_in_get_proc_frame=0x563b29aa9b20:  set ignore_undos=0
push_undo: GimpDrawableUndo=47
script-fu-Warning: BLINDS_PDB_DONE=RGBA-67x66-a0-s1-o0-t0

gimp_plug_in_manager_call_run_full
gimp_plug_in_get_proc_frame=0x563b29aa9b20:  set ignore_undos=0
script-fu-Warning: BLINDS_CASE_DONE=RGBA-67x66-a0-s1-o0-t0

gimp_plug_in_manager_call_run_full
gimp_plug_in_get_proc_frame=0x563b29aa9b20:  set ignore_undos=0
push_undo: GimpLayerUndo=55
script-fu-Warning: BLINDS_CASE_START=RGBA-67x66-a0-s1-o0-t1

gimp_plug_in_manager_call_run_full
gimp_plug_in_get_proc_frame=0x563b29aa9b20:  set ignore_undos=0
push_undo: GimpDrawableUndo=47
script-fu-Warning: BLINDS_PDB_DONE=RGBA-67x66-a0-s1-o0-t1

gimp_plug_in_manager_call_run_full
gimp_plug_in_get_proc_frame=0x563b29aa9b20:  set ignore_undos=0
script-fu-Warning: BLINDS_CASE_DONE=RGBA-67x66-a0-s1-o0-t1

gimp_plug_in_manager_call_run_full
gimp_plug_in_get_proc_frame=0x563b29aa9b20:  set ignore_undos=0
push_undo: GimpLayerUndo=55
script-fu-Warning: BLINDS_CASE_START=RGBA-67x66-a0-s1-o0-t-1

gimp_plug_in_manager_call_run_full
gimp_plug_in_get_proc_frame=0x563b29aa9b20:  set ignore_undos=0
push_undo: GimpDrawableUndo=47
script-fu-Warning: BLINDS_PDB_DONE=RGBA-67x66-a0-s1-o0-t-1

gimp_plug_in_manager_call_run_full
gimp_plug_in_get_proc_frame=0x563b29aa9b20:  set ignore_undos=0
script-fu-Warning: BLINDS_CASE_DONE=RGBA-67x66-a0-s1-o0-t-1

gimp_plug_in_manager_call_run_full
gimp_plug_in_get_proc_frame=0x563b29aa9b20:  set ignore_undos=0
push_undo: GimpLayerUndo=55
script-fu-Warning: BLINDS_CASE_START=RGBA-67x66-a0-s1-o0-t2

gimp_plug_in_manager_call_run_full
gimp_plug_in_get_proc_frame=0x563b29aa9b20:  set ignore_undos=0
push_undo: GimpDrawableUndo=47
script-fu-Warning: BLINDS_PDB_DONE=RGBA-67x66-a0-s1-o0-t2

gimp_plug_in_manager_call_run_full
gimp_plug_in_get_proc_frame=0x563b29aa9b20:  set ignore_undos=0
script-fu-Warning: BLINDS_CASE_DONE=RGBA-67x66-a0-s1-o0-t2

gimp_plug_in_manager_call_run_full
gimp_plug_in_get_proc_frame=0x563b29aa9b20:  set ignore_undos=0
push_undo: GimpLayerUndo=55
script-fu-Warning: BLINDS_CASE_START=RGBA-67x66-a15-s3-o0-t0

gimp_plug_in_manager_call_run_full
gimp_plug_in_get_proc_frame=0x563b29aa9b20:  set ignore_undos=0
push_undo: GimpDrawableUndo=47
script-fu-Warning: BLINDS_PDB_DONE=RGBA-67x66-a15-s3-o0-t0

gimp_plug_in_manager_call_run_full
gimp_plug_in_get_proc_frame=0x563b29aa9b20:  set ignore_undos=0
script-fu-Warning: BLINDS_CASE_DONE=RGBA-67x66-a15-s3-o0-t0

gimp_plug_in_manager_call_run_full
gimp_plug_in_get_proc_frame=0x563b29aa9b20:  set ignore_undos=0
push_undo: GimpLayerUndo=55
script-fu-Warning: BLINDS_CASE_START=RGBA-67x66-a15-s3-o0-t1

gimp_plug_in_manager_call_run_full
gimp_plug_in_get_proc_frame=0x563b29aa9b20:  set ignore_undos=0
push_undo: GimpDrawableUndo=47
script-fu-Warning: BLINDS_PDB_DONE=RGBA-67x66-a15-s3-o0-t1

gimp_plug_in_manager_call_run_full
gimp_plug_in_get_proc_frame=0x563b29aa9b20:  set ignore_undos=0
script-fu-Warning: BLINDS_CASE_DONE=RGBA-67x66-a15-s3-o0-t1

gimp_plug_in_manager_call_run_full
gimp_plug_in_get_proc_frame=0x563b29aa9b20:  set ignore_undos=0
push_undo: GimpLayerUndo=55
script-fu-Warning: BLINDS_CASE_START=RGBA-67x66-a15-s3-o0-t-1

gimp_plug_in_manager_call_run_full
gimp_plug_in_get_proc_frame=0x563b29aa9b20:  set ignore_undos=0
push_undo: GimpDrawableUndo=47
script-fu-Warning: BLINDS_PDB_DONE=RGBA-67x66-a15-s3-o0-t-1

gimp_plug_in_manager_call_run_full
gimp_plug_in_get_proc_frame=0x563b29aa9b20:  set ignore_undos=0
script-fu-Warning: BLINDS_CASE_DONE=RGBA-67x66-a15-s3-o0-t-1

gimp_plug_in_manager_call_run_full
gimp_plug_in_get_proc_frame=0x563b29aa9b20:  set ignore_undos=0
push_undo: GimpLayerUndo=55
script-fu-Warning: BLINDS_CASE_START=RGBA-67x66-a15-s3-o0-t2

gimp_plug_in_manager_call_run_full
gimp_plug_in_get_proc_frame=0x563b29aa9b20:  set ignore_undos=0
push_undo: GimpDrawableUndo=47
script-fu-Warning: BLINDS_PDB_DONE=RGBA-67x66-a15-s3-o0-t2

gimp_plug_in_manager_call_run_full
gimp_plug_in_get_proc_frame=0x563b29aa9b20:  set ignore_undos=0
script-fu-Warning: BLINDS_CASE_DONE=RGBA-67x66-a15-s3-o0-t2

gimp_plug_in_manager_call_run_full
gimp_plug_in_get_proc_frame=0x563b29aa9b20:  set ignore_undos=0
push_undo: GimpLayerUndo=55
script-fu-Warning: BLINDS_CASE_START=RGBA-67x66-a67-s7-o0-t0

gimp_plug_in_manager_call_run_full
gimp_plug_in_get_proc_frame=0x563b29aa9b20:  set ignore_undos=0
push_undo: GimpDrawableUndo=47
script-fu-Warning: BLINDS_PDB_DONE=RGBA-67x66-a67-s7-o0-t0

gimp_plug_in_manager_call_run_full
gimp_plug_in_get_proc_frame=0x563b29aa9b20:  set ignore_undos=0
script-fu-Warning: BLINDS_CASE_DONE=RGBA-67x66-a67-s7-o0-t0

gimp_plug_in_manager_call_run_full
gimp_plug_in_get_proc_frame=0x563b29aa9b20:  set ignore_undos=0
push_undo: GimpLayerUndo=55
script-fu-Warning: BLINDS_CASE_START=RGBA-67x66-a67-s7-o0-t1

gimp_plug_in_manager_call_run_full
gimp_plug_in_get_proc_frame=0x563b29aa9b20:  set ignore_undos=0
push_undo: GimpDrawableUndo=47
script-fu-Warning: BLINDS_PDB_DONE=RGBA-67x66-a67-s7-o0-t1

gimp_plug_in_manager_call_run_full
gimp_plug_in_get_proc_frame=0x563b29aa9b20:  set ignore_undos=0
script-fu-Warning: BLINDS_CASE_DONE=RGBA-67x66-a67-s7-o0-t1

gimp_plug_in_manager_call_run_full
gimp_plug_in_get_proc_frame=0x563b29aa9b20:  set ignore_undos=0
push_undo: GimpLayerUndo=55
script-fu-Warning: BLINDS_CASE_START=RGBA-67x66-a67-s7-o0-t-1

gimp_plug_in_manager_call_run_full
gimp_plug_in_get_proc_frame=0x563b29aa9b20:  set ignore_undos=0
push_undo: GimpDrawableUndo=47
script-fu-Warning: BLINDS_PDB_DONE=RGBA-67x66-a67-s7-o0-t-1

gimp_plug_in_manager_call_run_full
gimp_plug_in_get_proc_frame=0x563b29aa9b20:  set ignore_undos=0
script-fu-Warning: BLINDS_CASE_DONE=RGBA-67x66-a67-s7-o0-t-1

gimp_plug_in_manager_call_run_full
gimp_plug_in_get_proc_frame=0x563b29aa9b20:  set ignore_undos=0
push_undo: GimpLayerUndo=55
script-fu-Warning: BLINDS_CASE_START=RGBA-67x66-a67-s7-o0-t2

gimp_plug_in_manager_call_run_full
gimp_plug_in_get_proc_frame=0x563b29aa9b20:  set ignore_undos=0
push_undo: GimpDrawableUndo=47
script-fu-Warning: BLINDS_PDB_DONE=RGBA-67x66-a67-s7-o0-t2

gimp_plug_in_manager_call_run_full
gimp_plug_in_get_proc_frame=0x563b29aa9b20:  set ignore_undos=0
script-fu-Warning: BLINDS_CASE_DONE=RGBA-67x66-a67-s7-o0-t2

gimp_plug_in_manager_call_run_full
gimp_plug_in_get_proc_frame=0x563b29aa9b20:  set ignore_undos=0
push_undo: GimpLayerUndo=55
script-fu-Warning: BLINDS_CASE_START=RGBA-67x66-a90-s100-o0-t0

gimp_plug_in_manager_call_run_full
gimp_plug_in_get_proc_frame=0x563b29aa9b20:  set ignore_undos=0
push_undo: GimpDrawableUndo=47
script-fu-Warning: BLINDS_PDB_DONE=RGBA-67x66-a90-s100-o0-t0

gimp_plug_in_manager_call_run_full
gimp_plug_in_get_proc_frame=0x563b29aa9b20:  set ignore_undos=0
script-fu-Warning: BLINDS_CASE_DONE=RGBA-67x66-a90-s100-o0-t0

gimp_plug_in_manager_call_run_full
gimp_plug_in_get_proc_frame=0x563b29aa9b20:  set ignore_undos=0
push_undo: GimpLayerUndo=55
script-fu-Warning: BLINDS_CASE_START=RGBA-67x66-a90-s100-o0-t1

gimp_plug_in_manager_call_run_full
gimp_plug_in_get_proc_frame=0x563b29aa9b20:  set ignore_undos=0
push_undo: GimpDrawableUndo=47
script-fu-Warning: BLINDS_PDB_DONE=RGBA-67x66-a90-s100-o0-t1

gimp_plug_in_manager_call_run_full
gimp_plug_in_get_proc_frame=0x563b29aa9b20:  set ignore_undos=0
script-fu-Warning: BLINDS_CASE_DONE=RGBA-67x66-a90-s100-o0-t1

gimp_plug_in_manager_call_run_full
gimp_plug_in_get_proc_frame=0x563b29aa9b20:  set ignore_undos=0
push_undo: GimpLayerUndo=55
script-fu-Warning: BLINDS_CASE_START=RGBA-67x66-a90-s100-o0-t-1

gimp_plug_in_manager_call_run_full
gimp_plug_in_get_proc_frame=0x563b29aa9b20:  set ignore_undos=0
push_undo: GimpDrawableUndo=47
script-fu-Warning: BLINDS_PDB_DONE=RGBA-67x66-a90-s100-o0-t-1

gimp_plug_in_manager_call_run_full
gimp_plug_in_get_proc_frame=0x563b29aa9b20:  set ignore_undos=0
script-fu-Warning: BLINDS_CASE_DONE=RGBA-67x66-a90-s100-o0-t-1

gimp_plug_in_manager_call_run_full
gimp_plug_in_get_proc_frame=0x563b29aa9b20:  set ignore_undos=0
push_undo: GimpLayerUndo=55
script-fu-Warning: BLINDS_CASE_START=RGBA-67x66-a90-s100-o0-t2

gimp_plug_in_manager_call_run_full
gimp_plug_in_get_proc_frame=0x563b29aa9b20:  set ignore_undos=0
push_undo: GimpDrawableUndo=47
script-fu-Warning: BLINDS_PDB_DONE=RGBA-67x66-a90-s100-o0-t2

gimp_plug_in_manager_call_run_full
gimp_plug_in_get_proc_frame=0x563b29aa9b20:  set ignore_undos=0
script-fu-Warning: BLINDS_CASE_DONE=RGBA-67x66-a90-s100-o0-t2

gimp_plug_in_manager_call_run_full
gimp_plug_in_get_proc_frame=0x563b29aa9b20:  set ignore_undos=0
push_undo: GimpLayerUndo=55
script-fu-Warning: BLINDS_CASE_START=RGBA-67x66-a0-s1-o1-t0

gimp_plug_in_manager_call_run_full
gimp_plug_in_get_proc_frame=0x563b29aa9b20:  set ignore_undos=0
push_undo: GimpDrawableUndo=47
script-fu-Warning: BLINDS_PDB_DONE=RGBA-67x66-a0-s1-o1-t0

gimp_plug_in_manager_call_run_full
gimp_plug_in_get_proc_frame=0x563b29aa9b20:  set ignore_undos=0
script-fu-Warning: BLINDS_CASE_DONE=RGBA-67x66-a0-s1-o1-t0

gimp_plug_in_manager_call_run_full
gimp_plug_in_get_proc_frame=0x563b29aa9b20:  set ignore_undos=0
push_undo: GimpLayerUndo=55
script-fu-Warning: BLINDS_CASE_START=RGBA-67x66-a0-s1-o1-t1

gimp_plug_in_manager_call_run_full
gimp_plug_in_get_proc_frame=0x563b29aa9b20:  set ignore_undos=0
push_undo: GimpDrawableUndo=47
script-fu-Warning: BLINDS_PDB_DONE=RGBA-67x66-a0-s1-o1-t1

gimp_plug_in_manager_call_run_full
gimp_plug_in_get_proc_frame=0x563b29aa9b20:  set ignore_undos=0
script-fu-Warning: BLINDS_CASE_DONE=RGBA-67x66-a0-s1-o1-t1

gimp_plug_in_manager_call_run_full
gimp_plug_in_get_proc_frame=0x563b29aa9b20:  set ignore_undos=0
push_undo: GimpLayerUndo=55
script-fu-Warning: BLINDS_CASE_START=RGBA-67x66-a0-s1-o1-t-1

gimp_plug_in_manager_call_run_full
gimp_plug_in_get_proc_frame=0x563b29aa9b20:  set ignore_undos=0
push_undo: GimpDrawableUndo=47
script-fu-Warning: BLINDS_PDB_DONE=RGBA-67x66-a0-s1-o1-t-1

gimp_plug_in_manager_call_run_full
gimp_plug_in_get_proc_frame=0x563b29aa9b20:  set ignore_undos=0
script-fu-Warning: BLINDS_CASE_DONE=RGBA-67x66-a0-s1-o1-t-1

gimp_plug_in_manager_call_run_full
gimp_plug_in_get_proc_frame=0x563b29aa9b20:  set ignore_undos=0
push_undo: GimpLayerUndo=55
script-fu-Warning: BLINDS_CASE_START=RGBA-67x66-a0-s1-o1-t2

gimp_plug_in_manager_call_run_full
gimp_plug_in_get_proc_frame=0x563b29aa9b20:  set ignore_undos=0
push_undo: GimpDrawableUndo=47
script-fu-Warning: BLINDS_PDB_DONE=RGBA-67x66-a0-s1-o1-t2

gimp_plug_in_manager_call_run_full
gimp_plug_in_get_proc_frame=0x563b29aa9b20:  set ignore_undos=0
script-fu-Warning: BLINDS_CASE_DONE=RGBA-67x66-a0-s1-o1-t2

gimp_plug_in_manager_call_run_full
gimp_plug_in_get_proc_frame=0x563b29aa9b20:  set ignore_undos=0
push_undo: GimpLayerUndo=55
script-fu-Warning: BLINDS_CASE_START=RGBA-67x66-a15-s3-o1-t0

gimp_plug_in_manager_call_run_full
gimp_plug_in_get_proc_frame=0x563b29aa9b20:  set ignore_undos=0
push_undo: GimpDrawableUndo=47
script-fu-Warning: BLINDS_PDB_DONE=RGBA-67x66-a15-s3-o1-t0

gimp_plug_in_manager_call_run_full
gimp_plug_in_get_proc_frame=0x563b29aa9b20:  set ignore_undos=0
script-fu-Warning: BLINDS_CASE_DONE=RGBA-67x66-a15-s3-o1-t0

gimp_plug_in_manager_call_run_full
gimp_plug_in_get_proc_frame=0x563b29aa9b20:  set ignore_undos=0
push_undo: GimpLayerUndo=55
script-fu-Warning: BLINDS_CASE_START=RGBA-67x66-a15-s3-o1-t1

gimp_plug_in_manager_call_run_full
gimp_plug_in_get_proc_frame=0x563b29aa9b20:  set ignore_undos=0
push_undo: GimpDrawableUndo=47
script-fu-Warning: BLINDS_PDB_DONE=RGBA-67x66-a15-s3-o1-t1

gimp_plug_in_manager_call_run_full
gimp_plug_in_get_proc_frame=0x563b29aa9b20:  set ignore_undos=0
script-fu-Warning: BLINDS_CASE_DONE=RGBA-67x66-a15-s3-o1-t1

gimp_plug_in_manager_call_run_full
gimp_plug_in_get_proc_frame=0x563b29aa9b20:  set ignore_undos=0
push_undo: GimpLayerUndo=55
script-fu-Warning: BLINDS_CASE_START=RGBA-67x66-a15-s3-o1-t-1

gimp_plug_in_manager_call_run_full
gimp_plug_in_get_proc_frame=0x563b29aa9b20:  set ignore_undos=0
push_undo: GimpDrawableUndo=47
script-fu-Warning: BLINDS_PDB_DONE=RGBA-67x66-a15-s3-o1-t-1

gimp_plug_in_manager_call_run_full
gimp_plug_in_get_proc_frame=0x563b29aa9b20:  set ignore_undos=0
script-fu-Warning: BLINDS_CASE_DONE=RGBA-67x66-a15-s3-o1-t-1

gimp_plug_in_manager_call_run_full
gimp_plug_in_get_proc_frame=0x563b29aa9b20:  set ignore_undos=0
push_undo: GimpLayerUndo=55
script-fu-Warning: BLINDS_CASE_START=RGBA-67x66-a15-s3-o1-t2

gimp_plug_in_manager_call_run_full
gimp_plug_in_get_proc_frame=0x563b29aa9b20:  set ignore_undos=0
push_undo: GimpDrawableUndo=47
script-fu-Warning: BLINDS_PDB_DONE=RGBA-67x66-a15-s3-o1-t2

gimp_plug_in_manager_call_run_full
gimp_plug_in_get_proc_frame=0x563b29aa9b20:  set ignore_undos=0
script-fu-Warning: BLINDS_CASE_DONE=RGBA-67x66-a15-s3-o1-t2

gimp_plug_in_manager_call_run_full
gimp_plug_in_get_proc_frame=0x563b29aa9b20:  set ignore_undos=0
push_undo: GimpLayerUndo=55
script-fu-Warning: BLINDS_CASE_START=RGBA-67x66-a67-s7-o1-t0

gimp_plug_in_manager_call_run_full
gimp_plug_in_get_proc_frame=0x563b29aa9b20:  set ignore_undos=0
push_undo: GimpDrawableUndo=47
script-fu-Warning: BLINDS_PDB_DONE=RGBA-67x66-a67-s7-o1-t0

gimp_plug_in_manager_call_run_full
gimp_plug_in_get_proc_frame=0x563b29aa9b20:  set ignore_undos=0
script-fu-Warning: BLINDS_CASE_DONE=RGBA-67x66-a67-s7-o1-t0

gimp_plug_in_manager_call_run_full
gimp_plug_in_get_proc_frame=0x563b29aa9b20:  set ignore_undos=0
push_undo: GimpLayerUndo=55
script-fu-Warning: BLINDS_CASE_START=RGBA-67x66-a67-s7-o1-t1

gimp_plug_in_manager_call_run_full
gimp_plug_in_get_proc_frame=0x563b29aa9b20:  set ignore_undos=0
push_undo: GimpDrawableUndo=47
script-fu-Warning: BLINDS_PDB_DONE=RGBA-67x66-a67-s7-o1-t1

gimp_plug_in_manager_call_run_full
gimp_plug_in_get_proc_frame=0x563b29aa9b20:  set ignore_undos=0
script-fu-Warning: BLINDS_CASE_DONE=RGBA-67x66-a67-s7-o1-t1

gimp_plug_in_manager_call_run_full
gimp_plug_in_get_proc_frame=0x563b29aa9b20:  set ignore_undos=0
push_undo: GimpLayerUndo=55
script-fu-Warning: BLINDS_CASE_START=RGBA-67x66-a67-s7-o1-t-1

gimp_plug_in_manager_call_run_full
gimp_plug_in_get_proc_frame=0x563b29aa9b20:  set ignore_undos=0
push_undo: GimpDrawableUndo=47
script-fu-Warning: BLINDS_PDB_DONE=RGBA-67x66-a67-s7-o1-t-1

gimp_plug_in_manager_call_run_full
gimp_plug_in_get_proc_frame=0x563b29aa9b20:  set ignore_undos=0
script-fu-Warning: BLINDS_CASE_DONE=RGBA-67x66-a67-s7-o1-t-1

gimp_plug_in_manager_call_run_full
gimp_plug_in_get_proc_frame=0x563b29aa9b20:  set ignore_undos=0
push_undo: GimpLayerUndo=55
script-fu-Warning: BLINDS_CASE_START=RGBA-67x66-a67-s7-o1-t2

gimp_plug_in_manager_call_run_full
gimp_plug_in_get_proc_frame=0x563b29aa9b20:  set ignore_undos=0
push_undo: GimpDrawableUndo=47
script-fu-Warning: BLINDS_PDB_DONE=RGBA-67x66-a67-s7-o1-t2

gimp_plug_in_manager_call_run_full
gimp_plug_in_get_proc_frame=0x563b29aa9b20:  set ignore_undos=0
script-fu-Warning: BLINDS_CASE_DONE=RGBA-67x66-a67-s7-o1-t2

gimp_plug_in_manager_call_run_full
gimp_plug_in_get_proc_frame=0x563b29aa9b20:  set ignore_undos=0
push_undo: GimpLayerUndo=55
script-fu-Warning: BLINDS_CASE_START=RGBA-67x66-a90-s100-o1-t0

gimp_plug_in_manager_call_run_full
gimp_plug_in_get_proc_frame=0x563b29aa9b20:  set ignore_undos=0
push_undo: GimpDrawableUndo=47
script-fu-Warning: BLINDS_PDB_DONE=RGBA-67x66-a90-s100-o1-t0

gimp_plug_in_manager_call_run_full
gimp_plug_in_get_proc_frame=0x563b29aa9b20:  set ignore_undos=0
script-fu-Warning: BLINDS_CASE_DONE=RGBA-67x66-a90-s100-o1-t0

gimp_plug_in_manager_call_run_full
gimp_plug_in_get_proc_frame=0x563b29aa9b20:  set ignore_undos=0
push_undo: GimpLayerUndo=55
script-fu-Warning: BLINDS_CASE_START=RGBA-67x66-a90-s100-o1-t1

gimp_plug_in_manager_call_run_full
gimp_plug_in_get_proc_frame=0x563b29aa9b20:  set ignore_undos=0
push_undo: GimpDrawableUndo=47
script-fu-Warning: BLINDS_PDB_DONE=RGBA-67x66-a90-s100-o1-t1

gimp_plug_in_manager_call_run_full
gimp_plug_in_get_proc_frame=0x563b29aa9b20:  set ignore_undos=0
script-fu-Warning: BLINDS_CASE_DONE=RGBA-67x66-a90-s100-o1-t1

gimp_plug_in_manager_call_run_full
gimp_plug_in_get_proc_frame=0x563b29aa9b20:  set ignore_undos=0
push_undo: GimpLayerUndo=55
script-fu-Warning: BLINDS_CASE_START=RGBA-67x66-a90-s100-o1-t-1

gimp_plug_in_manager_call_run_full
gimp_plug_in_get_proc_frame=0x563b29aa9b20:  set ignore_undos=0
push_undo: GimpDrawableUndo=47
script-fu-Warning: BLINDS_PDB_DONE=RGBA-67x66-a90-s100-o1-t-1

gimp_plug_in_manager_call_run_full
gimp_plug_in_get_proc_frame=0x563b29aa9b20:  set ignore_undos=0
script-fu-Warning: BLINDS_CASE_DONE=RGBA-67x66-a90-s100-o1-t-1

gimp_plug_in_manager_call_run_full
gimp_plug_in_get_proc_frame=0x563b29aa9b20:  set ignore_undos=0
push_undo: GimpLayerUndo=55
script-fu-Warning: BLINDS_CASE_START=RGBA-67x66-a90-s100-o1-t2

gimp_plug_in_manager_call_run_full
gimp_plug_in_get_proc_frame=0x563b29aa9b20:  set ignore_undos=0
push_undo: GimpDrawableUndo=47
script-fu-Warning: BLINDS_PDB_DONE=RGBA-67x66-a90-s100-o1-t2

gimp_plug_in_manager_call_run_full
gimp_plug_in_get_proc_frame=0x563b29aa9b20:  set ignore_undos=0
script-fu-Warning: BLINDS_CASE_DONE=RGBA-67x66-a90-s100-o1-t2

gimp_plug_in_manager_call_run_full
gimp_plug_in_get_proc_frame=0x563b29aa9b20:  set ignore_undos=0
push_undo: GimpLayerUndo=55
gimp_plug_in_manager_call_run_full
gimp_plug_in_get_proc_frame=0x563b29aa9b20:  set ignore_undos=0
script-fu-Warning: BLINDS_INPUT_LOADED=RGBA-41x53

gimp_plug_in_manager_call_run_full
gimp_plug_in_get_proc_frame=0x563b29aa9b20:  set ignore_undos=0
push_undo: GimpLayerUndo=55
script-fu-Warning: BLINDS_CASE_START=RGBA-41x53-a0-s1-o0-t0

gimp_plug_in_manager_call_run_full
gimp_plug_in_get_proc_frame=0x563b29aa9b20:  set ignore_undos=0
push_undo: GimpDrawableUndo=47
script-fu-Warning: BLINDS_PDB_DONE=RGBA-41x53-a0-s1-o0-t0

gimp_plug_in_manager_call_run_full
gimp_plug_in_get_proc_frame=0x563b29aa9b20:  set ignore_undos=0
script-fu-Warning: BLINDS_CASE_DONE=RGBA-41x53-a0-s1-o0-t0

gimp_plug_in_manager_call_run_full
gimp_plug_in_get_proc_frame=0x563b29aa9b20:  set ignore_undos=0
push_undo: GimpLayerUndo=55
script-fu-Warning: BLINDS_CASE_START=RGBA-41x53-a0-s1-o0-t1

gimp_plug_in_manager_call_run_full
gimp_plug_in_get_proc_frame=0x563b29aa9b20:  set ignore_undos=0
push_undo: GimpDrawableUndo=47
script-fu-Warning: BLINDS_PDB_DONE=RGBA-41x53-a0-s1-o0-t1

gimp_plug_in_manager_call_run_full
gimp_plug_in_get_proc_frame=0x563b29aa9b20:  set ignore_undos=0
script-fu-Warning: BLINDS_CASE_DONE=RGBA-41x53-a0-s1-o0-t1

gimp_plug_in_manager_call_run_full
gimp_plug_in_get_proc_frame=0x563b29aa9b20:  set ignore_undos=0
push_undo: GimpLayerUndo=55
script-fu-Warning: BLINDS_CASE_START=RGBA-41x53-a0-s1-o0-t-1

gimp_plug_in_manager_call_run_full
gimp_plug_in_get_proc_frame=0x563b29aa9b20:  set ignore_undos=0
push_undo: GimpDrawableUndo=47
script-fu-Warning: BLINDS_PDB_DONE=RGBA-41x53-a0-s1-o0-t-1

gimp_plug_in_manager_call_run_full
gimp_plug_in_get_proc_frame=0x563b29aa9b20:  set ignore_undos=0
script-fu-Warning: BLINDS_CASE_DONE=RGBA-41x53-a0-s1-o0-t-1

gimp_plug_in_manager_call_run_full
gimp_plug_in_get_proc_frame=0x563b29aa9b20:  set ignore_undos=0
push_undo: GimpLayerUndo=55
script-fu-Warning: BLINDS_CASE_START=RGBA-41x53-a0-s1-o0-t2

gimp_plug_in_manager_call_run_full
gimp_plug_in_get_proc_frame=0x563b29aa9b20:  set ignore_undos=0
push_undo: GimpDrawableUndo=47
script-fu-Warning: BLINDS_PDB_DONE=RGBA-41x53-a0-s1-o0-t2

gimp_plug_in_manager_call_run_full
gimp_plug_in_get_proc_frame=0x563b29aa9b20:  set ignore_undos=0
script-fu-Warning: BLINDS_CASE_DONE=RGBA-41x53-a0-s1-o0-t2

gimp_plug_in_manager_call_run_full
gimp_plug_in_get_proc_frame=0x563b29aa9b20:  set ignore_undos=0
push_undo: GimpLayerUndo=55
script-fu-Warning: BLINDS_CASE_START=RGBA-41x53-a15-s3-o0-t0

gimp_plug_in_manager_call_run_full
gimp_plug_in_get_proc_frame=0x563b29aa9b20:  set ignore_undos=0
push_undo: GimpDrawableUndo=47
script-fu-Warning: BLINDS_PDB_DONE=RGBA-41x53-a15-s3-o0-t0

gimp_plug_in_manager_call_run_full
gimp_plug_in_get_proc_frame=0x563b29aa9b20:  set ignore_undos=0
script-fu-Warning: BLINDS_CASE_DONE=RGBA-41x53-a15-s3-o0-t0

gimp_plug_in_manager_call_run_full
gimp_plug_in_get_proc_frame=0x563b29aa9b20:  set ignore_undos=0
push_undo: GimpLayerUndo=55
script-fu-Warning: BLINDS_CASE_START=RGBA-41x53-a15-s3-o0-t1

gimp_plug_in_manager_call_run_full
gimp_plug_in_get_proc_frame=0x563b29aa9b20:  set ignore_undos=0
push_undo: GimpDrawableUndo=47
script-fu-Warning: BLINDS_PDB_DONE=RGBA-41x53-a15-s3-o0-t1

gimp_plug_in_manager_call_run_full
gimp_plug_in_get_proc_frame=0x563b29aa9b20:  set ignore_undos=0
script-fu-Warning: BLINDS_CASE_DONE=RGBA-41x53-a15-s3-o0-t1

gimp_plug_in_manager_call_run_full
gimp_plug_in_get_proc_frame=0x563b29aa9b20:  set ignore_undos=0
push_undo: GimpLayerUndo=55
script-fu-Warning: BLINDS_CASE_START=RGBA-41x53-a15-s3-o0-t-1

gimp_plug_in_manager_call_run_full
gimp_plug_in_get_proc_frame=0x563b29aa9b20:  set ignore_undos=0
push_undo: GimpDrawableUndo=47
script-fu-Warning: BLINDS_PDB_DONE=RGBA-41x53-a15-s3-o0-t-1

gimp_plug_in_manager_call_run_full
gimp_plug_in_get_proc_frame=0x563b29aa9b20:  set ignore_undos=0
script-fu-Warning: BLINDS_CASE_DONE=RGBA-41x53-a15-s3-o0-t-1

gimp_plug_in_manager_call_run_full
gimp_plug_in_get_proc_frame=0x563b29aa9b20:  set ignore_undos=0
push_undo: GimpLayerUndo=55
script-fu-Warning: BLINDS_CASE_START=RGBA-41x53-a15-s3-o0-t2

gimp_plug_in_manager_call_run_full
gimp_plug_in_get_proc_frame=0x563b29aa9b20:  set ignore_undos=0
push_undo: GimpDrawableUndo=47
script-fu-Warning: BLINDS_PDB_DONE=RGBA-41x53-a15-s3-o0-t2

gimp_plug_in_manager_call_run_full
gimp_plug_in_get_proc_frame=0x563b29aa9b20:  set ignore_undos=0
script-fu-Warning: BLINDS_CASE_DONE=RGBA-41x53-a15-s3-o0-t2

gimp_plug_in_manager_call_run_full
gimp_plug_in_get_proc_frame=0x563b29aa9b20:  set ignore_undos=0
push_undo: GimpLayerUndo=55
script-fu-Warning: BLINDS_CASE_START=RGBA-41x53-a67-s7-o0-t0

gimp_plug_in_manager_call_run_full
gimp_plug_in_get_proc_frame=0x563b29aa9b20:  set ignore_undos=0
push_undo: GimpDrawableUndo=47
script-fu-Warning: BLINDS_PDB_DONE=RGBA-41x53-a67-s7-o0-t0

gimp_plug_in_manager_call_run_full
gimp_plug_in_get_proc_frame=0x563b29aa9b20:  set ignore_undos=0
script-fu-Warning: BLINDS_CASE_DONE=RGBA-41x53-a67-s7-o0-t0

gimp_plug_in_manager_call_run_full
gimp_plug_in_get_proc_frame=0x563b29aa9b20:  set ignore_undos=0
push_undo: GimpLayerUndo=55
script-fu-Warning: BLINDS_CASE_START=RGBA-41x53-a67-s7-o0-t1

gimp_plug_in_manager_call_run_full
gimp_plug_in_get_proc_frame=0x563b29aa9b20:  set ignore_undos=0
push_undo: GimpDrawableUndo=47
script-fu-Warning: BLINDS_PDB_DONE=RGBA-41x53-a67-s7-o0-t1

gimp_plug_in_manager_call_run_full
gimp_plug_in_get_proc_frame=0x563b29aa9b20:  set ignore_undos=0
script-fu-Warning: BLINDS_CASE_DONE=RGBA-41x53-a67-s7-o0-t1

gimp_plug_in_manager_call_run_full
gimp_plug_in_get_proc_frame=0x563b29aa9b20:  set ignore_undos=0
push_undo: GimpLayerUndo=55
script-fu-Warning: BLINDS_CASE_START=RGBA-41x53-a67-s7-o0-t-1

gimp_plug_in_manager_call_run_full
gimp_plug_in_get_proc_frame=0x563b29aa9b20:  set ignore_undos=0
push_undo: GimpDrawableUndo=47
script-fu-Warning: BLINDS_PDB_DONE=RGBA-41x53-a67-s7-o0-t-1

gimp_plug_in_manager_call_run_full
gimp_plug_in_get_proc_frame=0x563b29aa9b20:  set ignore_undos=0
script-fu-Warning: BLINDS_CASE_DONE=RGBA-41x53-a67-s7-o0-t-1

gimp_plug_in_manager_call_run_full
gimp_plug_in_get_proc_frame=0x563b29aa9b20:  set ignore_undos=0
push_undo: GimpLayerUndo=55
script-fu-Warning: BLINDS_CASE_START=RGBA-41x53-a67-s7-o0-t2

gimp_plug_in_manager_call_run_full
gimp_plug_in_get_proc_frame=0x563b29aa9b20:  set ignore_undos=0
push_undo: GimpDrawableUndo=47
script-fu-Warning: BLINDS_PDB_DONE=RGBA-41x53-a67-s7-o0-t2

gimp_plug_in_manager_call_run_full
gimp_plug_in_get_proc_frame=0x563b29aa9b20:  set ignore_undos=0
script-fu-Warning: BLINDS_CASE_DONE=RGBA-41x53-a67-s7-o0-t2

gimp_plug_in_manager_call_run_full
gimp_plug_in_get_proc_frame=0x563b29aa9b20:  set ignore_undos=0
push_undo: GimpLayerUndo=55
script-fu-Warning: BLINDS_CASE_START=RGBA-41x53-a90-s100-o0-t0

gimp_plug_in_manager_call_run_full
gimp_plug_in_get_proc_frame=0x563b29aa9b20:  set ignore_undos=0
push_undo: GimpDrawableUndo=47
script-fu-Warning: BLINDS_PDB_DONE=RGBA-41x53-a90-s100-o0-t0

gimp_plug_in_manager_call_run_full
gimp_plug_in_get_proc_frame=0x563b29aa9b20:  set ignore_undos=0
script-fu-Warning: BLINDS_CASE_DONE=RGBA-41x53-a90-s100-o0-t0

gimp_plug_in_manager_call_run_full
gimp_plug_in_get_proc_frame=0x563b29aa9b20:  set ignore_undos=0
push_undo: GimpLayerUndo=55
script-fu-Warning: BLINDS_CASE_START=RGBA-41x53-a90-s100-o0-t1

gimp_plug_in_manager_call_run_full
gimp_plug_in_get_proc_frame=0x563b29aa9b20:  set ignore_undos=0
push_undo: GimpDrawableUndo=47
script-fu-Warning: BLINDS_PDB_DONE=RGBA-41x53-a90-s100-o0-t1

gimp_plug_in_manager_call_run_full
gimp_plug_in_get_proc_frame=0x563b29aa9b20:  set ignore_undos=0
script-fu-Warning: BLINDS_CASE_DONE=RGBA-41x53-a90-s100-o0-t1

gimp_plug_in_manager_call_run_full
gimp_plug_in_get_proc_frame=0x563b29aa9b20:  set ignore_undos=0
push_undo: GimpLayerUndo=55
script-fu-Warning: BLINDS_CASE_START=RGBA-41x53-a90-s100-o0-t-1

gimp_plug_in_manager_call_run_full
gimp_plug_in_get_proc_frame=0x563b29aa9b20:  set ignore_undos=0
push_undo: GimpDrawableUndo=47
script-fu-Warning: BLINDS_PDB_DONE=RGBA-41x53-a90-s100-o0-t-1

gimp_plug_in_manager_call_run_full
gimp_plug_in_get_proc_frame=0x563b29aa9b20:  set ignore_undos=0
script-fu-Warning: BLINDS_CASE_DONE=RGBA-41x53-a90-s100-o0-t-1

gimp_plug_in_manager_call_run_full
gimp_plug_in_get_proc_frame=0x563b29aa9b20:  set ignore_undos=0
push_undo: GimpLayerUndo=55
script-fu-Warning: BLINDS_CASE_START=RGBA-41x53-a90-s100-o0-t2

gimp_plug_in_manager_call_run_full
gimp_plug_in_get_proc_frame=0x563b29aa9b20:  set ignore_undos=0
push_undo: GimpDrawableUndo=47
script-fu-Warning: BLINDS_PDB_DONE=RGBA-41x53-a90-s100-o0-t2

gimp_plug_in_manager_call_run_full
gimp_plug_in_get_proc_frame=0x563b29aa9b20:  set ignore_undos=0
script-fu-Warning: BLINDS_CASE_DONE=RGBA-41x53-a90-s100-o0-t2

gimp_plug_in_manager_call_run_full
gimp_plug_in_get_proc_frame=0x563b29aa9b20:  set ignore_undos=0
push_undo: GimpLayerUndo=55
script-fu-Warning: BLINDS_CASE_START=RGBA-41x53-a0-s1-o1-t0

gimp_plug_in_manager_call_run_full
gimp_plug_in_get_proc_frame=0x563b29aa9b20:  set ignore_undos=0
push_undo: GimpDrawableUndo=47
script-fu-Warning: BLINDS_PDB_DONE=RGBA-41x53-a0-s1-o1-t0

gimp_plug_in_manager_call_run_full
gimp_plug_in_get_proc_frame=0x563b29aa9b20:  set ignore_undos=0
script-fu-Warning: BLINDS_CASE_DONE=RGBA-41x53-a0-s1-o1-t0

gimp_plug_in_manager_call_run_full
gimp_plug_in_get_proc_frame=0x563b29aa9b20:  set ignore_undos=0
push_undo: GimpLayerUndo=55
script-fu-Warning: BLINDS_CASE_START=RGBA-41x53-a0-s1-o1-t1

gimp_plug_in_manager_call_run_full
gimp_plug_in_get_proc_frame=0x563b29aa9b20:  set ignore_undos=0
push_undo: GimpDrawableUndo=47
script-fu-Warning: BLINDS_PDB_DONE=RGBA-41x53-a0-s1-o1-t1

gimp_plug_in_manager_call_run_full
gimp_plug_in_get_proc_frame=0x563b29aa9b20:  set ignore_undos=0
script-fu-Warning: BLINDS_CASE_DONE=RGBA-41x53-a0-s1-o1-t1

gimp_plug_in_manager_call_run_full
gimp_plug_in_get_proc_frame=0x563b29aa9b20:  set ignore_undos=0
push_undo: GimpLayerUndo=55
script-fu-Warning: BLINDS_CASE_START=RGBA-41x53-a0-s1-o1-t-1

gimp_plug_in_manager_call_run_full
gimp_plug_in_get_proc_frame=0x563b29aa9b20:  set ignore_undos=0
push_undo: GimpDrawableUndo=47
script-fu-Warning: BLINDS_PDB_DONE=RGBA-41x53-a0-s1-o1-t-1

gimp_plug_in_manager_call_run_full
gimp_plug_in_get_proc_frame=0x563b29aa9b20:  set ignore_undos=0
script-fu-Warning: BLINDS_CASE_DONE=RGBA-41x53-a0-s1-o1-t-1

gimp_plug_in_manager_call_run_full
gimp_plug_in_get_proc_frame=0x563b29aa9b20:  set ignore_undos=0
push_undo: GimpLayerUndo=55
script-fu-Warning: BLINDS_CASE_START=RGBA-41x53-a0-s1-o1-t2

gimp_plug_in_manager_call_run_full
gimp_plug_in_get_proc_frame=0x563b29aa9b20:  set ignore_undos=0
push_undo: GimpDrawableUndo=47
script-fu-Warning: BLINDS_PDB_DONE=RGBA-41x53-a0-s1-o1-t2

gimp_plug_in_manager_call_run_full
gimp_plug_in_get_proc_frame=0x563b29aa9b20:  set ignore_undos=0
script-fu-Warning: BLINDS_CASE_DONE=RGBA-41x53-a0-s1-o1-t2

gimp_plug_in_manager_call_run_full
gimp_plug_in_get_proc_frame=0x563b29aa9b20:  set ignore_undos=0
push_undo: GimpLayerUndo=55
script-fu-Warning: BLINDS_CASE_START=RGBA-41x53-a15-s3-o1-t0

gimp_plug_in_manager_call_run_full
gimp_plug_in_get_proc_frame=0x563b29aa9b20:  set ignore_undos=0
push_undo: GimpDrawableUndo=47
script-fu-Warning: BLINDS_PDB_DONE=RGBA-41x53-a15-s3-o1-t0

gimp_plug_in_manager_call_run_full
gimp_plug_in_get_proc_frame=0x563b29aa9b20:  set ignore_undos=0
script-fu-Warning: BLINDS_CASE_DONE=RGBA-41x53-a15-s3-o1-t0

gimp_plug_in_manager_call_run_full
gimp_plug_in_get_proc_frame=0x563b29aa9b20:  set ignore_undos=0
push_undo: GimpLayerUndo=55
script-fu-Warning: BLINDS_CASE_START=RGBA-41x53-a15-s3-o1-t1

gimp_plug_in_manager_call_run_full
gimp_plug_in_get_proc_frame=0x563b29aa9b20:  set ignore_undos=0
push_undo: GimpDrawableUndo=47
script-fu-Warning: BLINDS_PDB_DONE=RGBA-41x53-a15-s3-o1-t1

gimp_plug_in_manager_call_run_full
gimp_plug_in_get_proc_frame=0x563b29aa9b20:  set ignore_undos=0
script-fu-Warning: BLINDS_CASE_DONE=RGBA-41x53-a15-s3-o1-t1

gimp_plug_in_manager_call_run_full
gimp_plug_in_get_proc_frame=0x563b29aa9b20:  set ignore_undos=0
push_undo: GimpLayerUndo=55
script-fu-Warning: BLINDS_CASE_START=RGBA-41x53-a15-s3-o1-t-1

gimp_plug_in_manager_call_run_full
gimp_plug_in_get_proc_frame=0x563b29aa9b20:  set ignore_undos=0
push_undo: GimpDrawableUndo=47
script-fu-Warning: BLINDS_PDB_DONE=RGBA-41x53-a15-s3-o1-t-1

gimp_plug_in_manager_call_run_full
gimp_plug_in_get_proc_frame=0x563b29aa9b20:  set ignore_undos=0
script-fu-Warning: BLINDS_CASE_DONE=RGBA-41x53-a15-s3-o1-t-1

gimp_plug_in_manager_call_run_full
gimp_plug_in_get_proc_frame=0x563b29aa9b20:  set ignore_undos=0
push_undo: GimpLayerUndo=55
script-fu-Warning: BLINDS_CASE_START=RGBA-41x53-a15-s3-o1-t2

gimp_plug_in_manager_call_run_full
gimp_plug_in_get_proc_frame=0x563b29aa9b20:  set ignore_undos=0
push_undo: GimpDrawableUndo=47
script-fu-Warning: BLINDS_PDB_DONE=RGBA-41x53-a15-s3-o1-t2

gimp_plug_in_manager_call_run_full
gimp_plug_in_get_proc_frame=0x563b29aa9b20:  set ignore_undos=0
script-fu-Warning: BLINDS_CASE_DONE=RGBA-41x53-a15-s3-o1-t2

gimp_plug_in_manager_call_run_full
gimp_plug_in_get_proc_frame=0x563b29aa9b20:  set ignore_undos=0
push_undo: GimpLayerUndo=55
script-fu-Warning: BLINDS_CASE_START=RGBA-41x53-a67-s7-o1-t0

gimp_plug_in_manager_call_run_full
gimp_plug_in_get_proc_frame=0x563b29aa9b20:  set ignore_undos=0
push_undo: GimpDrawableUndo=47
script-fu-Warning: BLINDS_PDB_DONE=RGBA-41x53-a67-s7-o1-t0

gimp_plug_in_manager_call_run_full
gimp_plug_in_get_proc_frame=0x563b29aa9b20:  set ignore_undos=0
script-fu-Warning: BLINDS_CASE_DONE=RGBA-41x53-a67-s7-o1-t0

gimp_plug_in_manager_call_run_full
gimp_plug_in_get_proc_frame=0x563b29aa9b20:  set ignore_undos=0
push_undo: GimpLayerUndo=55
script-fu-Warning: BLINDS_CASE_START=RGBA-41x53-a67-s7-o1-t1

gimp_plug_in_manager_call_run_full
gimp_plug_in_get_proc_frame=0x563b29aa9b20:  set ignore_undos=0
push_undo: GimpDrawableUndo=47
script-fu-Warning: BLINDS_PDB_DONE=RGBA-41x53-a67-s7-o1-t1

gimp_plug_in_manager_call_run_full
gimp_plug_in_get_proc_frame=0x563b29aa9b20:  set ignore_undos=0
script-fu-Warning: BLINDS_CASE_DONE=RGBA-41x53-a67-s7-o1-t1

gimp_plug_in_manager_call_run_full
gimp_plug_in_get_proc_frame=0x563b29aa9b20:  set ignore_undos=0
push_undo: GimpLayerUndo=55
script-fu-Warning: BLINDS_CASE_START=RGBA-41x53-a67-s7-o1-t-1

gimp_plug_in_manager_call_run_full
gimp_plug_in_get_proc_frame=0x563b29aa9b20:  set ignore_undos=0
push_undo: GimpDrawableUndo=47
script-fu-Warning: BLINDS_PDB_DONE=RGBA-41x53-a67-s7-o1-t-1

gimp_plug_in_manager_call_run_full
gimp_plug_in_get_proc_frame=0x563b29aa9b20:  set ignore_undos=0
script-fu-Warning: BLINDS_CASE_DONE=RGBA-41x53-a67-s7-o1-t-1

gimp_plug_in_manager_call_run_full
gimp_plug_in_get_proc_frame=0x563b29aa9b20:  set ignore_undos=0
push_undo: GimpLayerUndo=55
script-fu-Warning: BLINDS_CASE_START=RGBA-41x53-a67-s7-o1-t2

gimp_plug_in_manager_call_run_full
gimp_plug_in_get_proc_frame=0x563b29aa9b20:  set ignore_undos=0
push_undo: GimpDrawableUndo=47
script-fu-Warning: BLINDS_PDB_DONE=RGBA-41x53-a67-s7-o1-t2

gimp_plug_in_manager_call_run_full
gimp_plug_in_get_proc_frame=0x563b29aa9b20:  set ignore_undos=0
script-fu-Warning: BLINDS_CASE_DONE=RGBA-41x53-a67-s7-o1-t2

gimp_plug_in_manager_call_run_full
gimp_plug_in_get_proc_frame=0x563b29aa9b20:  set ignore_undos=0
push_undo: GimpLayerUndo=55
script-fu-Warning: BLINDS_CASE_START=RGBA-41x53-a90-s100-o1-t0

gimp_plug_in_manager_call_run_full
gimp_plug_in_get_proc_frame=0x563b29aa9b20:  set ignore_undos=0
push_undo: GimpDrawableUndo=47
script-fu-Warning: BLINDS_PDB_DONE=RGBA-41x53-a90-s100-o1-t0

gimp_plug_in_manager_call_run_full
gimp_plug_in_get_proc_frame=0x563b29aa9b20:  set ignore_undos=0
script-fu-Warning: BLINDS_CASE_DONE=RGBA-41x53-a90-s100-o1-t0

gimp_plug_in_manager_call_run_full
gimp_plug_in_get_proc_frame=0x563b29aa9b20:  set ignore_undos=0
push_undo: GimpLayerUndo=55
script-fu-Warning: BLINDS_CASE_START=RGBA-41x53-a90-s100-o1-t1

gimp_plug_in_manager_call_run_full
gimp_plug_in_get_proc_frame=0x563b29aa9b20:  set ignore_undos=0
push_undo: GimpDrawableUndo=47
script-fu-Warning: BLINDS_PDB_DONE=RGBA-41x53-a90-s100-o1-t1

gimp_plug_in_manager_call_run_full
gimp_plug_in_get_proc_frame=0x563b29aa9b20:  set ignore_undos=0
script-fu-Warning: BLINDS_CASE_DONE=RGBA-41x53-a90-s100-o1-t1

gimp_plug_in_manager_call_run_full
gimp_plug_in_get_proc_frame=0x563b29aa9b20:  set ignore_undos=0
push_undo: GimpLayerUndo=55
script-fu-Warning: BLINDS_CASE_START=RGBA-41x53-a90-s100-o1-t-1

gimp_plug_in_manager_call_run_full
gimp_plug_in_get_proc_frame=0x563b29aa9b20:  set ignore_undos=0
push_undo: GimpDrawableUndo=47
script-fu-Warning: BLINDS_PDB_DONE=RGBA-41x53-a90-s100-o1-t-1

gimp_plug_in_manager_call_run_full
gimp_plug_in_get_proc_frame=0x563b29aa9b20:  set ignore_undos=0
script-fu-Warning: BLINDS_CASE_DONE=RGBA-41x53-a90-s100-o1-t-1

gimp_plug_in_manager_call_run_full
gimp_plug_in_get_proc_frame=0x563b29aa9b20:  set ignore_undos=0
push_undo: GimpLayerUndo=55
script-fu-Warning: BLINDS_CASE_START=RGBA-41x53-a90-s100-o1-t2

gimp_plug_in_manager_call_run_full
gimp_plug_in_get_proc_frame=0x563b29aa9b20:  set ignore_undos=0
push_undo: GimpDrawableUndo=47
script-fu-Warning: BLINDS_PDB_DONE=RGBA-41x53-a90-s100-o1-t2

gimp_plug_in_manager_call_run_full
gimp_plug_in_get_proc_frame=0x563b29aa9b20:  set ignore_undos=0
script-fu-Warning: BLINDS_CASE_DONE=RGBA-41x53-a90-s100-o1-t2

gimp_plug_in_manager_call_run_full
gimp_plug_in_get_proc_frame=0x563b29aa9b20:  set ignore_undos=0
push_undo: GimpLayerUndo=55
gimp_plug_in_manager_call_run_full
gimp_plug_in_get_proc_frame=0x563b29aa9b20:  set ignore_undos=0
script-fu-Warning: BLINDS_INPUT_LOADED=LA-1x1

gimp_plug_in_manager_call_run_full
gimp_plug_in_get_proc_frame=0x563b29aa9b20:  set ignore_undos=0
push_undo: GimpLayerUndo=55
script-fu-Warning: BLINDS_CASE_START=LA-1x1-a0-s1-o0-t0

gimp_plug_in_manager_call_run_full
gimp_plug_in_get_proc_frame=0x563b29aa9b20:  set ignore_undos=0
push_undo: GimpDrawableUndo=47
script-fu-Warning: BLINDS_PDB_DONE=LA-1x1-a0-s1-o0-t0

gimp_plug_in_manager_call_run_full
gimp_plug_in_get_proc_frame=0x563b29aa9b20:  set ignore_undos=0
script-fu-Warning: BLINDS_CASE_DONE=LA-1x1-a0-s1-o0-t0

gimp_plug_in_manager_call_run_full
gimp_plug_in_get_proc_frame=0x563b29aa9b20:  set ignore_undos=0
push_undo: GimpLayerUndo=55
script-fu-Warning: BLINDS_CASE_START=LA-1x1-a0-s1-o0-t1

gimp_plug_in_manager_call_run_full
gimp_plug_in_get_proc_frame=0x563b29aa9b20:  set ignore_undos=0
push_undo: GimpDrawableUndo=47
script-fu-Warning: BLINDS_PDB_DONE=LA-1x1-a0-s1-o0-t1

gimp_plug_in_manager_call_run_full
gimp_plug_in_get_proc_frame=0x563b29aa9b20:  set ignore_undos=0
script-fu-Warning: BLINDS_CASE_DONE=LA-1x1-a0-s1-o0-t1

gimp_plug_in_manager_call_run_full
gimp_plug_in_get_proc_frame=0x563b29aa9b20:  set ignore_undos=0
push_undo: GimpLayerUndo=55
script-fu-Warning: BLINDS_CASE_START=LA-1x1-a0-s1-o0-t-1

gimp_plug_in_manager_call_run_full
gimp_plug_in_get_proc_frame=0x563b29aa9b20:  set ignore_undos=0
push_undo: GimpDrawableUndo=47
script-fu-Warning: BLINDS_PDB_DONE=LA-1x1-a0-s1-o0-t-1

gimp_plug_in_manager_call_run_full
gimp_plug_in_get_proc_frame=0x563b29aa9b20:  set ignore_undos=0
script-fu-Warning: BLINDS_CASE_DONE=LA-1x1-a0-s1-o0-t-1

gimp_plug_in_manager_call_run_full
gimp_plug_in_get_proc_frame=0x563b29aa9b20:  set ignore_undos=0
push_undo: GimpLayerUndo=55
script-fu-Warning: BLINDS_CASE_START=LA-1x1-a0-s1-o0-t2

gimp_plug_in_manager_call_run_full
gimp_plug_in_get_proc_frame=0x563b29aa9b20:  set ignore_undos=0
push_undo: GimpDrawableUndo=47
script-fu-Warning: BLINDS_PDB_DONE=LA-1x1-a0-s1-o0-t2

gimp_plug_in_manager_call_run_full
gimp_plug_in_get_proc_frame=0x563b29aa9b20:  set ignore_undos=0
script-fu-Warning: BLINDS_CASE_DONE=LA-1x1-a0-s1-o0-t2

gimp_plug_in_manager_call_run_full
gimp_plug_in_get_proc_frame=0x563b29aa9b20:  set ignore_undos=0
push_undo: GimpLayerUndo=55
script-fu-Warning: BLINDS_CASE_START=LA-1x1-a15-s3-o0-t0

gimp_plug_in_manager_call_run_full
gimp_plug_in_get_proc_frame=0x563b29aa9b20:  set ignore_undos=0
push_undo: GimpDrawableUndo=47
script-fu-Warning: BLINDS_PDB_DONE=LA-1x1-a15-s3-o0-t0

gimp_plug_in_manager_call_run_full
gimp_plug_in_get_proc_frame=0x563b29aa9b20:  set ignore_undos=0
script-fu-Warning: BLINDS_CASE_DONE=LA-1x1-a15-s3-o0-t0

gimp_plug_in_manager_call_run_full
gimp_plug_in_get_proc_frame=0x563b29aa9b20:  set ignore_undos=0
push_undo: GimpLayerUndo=55
script-fu-Warning: BLINDS_CASE_START=LA-1x1-a15-s3-o0-t1

gimp_plug_in_manager_call_run_full
gimp_plug_in_get_proc_frame=0x563b29aa9b20:  set ignore_undos=0
push_undo: GimpDrawableUndo=47
script-fu-Warning: BLINDS_PDB_DONE=LA-1x1-a15-s3-o0-t1

gimp_plug_in_manager_call_run_full
gimp_plug_in_get_proc_frame=0x563b29aa9b20:  set ignore_undos=0
script-fu-Warning: BLINDS_CASE_DONE=LA-1x1-a15-s3-o0-t1

gimp_plug_in_manager_call_run_full
gimp_plug_in_get_proc_frame=0x563b29aa9b20:  set ignore_undos=0
push_undo: GimpLayerUndo=55
script-fu-Warning: BLINDS_CASE_START=LA-1x1-a15-s3-o0-t-1

gimp_plug_in_manager_call_run_full
gimp_plug_in_get_proc_frame=0x563b29aa9b20:  set ignore_undos=0
push_undo: GimpDrawableUndo=47
script-fu-Warning: BLINDS_PDB_DONE=LA-1x1-a15-s3-o0-t-1

gimp_plug_in_manager_call_run_full
gimp_plug_in_get_proc_frame=0x563b29aa9b20:  set ignore_undos=0
script-fu-Warning: BLINDS_CASE_DONE=LA-1x1-a15-s3-o0-t-1

gimp_plug_in_manager_call_run_full
gimp_plug_in_get_proc_frame=0x563b29aa9b20:  set ignore_undos=0
push_undo: GimpLayerUndo=55
script-fu-Warning: BLINDS_CASE_START=LA-1x1-a15-s3-o0-t2

gimp_plug_in_manager_call_run_full
gimp_plug_in_get_proc_frame=0x563b29aa9b20:  set ignore_undos=0
push_undo: GimpDrawableUndo=47
script-fu-Warning: BLINDS_PDB_DONE=LA-1x1-a15-s3-o0-t2

gimp_plug_in_manager_call_run_full
gimp_plug_in_get_proc_frame=0x563b29aa9b20:  set ignore_undos=0
script-fu-Warning: BLINDS_CASE_DONE=LA-1x1-a15-s3-o0-t2

gimp_plug_in_manager_call_run_full
gimp_plug_in_get_proc_frame=0x563b29aa9b20:  set ignore_undos=0
push_undo: GimpLayerUndo=55
script-fu-Warning: BLINDS_CASE_START=LA-1x1-a67-s7-o0-t0

gimp_plug_in_manager_call_run_full
gimp_plug_in_get_proc_frame=0x563b29aa9b20:  set ignore_undos=0
push_undo: GimpDrawableUndo=47
script-fu-Warning: BLINDS_PDB_DONE=LA-1x1-a67-s7-o0-t0

gimp_plug_in_manager_call_run_full
gimp_plug_in_get_proc_frame=0x563b29aa9b20:  set ignore_undos=0
script-fu-Warning: BLINDS_CASE_DONE=LA-1x1-a67-s7-o0-t0

gimp_plug_in_manager_call_run_full
gimp_plug_in_get_proc_frame=0x563b29aa9b20:  set ignore_undos=0
push_undo: GimpLayerUndo=55
script-fu-Warning: BLINDS_CASE_START=LA-1x1-a67-s7-o0-t1

gimp_plug_in_manager_call_run_full
gimp_plug_in_get_proc_frame=0x563b29aa9b20:  set ignore_undos=0
push_undo: GimpDrawableUndo=47
script-fu-Warning: BLINDS_PDB_DONE=LA-1x1-a67-s7-o0-t1

gimp_plug_in_manager_call_run_full
gimp_plug_in_get_proc_frame=0x563b29aa9b20:  set ignore_undos=0
script-fu-Warning: BLINDS_CASE_DONE=LA-1x1-a67-s7-o0-t1

gimp_plug_in_manager_call_run_full
gimp_plug_in_get_proc_frame=0x563b29aa9b20:  set ignore_undos=0
push_undo: GimpLayerUndo=55
script-fu-Warning: BLINDS_CASE_START=LA-1x1-a67-s7-o0-t-1

gimp_plug_in_manager_call_run_full
gimp_plug_in_get_proc_frame=0x563b29aa9b20:  set ignore_undos=0
push_undo: GimpDrawableUndo=47
script-fu-Warning: BLINDS_PDB_DONE=LA-1x1-a67-s7-o0-t-1

gimp_plug_in_manager_call_run_full
gimp_plug_in_get_proc_frame=0x563b29aa9b20:  set ignore_undos=0
script-fu-Warning: BLINDS_CASE_DONE=LA-1x1-a67-s7-o0-t-1

gimp_plug_in_manager_call_run_full
gimp_plug_in_get_proc_frame=0x563b29aa9b20:  set ignore_undos=0
push_undo: GimpLayerUndo=55
script-fu-Warning: BLINDS_CASE_START=LA-1x1-a67-s7-o0-t2

gimp_plug_in_manager_call_run_full
gimp_plug_in_get_proc_frame=0x563b29aa9b20:  set ignore_undos=0
push_undo: GimpDrawableUndo=47
script-fu-Warning: BLINDS_PDB_DONE=LA-1x1-a67-s7-o0-t2

gimp_plug_in_manager_call_run_full
gimp_plug_in_get_proc_frame=0x563b29aa9b20:  set ignore_undos=0
script-fu-Warning: BLINDS_CASE_DONE=LA-1x1-a67-s7-o0-t2

gimp_plug_in_manager_call_run_full
gimp_plug_in_get_proc_frame=0x563b29aa9b20:  set ignore_undos=0
push_undo: GimpLayerUndo=55
script-fu-Warning: BLINDS_CASE_START=LA-1x1-a90-s100-o0-t0

gimp_plug_in_manager_call_run_full
gimp_plug_in_get_proc_frame=0x563b29aa9b20:  set ignore_undos=0
push_undo: GimpDrawableUndo=47
script-fu-Warning: BLINDS_PDB_DONE=LA-1x1-a90-s100-o0-t0

gimp_plug_in_manager_call_run_full
gimp_plug_in_get_proc_frame=0x563b29aa9b20:  set ignore_undos=0
script-fu-Warning: BLINDS_CASE_DONE=LA-1x1-a90-s100-o0-t0

gimp_plug_in_manager_call_run_full
gimp_plug_in_get_proc_frame=0x563b29aa9b20:  set ignore_undos=0
push_undo: GimpLayerUndo=55
script-fu-Warning: BLINDS_CASE_START=LA-1x1-a90-s100-o0-t1

gimp_plug_in_manager_call_run_full
gimp_plug_in_get_proc_frame=0x563b29aa9b20:  set ignore_undos=0
push_undo: GimpDrawableUndo=47
script-fu-Warning: BLINDS_PDB_DONE=LA-1x1-a90-s100-o0-t1

gimp_plug_in_manager_call_run_full
gimp_plug_in_get_proc_frame=0x563b29aa9b20:  set ignore_undos=0
script-fu-Warning: BLINDS_CASE_DONE=LA-1x1-a90-s100-o0-t1

gimp_plug_in_manager_call_run_full
gimp_plug_in_get_proc_frame=0x563b29aa9b20:  set ignore_undos=0
push_undo: GimpLayerUndo=55
script-fu-Warning: BLINDS_CASE_START=LA-1x1-a90-s100-o0-t-1

gimp_plug_in_manager_call_run_full
gimp_plug_in_get_proc_frame=0x563b29aa9b20:  set ignore_undos=0
push_undo: GimpDrawableUndo=47
script-fu-Warning: BLINDS_PDB_DONE=LA-1x1-a90-s100-o0-t-1

gimp_plug_in_manager_call_run_full
gimp_plug_in_get_proc_frame=0x563b29aa9b20:  set ignore_undos=0
script-fu-Warning: BLINDS_CASE_DONE=LA-1x1-a90-s100-o0-t-1

gimp_plug_in_manager_call_run_full
gimp_plug_in_get_proc_frame=0x563b29aa9b20:  set ignore_undos=0
push_undo: GimpLayerUndo=55
script-fu-Warning: BLINDS_CASE_START=LA-1x1-a90-s100-o0-t2

gimp_plug_in_manager_call_run_full
gimp_plug_in_get_proc_frame=0x563b29aa9b20:  set ignore_undos=0
push_undo: GimpDrawableUndo=47
script-fu-Warning: BLINDS_PDB_DONE=LA-1x1-a90-s100-o0-t2

gimp_plug_in_manager_call_run_full
gimp_plug_in_get_proc_frame=0x563b29aa9b20:  set ignore_undos=0
script-fu-Warning: BLINDS_CASE_DONE=LA-1x1-a90-s100-o0-t2

gimp_plug_in_manager_call_run_full
gimp_plug_in_get_proc_frame=0x563b29aa9b20:  set ignore_undos=0
push_undo: GimpLayerUndo=55
script-fu-Warning: BLINDS_CASE_START=LA-1x1-a0-s1-o1-t0

gimp_plug_in_manager_call_run_full
gimp_plug_in_get_proc_frame=0x563b29aa9b20:  set ignore_undos=0
push_undo: GimpDrawableUndo=47
script-fu-Warning: BLINDS_PDB_DONE=LA-1x1-a0-s1-o1-t0

gimp_plug_in_manager_call_run_full
gimp_plug_in_get_proc_frame=0x563b29aa9b20:  set ignore_undos=0
script-fu-Warning: BLINDS_CASE_DONE=LA-1x1-a0-s1-o1-t0

gimp_plug_in_manager_call_run_full
gimp_plug_in_get_proc_frame=0x563b29aa9b20:  set ignore_undos=0
push_undo: GimpLayerUndo=55
script-fu-Warning: BLINDS_CASE_START=LA-1x1-a0-s1-o1-t1

gimp_plug_in_manager_call_run_full
gimp_plug_in_get_proc_frame=0x563b29aa9b20:  set ignore_undos=0
push_undo: GimpDrawableUndo=47
script-fu-Warning: BLINDS_PDB_DONE=LA-1x1-a0-s1-o1-t1

gimp_plug_in_manager_call_run_full
gimp_plug_in_get_proc_frame=0x563b29aa9b20:  set ignore_undos=0
script-fu-Warning: BLINDS_CASE_DONE=LA-1x1-a0-s1-o1-t1

gimp_plug_in_manager_call_run_full
gimp_plug_in_get_proc_frame=0x563b29aa9b20:  set ignore_undos=0
push_undo: GimpLayerUndo=55
script-fu-Warning: BLINDS_CASE_START=LA-1x1-a0-s1-o1-t-1

gimp_plug_in_manager_call_run_full
gimp_plug_in_get_proc_frame=0x563b29aa9b20:  set ignore_undos=0
push_undo: GimpDrawableUndo=47
script-fu-Warning: BLINDS_PDB_DONE=LA-1x1-a0-s1-o1-t-1

gimp_plug_in_manager_call_run_full
gimp_plug_in_get_proc_frame=0x563b29aa9b20:  set ignore_undos=0
script-fu-Warning: BLINDS_CASE_DONE=LA-1x1-a0-s1-o1-t-1

gimp_plug_in_manager_call_run_full
gimp_plug_in_get_proc_frame=0x563b29aa9b20:  set ignore_undos=0
push_undo: GimpLayerUndo=55
script-fu-Warning: BLINDS_CASE_START=LA-1x1-a0-s1-o1-t2

gimp_plug_in_manager_call_run_full
gimp_plug_in_get_proc_frame=0x563b29aa9b20:  set ignore_undos=0
push_undo: GimpDrawableUndo=47
script-fu-Warning: BLINDS_PDB_DONE=LA-1x1-a0-s1-o1-t2

gimp_plug_in_manager_call_run_full
gimp_plug_in_get_proc_frame=0x563b29aa9b20:  set ignore_undos=0
script-fu-Warning: BLINDS_CASE_DONE=LA-1x1-a0-s1-o1-t2

gimp_plug_in_manager_call_run_full
gimp_plug_in_get_proc_frame=0x563b29aa9b20:  set ignore_undos=0
push_undo: GimpLayerUndo=55
script-fu-Warning: BLINDS_CASE_START=LA-1x1-a15-s3-o1-t0

gimp_plug_in_manager_call_run_full
gimp_plug_in_get_proc_frame=0x563b29aa9b20:  set ignore_undos=0
push_undo: GimpDrawableUndo=47
script-fu-Warning: BLINDS_PDB_DONE=LA-1x1-a15-s3-o1-t0

gimp_plug_in_manager_call_run_full
gimp_plug_in_get_proc_frame=0x563b29aa9b20:  set ignore_undos=0
script-fu-Warning: BLINDS_CASE_DONE=LA-1x1-a15-s3-o1-t0

gimp_plug_in_manager_call_run_full
gimp_plug_in_get_proc_frame=0x563b29aa9b20:  set ignore_undos=0
push_undo: GimpLayerUndo=55
script-fu-Warning: BLINDS_CASE_START=LA-1x1-a15-s3-o1-t1

gimp_plug_in_manager_call_run_full
gimp_plug_in_get_proc_frame=0x563b29aa9b20:  set ignore_undos=0
push_undo: GimpDrawableUndo=47
script-fu-Warning: BLINDS_PDB_DONE=LA-1x1-a15-s3-o1-t1

gimp_plug_in_manager_call_run_full
gimp_plug_in_get_proc_frame=0x563b29aa9b20:  set ignore_undos=0
script-fu-Warning: BLINDS_CASE_DONE=LA-1x1-a15-s3-o1-t1

gimp_plug_in_manager_call_run_full
gimp_plug_in_get_proc_frame=0x563b29aa9b20:  set ignore_undos=0
push_undo: GimpLayerUndo=55
script-fu-Warning: BLINDS_CASE_START=LA-1x1-a15-s3-o1-t-1

gimp_plug_in_manager_call_run_full
gimp_plug_in_get_proc_frame=0x563b29aa9b20:  set ignore_undos=0
push_undo: GimpDrawableUndo=47
script-fu-Warning: BLINDS_PDB_DONE=LA-1x1-a15-s3-o1-t-1

gimp_plug_in_manager_call_run_full
gimp_plug_in_get_proc_frame=0x563b29aa9b20:  set ignore_undos=0
script-fu-Warning: BLINDS_CASE_DONE=LA-1x1-a15-s3-o1-t-1

gimp_plug_in_manager_call_run_full
gimp_plug_in_get_proc_frame=0x563b29aa9b20:  set ignore_undos=0
push_undo: GimpLayerUndo=55
script-fu-Warning: BLINDS_CASE_START=LA-1x1-a15-s3-o1-t2

gimp_plug_in_manager_call_run_full
gimp_plug_in_get_proc_frame=0x563b29aa9b20:  set ignore_undos=0
push_undo: GimpDrawableUndo=47
script-fu-Warning: BLINDS_PDB_DONE=LA-1x1-a15-s3-o1-t2

gimp_plug_in_manager_call_run_full
gimp_plug_in_get_proc_frame=0x563b29aa9b20:  set ignore_undos=0
script-fu-Warning: BLINDS_CASE_DONE=LA-1x1-a15-s3-o1-t2

gimp_plug_in_manager_call_run_full
gimp_plug_in_get_proc_frame=0x563b29aa9b20:  set ignore_undos=0
push_undo: GimpLayerUndo=55
script-fu-Warning: BLINDS_CASE_START=LA-1x1-a67-s7-o1-t0

gimp_plug_in_manager_call_run_full
gimp_plug_in_get_proc_frame=0x563b29aa9b20:  set ignore_undos=0
push_undo: GimpDrawableUndo=47
script-fu-Warning: BLINDS_PDB_DONE=LA-1x1-a67-s7-o1-t0

gimp_plug_in_manager_call_run_full
gimp_plug_in_get_proc_frame=0x563b29aa9b20:  set ignore_undos=0
script-fu-Warning: BLINDS_CASE_DONE=LA-1x1-a67-s7-o1-t0

gimp_plug_in_manager_call_run_full
gimp_plug_in_get_proc_frame=0x563b29aa9b20:  set ignore_undos=0
push_undo: GimpLayerUndo=55
script-fu-Warning: BLINDS_CASE_START=LA-1x1-a67-s7-o1-t1

gimp_plug_in_manager_call_run_full
gimp_plug_in_get_proc_frame=0x563b29aa9b20:  set ignore_undos=0
push_undo: GimpDrawableUndo=47
script-fu-Warning: BLINDS_PDB_DONE=LA-1x1-a67-s7-o1-t1

gimp_plug_in_manager_call_run_full
gimp_plug_in_get_proc_frame=0x563b29aa9b20:  set ignore_undos=0
script-fu-Warning: BLINDS_CASE_DONE=LA-1x1-a67-s7-o1-t1

gimp_plug_in_manager_call_run_full
gimp_plug_in_get_proc_frame=0x563b29aa9b20:  set ignore_undos=0
push_undo: GimpLayerUndo=55
script-fu-Warning: BLINDS_CASE_START=LA-1x1-a67-s7-o1-t-1

gimp_plug_in_manager_call_run_full
gimp_plug_in_get_proc_frame=0x563b29aa9b20:  set ignore_undos=0
push_undo: GimpDrawableUndo=47
script-fu-Warning: BLINDS_PDB_DONE=LA-1x1-a67-s7-o1-t-1

gimp_plug_in_manager_call_run_full
gimp_plug_in_get_proc_frame=0x563b29aa9b20:  set ignore_undos=0
script-fu-Warning: BLINDS_CASE_DONE=LA-1x1-a67-s7-o1-t-1

gimp_plug_in_manager_call_run_full
gimp_plug_in_get_proc_frame=0x563b29aa9b20:  set ignore_undos=0
push_undo: GimpLayerUndo=55
script-fu-Warning: BLINDS_CASE_START=LA-1x1-a67-s7-o1-t2

gimp_plug_in_manager_call_run_full
gimp_plug_in_get_proc_frame=0x563b29aa9b20:  set ignore_undos=0
push_undo: GimpDrawableUndo=47
script-fu-Warning: BLINDS_PDB_DONE=LA-1x1-a67-s7-o1-t2

gimp_plug_in_manager_call_run_full
gimp_plug_in_get_proc_frame=0x563b29aa9b20:  set ignore_undos=0
script-fu-Warning: BLINDS_CASE_DONE=LA-1x1-a67-s7-o1-t2

gimp_plug_in_manager_call_run_full
gimp_plug_in_get_proc_frame=0x563b29aa9b20:  set ignore_undos=0
push_undo: GimpLayerUndo=55
script-fu-Warning: BLINDS_CASE_START=LA-1x1-a90-s100-o1-t0

gimp_plug_in_manager_call_run_full
gimp_plug_in_get_proc_frame=0x563b29aa9b20:  set ignore_undos=0
push_undo: GimpDrawableUndo=47
script-fu-Warning: BLINDS_PDB_DONE=LA-1x1-a90-s100-o1-t0

gimp_plug_in_manager_call_run_full
gimp_plug_in_get_proc_frame=0x563b29aa9b20:  set ignore_undos=0
script-fu-Warning: BLINDS_CASE_DONE=LA-1x1-a90-s100-o1-t0

gimp_plug_in_manager_call_run_full
gimp_plug_in_get_proc_frame=0x563b29aa9b20:  set ignore_undos=0
push_undo: GimpLayerUndo=55
script-fu-Warning: BLINDS_CASE_START=LA-1x1-a90-s100-o1-t1

gimp_plug_in_manager_call_run_full
gimp_plug_in_get_proc_frame=0x563b29aa9b20:  set ignore_undos=0
push_undo: GimpDrawableUndo=47
script-fu-Warning: BLINDS_PDB_DONE=LA-1x1-a90-s100-o1-t1

gimp_plug_in_manager_call_run_full
gimp_plug_in_get_proc_frame=0x563b29aa9b20:  set ignore_undos=0
script-fu-Warning: BLINDS_CASE_DONE=LA-1x1-a90-s100-o1-t1

gimp_plug_in_manager_call_run_full
gimp_plug_in_get_proc_frame=0x563b29aa9b20:  set ignore_undos=0
push_undo: GimpLayerUndo=55
script-fu-Warning: BLINDS_CASE_START=LA-1x1-a90-s100-o1-t-1

gimp_plug_in_manager_call_run_full
gimp_plug_in_get_proc_frame=0x563b29aa9b20:  set ignore_undos=0
push_undo: GimpDrawableUndo=47
script-fu-Warning: BLINDS_PDB_DONE=LA-1x1-a90-s100-o1-t-1

gimp_plug_in_manager_call_run_full
gimp_plug_in_get_proc_frame=0x563b29aa9b20:  set ignore_undos=0
script-fu-Warning: BLINDS_CASE_DONE=LA-1x1-a90-s100-o1-t-1

gimp_plug_in_manager_call_run_full
gimp_plug_in_get_proc_frame=0x563b29aa9b20:  set ignore_undos=0
push_undo: GimpLayerUndo=55
script-fu-Warning: BLINDS_CASE_START=LA-1x1-a90-s100-o1-t2

gimp_plug_in_manager_call_run_full
gimp_plug_in_get_proc_frame=0x563b29aa9b20:  set ignore_undos=0
push_undo: GimpDrawableUndo=47
script-fu-Warning: BLINDS_PDB_DONE=LA-1x1-a90-s100-o1-t2

gimp_plug_in_manager_call_run_full
gimp_plug_in_get_proc_frame=0x563b29aa9b20:  set ignore_undos=0
script-fu-Warning: BLINDS_CASE_DONE=LA-1x1-a90-s100-o1-t2

gimp_plug_in_manager_call_run_full
gimp_plug_in_get_proc_frame=0x563b29aa9b20:  set ignore_undos=0
push_undo: GimpLayerUndo=55
gimp_plug_in_manager_call_run_full
gimp_plug_in_get_proc_frame=0x563b29aa9b20:  set ignore_undos=0
script-fu-Warning: BLINDS_INPUT_LOADED=LA-2x3

gimp_plug_in_manager_call_run_full
gimp_plug_in_get_proc_frame=0x563b29aa9b20:  set ignore_undos=0
push_undo: GimpLayerUndo=55
script-fu-Warning: BLINDS_CASE_START=LA-2x3-a0-s1-o0-t0

gimp_plug_in_manager_call_run_full
gimp_plug_in_get_proc_frame=0x563b29aa9b20:  set ignore_undos=0
push_undo: GimpDrawableUndo=47
script-fu-Warning: BLINDS_PDB_DONE=LA-2x3-a0-s1-o0-t0

gimp_plug_in_manager_call_run_full
gimp_plug_in_get_proc_frame=0x563b29aa9b20:  set ignore_undos=0
script-fu-Warning: BLINDS_CASE_DONE=LA-2x3-a0-s1-o0-t0

gimp_plug_in_manager_call_run_full
gimp_plug_in_get_proc_frame=0x563b29aa9b20:  set ignore_undos=0
push_undo: GimpLayerUndo=55
script-fu-Warning: BLINDS_CASE_START=LA-2x3-a0-s1-o0-t1

gimp_plug_in_manager_call_run_full
gimp_plug_in_get_proc_frame=0x563b29aa9b20:  set ignore_undos=0
push_undo: GimpDrawableUndo=47
script-fu-Warning: BLINDS_PDB_DONE=LA-2x3-a0-s1-o0-t1

gimp_plug_in_manager_call_run_full
gimp_plug_in_get_proc_frame=0x563b29aa9b20:  set ignore_undos=0
script-fu-Warning: BLINDS_CASE_DONE=LA-2x3-a0-s1-o0-t1

gimp_plug_in_manager_call_run_full
gimp_plug_in_get_proc_frame=0x563b29aa9b20:  set ignore_undos=0
push_undo: GimpLayerUndo=55
script-fu-Warning: BLINDS_CASE_START=LA-2x3-a0-s1-o0-t-1

gimp_plug_in_manager_call_run_full
gimp_plug_in_get_proc_frame=0x563b29aa9b20:  set ignore_undos=0
push_undo: GimpDrawableUndo=47
script-fu-Warning: BLINDS_PDB_DONE=LA-2x3-a0-s1-o0-t-1

gimp_plug_in_manager_call_run_full
gimp_plug_in_get_proc_frame=0x563b29aa9b20:  set ignore_undos=0
script-fu-Warning: BLINDS_CASE_DONE=LA-2x3-a0-s1-o0-t-1

gimp_plug_in_manager_call_run_full
gimp_plug_in_get_proc_frame=0x563b29aa9b20:  set ignore_undos=0
push_undo: GimpLayerUndo=55
script-fu-Warning: BLINDS_CASE_START=LA-2x3-a0-s1-o0-t2

gimp_plug_in_manager_call_run_full
gimp_plug_in_get_proc_frame=0x563b29aa9b20:  set ignore_undos=0
push_undo: GimpDrawableUndo=47
script-fu-Warning: BLINDS_PDB_DONE=LA-2x3-a0-s1-o0-t2

gimp_plug_in_manager_call_run_full
gimp_plug_in_get_proc_frame=0x563b29aa9b20:  set ignore_undos=0
script-fu-Warning: BLINDS_CASE_DONE=LA-2x3-a0-s1-o0-t2

gimp_plug_in_manager_call_run_full
gimp_plug_in_get_proc_frame=0x563b29aa9b20:  set ignore_undos=0
push_undo: GimpLayerUndo=55
script-fu-Warning: BLINDS_CASE_START=LA-2x3-a15-s3-o0-t0

gimp_plug_in_manager_call_run_full
gimp_plug_in_get_proc_frame=0x563b29aa9b20:  set ignore_undos=0
push_undo: GimpDrawableUndo=47
script-fu-Warning: BLINDS_PDB_DONE=LA-2x3-a15-s3-o0-t0

gimp_plug_in_manager_call_run_full
gimp_plug_in_get_proc_frame=0x563b29aa9b20:  set ignore_undos=0
script-fu-Warning: BLINDS_CASE_DONE=LA-2x3-a15-s3-o0-t0

gimp_plug_in_manager_call_run_full
gimp_plug_in_get_proc_frame=0x563b29aa9b20:  set ignore_undos=0
push_undo: GimpLayerUndo=55
script-fu-Warning: BLINDS_CASE_START=LA-2x3-a15-s3-o0-t1

gimp_plug_in_manager_call_run_full
gimp_plug_in_get_proc_frame=0x563b29aa9b20:  set ignore_undos=0
push_undo: GimpDrawableUndo=47
script-fu-Warning: BLINDS_PDB_DONE=LA-2x3-a15-s3-o0-t1

gimp_plug_in_manager_call_run_full
gimp_plug_in_get_proc_frame=0x563b29aa9b20:  set ignore_undos=0
script-fu-Warning: BLINDS_CASE_DONE=LA-2x3-a15-s3-o0-t1

gimp_plug_in_manager_call_run_full
gimp_plug_in_get_proc_frame=0x563b29aa9b20:  set ignore_undos=0
push_undo: GimpLayerUndo=55
script-fu-Warning: BLINDS_CASE_START=LA-2x3-a15-s3-o0-t-1

gimp_plug_in_manager_call_run_full
gimp_plug_in_get_proc_frame=0x563b29aa9b20:  set ignore_undos=0
push_undo: GimpDrawableUndo=47
script-fu-Warning: BLINDS_PDB_DONE=LA-2x3-a15-s3-o0-t-1

gimp_plug_in_manager_call_run_full
gimp_plug_in_get_proc_frame=0x563b29aa9b20:  set ignore_undos=0
script-fu-Warning: BLINDS_CASE_DONE=LA-2x3-a15-s3-o0-t-1

gimp_plug_in_manager_call_run_full
gimp_plug_in_get_proc_frame=0x563b29aa9b20:  set ignore_undos=0
push_undo: GimpLayerUndo=55
script-fu-Warning: BLINDS_CASE_START=LA-2x3-a15-s3-o0-t2

gimp_plug_in_manager_call_run_full
gimp_plug_in_get_proc_frame=0x563b29aa9b20:  set ignore_undos=0
push_undo: GimpDrawableUndo=47
script-fu-Warning: BLINDS_PDB_DONE=LA-2x3-a15-s3-o0-t2

gimp_plug_in_manager_call_run_full
gimp_plug_in_get_proc_frame=0x563b29aa9b20:  set ignore_undos=0
script-fu-Warning: BLINDS_CASE_DONE=LA-2x3-a15-s3-o0-t2

gimp_plug_in_manager_call_run_full
gimp_plug_in_get_proc_frame=0x563b29aa9b20:  set ignore_undos=0
push_undo: GimpLayerUndo=55
script-fu-Warning: BLINDS_CASE_START=LA-2x3-a67-s7-o0-t0

gimp_plug_in_manager_call_run_full
gimp_plug_in_get_proc_frame=0x563b29aa9b20:  set ignore_undos=0
push_undo: GimpDrawableUndo=47
script-fu-Warning: BLINDS_PDB_DONE=LA-2x3-a67-s7-o0-t0

gimp_plug_in_manager_call_run_full
gimp_plug_in_get_proc_frame=0x563b29aa9b20:  set ignore_undos=0
script-fu-Warning: BLINDS_CASE_DONE=LA-2x3-a67-s7-o0-t0

gimp_plug_in_manager_call_run_full
gimp_plug_in_get_proc_frame=0x563b29aa9b20:  set ignore_undos=0
push_undo: GimpLayerUndo=55
script-fu-Warning: BLINDS_CASE_START=LA-2x3-a67-s7-o0-t1

gimp_plug_in_manager_call_run_full
gimp_plug_in_get_proc_frame=0x563b29aa9b20:  set ignore_undos=0
push_undo: GimpDrawableUndo=47
script-fu-Warning: BLINDS_PDB_DONE=LA-2x3-a67-s7-o0-t1

gimp_plug_in_manager_call_run_full
gimp_plug_in_get_proc_frame=0x563b29aa9b20:  set ignore_undos=0
script-fu-Warning: BLINDS_CASE_DONE=LA-2x3-a67-s7-o0-t1

gimp_plug_in_manager_call_run_full
gimp_plug_in_get_proc_frame=0x563b29aa9b20:  set ignore_undos=0
push_undo: GimpLayerUndo=55
script-fu-Warning: BLINDS_CASE_START=LA-2x3-a67-s7-o0-t-1

gimp_plug_in_manager_call_run_full
gimp_plug_in_get_proc_frame=0x563b29aa9b20:  set ignore_undos=0
push_undo: GimpDrawableUndo=47
script-fu-Warning: BLINDS_PDB_DONE=LA-2x3-a67-s7-o0-t-1

gimp_plug_in_manager_call_run_full
gimp_plug_in_get_proc_frame=0x563b29aa9b20:  set ignore_undos=0
script-fu-Warning: BLINDS_CASE_DONE=LA-2x3-a67-s7-o0-t-1

gimp_plug_in_manager_call_run_full
gimp_plug_in_get_proc_frame=0x563b29aa9b20:  set ignore_undos=0
push_undo: GimpLayerUndo=55
script-fu-Warning: BLINDS_CASE_START=LA-2x3-a67-s7-o0-t2

gimp_plug_in_manager_call_run_full
gimp_plug_in_get_proc_frame=0x563b29aa9b20:  set ignore_undos=0
push_undo: GimpDrawableUndo=47
script-fu-Warning: BLINDS_PDB_DONE=LA-2x3-a67-s7-o0-t2

gimp_plug_in_manager_call_run_full
gimp_plug_in_get_proc_frame=0x563b29aa9b20:  set ignore_undos=0
script-fu-Warning: BLINDS_CASE_DONE=LA-2x3-a67-s7-o0-t2

gimp_plug_in_manager_call_run_full
gimp_plug_in_get_proc_frame=0x563b29aa9b20:  set ignore_undos=0
push_undo: GimpLayerUndo=55
script-fu-Warning: BLINDS_CASE_START=LA-2x3-a90-s100-o0-t0

gimp_plug_in_manager_call_run_full
gimp_plug_in_get_proc_frame=0x563b29aa9b20:  set ignore_undos=0
push_undo: GimpDrawableUndo=47
script-fu-Warning: BLINDS_PDB_DONE=LA-2x3-a90-s100-o0-t0

gimp_plug_in_manager_call_run_full
gimp_plug_in_get_proc_frame=0x563b29aa9b20:  set ignore_undos=0
script-fu-Warning: BLINDS_CASE_DONE=LA-2x3-a90-s100-o0-t0

gimp_plug_in_manager_call_run_full
gimp_plug_in_get_proc_frame=0x563b29aa9b20:  set ignore_undos=0
push_undo: GimpLayerUndo=55
script-fu-Warning: BLINDS_CASE_START=LA-2x3-a90-s100-o0-t1

gimp_plug_in_manager_call_run_full
gimp_plug_in_get_proc_frame=0x563b29aa9b20:  set ignore_undos=0
push_undo: GimpDrawableUndo=47
script-fu-Warning: BLINDS_PDB_DONE=LA-2x3-a90-s100-o0-t1

gimp_plug_in_manager_call_run_full
gimp_plug_in_get_proc_frame=0x563b29aa9b20:  set ignore_undos=0
script-fu-Warning: BLINDS_CASE_DONE=LA-2x3-a90-s100-o0-t1

gimp_plug_in_manager_call_run_full
gimp_plug_in_get_proc_frame=0x563b29aa9b20:  set ignore_undos=0
push_undo: GimpLayerUndo=55
script-fu-Warning: BLINDS_CASE_START=LA-2x3-a90-s100-o0-t-1

gimp_plug_in_manager_call_run_full
gimp_plug_in_get_proc_frame=0x563b29aa9b20:  set ignore_undos=0
push_undo: GimpDrawableUndo=47
script-fu-Warning: BLINDS_PDB_DONE=LA-2x3-a90-s100-o0-t-1

gimp_plug_in_manager_call_run_full
gimp_plug_in_get_proc_frame=0x563b29aa9b20:  set ignore_undos=0
script-fu-Warning: BLINDS_CASE_DONE=LA-2x3-a90-s100-o0-t-1

gimp_plug_in_manager_call_run_full
gimp_plug_in_get_proc_frame=0x563b29aa9b20:  set ignore_undos=0
push_undo: GimpLayerUndo=55
script-fu-Warning: BLINDS_CASE_START=LA-2x3-a90-s100-o0-t2

gimp_plug_in_manager_call_run_full
gimp_plug_in_get_proc_frame=0x563b29aa9b20:  set ignore_undos=0
push_undo: GimpDrawableUndo=47
script-fu-Warning: BLINDS_PDB_DONE=LA-2x3-a90-s100-o0-t2

gimp_plug_in_manager_call_run_full
gimp_plug_in_get_proc_frame=0x563b29aa9b20:  set ignore_undos=0
script-fu-Warning: BLINDS_CASE_DONE=LA-2x3-a90-s100-o0-t2

gimp_plug_in_manager_call_run_full
gimp_plug_in_get_proc_frame=0x563b29aa9b20:  set ignore_undos=0
push_undo: GimpLayerUndo=55
script-fu-Warning: BLINDS_CASE_START=LA-2x3-a0-s1-o1-t0

gimp_plug_in_manager_call_run_full
gimp_plug_in_get_proc_frame=0x563b29aa9b20:  set ignore_undos=0
push_undo: GimpDrawableUndo=47
script-fu-Warning: BLINDS_PDB_DONE=LA-2x3-a0-s1-o1-t0

gimp_plug_in_manager_call_run_full
gimp_plug_in_get_proc_frame=0x563b29aa9b20:  set ignore_undos=0
script-fu-Warning: BLINDS_CASE_DONE=LA-2x3-a0-s1-o1-t0

gimp_plug_in_manager_call_run_full
gimp_plug_in_get_proc_frame=0x563b29aa9b20:  set ignore_undos=0
push_undo: GimpLayerUndo=55
script-fu-Warning: BLINDS_CASE_START=LA-2x3-a0-s1-o1-t1

gimp_plug_in_manager_call_run_full
gimp_plug_in_get_proc_frame=0x563b29aa9b20:  set ignore_undos=0
push_undo: GimpDrawableUndo=47
script-fu-Warning: BLINDS_PDB_DONE=LA-2x3-a0-s1-o1-t1

gimp_plug_in_manager_call_run_full
gimp_plug_in_get_proc_frame=0x563b29aa9b20:  set ignore_undos=0
script-fu-Warning: BLINDS_CASE_DONE=LA-2x3-a0-s1-o1-t1

gimp_plug_in_manager_call_run_full
gimp_plug_in_get_proc_frame=0x563b29aa9b20:  set ignore_undos=0
push_undo: GimpLayerUndo=55
script-fu-Warning: BLINDS_CASE_START=LA-2x3-a0-s1-o1-t-1

gimp_plug_in_manager_call_run_full
gimp_plug_in_get_proc_frame=0x563b29aa9b20:  set ignore_undos=0
push_undo: GimpDrawableUndo=47
script-fu-Warning: BLINDS_PDB_DONE=LA-2x3-a0-s1-o1-t-1

gimp_plug_in_manager_call_run_full
gimp_plug_in_get_proc_frame=0x563b29aa9b20:  set ignore_undos=0
script-fu-Warning: BLINDS_CASE_DONE=LA-2x3-a0-s1-o1-t-1

gimp_plug_in_manager_call_run_full
gimp_plug_in_get_proc_frame=0x563b29aa9b20:  set ignore_undos=0
push_undo: GimpLayerUndo=55
script-fu-Warning: BLINDS_CASE_START=LA-2x3-a0-s1-o1-t2

gimp_plug_in_manager_call_run_full
gimp_plug_in_get_proc_frame=0x563b29aa9b20:  set ignore_undos=0
push_undo: GimpDrawableUndo=47
script-fu-Warning: BLINDS_PDB_DONE=LA-2x3-a0-s1-o1-t2

gimp_plug_in_manager_call_run_full
gimp_plug_in_get_proc_frame=0x563b29aa9b20:  set ignore_undos=0
script-fu-Warning: BLINDS_CASE_DONE=LA-2x3-a0-s1-o1-t2

gimp_plug_in_manager_call_run_full
gimp_plug_in_get_proc_frame=0x563b29aa9b20:  set ignore_undos=0
push_undo: GimpLayerUndo=55
script-fu-Warning: BLINDS_CASE_START=LA-2x3-a15-s3-o1-t0

gimp_plug_in_manager_call_run_full
gimp_plug_in_get_proc_frame=0x563b29aa9b20:  set ignore_undos=0
push_undo: GimpDrawableUndo=47
script-fu-Warning: BLINDS_PDB_DONE=LA-2x3-a15-s3-o1-t0

gimp_plug_in_manager_call_run_full
gimp_plug_in_get_proc_frame=0x563b29aa9b20:  set ignore_undos=0
script-fu-Warning: BLINDS_CASE_DONE=LA-2x3-a15-s3-o1-t0

gimp_plug_in_manager_call_run_full
gimp_plug_in_get_proc_frame=0x563b29aa9b20:  set ignore_undos=0
push_undo: GimpLayerUndo=55
script-fu-Warning: BLINDS_CASE_START=LA-2x3-a15-s3-o1-t1

gimp_plug_in_manager_call_run_full
gimp_plug_in_get_proc_frame=0x563b29aa9b20:  set ignore_undos=0
push_undo: GimpDrawableUndo=47
script-fu-Warning: BLINDS_PDB_DONE=LA-2x3-a15-s3-o1-t1

gimp_plug_in_manager_call_run_full
gimp_plug_in_get_proc_frame=0x563b29aa9b20:  set ignore_undos=0
script-fu-Warning: BLINDS_CASE_DONE=LA-2x3-a15-s3-o1-t1

gimp_plug_in_manager_call_run_full
gimp_plug_in_get_proc_frame=0x563b29aa9b20:  set ignore_undos=0
push_undo: GimpLayerUndo=55
script-fu-Warning: BLINDS_CASE_START=LA-2x3-a15-s3-o1-t-1

gimp_plug_in_manager_call_run_full
gimp_plug_in_get_proc_frame=0x563b29aa9b20:  set ignore_undos=0
push_undo: GimpDrawableUndo=47
script-fu-Warning: BLINDS_PDB_DONE=LA-2x3-a15-s3-o1-t-1

gimp_plug_in_manager_call_run_full
gimp_plug_in_get_proc_frame=0x563b29aa9b20:  set ignore_undos=0
script-fu-Warning: BLINDS_CASE_DONE=LA-2x3-a15-s3-o1-t-1

gimp_plug_in_manager_call_run_full
gimp_plug_in_get_proc_frame=0x563b29aa9b20:  set ignore_undos=0
push_undo: GimpLayerUndo=55
script-fu-Warning: BLINDS_CASE_START=LA-2x3-a15-s3-o1-t2

gimp_plug_in_manager_call_run_full
gimp_plug_in_get_proc_frame=0x563b29aa9b20:  set ignore_undos=0
push_undo: GimpDrawableUndo=47
script-fu-Warning: BLINDS_PDB_DONE=LA-2x3-a15-s3-o1-t2

gimp_plug_in_manager_call_run_full
gimp_plug_in_get_proc_frame=0x563b29aa9b20:  set ignore_undos=0
script-fu-Warning: BLINDS_CASE_DONE=LA-2x3-a15-s3-o1-t2

gimp_plug_in_manager_call_run_full
gimp_plug_in_get_proc_frame=0x563b29aa9b20:  set ignore_undos=0
push_undo: GimpLayerUndo=55
script-fu-Warning: BLINDS_CASE_START=LA-2x3-a67-s7-o1-t0

gimp_plug_in_manager_call_run_full
gimp_plug_in_get_proc_frame=0x563b29aa9b20:  set ignore_undos=0
push_undo: GimpDrawableUndo=47
script-fu-Warning: BLINDS_PDB_DONE=LA-2x3-a67-s7-o1-t0

gimp_plug_in_manager_call_run_full
gimp_plug_in_get_proc_frame=0x563b29aa9b20:  set ignore_undos=0
script-fu-Warning: BLINDS_CASE_DONE=LA-2x3-a67-s7-o1-t0

gimp_plug_in_manager_call_run_full
gimp_plug_in_get_proc_frame=0x563b29aa9b20:  set ignore_undos=0
push_undo: GimpLayerUndo=55
script-fu-Warning: BLINDS_CASE_START=LA-2x3-a67-s7-o1-t1

gimp_plug_in_manager_call_run_full
gimp_plug_in_get_proc_frame=0x563b29aa9b20:  set ignore_undos=0
push_undo: GimpDrawableUndo=47
script-fu-Warning: BLINDS_PDB_DONE=LA-2x3-a67-s7-o1-t1

gimp_plug_in_manager_call_run_full
gimp_plug_in_get_proc_frame=0x563b29aa9b20:  set ignore_undos=0
script-fu-Warning: BLINDS_CASE_DONE=LA-2x3-a67-s7-o1-t1

gimp_plug_in_manager_call_run_full
gimp_plug_in_get_proc_frame=0x563b29aa9b20:  set ignore_undos=0
push_undo: GimpLayerUndo=55
script-fu-Warning: BLINDS_CASE_START=LA-2x3-a67-s7-o1-t-1

gimp_plug_in_manager_call_run_full
gimp_plug_in_get_proc_frame=0x563b29aa9b20:  set ignore_undos=0
push_undo: GimpDrawableUndo=47
script-fu-Warning: BLINDS_PDB_DONE=LA-2x3-a67-s7-o1-t-1

gimp_plug_in_manager_call_run_full
gimp_plug_in_get_proc_frame=0x563b29aa9b20:  set ignore_undos=0
script-fu-Warning: BLINDS_CASE_DONE=LA-2x3-a67-s7-o1-t-1

gimp_plug_in_manager_call_run_full
gimp_plug_in_get_proc_frame=0x563b29aa9b20:  set ignore_undos=0
push_undo: GimpLayerUndo=55
script-fu-Warning: BLINDS_CASE_START=LA-2x3-a67-s7-o1-t2

gimp_plug_in_manager_call_run_full
gimp_plug_in_get_proc_frame=0x563b29aa9b20:  set ignore_undos=0
push_undo: GimpDrawableUndo=47
script-fu-Warning: BLINDS_PDB_DONE=LA-2x3-a67-s7-o1-t2

gimp_plug_in_manager_call_run_full
gimp_plug_in_get_proc_frame=0x563b29aa9b20:  set ignore_undos=0
script-fu-Warning: BLINDS_CASE_DONE=LA-2x3-a67-s7-o1-t2

gimp_plug_in_manager_call_run_full
gimp_plug_in_get_proc_frame=0x563b29aa9b20:  set ignore_undos=0
push_undo: GimpLayerUndo=55
script-fu-Warning: BLINDS_CASE_START=LA-2x3-a90-s100-o1-t0

gimp_plug_in_manager_call_run_full
gimp_plug_in_get_proc_frame=0x563b29aa9b20:  set ignore_undos=0
push_undo: GimpDrawableUndo=47
script-fu-Warning: BLINDS_PDB_DONE=LA-2x3-a90-s100-o1-t0

gimp_plug_in_manager_call_run_full
gimp_plug_in_get_proc_frame=0x563b29aa9b20:  set ignore_undos=0
script-fu-Warning: BLINDS_CASE_DONE=LA-2x3-a90-s100-o1-t0

gimp_plug_in_manager_call_run_full
gimp_plug_in_get_proc_frame=0x563b29aa9b20:  set ignore_undos=0
push_undo: GimpLayerUndo=55
script-fu-Warning: BLINDS_CASE_START=LA-2x3-a90-s100-o1-t1

gimp_plug_in_manager_call_run_full
gimp_plug_in_get_proc_frame=0x563b29aa9b20:  set ignore_undos=0
push_undo: GimpDrawableUndo=47
script-fu-Warning: BLINDS_PDB_DONE=LA-2x3-a90-s100-o1-t1

gimp_plug_in_manager_call_run_full
gimp_plug_in_get_proc_frame=0x563b29aa9b20:  set ignore_undos=0
script-fu-Warning: BLINDS_CASE_DONE=LA-2x3-a90-s100-o1-t1

gimp_plug_in_manager_call_run_full
gimp_plug_in_get_proc_frame=0x563b29aa9b20:  set ignore_undos=0
push_undo: GimpLayerUndo=55
script-fu-Warning: BLINDS_CASE_START=LA-2x3-a90-s100-o1-t-1

gimp_plug_in_manager_call_run_full
gimp_plug_in_get_proc_frame=0x563b29aa9b20:  set ignore_undos=0
push_undo: GimpDrawableUndo=47
script-fu-Warning: BLINDS_PDB_DONE=LA-2x3-a90-s100-o1-t-1

gimp_plug_in_manager_call_run_full
gimp_plug_in_get_proc_frame=0x563b29aa9b20:  set ignore_undos=0
script-fu-Warning: BLINDS_CASE_DONE=LA-2x3-a90-s100-o1-t-1

gimp_plug_in_manager_call_run_full
gimp_plug_in_get_proc_frame=0x563b29aa9b20:  set ignore_undos=0
push_undo: GimpLayerUndo=55
script-fu-Warning: BLINDS_CASE_START=LA-2x3-a90-s100-o1-t2

gimp_plug_in_manager_call_run_full
gimp_plug_in_get_proc_frame=0x563b29aa9b20:  set ignore_undos=0
push_undo: GimpDrawableUndo=47
script-fu-Warning: BLINDS_PDB_DONE=LA-2x3-a90-s100-o1-t2

gimp_plug_in_manager_call_run_full
gimp_plug_in_get_proc_frame=0x563b29aa9b20:  set ignore_undos=0
script-fu-Warning: BLINDS_CASE_DONE=LA-2x3-a90-s100-o1-t2

gimp_plug_in_manager_call_run_full
gimp_plug_in_get_proc_frame=0x563b29aa9b20:  set ignore_undos=0
push_undo: GimpLayerUndo=55
gimp_plug_in_manager_call_run_full
gimp_plug_in_get_proc_frame=0x563b29aa9b20:  set ignore_undos=0
script-fu-Warning: BLINDS_INPUT_LOADED=LA-9x8

gimp_plug_in_manager_call_run_full
gimp_plug_in_get_proc_frame=0x563b29aa9b20:  set ignore_undos=0
push_undo: GimpLayerUndo=55
script-fu-Warning: BLINDS_CASE_START=LA-9x8-a0-s1-o0-t0

gimp_plug_in_manager_call_run_full
gimp_plug_in_get_proc_frame=0x563b29aa9b20:  set ignore_undos=0
push_undo: GimpDrawableUndo=47
script-fu-Warning: BLINDS_PDB_DONE=LA-9x8-a0-s1-o0-t0

gimp_plug_in_manager_call_run_full
gimp_plug_in_get_proc_frame=0x563b29aa9b20:  set ignore_undos=0
script-fu-Warning: BLINDS_CASE_DONE=LA-9x8-a0-s1-o0-t0

gimp_plug_in_manager_call_run_full
gimp_plug_in_get_proc_frame=0x563b29aa9b20:  set ignore_undos=0
push_undo: GimpLayerUndo=55
script-fu-Warning: BLINDS_CASE_START=LA-9x8-a0-s1-o0-t1

gimp_plug_in_manager_call_run_full
gimp_plug_in_get_proc_frame=0x563b29aa9b20:  set ignore_undos=0
push_undo: GimpDrawableUndo=47
script-fu-Warning: BLINDS_PDB_DONE=LA-9x8-a0-s1-o0-t1

gimp_plug_in_manager_call_run_full
gimp_plug_in_get_proc_frame=0x563b29aa9b20:  set ignore_undos=0
script-fu-Warning: BLINDS_CASE_DONE=LA-9x8-a0-s1-o0-t1

gimp_plug_in_manager_call_run_full
gimp_plug_in_get_proc_frame=0x563b29aa9b20:  set ignore_undos=0
push_undo: GimpLayerUndo=55
script-fu-Warning: BLINDS_CASE_START=LA-9x8-a0-s1-o0-t-1

gimp_plug_in_manager_call_run_full
gimp_plug_in_get_proc_frame=0x563b29aa9b20:  set ignore_undos=0
push_undo: GimpDrawableUndo=47
script-fu-Warning: BLINDS_PDB_DONE=LA-9x8-a0-s1-o0-t-1

gimp_plug_in_manager_call_run_full
gimp_plug_in_get_proc_frame=0x563b29aa9b20:  set ignore_undos=0
script-fu-Warning: BLINDS_CASE_DONE=LA-9x8-a0-s1-o0-t-1

gimp_plug_in_manager_call_run_full
gimp_plug_in_get_proc_frame=0x563b29aa9b20:  set ignore_undos=0
push_undo: GimpLayerUndo=55
script-fu-Warning: BLINDS_CASE_START=LA-9x8-a0-s1-o0-t2

gimp_plug_in_manager_call_run_full
gimp_plug_in_get_proc_frame=0x563b29aa9b20:  set ignore_undos=0
push_undo: GimpDrawableUndo=47
script-fu-Warning: BLINDS_PDB_DONE=LA-9x8-a0-s1-o0-t2

gimp_plug_in_manager_call_run_full
gimp_plug_in_get_proc_frame=0x563b29aa9b20:  set ignore_undos=0
script-fu-Warning: BLINDS_CASE_DONE=LA-9x8-a0-s1-o0-t2

gimp_plug_in_manager_call_run_full
gimp_plug_in_get_proc_frame=0x563b29aa9b20:  set ignore_undos=0
push_undo: GimpLayerUndo=55
script-fu-Warning: BLINDS_CASE_START=LA-9x8-a15-s3-o0-t0

gimp_plug_in_manager_call_run_full
gimp_plug_in_get_proc_frame=0x563b29aa9b20:  set ignore_undos=0
push_undo: GimpDrawableUndo=47
script-fu-Warning: BLINDS_PDB_DONE=LA-9x8-a15-s3-o0-t0

gimp_plug_in_manager_call_run_full
gimp_plug_in_get_proc_frame=0x563b29aa9b20:  set ignore_undos=0
script-fu-Warning: BLINDS_CASE_DONE=LA-9x8-a15-s3-o0-t0

gimp_plug_in_manager_call_run_full
gimp_plug_in_get_proc_frame=0x563b29aa9b20:  set ignore_undos=0
push_undo: GimpLayerUndo=55
script-fu-Warning: BLINDS_CASE_START=LA-9x8-a15-s3-o0-t1

gimp_plug_in_manager_call_run_full
gimp_plug_in_get_proc_frame=0x563b29aa9b20:  set ignore_undos=0
push_undo: GimpDrawableUndo=47
script-fu-Warning: BLINDS_PDB_DONE=LA-9x8-a15-s3-o0-t1

gimp_plug_in_manager_call_run_full
gimp_plug_in_get_proc_frame=0x563b29aa9b20:  set ignore_undos=0
script-fu-Warning: BLINDS_CASE_DONE=LA-9x8-a15-s3-o0-t1

gimp_plug_in_manager_call_run_full
gimp_plug_in_get_proc_frame=0x563b29aa9b20:  set ignore_undos=0
push_undo: GimpLayerUndo=55
script-fu-Warning: BLINDS_CASE_START=LA-9x8-a15-s3-o0-t-1

gimp_plug_in_manager_call_run_full
gimp_plug_in_get_proc_frame=0x563b29aa9b20:  set ignore_undos=0
push_undo: GimpDrawableUndo=47
script-fu-Warning: BLINDS_PDB_DONE=LA-9x8-a15-s3-o0-t-1

gimp_plug_in_manager_call_run_full
gimp_plug_in_get_proc_frame=0x563b29aa9b20:  set ignore_undos=0
script-fu-Warning: BLINDS_CASE_DONE=LA-9x8-a15-s3-o0-t-1

gimp_plug_in_manager_call_run_full
gimp_plug_in_get_proc_frame=0x563b29aa9b20:  set ignore_undos=0
push_undo: GimpLayerUndo=55
script-fu-Warning: BLINDS_CASE_START=LA-9x8-a15-s3-o0-t2

gimp_plug_in_manager_call_run_full
gimp_plug_in_get_proc_frame=0x563b29aa9b20:  set ignore_undos=0
push_undo: GimpDrawableUndo=47
script-fu-Warning: BLINDS_PDB_DONE=LA-9x8-a15-s3-o0-t2

gimp_plug_in_manager_call_run_full
gimp_plug_in_get_proc_frame=0x563b29aa9b20:  set ignore_undos=0
script-fu-Warning: BLINDS_CASE_DONE=LA-9x8-a15-s3-o0-t2

gimp_plug_in_manager_call_run_full
gimp_plug_in_get_proc_frame=0x563b29aa9b20:  set ignore_undos=0
push_undo: GimpLayerUndo=55
script-fu-Warning: BLINDS_CASE_START=LA-9x8-a67-s7-o0-t0

gimp_plug_in_manager_call_run_full
gimp_plug_in_get_proc_frame=0x563b29aa9b20:  set ignore_undos=0
push_undo: GimpDrawableUndo=47
script-fu-Warning: BLINDS_PDB_DONE=LA-9x8-a67-s7-o0-t0

gimp_plug_in_manager_call_run_full
gimp_plug_in_get_proc_frame=0x563b29aa9b20:  set ignore_undos=0
script-fu-Warning: BLINDS_CASE_DONE=LA-9x8-a67-s7-o0-t0

gimp_plug_in_manager_call_run_full
gimp_plug_in_get_proc_frame=0x563b29aa9b20:  set ignore_undos=0
push_undo: GimpLayerUndo=55
script-fu-Warning: BLINDS_CASE_START=LA-9x8-a67-s7-o0-t1

gimp_plug_in_manager_call_run_full
gimp_plug_in_get_proc_frame=0x563b29aa9b20:  set ignore_undos=0
push_undo: GimpDrawableUndo=47
script-fu-Warning: BLINDS_PDB_DONE=LA-9x8-a67-s7-o0-t1

gimp_plug_in_manager_call_run_full
gimp_plug_in_get_proc_frame=0x563b29aa9b20:  set ignore_undos=0
script-fu-Warning: BLINDS_CASE_DONE=LA-9x8-a67-s7-o0-t1

gimp_plug_in_manager_call_run_full
gimp_plug_in_get_proc_frame=0x563b29aa9b20:  set ignore_undos=0
push_undo: GimpLayerUndo=55
script-fu-Warning: BLINDS_CASE_START=LA-9x8-a67-s7-o0-t-1

gimp_plug_in_manager_call_run_full
gimp_plug_in_get_proc_frame=0x563b29aa9b20:  set ignore_undos=0
push_undo: GimpDrawableUndo=47
script-fu-Warning: BLINDS_PDB_DONE=LA-9x8-a67-s7-o0-t-1

gimp_plug_in_manager_call_run_full
gimp_plug_in_get_proc_frame=0x563b29aa9b20:  set ignore_undos=0
script-fu-Warning: BLINDS_CASE_DONE=LA-9x8-a67-s7-o0-t-1

gimp_plug_in_manager_call_run_full
gimp_plug_in_get_proc_frame=0x563b29aa9b20:  set ignore_undos=0
push_undo: GimpLayerUndo=55
script-fu-Warning: BLINDS_CASE_START=LA-9x8-a67-s7-o0-t2

gimp_plug_in_manager_call_run_full
gimp_plug_in_get_proc_frame=0x563b29aa9b20:  set ignore_undos=0
push_undo: GimpDrawableUndo=47
script-fu-Warning: BLINDS_PDB_DONE=LA-9x8-a67-s7-o0-t2

gimp_plug_in_manager_call_run_full
gimp_plug_in_get_proc_frame=0x563b29aa9b20:  set ignore_undos=0
script-fu-Warning: BLINDS_CASE_DONE=LA-9x8-a67-s7-o0-t2

gimp_plug_in_manager_call_run_full
gimp_plug_in_get_proc_frame=0x563b29aa9b20:  set ignore_undos=0
push_undo: GimpLayerUndo=55
script-fu-Warning: BLINDS_CASE_START=LA-9x8-a90-s100-o0-t0

gimp_plug_in_manager_call_run_full
gimp_plug_in_get_proc_frame=0x563b29aa9b20:  set ignore_undos=0
push_undo: GimpDrawableUndo=47
script-fu-Warning: BLINDS_PDB_DONE=LA-9x8-a90-s100-o0-t0

gimp_plug_in_manager_call_run_full
gimp_plug_in_get_proc_frame=0x563b29aa9b20:  set ignore_undos=0
script-fu-Warning: BLINDS_CASE_DONE=LA-9x8-a90-s100-o0-t0

gimp_plug_in_manager_call_run_full
gimp_plug_in_get_proc_frame=0x563b29aa9b20:  set ignore_undos=0
push_undo: GimpLayerUndo=55
script-fu-Warning: BLINDS_CASE_START=LA-9x8-a90-s100-o0-t1

gimp_plug_in_manager_call_run_full
gimp_plug_in_get_proc_frame=0x563b29aa9b20:  set ignore_undos=0
push_undo: GimpDrawableUndo=47
script-fu-Warning: BLINDS_PDB_DONE=LA-9x8-a90-s100-o0-t1

gimp_plug_in_manager_call_run_full
gimp_plug_in_get_proc_frame=0x563b29aa9b20:  set ignore_undos=0
script-fu-Warning: BLINDS_CASE_DONE=LA-9x8-a90-s100-o0-t1

gimp_plug_in_manager_call_run_full
gimp_plug_in_get_proc_frame=0x563b29aa9b20:  set ignore_undos=0
push_undo: GimpLayerUndo=55
script-fu-Warning: BLINDS_CASE_START=LA-9x8-a90-s100-o0-t-1

gimp_plug_in_manager_call_run_full
gimp_plug_in_get_proc_frame=0x563b29aa9b20:  set ignore_undos=0
push_undo: GimpDrawableUndo=47
script-fu-Warning: BLINDS_PDB_DONE=LA-9x8-a90-s100-o0-t-1

gimp_plug_in_manager_call_run_full
gimp_plug_in_get_proc_frame=0x563b29aa9b20:  set ignore_undos=0
script-fu-Warning: BLINDS_CASE_DONE=LA-9x8-a90-s100-o0-t-1

gimp_plug_in_manager_call_run_full
gimp_plug_in_get_proc_frame=0x563b29aa9b20:  set ignore_undos=0
push_undo: GimpLayerUndo=55
script-fu-Warning: BLINDS_CASE_START=LA-9x8-a90-s100-o0-t2

gimp_plug_in_manager_call_run_full
gimp_plug_in_get_proc_frame=0x563b29aa9b20:  set ignore_undos=0
push_undo: GimpDrawableUndo=47
script-fu-Warning: BLINDS_PDB_DONE=LA-9x8-a90-s100-o0-t2

gimp_plug_in_manager_call_run_full
gimp_plug_in_get_proc_frame=0x563b29aa9b20:  set ignore_undos=0
script-fu-Warning: BLINDS_CASE_DONE=LA-9x8-a90-s100-o0-t2

gimp_plug_in_manager_call_run_full
gimp_plug_in_get_proc_frame=0x563b29aa9b20:  set ignore_undos=0
push_undo: GimpLayerUndo=55
script-fu-Warning: BLINDS_CASE_START=LA-9x8-a0-s1-o1-t0

gimp_plug_in_manager_call_run_full
gimp_plug_in_get_proc_frame=0x563b29aa9b20:  set ignore_undos=0
push_undo: GimpDrawableUndo=47
script-fu-Warning: BLINDS_PDB_DONE=LA-9x8-a0-s1-o1-t0

gimp_plug_in_manager_call_run_full
gimp_plug_in_get_proc_frame=0x563b29aa9b20:  set ignore_undos=0
script-fu-Warning: BLINDS_CASE_DONE=LA-9x8-a0-s1-o1-t0

gimp_plug_in_manager_call_run_full
gimp_plug_in_get_proc_frame=0x563b29aa9b20:  set ignore_undos=0
push_undo: GimpLayerUndo=55
script-fu-Warning: BLINDS_CASE_START=LA-9x8-a0-s1-o1-t1

gimp_plug_in_manager_call_run_full
gimp_plug_in_get_proc_frame=0x563b29aa9b20:  set ignore_undos=0
push_undo: GimpDrawableUndo=47
script-fu-Warning: BLINDS_PDB_DONE=LA-9x8-a0-s1-o1-t1

gimp_plug_in_manager_call_run_full
gimp_plug_in_get_proc_frame=0x563b29aa9b20:  set ignore_undos=0
script-fu-Warning: BLINDS_CASE_DONE=LA-9x8-a0-s1-o1-t1

gimp_plug_in_manager_call_run_full
gimp_plug_in_get_proc_frame=0x563b29aa9b20:  set ignore_undos=0
push_undo: GimpLayerUndo=55
script-fu-Warning: BLINDS_CASE_START=LA-9x8-a0-s1-o1-t-1

gimp_plug_in_manager_call_run_full
gimp_plug_in_get_proc_frame=0x563b29aa9b20:  set ignore_undos=0
push_undo: GimpDrawableUndo=47
script-fu-Warning: BLINDS_PDB_DONE=LA-9x8-a0-s1-o1-t-1

gimp_plug_in_manager_call_run_full
gimp_plug_in_get_proc_frame=0x563b29aa9b20:  set ignore_undos=0
script-fu-Warning: BLINDS_CASE_DONE=LA-9x8-a0-s1-o1-t-1

gimp_plug_in_manager_call_run_full
gimp_plug_in_get_proc_frame=0x563b29aa9b20:  set ignore_undos=0
push_undo: GimpLayerUndo=55
script-fu-Warning: BLINDS_CASE_START=LA-9x8-a0-s1-o1-t2

gimp_plug_in_manager_call_run_full
gimp_plug_in_get_proc_frame=0x563b29aa9b20:  set ignore_undos=0
push_undo: GimpDrawableUndo=47
script-fu-Warning: BLINDS_PDB_DONE=LA-9x8-a0-s1-o1-t2

gimp_plug_in_manager_call_run_full
gimp_plug_in_get_proc_frame=0x563b29aa9b20:  set ignore_undos=0
script-fu-Warning: BLINDS_CASE_DONE=LA-9x8-a0-s1-o1-t2

gimp_plug_in_manager_call_run_full
gimp_plug_in_get_proc_frame=0x563b29aa9b20:  set ignore_undos=0
push_undo: GimpLayerUndo=55
script-fu-Warning: BLINDS_CASE_START=LA-9x8-a15-s3-o1-t0

gimp_plug_in_manager_call_run_full
gimp_plug_in_get_proc_frame=0x563b29aa9b20:  set ignore_undos=0
push_undo: GimpDrawableUndo=47
script-fu-Warning: BLINDS_PDB_DONE=LA-9x8-a15-s3-o1-t0

gimp_plug_in_manager_call_run_full
gimp_plug_in_get_proc_frame=0x563b29aa9b20:  set ignore_undos=0
script-fu-Warning: BLINDS_CASE_DONE=LA-9x8-a15-s3-o1-t0

gimp_plug_in_manager_call_run_full
gimp_plug_in_get_proc_frame=0x563b29aa9b20:  set ignore_undos=0
push_undo: GimpLayerUndo=55
script-fu-Warning: BLINDS_CASE_START=LA-9x8-a15-s3-o1-t1

gimp_plug_in_manager_call_run_full
gimp_plug_in_get_proc_frame=0x563b29aa9b20:  set ignore_undos=0
push_undo: GimpDrawableUndo=47
script-fu-Warning: BLINDS_PDB_DONE=LA-9x8-a15-s3-o1-t1

gimp_plug_in_manager_call_run_full
gimp_plug_in_get_proc_frame=0x563b29aa9b20:  set ignore_undos=0
script-fu-Warning: BLINDS_CASE_DONE=LA-9x8-a15-s3-o1-t1

gimp_plug_in_manager_call_run_full
gimp_plug_in_get_proc_frame=0x563b29aa9b20:  set ignore_undos=0
push_undo: GimpLayerUndo=55
script-fu-Warning: BLINDS_CASE_START=LA-9x8-a15-s3-o1-t-1

gimp_plug_in_manager_call_run_full
gimp_plug_in_get_proc_frame=0x563b29aa9b20:  set ignore_undos=0
push_undo: GimpDrawableUndo=47
script-fu-Warning: BLINDS_PDB_DONE=LA-9x8-a15-s3-o1-t-1

gimp_plug_in_manager_call_run_full
gimp_plug_in_get_proc_frame=0x563b29aa9b20:  set ignore_undos=0
script-fu-Warning: BLINDS_CASE_DONE=LA-9x8-a15-s3-o1-t-1

gimp_plug_in_manager_call_run_full
gimp_plug_in_get_proc_frame=0x563b29aa9b20:  set ignore_undos=0
push_undo: GimpLayerUndo=55
script-fu-Warning: BLINDS_CASE_START=LA-9x8-a15-s3-o1-t2

gimp_plug_in_manager_call_run_full
gimp_plug_in_get_proc_frame=0x563b29aa9b20:  set ignore_undos=0
push_undo: GimpDrawableUndo=47
script-fu-Warning: BLINDS_PDB_DONE=LA-9x8-a15-s3-o1-t2

gimp_plug_in_manager_call_run_full
gimp_plug_in_get_proc_frame=0x563b29aa9b20:  set ignore_undos=0
script-fu-Warning: BLINDS_CASE_DONE=LA-9x8-a15-s3-o1-t2

gimp_plug_in_manager_call_run_full
gimp_plug_in_get_proc_frame=0x563b29aa9b20:  set ignore_undos=0
push_undo: GimpLayerUndo=55
script-fu-Warning: BLINDS_CASE_START=LA-9x8-a67-s7-o1-t0

gimp_plug_in_manager_call_run_full
gimp_plug_in_get_proc_frame=0x563b29aa9b20:  set ignore_undos=0
push_undo: GimpDrawableUndo=47
script-fu-Warning: BLINDS_PDB_DONE=LA-9x8-a67-s7-o1-t0

gimp_plug_in_manager_call_run_full
gimp_plug_in_get_proc_frame=0x563b29aa9b20:  set ignore_undos=0
script-fu-Warning: BLINDS_CASE_DONE=LA-9x8-a67-s7-o1-t0

gimp_plug_in_manager_call_run_full
gimp_plug_in_get_proc_frame=0x563b29aa9b20:  set ignore_undos=0
push_undo: GimpLayerUndo=55
script-fu-Warning: BLINDS_CASE_START=LA-9x8-a67-s7-o1-t1

gimp_plug_in_manager_call_run_full
gimp_plug_in_get_proc_frame=0x563b29aa9b20:  set ignore_undos=0
push_undo: GimpDrawableUndo=47
script-fu-Warning: BLINDS_PDB_DONE=LA-9x8-a67-s7-o1-t1

gimp_plug_in_manager_call_run_full
gimp_plug_in_get_proc_frame=0x563b29aa9b20:  set ignore_undos=0
script-fu-Warning: BLINDS_CASE_DONE=LA-9x8-a67-s7-o1-t1

gimp_plug_in_manager_call_run_full
gimp_plug_in_get_proc_frame=0x563b29aa9b20:  set ignore_undos=0
push_undo: GimpLayerUndo=55
script-fu-Warning: BLINDS_CASE_START=LA-9x8-a67-s7-o1-t-1

gimp_plug_in_manager_call_run_full
gimp_plug_in_get_proc_frame=0x563b29aa9b20:  set ignore_undos=0
push_undo: GimpDrawableUndo=47
script-fu-Warning: BLINDS_PDB_DONE=LA-9x8-a67-s7-o1-t-1

gimp_plug_in_manager_call_run_full
gimp_plug_in_get_proc_frame=0x563b29aa9b20:  set ignore_undos=0
script-fu-Warning: BLINDS_CASE_DONE=LA-9x8-a67-s7-o1-t-1

gimp_plug_in_manager_call_run_full
gimp_plug_in_get_proc_frame=0x563b29aa9b20:  set ignore_undos=0
push_undo: GimpLayerUndo=55
script-fu-Warning: BLINDS_CASE_START=LA-9x8-a67-s7-o1-t2

gimp_plug_in_manager_call_run_full
gimp_plug_in_get_proc_frame=0x563b29aa9b20:  set ignore_undos=0
push_undo: GimpDrawableUndo=47
script-fu-Warning: BLINDS_PDB_DONE=LA-9x8-a67-s7-o1-t2

gimp_plug_in_manager_call_run_full
gimp_plug_in_get_proc_frame=0x563b29aa9b20:  set ignore_undos=0
script-fu-Warning: BLINDS_CASE_DONE=LA-9x8-a67-s7-o1-t2

gimp_plug_in_manager_call_run_full
gimp_plug_in_get_proc_frame=0x563b29aa9b20:  set ignore_undos=0
push_undo: GimpLayerUndo=55
script-fu-Warning: BLINDS_CASE_START=LA-9x8-a90-s100-o1-t0

gimp_plug_in_manager_call_run_full
gimp_plug_in_get_proc_frame=0x563b29aa9b20:  set ignore_undos=0
push_undo: GimpDrawableUndo=47
script-fu-Warning: BLINDS_PDB_DONE=LA-9x8-a90-s100-o1-t0

gimp_plug_in_manager_call_run_full
gimp_plug_in_get_proc_frame=0x563b29aa9b20:  set ignore_undos=0
script-fu-Warning: BLINDS_CASE_DONE=LA-9x8-a90-s100-o1-t0

gimp_plug_in_manager_call_run_full
gimp_plug_in_get_proc_frame=0x563b29aa9b20:  set ignore_undos=0
push_undo: GimpLayerUndo=55
script-fu-Warning: BLINDS_CASE_START=LA-9x8-a90-s100-o1-t1

gimp_plug_in_manager_call_run_full
gimp_plug_in_get_proc_frame=0x563b29aa9b20:  set ignore_undos=0
push_undo: GimpDrawableUndo=47
script-fu-Warning: BLINDS_PDB_DONE=LA-9x8-a90-s100-o1-t1

gimp_plug_in_manager_call_run_full
gimp_plug_in_get_proc_frame=0x563b29aa9b20:  set ignore_undos=0
script-fu-Warning: BLINDS_CASE_DONE=LA-9x8-a90-s100-o1-t1

gimp_plug_in_manager_call_run_full
gimp_plug_in_get_proc_frame=0x563b29aa9b20:  set ignore_undos=0
push_undo: GimpLayerUndo=55
script-fu-Warning: BLINDS_CASE_START=LA-9x8-a90-s100-o1-t-1

gimp_plug_in_manager_call_run_full
gimp_plug_in_get_proc_frame=0x563b29aa9b20:  set ignore_undos=0
push_undo: GimpDrawableUndo=47
script-fu-Warning: BLINDS_PDB_DONE=LA-9x8-a90-s100-o1-t-1

gimp_plug_in_manager_call_run_full
gimp_plug_in_get_proc_frame=0x563b29aa9b20:  set ignore_undos=0
script-fu-Warning: BLINDS_CASE_DONE=LA-9x8-a90-s100-o1-t-1

gimp_plug_in_manager_call_run_full
gimp_plug_in_get_proc_frame=0x563b29aa9b20:  set ignore_undos=0
push_undo: GimpLayerUndo=55
script-fu-Warning: BLINDS_CASE_START=LA-9x8-a90-s100-o1-t2

gimp_plug_in_manager_call_run_full
gimp_plug_in_get_proc_frame=0x563b29aa9b20:  set ignore_undos=0
push_undo: GimpDrawableUndo=47
script-fu-Warning: BLINDS_PDB_DONE=LA-9x8-a90-s100-o1-t2

gimp_plug_in_manager_call_run_full
gimp_plug_in_get_proc_frame=0x563b29aa9b20:  set ignore_undos=0
script-fu-Warning: BLINDS_CASE_DONE=LA-9x8-a90-s100-o1-t2

gimp_plug_in_manager_call_run_full
gimp_plug_in_get_proc_frame=0x563b29aa9b20:  set ignore_undos=0
push_undo: GimpLayerUndo=55
gimp_plug_in_manager_call_run_full
gimp_plug_in_get_proc_frame=0x563b29aa9b20:  set ignore_undos=0
script-fu-Warning: BLINDS_INPUT_LOADED=LA-67x66

gimp_plug_in_manager_call_run_full
gimp_plug_in_get_proc_frame=0x563b29aa9b20:  set ignore_undos=0
push_undo: GimpLayerUndo=55
script-fu-Warning: BLINDS_CASE_START=LA-67x66-a0-s1-o0-t0

gimp_plug_in_manager_call_run_full
gimp_plug_in_get_proc_frame=0x563b29aa9b20:  set ignore_undos=0
push_undo: GimpDrawableUndo=47
script-fu-Warning: BLINDS_PDB_DONE=LA-67x66-a0-s1-o0-t0

gimp_plug_in_manager_call_run_full
gimp_plug_in_get_proc_frame=0x563b29aa9b20:  set ignore_undos=0
script-fu-Warning: BLINDS_CASE_DONE=LA-67x66-a0-s1-o0-t0

gimp_plug_in_manager_call_run_full
gimp_plug_in_get_proc_frame=0x563b29aa9b20:  set ignore_undos=0
push_undo: GimpLayerUndo=55
script-fu-Warning: BLINDS_CASE_START=LA-67x66-a0-s1-o0-t1

gimp_plug_in_manager_call_run_full
gimp_plug_in_get_proc_frame=0x563b29aa9b20:  set ignore_undos=0
push_undo: GimpDrawableUndo=47
script-fu-Warning: BLINDS_PDB_DONE=LA-67x66-a0-s1-o0-t1

gimp_plug_in_manager_call_run_full
gimp_plug_in_get_proc_frame=0x563b29aa9b20:  set ignore_undos=0
script-fu-Warning: BLINDS_CASE_DONE=LA-67x66-a0-s1-o0-t1

gimp_plug_in_manager_call_run_full
gimp_plug_in_get_proc_frame=0x563b29aa9b20:  set ignore_undos=0
push_undo: GimpLayerUndo=55
script-fu-Warning: BLINDS_CASE_START=LA-67x66-a0-s1-o0-t-1

gimp_plug_in_manager_call_run_full
gimp_plug_in_get_proc_frame=0x563b29aa9b20:  set ignore_undos=0
push_undo: GimpDrawableUndo=47
script-fu-Warning: BLINDS_PDB_DONE=LA-67x66-a0-s1-o0-t-1

gimp_plug_in_manager_call_run_full
gimp_plug_in_get_proc_frame=0x563b29aa9b20:  set ignore_undos=0
script-fu-Warning: BLINDS_CASE_DONE=LA-67x66-a0-s1-o0-t-1

gimp_plug_in_manager_call_run_full
gimp_plug_in_get_proc_frame=0x563b29aa9b20:  set ignore_undos=0
push_undo: GimpLayerUndo=55
script-fu-Warning: BLINDS_CASE_START=LA-67x66-a0-s1-o0-t2

gimp_plug_in_manager_call_run_full
gimp_plug_in_get_proc_frame=0x563b29aa9b20:  set ignore_undos=0
push_undo: GimpDrawableUndo=47
script-fu-Warning: BLINDS_PDB_DONE=LA-67x66-a0-s1-o0-t2

gimp_plug_in_manager_call_run_full
gimp_plug_in_get_proc_frame=0x563b29aa9b20:  set ignore_undos=0
script-fu-Warning: BLINDS_CASE_DONE=LA-67x66-a0-s1-o0-t2

gimp_plug_in_manager_call_run_full
gimp_plug_in_get_proc_frame=0x563b29aa9b20:  set ignore_undos=0
push_undo: GimpLayerUndo=55
script-fu-Warning: BLINDS_CASE_START=LA-67x66-a15-s3-o0-t0

gimp_plug_in_manager_call_run_full
gimp_plug_in_get_proc_frame=0x563b29aa9b20:  set ignore_undos=0
push_undo: GimpDrawableUndo=47
script-fu-Warning: BLINDS_PDB_DONE=LA-67x66-a15-s3-o0-t0

gimp_plug_in_manager_call_run_full
gimp_plug_in_get_proc_frame=0x563b29aa9b20:  set ignore_undos=0
script-fu-Warning: BLINDS_CASE_DONE=LA-67x66-a15-s3-o0-t0

gimp_plug_in_manager_call_run_full
gimp_plug_in_get_proc_frame=0x563b29aa9b20:  set ignore_undos=0
push_undo: GimpLayerUndo=55
script-fu-Warning: BLINDS_CASE_START=LA-67x66-a15-s3-o0-t1

gimp_plug_in_manager_call_run_full
gimp_plug_in_get_proc_frame=0x563b29aa9b20:  set ignore_undos=0
push_undo: GimpDrawableUndo=47
script-fu-Warning: BLINDS_PDB_DONE=LA-67x66-a15-s3-o0-t1

gimp_plug_in_manager_call_run_full
gimp_plug_in_get_proc_frame=0x563b29aa9b20:  set ignore_undos=0
script-fu-Warning: BLINDS_CASE_DONE=LA-67x66-a15-s3-o0-t1

gimp_plug_in_manager_call_run_full
gimp_plug_in_get_proc_frame=0x563b29aa9b20:  set ignore_undos=0
push_undo: GimpLayerUndo=55
script-fu-Warning: BLINDS_CASE_START=LA-67x66-a15-s3-o0-t-1

gimp_plug_in_manager_call_run_full
gimp_plug_in_get_proc_frame=0x563b29aa9b20:  set ignore_undos=0
push_undo: GimpDrawableUndo=47
script-fu-Warning: BLINDS_PDB_DONE=LA-67x66-a15-s3-o0-t-1

gimp_plug_in_manager_call_run_full
gimp_plug_in_get_proc_frame=0x563b29aa9b20:  set ignore_undos=0
script-fu-Warning: BLINDS_CASE_DONE=LA-67x66-a15-s3-o0-t-1

gimp_plug_in_manager_call_run_full
gimp_plug_in_get_proc_frame=0x563b29aa9b20:  set ignore_undos=0
push_undo: GimpLayerUndo=55
script-fu-Warning: BLINDS_CASE_START=LA-67x66-a15-s3-o0-t2

gimp_plug_in_manager_call_run_full
gimp_plug_in_get_proc_frame=0x563b29aa9b20:  set ignore_undos=0
push_undo: GimpDrawableUndo=47
script-fu-Warning: BLINDS_PDB_DONE=LA-67x66-a15-s3-o0-t2

gimp_plug_in_manager_call_run_full
gimp_plug_in_get_proc_frame=0x563b29aa9b20:  set ignore_undos=0
script-fu-Warning: BLINDS_CASE_DONE=LA-67x66-a15-s3-o0-t2

gimp_plug_in_manager_call_run_full
gimp_plug_in_get_proc_frame=0x563b29aa9b20:  set ignore_undos=0
push_undo: GimpLayerUndo=55
script-fu-Warning: BLINDS_CASE_START=LA-67x66-a67-s7-o0-t0

gimp_plug_in_manager_call_run_full
gimp_plug_in_get_proc_frame=0x563b29aa9b20:  set ignore_undos=0
push_undo: GimpDrawableUndo=47
script-fu-Warning: BLINDS_PDB_DONE=LA-67x66-a67-s7-o0-t0

gimp_plug_in_manager_call_run_full
gimp_plug_in_get_proc_frame=0x563b29aa9b20:  set ignore_undos=0
script-fu-Warning: BLINDS_CASE_DONE=LA-67x66-a67-s7-o0-t0

gimp_plug_in_manager_call_run_full
gimp_plug_in_get_proc_frame=0x563b29aa9b20:  set ignore_undos=0
push_undo: GimpLayerUndo=55
script-fu-Warning: BLINDS_CASE_START=LA-67x66-a67-s7-o0-t1

gimp_plug_in_manager_call_run_full
gimp_plug_in_get_proc_frame=0x563b29aa9b20:  set ignore_undos=0
push_undo: GimpDrawableUndo=47
script-fu-Warning: BLINDS_PDB_DONE=LA-67x66-a67-s7-o0-t1

gimp_plug_in_manager_call_run_full
gimp_plug_in_get_proc_frame=0x563b29aa9b20:  set ignore_undos=0
script-fu-Warning: BLINDS_CASE_DONE=LA-67x66-a67-s7-o0-t1

gimp_plug_in_manager_call_run_full
gimp_plug_in_get_proc_frame=0x563b29aa9b20:  set ignore_undos=0
push_undo: GimpLayerUndo=55
script-fu-Warning: BLINDS_CASE_START=LA-67x66-a67-s7-o0-t-1

gimp_plug_in_manager_call_run_full
gimp_plug_in_get_proc_frame=0x563b29aa9b20:  set ignore_undos=0
push_undo: GimpDrawableUndo=47
script-fu-Warning: BLINDS_PDB_DONE=LA-67x66-a67-s7-o0-t-1

gimp_plug_in_manager_call_run_full
gimp_plug_in_get_proc_frame=0x563b29aa9b20:  set ignore_undos=0
script-fu-Warning: BLINDS_CASE_DONE=LA-67x66-a67-s7-o0-t-1

gimp_plug_in_manager_call_run_full
gimp_plug_in_get_proc_frame=0x563b29aa9b20:  set ignore_undos=0
push_undo: GimpLayerUndo=55
script-fu-Warning: BLINDS_CASE_START=LA-67x66-a67-s7-o0-t2

gimp_plug_in_manager_call_run_full
gimp_plug_in_get_proc_frame=0x563b29aa9b20:  set ignore_undos=0
push_undo: GimpDrawableUndo=47
script-fu-Warning: BLINDS_PDB_DONE=LA-67x66-a67-s7-o0-t2

gimp_plug_in_manager_call_run_full
gimp_plug_in_get_proc_frame=0x563b29aa9b20:  set ignore_undos=0
script-fu-Warning: BLINDS_CASE_DONE=LA-67x66-a67-s7-o0-t2

gimp_plug_in_manager_call_run_full
gimp_plug_in_get_proc_frame=0x563b29aa9b20:  set ignore_undos=0
push_undo: GimpLayerUndo=55
script-fu-Warning: BLINDS_CASE_START=LA-67x66-a90-s100-o0-t0

gimp_plug_in_manager_call_run_full
gimp_plug_in_get_proc_frame=0x563b29aa9b20:  set ignore_undos=0
push_undo: GimpDrawableUndo=47
script-fu-Warning: BLINDS_PDB_DONE=LA-67x66-a90-s100-o0-t0

gimp_plug_in_manager_call_run_full
gimp_plug_in_get_proc_frame=0x563b29aa9b20:  set ignore_undos=0
script-fu-Warning: BLINDS_CASE_DONE=LA-67x66-a90-s100-o0-t0

gimp_plug_in_manager_call_run_full
gimp_plug_in_get_proc_frame=0x563b29aa9b20:  set ignore_undos=0
push_undo: GimpLayerUndo=55
script-fu-Warning: BLINDS_CASE_START=LA-67x66-a90-s100-o0-t1

gimp_plug_in_manager_call_run_full
gimp_plug_in_get_proc_frame=0x563b29aa9b20:  set ignore_undos=0
push_undo: GimpDrawableUndo=47
script-fu-Warning: BLINDS_PDB_DONE=LA-67x66-a90-s100-o0-t1

gimp_plug_in_manager_call_run_full
gimp_plug_in_get_proc_frame=0x563b29aa9b20:  set ignore_undos=0
script-fu-Warning: BLINDS_CASE_DONE=LA-67x66-a90-s100-o0-t1

gimp_plug_in_manager_call_run_full
gimp_plug_in_get_proc_frame=0x563b29aa9b20:  set ignore_undos=0
push_undo: GimpLayerUndo=55
script-fu-Warning: BLINDS_CASE_START=LA-67x66-a90-s100-o0-t-1

gimp_plug_in_manager_call_run_full
gimp_plug_in_get_proc_frame=0x563b29aa9b20:  set ignore_undos=0
push_undo: GimpDrawableUndo=47
script-fu-Warning: BLINDS_PDB_DONE=LA-67x66-a90-s100-o0-t-1

gimp_plug_in_manager_call_run_full
gimp_plug_in_get_proc_frame=0x563b29aa9b20:  set ignore_undos=0
script-fu-Warning: BLINDS_CASE_DONE=LA-67x66-a90-s100-o0-t-1

gimp_plug_in_manager_call_run_full
gimp_plug_in_get_proc_frame=0x563b29aa9b20:  set ignore_undos=0
push_undo: GimpLayerUndo=55
script-fu-Warning: BLINDS_CASE_START=LA-67x66-a90-s100-o0-t2

gimp_plug_in_manager_call_run_full
gimp_plug_in_get_proc_frame=0x563b29aa9b20:  set ignore_undos=0
push_undo: GimpDrawableUndo=47
script-fu-Warning: BLINDS_PDB_DONE=LA-67x66-a90-s100-o0-t2

gimp_plug_in_manager_call_run_full
gimp_plug_in_get_proc_frame=0x563b29aa9b20:  set ignore_undos=0
script-fu-Warning: BLINDS_CASE_DONE=LA-67x66-a90-s100-o0-t2

gimp_plug_in_manager_call_run_full
gimp_plug_in_get_proc_frame=0x563b29aa9b20:  set ignore_undos=0
push_undo: GimpLayerUndo=55
script-fu-Warning: BLINDS_CASE_START=LA-67x66-a0-s1-o1-t0

gimp_plug_in_manager_call_run_full
gimp_plug_in_get_proc_frame=0x563b29aa9b20:  set ignore_undos=0
push_undo: GimpDrawableUndo=47
script-fu-Warning: BLINDS_PDB_DONE=LA-67x66-a0-s1-o1-t0

gimp_plug_in_manager_call_run_full
gimp_plug_in_get_proc_frame=0x563b29aa9b20:  set ignore_undos=0
script-fu-Warning: BLINDS_CASE_DONE=LA-67x66-a0-s1-o1-t0

gimp_plug_in_manager_call_run_full
gimp_plug_in_get_proc_frame=0x563b29aa9b20:  set ignore_undos=0
push_undo: GimpLayerUndo=55
script-fu-Warning: BLINDS_CASE_START=LA-67x66-a0-s1-o1-t1

gimp_plug_in_manager_call_run_full
gimp_plug_in_get_proc_frame=0x563b29aa9b20:  set ignore_undos=0
push_undo: GimpDrawableUndo=47
script-fu-Warning: BLINDS_PDB_DONE=LA-67x66-a0-s1-o1-t1

gimp_plug_in_manager_call_run_full
gimp_plug_in_get_proc_frame=0x563b29aa9b20:  set ignore_undos=0
script-fu-Warning: BLINDS_CASE_DONE=LA-67x66-a0-s1-o1-t1

gimp_plug_in_manager_call_run_full
gimp_plug_in_get_proc_frame=0x563b29aa9b20:  set ignore_undos=0
push_undo: GimpLayerUndo=55
script-fu-Warning: BLINDS_CASE_START=LA-67x66-a0-s1-o1-t-1

gimp_plug_in_manager_call_run_full
gimp_plug_in_get_proc_frame=0x563b29aa9b20:  set ignore_undos=0
push_undo: GimpDrawableUndo=47
script-fu-Warning: BLINDS_PDB_DONE=LA-67x66-a0-s1-o1-t-1

gimp_plug_in_manager_call_run_full
gimp_plug_in_get_proc_frame=0x563b29aa9b20:  set ignore_undos=0
script-fu-Warning: BLINDS_CASE_DONE=LA-67x66-a0-s1-o1-t-1

gimp_plug_in_manager_call_run_full
gimp_plug_in_get_proc_frame=0x563b29aa9b20:  set ignore_undos=0
push_undo: GimpLayerUndo=55
script-fu-Warning: BLINDS_CASE_START=LA-67x66-a0-s1-o1-t2

gimp_plug_in_manager_call_run_full
gimp_plug_in_get_proc_frame=0x563b29aa9b20:  set ignore_undos=0
push_undo: GimpDrawableUndo=47
script-fu-Warning: BLINDS_PDB_DONE=LA-67x66-a0-s1-o1-t2

gimp_plug_in_manager_call_run_full
gimp_plug_in_get_proc_frame=0x563b29aa9b20:  set ignore_undos=0
script-fu-Warning: BLINDS_CASE_DONE=LA-67x66-a0-s1-o1-t2

gimp_plug_in_manager_call_run_full
gimp_plug_in_get_proc_frame=0x563b29aa9b20:  set ignore_undos=0
push_undo: GimpLayerUndo=55
script-fu-Warning: BLINDS_CASE_START=LA-67x66-a15-s3-o1-t0

gimp_plug_in_manager_call_run_full
gimp_plug_in_get_proc_frame=0x563b29aa9b20:  set ignore_undos=0
push_undo: GimpDrawableUndo=47
script-fu-Warning: BLINDS_PDB_DONE=LA-67x66-a15-s3-o1-t0

gimp_plug_in_manager_call_run_full
gimp_plug_in_get_proc_frame=0x563b29aa9b20:  set ignore_undos=0
script-fu-Warning: BLINDS_CASE_DONE=LA-67x66-a15-s3-o1-t0

gimp_plug_in_manager_call_run_full
gimp_plug_in_get_proc_frame=0x563b29aa9b20:  set ignore_undos=0
push_undo: GimpLayerUndo=55
script-fu-Warning: BLINDS_CASE_START=LA-67x66-a15-s3-o1-t1

gimp_plug_in_manager_call_run_full
gimp_plug_in_get_proc_frame=0x563b29aa9b20:  set ignore_undos=0
push_undo: GimpDrawableUndo=47
script-fu-Warning: BLINDS_PDB_DONE=LA-67x66-a15-s3-o1-t1

gimp_plug_in_manager_call_run_full
gimp_plug_in_get_proc_frame=0x563b29aa9b20:  set ignore_undos=0
script-fu-Warning: BLINDS_CASE_DONE=LA-67x66-a15-s3-o1-t1

gimp_plug_in_manager_call_run_full
gimp_plug_in_get_proc_frame=0x563b29aa9b20:  set ignore_undos=0
push_undo: GimpLayerUndo=55
script-fu-Warning: BLINDS_CASE_START=LA-67x66-a15-s3-o1-t-1

gimp_plug_in_manager_call_run_full
gimp_plug_in_get_proc_frame=0x563b29aa9b20:  set ignore_undos=0
push_undo: GimpDrawableUndo=47
script-fu-Warning: BLINDS_PDB_DONE=LA-67x66-a15-s3-o1-t-1

gimp_plug_in_manager_call_run_full
gimp_plug_in_get_proc_frame=0x563b29aa9b20:  set ignore_undos=0
script-fu-Warning: BLINDS_CASE_DONE=LA-67x66-a15-s3-o1-t-1

gimp_plug_in_manager_call_run_full
gimp_plug_in_get_proc_frame=0x563b29aa9b20:  set ignore_undos=0
push_undo: GimpLayerUndo=55
script-fu-Warning: BLINDS_CASE_START=LA-67x66-a15-s3-o1-t2

gimp_plug_in_manager_call_run_full
gimp_plug_in_get_proc_frame=0x563b29aa9b20:  set ignore_undos=0
push_undo: GimpDrawableUndo=47
script-fu-Warning: BLINDS_PDB_DONE=LA-67x66-a15-s3-o1-t2

gimp_plug_in_manager_call_run_full
gimp_plug_in_get_proc_frame=0x563b29aa9b20:  set ignore_undos=0
script-fu-Warning: BLINDS_CASE_DONE=LA-67x66-a15-s3-o1-t2

gimp_plug_in_manager_call_run_full
gimp_plug_in_get_proc_frame=0x563b29aa9b20:  set ignore_undos=0
push_undo: GimpLayerUndo=55
script-fu-Warning: BLINDS_CASE_START=LA-67x66-a67-s7-o1-t0

gimp_plug_in_manager_call_run_full
gimp_plug_in_get_proc_frame=0x563b29aa9b20:  set ignore_undos=0
push_undo: GimpDrawableUndo=47
script-fu-Warning: BLINDS_PDB_DONE=LA-67x66-a67-s7-o1-t0

gimp_plug_in_manager_call_run_full
gimp_plug_in_get_proc_frame=0x563b29aa9b20:  set ignore_undos=0
script-fu-Warning: BLINDS_CASE_DONE=LA-67x66-a67-s7-o1-t0

gimp_plug_in_manager_call_run_full
gimp_plug_in_get_proc_frame=0x563b29aa9b20:  set ignore_undos=0
push_undo: GimpLayerUndo=55
script-fu-Warning: BLINDS_CASE_START=LA-67x66-a67-s7-o1-t1

gimp_plug_in_manager_call_run_full
gimp_plug_in_get_proc_frame=0x563b29aa9b20:  set ignore_undos=0
push_undo: GimpDrawableUndo=47
script-fu-Warning: BLINDS_PDB_DONE=LA-67x66-a67-s7-o1-t1

gimp_plug_in_manager_call_run_full
gimp_plug_in_get_proc_frame=0x563b29aa9b20:  set ignore_undos=0
script-fu-Warning: BLINDS_CASE_DONE=LA-67x66-a67-s7-o1-t1

gimp_plug_in_manager_call_run_full
gimp_plug_in_get_proc_frame=0x563b29aa9b20:  set ignore_undos=0
push_undo: GimpLayerUndo=55
script-fu-Warning: BLINDS_CASE_START=LA-67x66-a67-s7-o1-t-1

gimp_plug_in_manager_call_run_full
gimp_plug_in_get_proc_frame=0x563b29aa9b20:  set ignore_undos=0
push_undo: GimpDrawableUndo=47
script-fu-Warning: BLINDS_PDB_DONE=LA-67x66-a67-s7-o1-t-1

gimp_plug_in_manager_call_run_full
gimp_plug_in_get_proc_frame=0x563b29aa9b20:  set ignore_undos=0
script-fu-Warning: BLINDS_CASE_DONE=LA-67x66-a67-s7-o1-t-1

gimp_plug_in_manager_call_run_full
gimp_plug_in_get_proc_frame=0x563b29aa9b20:  set ignore_undos=0
push_undo: GimpLayerUndo=55
script-fu-Warning: BLINDS_CASE_START=LA-67x66-a67-s7-o1-t2

gimp_plug_in_manager_call_run_full
gimp_plug_in_get_proc_frame=0x563b29aa9b20:  set ignore_undos=0
push_undo: GimpDrawableUndo=47
script-fu-Warning: BLINDS_PDB_DONE=LA-67x66-a67-s7-o1-t2

gimp_plug_in_manager_call_run_full
gimp_plug_in_get_proc_frame=0x563b29aa9b20:  set ignore_undos=0
script-fu-Warning: BLINDS_CASE_DONE=LA-67x66-a67-s7-o1-t2

gimp_plug_in_manager_call_run_full
gimp_plug_in_get_proc_frame=0x563b29aa9b20:  set ignore_undos=0
push_undo: GimpLayerUndo=55
script-fu-Warning: BLINDS_CASE_START=LA-67x66-a90-s100-o1-t0

gimp_plug_in_manager_call_run_full
gimp_plug_in_get_proc_frame=0x563b29aa9b20:  set ignore_undos=0
push_undo: GimpDrawableUndo=47
script-fu-Warning: BLINDS_PDB_DONE=LA-67x66-a90-s100-o1-t0

gimp_plug_in_manager_call_run_full
gimp_plug_in_get_proc_frame=0x563b29aa9b20:  set ignore_undos=0
script-fu-Warning: BLINDS_CASE_DONE=LA-67x66-a90-s100-o1-t0

gimp_plug_in_manager_call_run_full
gimp_plug_in_get_proc_frame=0x563b29aa9b20:  set ignore_undos=0
push_undo: GimpLayerUndo=55
script-fu-Warning: BLINDS_CASE_START=LA-67x66-a90-s100-o1-t1

gimp_plug_in_manager_call_run_full
gimp_plug_in_get_proc_frame=0x563b29aa9b20:  set ignore_undos=0
push_undo: GimpDrawableUndo=47
script-fu-Warning: BLINDS_PDB_DONE=LA-67x66-a90-s100-o1-t1

gimp_plug_in_manager_call_run_full
gimp_plug_in_get_proc_frame=0x563b29aa9b20:  set ignore_undos=0
script-fu-Warning: BLINDS_CASE_DONE=LA-67x66-a90-s100-o1-t1

gimp_plug_in_manager_call_run_full
gimp_plug_in_get_proc_frame=0x563b29aa9b20:  set ignore_undos=0
push_undo: GimpLayerUndo=55
script-fu-Warning: BLINDS_CASE_START=LA-67x66-a90-s100-o1-t-1

gimp_plug_in_manager_call_run_full
gimp_plug_in_get_proc_frame=0x563b29aa9b20:  set ignore_undos=0
push_undo: GimpDrawableUndo=47
script-fu-Warning: BLINDS_PDB_DONE=LA-67x66-a90-s100-o1-t-1

gimp_plug_in_manager_call_run_full
gimp_plug_in_get_proc_frame=0x563b29aa9b20:  set ignore_undos=0
script-fu-Warning: BLINDS_CASE_DONE=LA-67x66-a90-s100-o1-t-1

gimp_plug_in_manager_call_run_full
gimp_plug_in_get_proc_frame=0x563b29aa9b20:  set ignore_undos=0
push_undo: GimpLayerUndo=55
script-fu-Warning: BLINDS_CASE_START=LA-67x66-a90-s100-o1-t2

gimp_plug_in_manager_call_run_full
gimp_plug_in_get_proc_frame=0x563b29aa9b20:  set ignore_undos=0
push_undo: GimpDrawableUndo=47
script-fu-Warning: BLINDS_PDB_DONE=LA-67x66-a90-s100-o1-t2

gimp_plug_in_manager_call_run_full
gimp_plug_in_get_proc_frame=0x563b29aa9b20:  set ignore_undos=0
script-fu-Warning: BLINDS_CASE_DONE=LA-67x66-a90-s100-o1-t2

gimp_plug_in_manager_call_run_full
gimp_plug_in_get_proc_frame=0x563b29aa9b20:  set ignore_undos=0
push_undo: GimpLayerUndo=55
gimp_plug_in_manager_call_run_full
gimp_plug_in_get_proc_frame=0x563b29aa9b20:  set ignore_undos=0
script-fu-Warning: BLINDS_INPUT_LOADED=LA-41x53

gimp_plug_in_manager_call_run_full
gimp_plug_in_get_proc_frame=0x563b29aa9b20:  set ignore_undos=0
push_undo: GimpLayerUndo=55
script-fu-Warning: BLINDS_CASE_START=LA-41x53-a0-s1-o0-t0

gimp_plug_in_manager_call_run_full
gimp_plug_in_get_proc_frame=0x563b29aa9b20:  set ignore_undos=0
push_undo: GimpDrawableUndo=47
script-fu-Warning: BLINDS_PDB_DONE=LA-41x53-a0-s1-o0-t0

gimp_plug_in_manager_call_run_full
gimp_plug_in_get_proc_frame=0x563b29aa9b20:  set ignore_undos=0
script-fu-Warning: BLINDS_CASE_DONE=LA-41x53-a0-s1-o0-t0

gimp_plug_in_manager_call_run_full
gimp_plug_in_get_proc_frame=0x563b29aa9b20:  set ignore_undos=0
push_undo: GimpLayerUndo=55
script-fu-Warning: BLINDS_CASE_START=LA-41x53-a0-s1-o0-t1

gimp_plug_in_manager_call_run_full
gimp_plug_in_get_proc_frame=0x563b29aa9b20:  set ignore_undos=0
push_undo: GimpDrawableUndo=47
script-fu-Warning: BLINDS_PDB_DONE=LA-41x53-a0-s1-o0-t1

gimp_plug_in_manager_call_run_full
gimp_plug_in_get_proc_frame=0x563b29aa9b20:  set ignore_undos=0
script-fu-Warning: BLINDS_CASE_DONE=LA-41x53-a0-s1-o0-t1

gimp_plug_in_manager_call_run_full
gimp_plug_in_get_proc_frame=0x563b29aa9b20:  set ignore_undos=0
push_undo: GimpLayerUndo=55
script-fu-Warning: BLINDS_CASE_START=LA-41x53-a0-s1-o0-t-1

gimp_plug_in_manager_call_run_full
gimp_plug_in_get_proc_frame=0x563b29aa9b20:  set ignore_undos=0
push_undo: GimpDrawableUndo=47
script-fu-Warning: BLINDS_PDB_DONE=LA-41x53-a0-s1-o0-t-1

gimp_plug_in_manager_call_run_full
gimp_plug_in_get_proc_frame=0x563b29aa9b20:  set ignore_undos=0
script-fu-Warning: BLINDS_CASE_DONE=LA-41x53-a0-s1-o0-t-1

gimp_plug_in_manager_call_run_full
gimp_plug_in_get_proc_frame=0x563b29aa9b20:  set ignore_undos=0
push_undo: GimpLayerUndo=55
script-fu-Warning: BLINDS_CASE_START=LA-41x53-a0-s1-o0-t2

gimp_plug_in_manager_call_run_full
gimp_plug_in_get_proc_frame=0x563b29aa9b20:  set ignore_undos=0
push_undo: GimpDrawableUndo=47
script-fu-Warning: BLINDS_PDB_DONE=LA-41x53-a0-s1-o0-t2

gimp_plug_in_manager_call_run_full
gimp_plug_in_get_proc_frame=0x563b29aa9b20:  set ignore_undos=0
script-fu-Warning: BLINDS_CASE_DONE=LA-41x53-a0-s1-o0-t2

gimp_plug_in_manager_call_run_full
gimp_plug_in_get_proc_frame=0x563b29aa9b20:  set ignore_undos=0
push_undo: GimpLayerUndo=55
script-fu-Warning: BLINDS_CASE_START=LA-41x53-a15-s3-o0-t0

gimp_plug_in_manager_call_run_full
gimp_plug_in_get_proc_frame=0x563b29aa9b20:  set ignore_undos=0
push_undo: GimpDrawableUndo=47
script-fu-Warning: BLINDS_PDB_DONE=LA-41x53-a15-s3-o0-t0

gimp_plug_in_manager_call_run_full
gimp_plug_in_get_proc_frame=0x563b29aa9b20:  set ignore_undos=0
script-fu-Warning: BLINDS_CASE_DONE=LA-41x53-a15-s3-o0-t0

gimp_plug_in_manager_call_run_full
gimp_plug_in_get_proc_frame=0x563b29aa9b20:  set ignore_undos=0
push_undo: GimpLayerUndo=55
script-fu-Warning: BLINDS_CASE_START=LA-41x53-a15-s3-o0-t1

gimp_plug_in_manager_call_run_full
gimp_plug_in_get_proc_frame=0x563b29aa9b20:  set ignore_undos=0
push_undo: GimpDrawableUndo=47
script-fu-Warning: BLINDS_PDB_DONE=LA-41x53-a15-s3-o0-t1

gimp_plug_in_manager_call_run_full
gimp_plug_in_get_proc_frame=0x563b29aa9b20:  set ignore_undos=0
script-fu-Warning: BLINDS_CASE_DONE=LA-41x53-a15-s3-o0-t1

gimp_plug_in_manager_call_run_full
gimp_plug_in_get_proc_frame=0x563b29aa9b20:  set ignore_undos=0
push_undo: GimpLayerUndo=55
script-fu-Warning: BLINDS_CASE_START=LA-41x53-a15-s3-o0-t-1

gimp_plug_in_manager_call_run_full
gimp_plug_in_get_proc_frame=0x563b29aa9b20:  set ignore_undos=0
push_undo: GimpDrawableUndo=47
script-fu-Warning: BLINDS_PDB_DONE=LA-41x53-a15-s3-o0-t-1

gimp_plug_in_manager_call_run_full
gimp_plug_in_get_proc_frame=0x563b29aa9b20:  set ignore_undos=0
script-fu-Warning: BLINDS_CASE_DONE=LA-41x53-a15-s3-o0-t-1

gimp_plug_in_manager_call_run_full
gimp_plug_in_get_proc_frame=0x563b29aa9b20:  set ignore_undos=0
push_undo: GimpLayerUndo=55
script-fu-Warning: BLINDS_CASE_START=LA-41x53-a15-s3-o0-t2

gimp_plug_in_manager_call_run_full
gimp_plug_in_get_proc_frame=0x563b29aa9b20:  set ignore_undos=0
push_undo: GimpDrawableUndo=47
script-fu-Warning: BLINDS_PDB_DONE=LA-41x53-a15-s3-o0-t2

gimp_plug_in_manager_call_run_full
gimp_plug_in_get_proc_frame=0x563b29aa9b20:  set ignore_undos=0
script-fu-Warning: BLINDS_CASE_DONE=LA-41x53-a15-s3-o0-t2

gimp_plug_in_manager_call_run_full
gimp_plug_in_get_proc_frame=0x563b29aa9b20:  set ignore_undos=0
push_undo: GimpLayerUndo=55
script-fu-Warning: BLINDS_CASE_START=LA-41x53-a67-s7-o0-t0

gimp_plug_in_manager_call_run_full
gimp_plug_in_get_proc_frame=0x563b29aa9b20:  set ignore_undos=0
push_undo: GimpDrawableUndo=47
script-fu-Warning: BLINDS_PDB_DONE=LA-41x53-a67-s7-o0-t0

gimp_plug_in_manager_call_run_full
gimp_plug_in_get_proc_frame=0x563b29aa9b20:  set ignore_undos=0
script-fu-Warning: BLINDS_CASE_DONE=LA-41x53-a67-s7-o0-t0

gimp_plug_in_manager_call_run_full
gimp_plug_in_get_proc_frame=0x563b29aa9b20:  set ignore_undos=0
push_undo: GimpLayerUndo=55
script-fu-Warning: BLINDS_CASE_START=LA-41x53-a67-s7-o0-t1

gimp_plug_in_manager_call_run_full
gimp_plug_in_get_proc_frame=0x563b29aa9b20:  set ignore_undos=0
push_undo: GimpDrawableUndo=47
script-fu-Warning: BLINDS_PDB_DONE=LA-41x53-a67-s7-o0-t1

gimp_plug_in_manager_call_run_full
gimp_plug_in_get_proc_frame=0x563b29aa9b20:  set ignore_undos=0
script-fu-Warning: BLINDS_CASE_DONE=LA-41x53-a67-s7-o0-t1

gimp_plug_in_manager_call_run_full
gimp_plug_in_get_proc_frame=0x563b29aa9b20:  set ignore_undos=0
push_undo: GimpLayerUndo=55
script-fu-Warning: BLINDS_CASE_START=LA-41x53-a67-s7-o0-t-1

gimp_plug_in_manager_call_run_full
gimp_plug_in_get_proc_frame=0x563b29aa9b20:  set ignore_undos=0
push_undo: GimpDrawableUndo=47
script-fu-Warning: BLINDS_PDB_DONE=LA-41x53-a67-s7-o0-t-1

gimp_plug_in_manager_call_run_full
gimp_plug_in_get_proc_frame=0x563b29aa9b20:  set ignore_undos=0
script-fu-Warning: BLINDS_CASE_DONE=LA-41x53-a67-s7-o0-t-1

gimp_plug_in_manager_call_run_full
gimp_plug_in_get_proc_frame=0x563b29aa9b20:  set ignore_undos=0
push_undo: GimpLayerUndo=55
script-fu-Warning: BLINDS_CASE_START=LA-41x53-a67-s7-o0-t2

gimp_plug_in_manager_call_run_full
gimp_plug_in_get_proc_frame=0x563b29aa9b20:  set ignore_undos=0
push_undo: GimpDrawableUndo=47
script-fu-Warning: BLINDS_PDB_DONE=LA-41x53-a67-s7-o0-t2

gimp_plug_in_manager_call_run_full
gimp_plug_in_get_proc_frame=0x563b29aa9b20:  set ignore_undos=0
script-fu-Warning: BLINDS_CASE_DONE=LA-41x53-a67-s7-o0-t2

gimp_plug_in_manager_call_run_full
gimp_plug_in_get_proc_frame=0x563b29aa9b20:  set ignore_undos=0
push_undo: GimpLayerUndo=55
script-fu-Warning: BLINDS_CASE_START=LA-41x53-a90-s100-o0-t0

gimp_plug_in_manager_call_run_full
gimp_plug_in_get_proc_frame=0x563b29aa9b20:  set ignore_undos=0
push_undo: GimpDrawableUndo=47
script-fu-Warning: BLINDS_PDB_DONE=LA-41x53-a90-s100-o0-t0

gimp_plug_in_manager_call_run_full
gimp_plug_in_get_proc_frame=0x563b29aa9b20:  set ignore_undos=0
script-fu-Warning: BLINDS_CASE_DONE=LA-41x53-a90-s100-o0-t0

gimp_plug_in_manager_call_run_full
gimp_plug_in_get_proc_frame=0x563b29aa9b20:  set ignore_undos=0
push_undo: GimpLayerUndo=55
script-fu-Warning: BLINDS_CASE_START=LA-41x53-a90-s100-o0-t1

gimp_plug_in_manager_call_run_full
gimp_plug_in_get_proc_frame=0x563b29aa9b20:  set ignore_undos=0
push_undo: GimpDrawableUndo=47
script-fu-Warning: BLINDS_PDB_DONE=LA-41x53-a90-s100-o0-t1

gimp_plug_in_manager_call_run_full
gimp_plug_in_get_proc_frame=0x563b29aa9b20:  set ignore_undos=0
script-fu-Warning: BLINDS_CASE_DONE=LA-41x53-a90-s100-o0-t1

gimp_plug_in_manager_call_run_full
gimp_plug_in_get_proc_frame=0x563b29aa9b20:  set ignore_undos=0
push_undo: GimpLayerUndo=55
script-fu-Warning: BLINDS_CASE_START=LA-41x53-a90-s100-o0-t-1

gimp_plug_in_manager_call_run_full
gimp_plug_in_get_proc_frame=0x563b29aa9b20:  set ignore_undos=0
push_undo: GimpDrawableUndo=47
script-fu-Warning: BLINDS_PDB_DONE=LA-41x53-a90-s100-o0-t-1

gimp_plug_in_manager_call_run_full
gimp_plug_in_get_proc_frame=0x563b29aa9b20:  set ignore_undos=0
script-fu-Warning: BLINDS_CASE_DONE=LA-41x53-a90-s100-o0-t-1

gimp_plug_in_manager_call_run_full
gimp_plug_in_get_proc_frame=0x563b29aa9b20:  set ignore_undos=0
push_undo: GimpLayerUndo=55
script-fu-Warning: BLINDS_CASE_START=LA-41x53-a90-s100-o0-t2

gimp_plug_in_manager_call_run_full
gimp_plug_in_get_proc_frame=0x563b29aa9b20:  set ignore_undos=0
push_undo: GimpDrawableUndo=47
script-fu-Warning: BLINDS_PDB_DONE=LA-41x53-a90-s100-o0-t2

gimp_plug_in_manager_call_run_full
gimp_plug_in_get_proc_frame=0x563b29aa9b20:  set ignore_undos=0
script-fu-Warning: BLINDS_CASE_DONE=LA-41x53-a90-s100-o0-t2

gimp_plug_in_manager_call_run_full
gimp_plug_in_get_proc_frame=0x563b29aa9b20:  set ignore_undos=0
push_undo: GimpLayerUndo=55
script-fu-Warning: BLINDS_CASE_START=LA-41x53-a0-s1-o1-t0

gimp_plug_in_manager_call_run_full
gimp_plug_in_get_proc_frame=0x563b29aa9b20:  set ignore_undos=0
push_undo: GimpDrawableUndo=47
script-fu-Warning: BLINDS_PDB_DONE=LA-41x53-a0-s1-o1-t0

gimp_plug_in_manager_call_run_full
gimp_plug_in_get_proc_frame=0x563b29aa9b20:  set ignore_undos=0
script-fu-Warning: BLINDS_CASE_DONE=LA-41x53-a0-s1-o1-t0

gimp_plug_in_manager_call_run_full
gimp_plug_in_get_proc_frame=0x563b29aa9b20:  set ignore_undos=0
push_undo: GimpLayerUndo=55
script-fu-Warning: BLINDS_CASE_START=LA-41x53-a0-s1-o1-t1

gimp_plug_in_manager_call_run_full
gimp_plug_in_get_proc_frame=0x563b29aa9b20:  set ignore_undos=0
push_undo: GimpDrawableUndo=47
script-fu-Warning: BLINDS_PDB_DONE=LA-41x53-a0-s1-o1-t1

gimp_plug_in_manager_call_run_full
gimp_plug_in_get_proc_frame=0x563b29aa9b20:  set ignore_undos=0
script-fu-Warning: BLINDS_CASE_DONE=LA-41x53-a0-s1-o1-t1

gimp_plug_in_manager_call_run_full
gimp_plug_in_get_proc_frame=0x563b29aa9b20:  set ignore_undos=0
push_undo: GimpLayerUndo=55
script-fu-Warning: BLINDS_CASE_START=LA-41x53-a0-s1-o1-t-1

gimp_plug_in_manager_call_run_full
gimp_plug_in_get_proc_frame=0x563b29aa9b20:  set ignore_undos=0
push_undo: GimpDrawableUndo=47
script-fu-Warning: BLINDS_PDB_DONE=LA-41x53-a0-s1-o1-t-1

gimp_plug_in_manager_call_run_full
gimp_plug_in_get_proc_frame=0x563b29aa9b20:  set ignore_undos=0
script-fu-Warning: BLINDS_CASE_DONE=LA-41x53-a0-s1-o1-t-1

gimp_plug_in_manager_call_run_full
gimp_plug_in_get_proc_frame=0x563b29aa9b20:  set ignore_undos=0
push_undo: GimpLayerUndo=55
script-fu-Warning: BLINDS_CASE_START=LA-41x53-a0-s1-o1-t2

gimp_plug_in_manager_call_run_full
gimp_plug_in_get_proc_frame=0x563b29aa9b20:  set ignore_undos=0
push_undo: GimpDrawableUndo=47
script-fu-Warning: BLINDS_PDB_DONE=LA-41x53-a0-s1-o1-t2

gimp_plug_in_manager_call_run_full
gimp_plug_in_get_proc_frame=0x563b29aa9b20:  set ignore_undos=0
script-fu-Warning: BLINDS_CASE_DONE=LA-41x53-a0-s1-o1-t2

gimp_plug_in_manager_call_run_full
gimp_plug_in_get_proc_frame=0x563b29aa9b20:  set ignore_undos=0
push_undo: GimpLayerUndo=55
script-fu-Warning: BLINDS_CASE_START=LA-41x53-a15-s3-o1-t0

gimp_plug_in_manager_call_run_full
gimp_plug_in_get_proc_frame=0x563b29aa9b20:  set ignore_undos=0
push_undo: GimpDrawableUndo=47
script-fu-Warning: BLINDS_PDB_DONE=LA-41x53-a15-s3-o1-t0

gimp_plug_in_manager_call_run_full
gimp_plug_in_get_proc_frame=0x563b29aa9b20:  set ignore_undos=0
script-fu-Warning: BLINDS_CASE_DONE=LA-41x53-a15-s3-o1-t0

gimp_plug_in_manager_call_run_full
gimp_plug_in_get_proc_frame=0x563b29aa9b20:  set ignore_undos=0
push_undo: GimpLayerUndo=55
script-fu-Warning: BLINDS_CASE_START=LA-41x53-a15-s3-o1-t1

gimp_plug_in_manager_call_run_full
gimp_plug_in_get_proc_frame=0x563b29aa9b20:  set ignore_undos=0
push_undo: GimpDrawableUndo=47
script-fu-Warning: BLINDS_PDB_DONE=LA-41x53-a15-s3-o1-t1

gimp_plug_in_manager_call_run_full
gimp_plug_in_get_proc_frame=0x563b29aa9b20:  set ignore_undos=0
script-fu-Warning: BLINDS_CASE_DONE=LA-41x53-a15-s3-o1-t1

gimp_plug_in_manager_call_run_full
gimp_plug_in_get_proc_frame=0x563b29aa9b20:  set ignore_undos=0
push_undo: GimpLayerUndo=55
script-fu-Warning: BLINDS_CASE_START=LA-41x53-a15-s3-o1-t-1

gimp_plug_in_manager_call_run_full
gimp_plug_in_get_proc_frame=0x563b29aa9b20:  set ignore_undos=0
push_undo: GimpDrawableUndo=47
script-fu-Warning: BLINDS_PDB_DONE=LA-41x53-a15-s3-o1-t-1

gimp_plug_in_manager_call_run_full
gimp_plug_in_get_proc_frame=0x563b29aa9b20:  set ignore_undos=0
script-fu-Warning: BLINDS_CASE_DONE=LA-41x53-a15-s3-o1-t-1

gimp_plug_in_manager_call_run_full
gimp_plug_in_get_proc_frame=0x563b29aa9b20:  set ignore_undos=0
push_undo: GimpLayerUndo=55
script-fu-Warning: BLINDS_CASE_START=LA-41x53-a15-s3-o1-t2

gimp_plug_in_manager_call_run_full
gimp_plug_in_get_proc_frame=0x563b29aa9b20:  set ignore_undos=0
push_undo: GimpDrawableUndo=47
script-fu-Warning: BLINDS_PDB_DONE=LA-41x53-a15-s3-o1-t2

gimp_plug_in_manager_call_run_full
gimp_plug_in_get_proc_frame=0x563b29aa9b20:  set ignore_undos=0
script-fu-Warning: BLINDS_CASE_DONE=LA-41x53-a15-s3-o1-t2

gimp_plug_in_manager_call_run_full
gimp_plug_in_get_proc_frame=0x563b29aa9b20:  set ignore_undos=0
push_undo: GimpLayerUndo=55
script-fu-Warning: BLINDS_CASE_START=LA-41x53-a67-s7-o1-t0

gimp_plug_in_manager_call_run_full
gimp_plug_in_get_proc_frame=0x563b29aa9b20:  set ignore_undos=0
push_undo: GimpDrawableUndo=47
script-fu-Warning: BLINDS_PDB_DONE=LA-41x53-a67-s7-o1-t0

gimp_plug_in_manager_call_run_full
gimp_plug_in_get_proc_frame=0x563b29aa9b20:  set ignore_undos=0
script-fu-Warning: BLINDS_CASE_DONE=LA-41x53-a67-s7-o1-t0

gimp_plug_in_manager_call_run_full
gimp_plug_in_get_proc_frame=0x563b29aa9b20:  set ignore_undos=0
push_undo: GimpLayerUndo=55
script-fu-Warning: BLINDS_CASE_START=LA-41x53-a67-s7-o1-t1

gimp_plug_in_manager_call_run_full
gimp_plug_in_get_proc_frame=0x563b29aa9b20:  set ignore_undos=0
push_undo: GimpDrawableUndo=47
script-fu-Warning: BLINDS_PDB_DONE=LA-41x53-a67-s7-o1-t1

gimp_plug_in_manager_call_run_full
gimp_plug_in_get_proc_frame=0x563b29aa9b20:  set ignore_undos=0
script-fu-Warning: BLINDS_CASE_DONE=LA-41x53-a67-s7-o1-t1

gimp_plug_in_manager_call_run_full
gimp_plug_in_get_proc_frame=0x563b29aa9b20:  set ignore_undos=0
push_undo: GimpLayerUndo=55
script-fu-Warning: BLINDS_CASE_START=LA-41x53-a67-s7-o1-t-1

gimp_plug_in_manager_call_run_full
gimp_plug_in_get_proc_frame=0x563b29aa9b20:  set ignore_undos=0
push_undo: GimpDrawableUndo=47
script-fu-Warning: BLINDS_PDB_DONE=LA-41x53-a67-s7-o1-t-1

gimp_plug_in_manager_call_run_full
gimp_plug_in_get_proc_frame=0x563b29aa9b20:  set ignore_undos=0
script-fu-Warning: BLINDS_CASE_DONE=LA-41x53-a67-s7-o1-t-1

gimp_plug_in_manager_call_run_full
gimp_plug_in_get_proc_frame=0x563b29aa9b20:  set ignore_undos=0
push_undo: GimpLayerUndo=55
script-fu-Warning: BLINDS_CASE_START=LA-41x53-a67-s7-o1-t2

gimp_plug_in_manager_call_run_full
gimp_plug_in_get_proc_frame=0x563b29aa9b20:  set ignore_undos=0
push_undo: GimpDrawableUndo=47
script-fu-Warning: BLINDS_PDB_DONE=LA-41x53-a67-s7-o1-t2

gimp_plug_in_manager_call_run_full
gimp_plug_in_get_proc_frame=0x563b29aa9b20:  set ignore_undos=0
script-fu-Warning: BLINDS_CASE_DONE=LA-41x53-a67-s7-o1-t2

gimp_plug_in_manager_call_run_full
gimp_plug_in_get_proc_frame=0x563b29aa9b20:  set ignore_undos=0
push_undo: GimpLayerUndo=55
script-fu-Warning: BLINDS_CASE_START=LA-41x53-a90-s100-o1-t0

gimp_plug_in_manager_call_run_full
gimp_plug_in_get_proc_frame=0x563b29aa9b20:  set ignore_undos=0
push_undo: GimpDrawableUndo=47
script-fu-Warning: BLINDS_PDB_DONE=LA-41x53-a90-s100-o1-t0

gimp_plug_in_manager_call_run_full
gimp_plug_in_get_proc_frame=0x563b29aa9b20:  set ignore_undos=0
script-fu-Warning: BLINDS_CASE_DONE=LA-41x53-a90-s100-o1-t0

gimp_plug_in_manager_call_run_full
gimp_plug_in_get_proc_frame=0x563b29aa9b20:  set ignore_undos=0
push_undo: GimpLayerUndo=55
script-fu-Warning: BLINDS_CASE_START=LA-41x53-a90-s100-o1-t1

gimp_plug_in_manager_call_run_full
gimp_plug_in_get_proc_frame=0x563b29aa9b20:  set ignore_undos=0
push_undo: GimpDrawableUndo=47
script-fu-Warning: BLINDS_PDB_DONE=LA-41x53-a90-s100-o1-t1

gimp_plug_in_manager_call_run_full
gimp_plug_in_get_proc_frame=0x563b29aa9b20:  set ignore_undos=0
script-fu-Warning: BLINDS_CASE_DONE=LA-41x53-a90-s100-o1-t1

gimp_plug_in_manager_call_run_full
gimp_plug_in_get_proc_frame=0x563b29aa9b20:  set ignore_undos=0
push_undo: GimpLayerUndo=55
script-fu-Warning: BLINDS_CASE_START=LA-41x53-a90-s100-o1-t-1

gimp_plug_in_manager_call_run_full
gimp_plug_in_get_proc_frame=0x563b29aa9b20:  set ignore_undos=0
push_undo: GimpDrawableUndo=47
script-fu-Warning: BLINDS_PDB_DONE=LA-41x53-a90-s100-o1-t-1

gimp_plug_in_manager_call_run_full
gimp_plug_in_get_proc_frame=0x563b29aa9b20:  set ignore_undos=0
script-fu-Warning: BLINDS_CASE_DONE=LA-41x53-a90-s100-o1-t-1

gimp_plug_in_manager_call_run_full
gimp_plug_in_get_proc_frame=0x563b29aa9b20:  set ignore_undos=0
push_undo: GimpLayerUndo=55
script-fu-Warning: BLINDS_CASE_START=LA-41x53-a90-s100-o1-t2

gimp_plug_in_manager_call_run_full
gimp_plug_in_get_proc_frame=0x563b29aa9b20:  set ignore_undos=0
push_undo: GimpDrawableUndo=47
script-fu-Warning: BLINDS_PDB_DONE=LA-41x53-a90-s100-o1-t2

gimp_plug_in_manager_call_run_full
gimp_plug_in_get_proc_frame=0x563b29aa9b20:  set ignore_undos=0
script-fu-Warning: BLINDS_CASE_DONE=LA-41x53-a90-s100-o1-t2

batch command executed successfully
gimp_plug_in_manager_call_run_full
gimp_plug_in_get_proc_frame=0x563b29a9af80:  set ignore_undos=0
