100	112	0	0.10000000000000001	0.33333333333333331	50	56	50	56	0.33333333333333331
100	112	0	0.10000000000000001	0.33333333333333331	50	56	90	56	0.46666666666666667
100	112	0	0.10000000000000001	0.33333333333333331	50	56	50	96	0.46666666666666667
100	112	0	0.10000000000000001	0.33333333333333331	50	56	10	56	0.46666666666666667
100	112	0	0.10000000000000001	0.33333333333333331	50	56	50	16	0.46666666666666667
100	112	0	0.10000000000000001	0.33333333333333331	50	56	73	93	0.47855347273861309
100	112	0	0.10000000000000001	0.33333333333333331	50	56	27	93	0.47855347273861309
100	112	0	0.10000000000000001	0.33333333333333331	50	56	27	19	0.47855347273861309
100	112	0	0.10000000000000001	0.33333333333333331	50	56	73	19	0.47855347273861309
100	112	0	0.10000000000000001	0.33333333333333331	50	56	450	56	1.6666666666666667
100	112	0	0.10000000000000001	0.33333333333333331	90	56	50	56	0.20000000000000001
100	112	0	0.10000000000000001	0.33333333333333331	90	56	90	56	0.33333333333333331
100	112	0	0.10000000000000001	0.33333333333333331	90	56	50	96	0.33333333333333331
100	112	0	0.10000000000000001	0.33333333333333331	90	56	10	56	0.33333333333333331
100	112	0	0.10000000000000001	0.33333333333333331	90	56	50	16	0.33333333333333331
100	112	0	0.10000000000000001	0.33333333333333331	90	56	73	93	0.34522013940527974
100	112	0	0.10000000000000001	0.33333333333333331	90	56	27	93	0.34522013940527974
100	112	0	0.10000000000000001	0.33333333333333331	90	56	27	19	0.34522013940527974
100	112	0	0.10000000000000001	0.33333333333333331	90	56	73	19	0.34522013940527974
100	112	0	0.10000000000000001	0.33333333333333331	90	56	450	56	1.5333333333333334
100	112	0	0.10000000000000001	0.33333333333333331	50	96	50	56	0.20000000000000001
100	112	0	0.10000000000000001	0.33333333333333331	50	96	90	56	0.33333333333333331
100	112	0	0.10000000000000001	0.33333333333333331	50	96	50	96	0.33333333333333331
100	112	0	0.10000000000000001	0.33333333333333331	50	96	10	56	0.33333333333333331
100	112	0	0.10000000000000001	0.33333333333333331	50	96	50	16	0.33333333333333331
100	112	0	0.10000000000000001	0.33333333333333331	50	96	73	93	0.34522013940527974
100	112	0	0.10000000000000001	0.33333333333333331	50	96	27	93	0.34522013940527974
100	112	0	0.10000000000000001	0.33333333333333331	50	96	27	19	0.34522013940527974
100	112	0	0.10000000000000001	0.33333333333333331	50	96	73	19	0.34522013940527974
100	112	0	0.10000000000000001	0.33333333333333331	50	96	450	56	1.5333333333333334
100	112	0	0.10000000000000001	0.33333333333333331	10	56	50	56	0.20000000000000001
100	112	0	0.10000000000000001	0.33333333333333331	10	56	90	56	0.33333333333333331
100	112	0	0.10000000000000001	0.33333333333333331	10	56	50	96	0.33333333333333331
100	112	0	0.10000000000000001	0.33333333333333331	10	56	10	56	0.33333333333333331
100	112	0	0.10000000000000001	0.33333333333333331	10	56	50	16	0.33333333333333331
100	112	0	0.10000000000000001	0.33333333333333331	10	56	73	93	0.34522013940527974
100	112	0	0.10000000000000001	0.33333333333333331	10	56	27	93	0.34522013940527974
100	112	0	0.10000000000000001	0.33333333333333331	10	56	27	19	0.34522013940527974
100	112	0	0.10000000000000001	0.33333333333333331	10	56	73	19	0.34522013940527974
100	112	0	0.10000000000000001	0.33333333333333331	10	56	450	56	1.5333333333333334
100	112	0	0.10000000000000001	0.33333333333333331	50	16	50	56	0.20000000000000001
100	112	0	0.10000000000000001	0.33333333333333331	50	16	90	56	0.33333333333333331
100	112	0	0.10000000000000001	0.33333333333333331	50	16	50	96	0.33333333333333331
100	112	0	0.10000000000000001	0.33333333333333331	50	16	10	56	0.33333333333333331
100	112	0	0.10000000000000001	0.33333333333333331	50	16	50	16	0.33333333333333331
100	112	0	0.10000000000000001	0.33333333333333331	50	16	73	93	0.34522013940527974
100	112	0	0.10000000000000001	0.33333333333333331	50	16	27	93	0.34522013940527974
100	112	0	0.10000000000000001	0.33333333333333331	50	16	27	19	0.34522013940527974
100	112	0	0.10000000000000001	0.33333333333333331	50	16	73	19	0.34522013940527974
100	112	0	0.10000000000000001	0.33333333333333331	50	16	450	56	1.5333333333333334
100	112	0	0.10000000000000001	0.33333333333333331	73	93	50	56	0.18811319392805356
100	112	0	0.10000000000000001	0.33333333333333331	73	93	90	56	0.32144652726138695
100	112	0	0.10000000000000001	0.33333333333333331	73	93	50	96	0.32144652726138695
100	112	0	0.10000000000000001	0.33333333333333331	73	93	10	56	0.32144652726138695
100	112	0	0.10000000000000001	0.33333333333333331	73	93	50	16	0.32144652726138695
100	112	0	0.10000000000000001	0.33333333333333331	73	93	73	93	0.33333333333333331
100	112	0	0.10000000000000001	0.33333333333333331	73	93	27	93	0.33333333333333331
100	112	0	0.10000000000000001	0.33333333333333331	73	93	27	19	0.33333333333333331
100	112	0	0.10000000000000001	0.33333333333333331	73	93	73	19	0.33333333333333331
100	112	0	0.10000000000000001	0.33333333333333331	73	93	450	56	1.5214465272613868
100	112	0	0.10000000000000001	0.33333333333333331	27	93	50	56	0.18811319392805356
100	112	0	0.10000000000000001	0.33333333333333331	27	93	90	56	0.32144652726138695
100	112	0	0.10000000000000001	0.33333333333333331	27	93	50	96	0.32144652726138695
100	112	0	0.10000000000000001	0.33333333333333331	27	93	10	56	0.32144652726138695
100	112	0	0.10000000000000001	0.33333333333333331	27	93	50	16	0.32144652726138695
100	112	0	0.10000000000000001	0.33333333333333331	27	93	73	93	0.33333333333333331
100	112	0	0.10000000000000001	0.33333333333333331	27	93	27	93	0.33333333333333331
100	112	0	0.10000000000000001	0.33333333333333331	27	93	27	19	0.33333333333333331
100	112	0	0.10000000000000001	0.33333333333333331	27	93	73	19	0.33333333333333331
100	112	0	0.10000000000000001	0.33333333333333331	27	93	450	56	1.5214465272613868
100	112	0	0.10000000000000001	0.33333333333333331	27	19	50	56	0.18811319392805356
100	112	0	0.10000000000000001	0.33333333333333331	27	19	90	56	0.32144652726138695
100	112	0	0.10000000000000001	0.33333333333333331	27	19	50	96	0.32144652726138695
100	112	0	0.10000000000000001	0.33333333333333331	27	19	10	56	0.32144652726138695
100	112	0	0.10000000000000001	0.33333333333333331	27	19	50	16	0.32144652726138695
100	112	0	0.10000000000000001	0.33333333333333331	27	19	73	93	0.33333333333333331
100	112	0	0.10000000000000001	0.33333333333333331	27	19	27	93	0.33333333333333331
100	112	0	0.10000000000000001	0.33333333333333331	27	19	27	19	0.33333333333333331
100	112	0	0.10000000000000001	0.33333333333333331	27	19	73	19	0.33333333333333331
100	112	0	0.10000000000000001	0.33333333333333331	27	19	450	56	1.5214465272613868
100	112	0	0.10000000000000001	0.33333333333333331	73	19	50	56	0.18811319392805356
100	112	0	0.10000000000000001	0.33333333333333331	73	19	90	56	0.32144652726138695
100	112	0	0.10000000000000001	0.33333333333333331	73	19	50	96	0.32144652726138695
100	112	0	0.10000000000000001	0.33333333333333331	73	19	10	56	0.32144652726138695
100	112	0	0.10000000000000001	0.33333333333333331	73	19	50	16	0.32144652726138695
100	112	0	0.10000000000000001	0.33333333333333331	73	19	73	93	0.33333333333333331
100	112	0	0.10000000000000001	0.33333333333333331	73	19	27	93	0.33333333333333331
100	112	0	0.10000000000000001	0.33333333333333331	73	19	27	19	0.33333333333333331
100	112	0	0.10000000000000001	0.33333333333333331	73	19	73	19	0.33333333333333331
100	112	0	0.10000000000000001	0.33333333333333331	73	19	450	56	1.5214465272613868
100	112	0	0.10000000000000001	0.33333333333333331	450	56	50	56	-1
100	112	0	0.10000000000000001	0.33333333333333331	450	56	90	56	-0.8666666666666667
100	112	0	0.10000000000000001	0.33333333333333331	450	56	50	96	-0.8666666666666667
100	112	0	0.10000000000000001	0.33333333333333331	450	56	10	56	-0.8666666666666667
100	112	0	0.10000000000000001	0.33333333333333331	450	56	50	16	-0.8666666666666667
100	112	0	0.10000000000000001	0.33333333333333331	450	56	73	93	-0.85477986059472011
100	112	0	0.10000000000000001	0.33333333333333331	450	56	27	93	-0.85477986059472011
100	112	0	0.10000000000000001	0.33333333333333331	450	56	27	19	-0.85477986059472011
100	112	0	0.10000000000000001	0.33333333333333331	450	56	73	19	-0.85477986059472011
100	112	0	0.10000000000000001	0.33333333333333331	450	56	450	56	0.33333333333333331
100	112	0	0.33333333333333331	1	50	56	50	56	1
100	112	0	0.33333333333333331	1	50	56	90	56	1.1333333333333333
100	112	0	0.33333333333333331	1	50	56	50	96	1.1333333333333333
100	112	0	0.33333333333333331	1	50	56	10	56	1.1333333333333333
100	112	0	0.33333333333333331	1	50	56	50	16	1.1333333333333333
100	112	0	0.33333333333333331	1	50	56	73	93	1.1452201394052799
100	112	0	0.33333333333333331	1	50	56	27	93	1.1452201394052799
100	112	0	0.33333333333333331	1	50	56	27	19	1.1452201394052799
100	112	0	0.33333333333333331	1	50	56	73	19	1.1452201394052799
100	112	0	0.33333333333333331	1	50	56	450	56	2.3333333333333335
100	112	0	0.33333333333333331	1	90	56	50	56	0.8666666666666667
100	112	0	0.33333333333333331	1	90	56	90	56	1
100	112	0	0.33333333333333331	1	90	56	50	96	1
100	112	0	0.33333333333333331	1	90	56	10	56	1
100	112	0	0.33333333333333331	1	90	56	50	16	1
100	112	0	0.33333333333333331	1	90	56	73	93	1.0118868060719466
100	112	0	0.33333333333333331	1	90	56	27	93	1.0118868060719466
100	112	0	0.33333333333333331	1	90	56	27	19	1.0118868060719466
100	112	0	0.33333333333333331	1	90	56	73	19	1.0118868060719466
100	112	0	0.33333333333333331	1	90	56	450	56	2.2000000000000002
100	112	0	0.33333333333333331	1	50	96	50	56	0.8666666666666667
100	112	0	0.33333333333333331	1	50	96	90	56	1
100	112	0	0.33333333333333331	1	50	96	50	96	1
100	112	0	0.33333333333333331	1	50	96	10	56	1
100	112	0	0.33333333333333331	1	50	96	50	16	1
100	112	0	0.33333333333333331	1	50	96	73	93	1.0118868060719466
100	112	0	0.33333333333333331	1	50	96	27	93	1.0118868060719466
100	112	0	0.33333333333333331	1	50	96	27	19	1.0118868060719466
100	112	0	0.33333333333333331	1	50	96	73	19	1.0118868060719466
100	112	0	0.33333333333333331	1	50	96	450	56	2.2000000000000002
100	112	0	0.33333333333333331	1	10	56	50	56	0.8666666666666667
100	112	0	0.33333333333333331	1	10	56	90	56	1
100	112	0	0.33333333333333331	1	10	56	50	96	1
100	112	0	0.33333333333333331	1	10	56	10	56	1
100	112	0	0.33333333333333331	1	10	56	50	16	1
100	112	0	0.33333333333333331	1	10	56	73	93	1.0118868060719466
100	112	0	0.33333333333333331	1	10	56	27	93	1.0118868060719466
100	112	0	0.33333333333333331	1	10	56	27	19	1.0118868060719466
100	112	0	0.33333333333333331	1	10	56	73	19	1.0118868060719466
100	112	0	0.33333333333333331	1	10	56	450	56	2.2000000000000002
100	112	0	0.33333333333333331	1	50	16	50	56	0.8666666666666667
100	112	0	0.33333333333333331	1	50	16	90	56	1
100	112	0	0.33333333333333331	1	50	16	50	96	1
100	112	0	0.33333333333333331	1	50	16	10	56	1
100	112	0	0.33333333333333331	1	50	16	50	16	1
100	112	0	0.33333333333333331	1	50	16	73	93	1.0118868060719466
100	112	0	0.33333333333333331	1	50	16	27	93	1.0118868060719466
100	112	0	0.33333333333333331	1	50	16	27	19	1.0118868060719466
100	112	0	0.33333333333333331	1	50	16	73	19	1.0118868060719466
100	112	0	0.33333333333333331	1	50	16	450	56	2.2000000000000002
100	112	0	0.33333333333333331	1	73	93	50	56	0.85477986059472011
100	112	0	0.33333333333333331	1	73	93	90	56	0.98811319392805352
100	112	0	0.33333333333333331	1	73	93	50	96	0.98811319392805352
100	112	0	0.33333333333333331	1	73	93	10	56	0.98811319392805352
100	112	0	0.33333333333333331	1	73	93	50	16	0.98811319392805352
100	112	0	0.33333333333333331	1	73	93	73	93	1
100	112	0	0.33333333333333331	1	73	93	27	93	1
100	112	0	0.33333333333333331	1	73	93	27	19	1
100	112	0	0.33333333333333331	1	73	93	73	19	1
100	112	0	0.33333333333333331	1	73	93	450	56	2.1881131939280536
100	112	0	0.33333333333333331	1	27	93	50	56	0.85477986059472011
100	112	0	0.33333333333333331	1	27	93	90	56	0.98811319392805352
100	112	0	0.33333333333333331	1	27	93	50	96	0.98811319392805352
100	112	0	0.33333333333333331	1	27	93	10	56	0.98811319392805352
100	112	0	0.33333333333333331	1	27	93	50	16	0.98811319392805352
100	112	0	0.33333333333333331	1	27	93	73	93	1
100	112	0	0.33333333333333331	1	27	93	27	93	1
100	112	0	0.33333333333333331	1	27	93	27	19	1
100	112	0	0.33333333333333331	1	27	93	73	19	1
100	112	0	0.33333333333333331	1	27	93	450	56	2.1881131939280536
100	112	0	0.33333333333333331	1	27	19	50	56	0.85477986059472011
100	112	0	0.33333333333333331	1	27	19	90	56	0.98811319392805352
100	112	0	0.33333333333333331	1	27	19	50	96	0.98811319392805352
100	112	0	0.33333333333333331	1	27	19	10	56	0.98811319392805352
100	112	0	0.33333333333333331	1	27	19	50	16	0.98811319392805352
100	112	0	0.33333333333333331	1	27	19	73	93	1
100	112	0	0.33333333333333331	1	27	19	27	93	1
100	112	0	0.33333333333333331	1	27	19	27	19	1
100	112	0	0.33333333333333331	1	27	19	73	19	1
100	112	0	0.33333333333333331	1	27	19	450	56	2.1881131939280536
100	112	0	0.33333333333333331	1	73	19	50	56	0.85477986059472011
100	112	0	0.33333333333333331	1	73	19	90	56	0.98811319392805352
100	112	0	0.33333333333333331	1	73	19	50	96	0.98811319392805352
100	112	0	0.33333333333333331	1	73	19	10	56	0.98811319392805352
100	112	0	0.33333333333333331	1	73	19	50	16	0.98811319392805352
100	112	0	0.33333333333333331	1	73	19	73	93	1
100	112	0	0.33333333333333331	1	73	19	27	93	1
100	112	0	0.33333333333333331	1	73	19	27	19	1
100	112	0	0.33333333333333331	1	73	19	73	19	1
100	112	0	0.33333333333333331	1	73	19	450	56	2.1881131939280536
100	112	0	0.33333333333333331	1	450	56	50	56	-0.33333333333333331
100	112	0	0.33333333333333331	1	450	56	90	56	-0.20000000000000001
100	112	0	0.33333333333333331	1	450	56	50	96	-0.20000000000000001
100	112	0	0.33333333333333331	1	450	56	10	56	-0.20000000000000001
100	112	0	0.33333333333333331	1	450	56	50	16	-0.20000000000000001
100	112	0	0.33333333333333331	1	450	56	73	93	-0.18811319392805356
100	112	0	0.33333333333333331	1	450	56	27	93	-0.18811319392805356
100	112	0	0.33333333333333331	1	450	56	27	19	-0.18811319392805356
100	112	0	0.33333333333333331	1	450	56	73	19	-0.18811319392805356
100	112	0	0.33333333333333331	1	450	56	450	56	1
100	112	0	1	1.25	50	56	50	56	1.25
100	112	0	1	1.25	50	56	90	56	1.3833333333333333
100	112	0	1	1.25	50	56	50	96	1.3833333333333333
100	112	0	1	1.25	50	56	10	56	1.3833333333333333
100	112	0	1	1.25	50	56	50	16	1.3833333333333333
100	112	0	1	1.25	50	56	73	93	1.3952201394052799
100	112	0	1	1.25	50	56	27	93	1.3952201394052799
100	112	0	1	1.25	50	56	27	19	1.3952201394052799
100	112	0	1	1.25	50	56	73	19	1.3952201394052799
100	112	0	1	1.25	50	56	450	56	2.5833333333333335
100	112	0	1	1.25	90	56	50	56	1.1166666666666667
100	112	0	1	1.25	90	56	90	56	1.25
100	112	0	1	1.25	90	56	50	96	1.25
100	112	0	1	1.25	90	56	10	56	1.25
100	112	0	1	1.25	90	56	50	16	1.25
100	112	0	1	1.25	90	56	73	93	1.2618868060719466
100	112	0	1	1.25	90	56	27	93	1.2618868060719466
100	112	0	1	1.25	90	56	27	19	1.2618868060719466
100	112	0	1	1.25	90	56	73	19	1.2618868060719466
100	112	0	1	1.25	90	56	450	56	2.4500000000000002
100	112	0	1	1.25	50	96	50	56	1.1166666666666667
100	112	0	1	1.25	50	96	90	56	1.25
100	112	0	1	1.25	50	96	50	96	1.25
100	112	0	1	1.25	50	96	10	56	1.25
100	112	0	1	1.25	50	96	50	16	1.25
100	112	0	1	1.25	50	96	73	93	1.2618868060719466
100	112	0	1	1.25	50	96	27	93	1.2618868060719466
100	112	0	1	1.25	50	96	27	19	1.2618868060719466
100	112	0	1	1.25	50	96	73	19	1.2618868060719466
100	112	0	1	1.25	50	96	450	56	2.4500000000000002
100	112	0	1	1.25	10	56	50	56	1.1166666666666667
100	112	0	1	1.25	10	56	90	56	1.25
100	112	0	1	1.25	10	56	50	96	1.25
100	112	0	1	1.25	10	56	10	56	1.25
100	112	0	1	1.25	10	56	50	16	1.25
100	112	0	1	1.25	10	56	73	93	1.2618868060719466
100	112	0	1	1.25	10	56	27	93	1.2618868060719466
100	112	0	1	1.25	10	56	27	19	1.2618868060719466
100	112	0	1	1.25	10	56	73	19	1.2618868060719466
100	112	0	1	1.25	10	56	450	56	2.4500000000000002
100	112	0	1	1.25	50	16	50	56	1.1166666666666667
100	112	0	1	1.25	50	16	90	56	1.25
100	112	0	1	1.25	50	16	50	96	1.25
100	112	0	1	1.25	50	16	10	56	1.25
100	112	0	1	1.25	50	16	50	16	1.25
100	112	0	1	1.25	50	16	73	93	1.2618868060719466
100	112	0	1	1.25	50	16	27	93	1.2618868060719466
100	112	0	1	1.25	50	16	27	19	1.2618868060719466
100	112	0	1	1.25	50	16	73	19	1.2618868060719466
100	112	0	1	1.25	50	16	450	56	2.4500000000000002
100	112	0	1	1.25	73	93	50	56	1.1047798605947201
100	112	0	1	1.25	73	93	90	56	1.2381131939280534
100	112	0	1	1.25	73	93	50	96	1.2381131939280534
100	112	0	1	1.25	73	93	10	56	1.2381131939280534
100	112	0	1	1.25	73	93	50	16	1.2381131939280534
100	112	0	1	1.25	73	93	73	93	1.25
100	112	0	1	1.25	73	93	27	93	1.25
100	112	0	1	1.25	73	93	27	19	1.25
100	112	0	1	1.25	73	93	73	19	1.25
100	112	0	1	1.25	73	93	450	56	2.4381131939280536
100	112	0	1	1.25	27	93	50	56	1.1047798605947201
100	112	0	1	1.25	27	93	90	56	1.2381131939280534
100	112	0	1	1.25	27	93	50	96	1.2381131939280534
100	112	0	1	1.25	27	93	10	56	1.2381131939280534
100	112	0	1	1.25	27	93	50	16	1.2381131939280534
100	112	0	1	1.25	27	93	73	93	1.25
100	112	0	1	1.25	27	93	27	93	1.25
100	112	0	1	1.25	27	93	27	19	1.25
100	112	0	1	1.25	27	93	73	19	1.25
100	112	0	1	1.25	27	93	450	56	2.4381131939280536
100	112	0	1	1.25	27	19	50	56	1.1047798605947201
100	112	0	1	1.25	27	19	90	56	1.2381131939280534
100	112	0	1	1.25	27	19	50	96	1.2381131939280534
100	112	0	1	1.25	27	19	10	56	1.2381131939280534
100	112	0	1	1.25	27	19	50	16	1.2381131939280534
100	112	0	1	1.25	27	19	73	93	1.25
100	112	0	1	1.25	27	19	27	93	1.25
100	112	0	1	1.25	27	19	27	19	1.25
100	112	0	1	1.25	27	19	73	19	1.25
100	112	0	1	1.25	27	19	450	56	2.4381131939280536
100	112	0	1	1.25	73	19	50	56	1.1047798605947201
100	112	0	1	1.25	73	19	90	56	1.2381131939280534
100	112	0	1	1.25	73	19	50	96	1.2381131939280534
100	112	0	1	1.25	73	19	10	56	1.2381131939280534
100	112	0	1	1.25	73	19	50	16	1.2381131939280534
100	112	0	1	1.25	73	19	73	93	1.25
100	112	0	1	1.25	73	19	27	93	1.25
100	112	0	1	1.25	73	19	27	19	1.25
100	112	0	1	1.25	73	19	73	19	1.25
100	112	0	1	1.25	73	19	450	56	2.4381131939280536
100	112	0	1	1.25	450	56	50	56	-0.083333333333333329
100	112	0	1	1.25	450	56	90	56	0.050000000000000003
100	112	0	1	1.25	450	56	50	96	0.050000000000000003
100	112	0	1	1.25	450	56	10	56	0.050000000000000003
100	112	0	1	1.25	450	56	50	16	0.050000000000000003
100	112	0	1	1.25	450	56	73	93	0.061886806071946431
100	112	0	1	1.25	450	56	27	93	0.061886806071946431
100	112	0	1	1.25	450	56	27	19	0.061886806071946431
100	112	0	1	1.25	450	56	73	19	0.061886806071946431
100	112	0	1	1.25	450	56	450	56	1.25
100	112	0	1.25	2	50	56	50	56	2
100	112	0	1.25	2	50	56	90	56	2.1333333333333333
100	112	0	1.25	2	50	56	50	96	2.1333333333333333
100	112	0	1.25	2	50	56	10	56	2.1333333333333333
100	112	0	1.25	2	50	56	50	16	2.1333333333333333
100	112	0	1.25	2	50	56	73	93	2.1452201394052794
100	112	0	1.25	2	50	56	27	93	2.1452201394052794
100	112	0	1.25	2	50	56	27	19	2.1452201394052794
100	112	0	1.25	2	50	56	73	19	2.1452201394052794
100	112	0	1.25	2	50	56	450	56	3.3333333333333335
100	112	0	1.25	2	90	56	50	56	1.8666666666666667
100	112	0	1.25	2	90	56	90	56	2
100	112	0	1.25	2	90	56	50	96	2
100	112	0	1.25	2	90	56	10	56	2
100	112	0	1.25	2	90	56	50	16	2
100	112	0	1.25	2	90	56	73	93	2.0118868060719461
100	112	0	1.25	2	90	56	27	93	2.0118868060719461
100	112	0	1.25	2	90	56	27	19	2.0118868060719461
100	112	0	1.25	2	90	56	73	19	2.0118868060719461
100	112	0	1.25	2	90	56	450	56	3.2000000000000002
100	112	0	1.25	2	50	96	50	56	1.8666666666666667
100	112	0	1.25	2	50	96	90	56	2
100	112	0	1.25	2	50	96	50	96	2
100	112	0	1.25	2	50	96	10	56	2
100	112	0	1.25	2	50	96	50	16	2
100	112	0	1.25	2	50	96	73	93	2.0118868060719461
100	112	0	1.25	2	50	96	27	93	2.0118868060719461
100	112	0	1.25	2	50	96	27	19	2.0118868060719461
100	112	0	1.25	2	50	96	73	19	2.0118868060719461
100	112	0	1.25	2	50	96	450	56	3.2000000000000002
100	112	0	1.25	2	10	56	50	56	1.8666666666666667
100	112	0	1.25	2	10	56	90	56	2
100	112	0	1.25	2	10	56	50	96	2
100	112	0	1.25	2	10	56	10	56	2
100	112	0	1.25	2	10	56	50	16	2
100	112	0	1.25	2	10	56	73	93	2.0118868060719461
100	112	0	1.25	2	10	56	27	93	2.0118868060719461
100	112	0	1.25	2	10	56	27	19	2.0118868060719461
100	112	0	1.25	2	10	56	73	19	2.0118868060719461
100	112	0	1.25	2	10	56	450	56	3.2000000000000002
100	112	0	1.25	2	50	16	50	56	1.8666666666666667
100	112	0	1.25	2	50	16	90	56	2
100	112	0	1.25	2	50	16	50	96	2
100	112	0	1.25	2	50	16	10	56	2
100	112	0	1.25	2	50	16	50	16	2
100	112	0	1.25	2	50	16	73	93	2.0118868060719461
100	112	0	1.25	2	50	16	27	93	2.0118868060719461
100	112	0	1.25	2	50	16	27	19	2.0118868060719461
100	112	0	1.25	2	50	16	73	19	2.0118868060719461
100	112	0	1.25	2	50	16	450	56	3.2000000000000002
100	112	0	1.25	2	73	93	50	56	1.8547798605947203
100	112	0	1.25	2	73	93	90	56	1.9881131939280536
100	112	0	1.25	2	73	93	50	96	1.9881131939280536
100	112	0	1.25	2	73	93	10	56	1.9881131939280536
100	112	0	1.25	2	73	93	50	16	1.9881131939280536
100	112	0	1.25	2	73	93	73	93	2
100	112	0	1.25	2	73	93	27	93	2
100	112	0	1.25	2	73	93	27	19	2
100	112	0	1.25	2	73	93	73	19	2
100	112	0	1.25	2	73	93	450	56	3.1881131939280536
100	112	0	1.25	2	27	93	50	56	1.8547798605947203
100	112	0	1.25	2	27	93	90	56	1.9881131939280536
100	112	0	1.25	2	27	93	50	96	1.9881131939280536
100	112	0	1.25	2	27	93	10	56	1.9881131939280536
100	112	0	1.25	2	27	93	50	16	1.9881131939280536
100	112	0	1.25	2	27	93	73	93	2
100	112	0	1.25	2	27	93	27	93	2
100	112	0	1.25	2	27	93	27	19	2
100	112	0	1.25	2	27	93	73	19	2
100	112	0	1.25	2	27	93	450	56	3.1881131939280536
100	112	0	1.25	2	27	19	50	56	1.8547798605947203
100	112	0	1.25	2	27	19	90	56	1.9881131939280536
100	112	0	1.25	2	27	19	50	96	1.9881131939280536
100	112	0	1.25	2	27	19	10	56	1.9881131939280536
100	112	0	1.25	2	27	19	50	16	1.9881131939280536
100	112	0	1.25	2	27	19	73	93	2
100	112	0	1.25	2	27	19	27	93	2
100	112	0	1.25	2	27	19	27	19	2
100	112	0	1.25	2	27	19	73	19	2
100	112	0	1.25	2	27	19	450	56	3.1881131939280536
100	112	0	1.25	2	73	19	50	56	1.8547798605947203
100	112	0	1.25	2	73	19	90	56	1.9881131939280536
100	112	0	1.25	2	73	19	50	96	1.9881131939280536
100	112	0	1.25	2	73	19	10	56	1.9881131939280536
100	112	0	1.25	2	73	19	50	16	1.9881131939280536
100	112	0	1.25	2	73	19	73	93	2
100	112	0	1.25	2	73	19	27	93	2
100	112	0	1.25	2	73	19	27	19	2
100	112	0	1.25	2	73	19	73	19	2
100	112	0	1.25	2	73	19	450	56	3.1881131939280536
100	112	0	1.25	2	450	56	50	56	0.66666666666666663
100	112	0	1.25	2	450	56	90	56	0.80000000000000004
100	112	0	1.25	2	450	56	50	96	0.80000000000000004
100	112	0	1.25	2	450	56	10	56	0.80000000000000004
100	112	0	1.25	2	450	56	50	16	0.80000000000000004
100	112	0	1.25	2	450	56	73	93	0.81188680607194641
100	112	0	1.25	2	450	56	27	93	0.81188680607194641
100	112	0	1.25	2	450	56	27	19	0.81188680607194641
100	112	0	1.25	2	450	56	73	19	0.81188680607194641
100	112	0	1.25	2	450	56	450	56	2
100	112	0	2	16	50	56	50	56	16
100	112	0	2	16	50	56	90	56	16.133333333333333
100	112	0	2	16	50	56	50	96	16.133333333333333
100	112	0	2	16	50	56	10	56	16.133333333333333
100	112	0	2	16	50	56	50	16	16.133333333333333
100	112	0	2	16	50	56	73	93	16.145220139405279
100	112	0	2	16	50	56	27	93	16.145220139405279
100	112	0	2	16	50	56	27	19	16.145220139405279
100	112	0	2	16	50	56	73	19	16.145220139405279
100	112	0	2	16	50	56	450	56	17.333333333333332
100	112	0	2	16	90	56	50	56	15.866666666666667
100	112	0	2	16	90	56	90	56	16
100	112	0	2	16	90	56	50	96	16
100	112	0	2	16	90	56	10	56	16
100	112	0	2	16	90	56	50	16	16
100	112	0	2	16	90	56	73	93	16.011886806071946
100	112	0	2	16	90	56	27	93	16.011886806071946
100	112	0	2	16	90	56	27	19	16.011886806071946
100	112	0	2	16	90	56	73	19	16.011886806071946
100	112	0	2	16	90	56	450	56	17.199999999999999
100	112	0	2	16	50	96	50	56	15.866666666666667
100	112	0	2	16	50	96	90	56	16
100	112	0	2	16	50	96	50	96	16
100	112	0	2	16	50	96	10	56	16
100	112	0	2	16	50	96	50	16	16
100	112	0	2	16	50	96	73	93	16.011886806071946
100	112	0	2	16	50	96	27	93	16.011886806071946
100	112	0	2	16	50	96	27	19	16.011886806071946
100	112	0	2	16	50	96	73	19	16.011886806071946
100	112	0	2	16	50	96	450	56	17.199999999999999
100	112	0	2	16	10	56	50	56	15.866666666666667
100	112	0	2	16	10	56	90	56	16
100	112	0	2	16	10	56	50	96	16
100	112	0	2	16	10	56	10	56	16
100	112	0	2	16	10	56	50	16	16
100	112	0	2	16	10	56	73	93	16.011886806071946
100	112	0	2	16	10	56	27	93	16.011886806071946
100	112	0	2	16	10	56	27	19	16.011886806071946
100	112	0	2	16	10	56	73	19	16.011886806071946
100	112	0	2	16	10	56	450	56	17.199999999999999
100	112	0	2	16	50	16	50	56	15.866666666666667
100	112	0	2	16	50	16	90	56	16
100	112	0	2	16	50	16	50	96	16
100	112	0	2	16	50	16	10	56	16
100	112	0	2	16	50	16	50	16	16
100	112	0	2	16	50	16	73	93	16.011886806071946
100	112	0	2	16	50	16	27	93	16.011886806071946
100	112	0	2	16	50	16	27	19	16.011886806071946
100	112	0	2	16	50	16	73	19	16.011886806071946
100	112	0	2	16	50	16	450	56	17.199999999999999
100	112	0	2	16	73	93	50	56	15.85477986059472
100	112	0	2	16	73	93	90	56	15.988113193928054
100	112	0	2	16	73	93	50	96	15.988113193928054
100	112	0	2	16	73	93	10	56	15.988113193928054
100	112	0	2	16	73	93	50	16	15.988113193928054
100	112	0	2	16	73	93	73	93	16
100	112	0	2	16	73	93	27	93	16
100	112	0	2	16	73	93	27	19	16
100	112	0	2	16	73	93	73	19	16
100	112	0	2	16	73	93	450	56	17.188113193928054
100	112	0	2	16	27	93	50	56	15.85477986059472
100	112	0	2	16	27	93	90	56	15.988113193928054
100	112	0	2	16	27	93	50	96	15.988113193928054
100	112	0	2	16	27	93	10	56	15.988113193928054
100	112	0	2	16	27	93	50	16	15.988113193928054
100	112	0	2	16	27	93	73	93	16
100	112	0	2	16	27	93	27	93	16
100	112	0	2	16	27	93	27	19	16
100	112	0	2	16	27	93	73	19	16
100	112	0	2	16	27	93	450	56	17.188113193928054
100	112	0	2	16	27	19	50	56	15.85477986059472
100	112	0	2	16	27	19	90	56	15.988113193928054
100	112	0	2	16	27	19	50	96	15.988113193928054
100	112	0	2	16	27	19	10	56	15.988113193928054
100	112	0	2	16	27	19	50	16	15.988113193928054
100	112	0	2	16	27	19	73	93	16
100	112	0	2	16	27	19	27	93	16
100	112	0	2	16	27	19	27	19	16
100	112	0	2	16	27	19	73	19	16
100	112	0	2	16	27	19	450	56	17.188113193928054
100	112	0	2	16	73	19	50	56	15.85477986059472
100	112	0	2	16	73	19	90	56	15.988113193928054
100	112	0	2	16	73	19	50	96	15.988113193928054
100	112	0	2	16	73	19	10	56	15.988113193928054
100	112	0	2	16	73	19	50	16	15.988113193928054
100	112	0	2	16	73	19	73	93	16
100	112	0	2	16	73	19	27	93	16
100	112	0	2	16	73	19	27	19	16
100	112	0	2	16	73	19	73	19	16
100	112	0	2	16	73	19	450	56	17.188113193928054
100	112	0	2	16	450	56	50	56	14.666666666666666
100	112	0	2	16	450	56	90	56	14.800000000000001
100	112	0	2	16	450	56	50	96	14.800000000000001
100	112	0	2	16	450	56	10	56	14.800000000000001
100	112	0	2	16	450	56	50	16	14.800000000000001
100	112	0	2	16	450	56	73	93	14.811886806071946
100	112	0	2	16	450	56	27	93	14.811886806071946
100	112	0	2	16	450	56	27	19	14.811886806071946
100	112	0	2	16	450	56	73	19	14.811886806071946
100	112	0	2	16	450	56	450	56	16
100	112	0	16	0.10000000000000001	50	56	50	56	16
100	112	0	16	0.10000000000000001	50	56	90	56	16.133333333333333
100	112	0	16	0.10000000000000001	50	56	50	96	16.133333333333333
100	112	0	16	0.10000000000000001	50	56	10	56	16.133333333333333
100	112	0	16	0.10000000000000001	50	56	50	16	16.133333333333333
100	112	0	16	0.10000000000000001	50	56	73	93	16.145220139405279
100	112	0	16	0.10000000000000001	50	56	27	93	16.145220139405279
100	112	0	16	0.10000000000000001	50	56	27	19	16.145220139405279
100	112	0	16	0.10000000000000001	50	56	73	19	16.145220139405279
100	112	0	16	0.10000000000000001	50	56	450	56	17.333333333333332
100	112	0	16	0.10000000000000001	90	56	50	56	15.866666666666667
100	112	0	16	0.10000000000000001	90	56	90	56	16
100	112	0	16	0.10000000000000001	90	56	50	96	16
100	112	0	16	0.10000000000000001	90	56	10	56	16
100	112	0	16	0.10000000000000001	90	56	50	16	16
100	112	0	16	0.10000000000000001	90	56	73	93	16.011886806071946
100	112	0	16	0.10000000000000001	90	56	27	93	16.011886806071946
100	112	0	16	0.10000000000000001	90	56	27	19	16.011886806071946
100	112	0	16	0.10000000000000001	90	56	73	19	16.011886806071946
100	112	0	16	0.10000000000000001	90	56	450	56	17.199999999999999
100	112	0	16	0.10000000000000001	50	96	50	56	15.866666666666667
100	112	0	16	0.10000000000000001	50	96	90	56	16
100	112	0	16	0.10000000000000001	50	96	50	96	16
100	112	0	16	0.10000000000000001	50	96	10	56	16
100	112	0	16	0.10000000000000001	50	96	50	16	16
100	112	0	16	0.10000000000000001	50	96	73	93	16.011886806071946
100	112	0	16	0.10000000000000001	50	96	27	93	16.011886806071946
100	112	0	16	0.10000000000000001	50	96	27	19	16.011886806071946
100	112	0	16	0.10000000000000001	50	96	73	19	16.011886806071946
100	112	0	16	0.10000000000000001	50	96	450	56	17.199999999999999
100	112	0	16	0.10000000000000001	10	56	50	56	15.866666666666667
100	112	0	16	0.10000000000000001	10	56	90	56	16
100	112	0	16	0.10000000000000001	10	56	50	96	16
100	112	0	16	0.10000000000000001	10	56	10	56	16
100	112	0	16	0.10000000000000001	10	56	50	16	16
100	112	0	16	0.10000000000000001	10	56	73	93	16.011886806071946
100	112	0	16	0.10000000000000001	10	56	27	93	16.011886806071946
100	112	0	16	0.10000000000000001	10	56	27	19	16.011886806071946
100	112	0	16	0.10000000000000001	10	56	73	19	16.011886806071946
100	112	0	16	0.10000000000000001	10	56	450	56	17.199999999999999
100	112	0	16	0.10000000000000001	50	16	50	56	15.866666666666667
100	112	0	16	0.10000000000000001	50	16	90	56	16
100	112	0	16	0.10000000000000001	50	16	50	96	16
100	112	0	16	0.10000000000000001	50	16	10	56	16
100	112	0	16	0.10000000000000001	50	16	50	16	16
100	112	0	16	0.10000000000000001	50	16	73	93	16.011886806071946
100	112	0	16	0.10000000000000001	50	16	27	93	16.011886806071946
100	112	0	16	0.10000000000000001	50	16	27	19	16.011886806071946
100	112	0	16	0.10000000000000001	50	16	73	19	16.011886806071946
100	112	0	16	0.10000000000000001	50	16	450	56	17.199999999999999
100	112	0	16	0.10000000000000001	73	93	50	56	15.85477986059472
100	112	0	16	0.10000000000000001	73	93	90	56	15.988113193928054
100	112	0	16	0.10000000000000001	73	93	50	96	15.988113193928054
100	112	0	16	0.10000000000000001	73	93	10	56	15.988113193928054
100	112	0	16	0.10000000000000001	73	93	50	16	15.988113193928054
100	112	0	16	0.10000000000000001	73	93	73	93	16
100	112	0	16	0.10000000000000001	73	93	27	93	16
100	112	0	16	0.10000000000000001	73	93	27	19	16
100	112	0	16	0.10000000000000001	73	93	73	19	16
100	112	0	16	0.10000000000000001	73	93	450	56	17.188113193928054
100	112	0	16	0.10000000000000001	27	93	50	56	15.85477986059472
100	112	0	16	0.10000000000000001	27	93	90	56	15.988113193928054
100	112	0	16	0.10000000000000001	27	93	50	96	15.988113193928054
100	112	0	16	0.10000000000000001	27	93	10	56	15.988113193928054
100	112	0	16	0.10000000000000001	27	93	50	16	15.988113193928054
100	112	0	16	0.10000000000000001	27	93	73	93	16
100	112	0	16	0.10000000000000001	27	93	27	93	16
100	112	0	16	0.10000000000000001	27	93	27	19	16
100	112	0	16	0.10000000000000001	27	93	73	19	16
100	112	0	16	0.10000000000000001	27	93	450	56	17.188113193928054
100	112	0	16	0.10000000000000001	27	19	50	56	15.85477986059472
100	112	0	16	0.10000000000000001	27	19	90	56	15.988113193928054
100	112	0	16	0.10000000000000001	27	19	50	96	15.988113193928054
100	112	0	16	0.10000000000000001	27	19	10	56	15.988113193928054
100	112	0	16	0.10000000000000001	27	19	50	16	15.988113193928054
100	112	0	16	0.10000000000000001	27	19	73	93	16
100	112	0	16	0.10000000000000001	27	19	27	93	16
100	112	0	16	0.10000000000000001	27	19	27	19	16
100	112	0	16	0.10000000000000001	27	19	73	19	16
100	112	0	16	0.10000000000000001	27	19	450	56	17.188113193928054
100	112	0	16	0.10000000000000001	73	19	50	56	15.85477986059472
100	112	0	16	0.10000000000000001	73	19	90	56	15.988113193928054
100	112	0	16	0.10000000000000001	73	19	50	96	15.988113193928054
100	112	0	16	0.10000000000000001	73	19	10	56	15.988113193928054
100	112	0	16	0.10000000000000001	73	19	50	16	15.988113193928054
100	112	0	16	0.10000000000000001	73	19	73	93	16
100	112	0	16	0.10000000000000001	73	19	27	93	16
100	112	0	16	0.10000000000000001	73	19	27	19	16
100	112	0	16	0.10000000000000001	73	19	73	19	16
100	112	0	16	0.10000000000000001	73	19	450	56	17.188113193928054
100	112	0	16	0.10000000000000001	450	56	50	56	14.666666666666666
100	112	0	16	0.10000000000000001	450	56	90	56	14.800000000000001
100	112	0	16	0.10000000000000001	450	56	50	96	14.800000000000001
100	112	0	16	0.10000000000000001	450	56	10	56	14.800000000000001
100	112	0	16	0.10000000000000001	450	56	50	16	14.800000000000001
100	112	0	16	0.10000000000000001	450	56	73	93	14.811886806071946
100	112	0	16	0.10000000000000001	450	56	27	93	14.811886806071946
100	112	0	16	0.10000000000000001	450	56	27	19	14.811886806071946
100	112	0	16	0.10000000000000001	450	56	73	19	14.811886806071946
100	112	0	16	0.10000000000000001	450	56	450	56	16
100	112	1	0.10000000000000001	0.33333333333333331	50	56	50	56	0.33333333333333331
100	112	1	0.10000000000000001	0.33333333333333331	50	56	90	56	0.46666666666666667
100	112	1	0.10000000000000001	0.33333333333333331	50	56	50	96	0.46666666666666667
100	112	1	0.10000000000000001	0.33333333333333331	50	56	10	56	0.46666666666666667
100	112	1	0.10000000000000001	0.33333333333333331	50	56	50	16	0.46666666666666667
100	112	1	0.10000000000000001	0.33333333333333331	50	56	73	93	0.47855347273861309
100	112	1	0.10000000000000001	0.33333333333333331	50	56	27	93	0.47855347273861309
100	112	1	0.10000000000000001	0.33333333333333331	50	56	27	19	0.47855347273861309
100	112	1	0.10000000000000001	0.33333333333333331	50	56	73	19	0.47855347273861309
100	112	1	0.10000000000000001	0.33333333333333331	50	56	450	56	1.6666666666666667
100	112	1	0.10000000000000001	0.33333333333333331	90	56	50	56	0.20000000000000001
100	112	1	0.10000000000000001	0.33333333333333331	90	56	90	56	0.33333333333333331
100	112	1	0.10000000000000001	0.33333333333333331	90	56	50	96	0.33333333333333331
100	112	1	0.10000000000000001	0.33333333333333331	90	56	10	56	0.33333333333333331
100	112	1	0.10000000000000001	0.33333333333333331	90	56	50	16	0.33333333333333331
100	112	1	0.10000000000000001	0.33333333333333331	90	56	73	93	0.34522013940527974
100	112	1	0.10000000000000001	0.33333333333333331	90	56	27	93	0.34522013940527974
100	112	1	0.10000000000000001	0.33333333333333331	90	56	27	19	0.34522013940527974
100	112	1	0.10000000000000001	0.33333333333333331	90	56	73	19	0.34522013940527974
100	112	1	0.10000000000000001	0.33333333333333331	90	56	450	56	1.5333333333333334
100	112	1	0.10000000000000001	0.33333333333333331	50	96	50	56	0.20000000000000001
100	112	1	0.10000000000000001	0.33333333333333331	50	96	90	56	0.33333333333333331
100	112	1	0.10000000000000001	0.33333333333333331	50	96	50	96	0.33333333333333331
100	112	1	0.10000000000000001	0.33333333333333331	50	96	10	56	0.33333333333333331
100	112	1	0.10000000000000001	0.33333333333333331	50	96	50	16	0.33333333333333331
100	112	1	0.10000000000000001	0.33333333333333331	50	96	73	93	0.34522013940527974
100	112	1	0.10000000000000001	0.33333333333333331	50	96	27	93	0.34522013940527974
100	112	1	0.10000000000000001	0.33333333333333331	50	96	27	19	0.34522013940527974
100	112	1	0.10000000000000001	0.33333333333333331	50	96	73	19	0.34522013940527974
100	112	1	0.10000000000000001	0.33333333333333331	50	96	450	56	1.5333333333333334
100	112	1	0.10000000000000001	0.33333333333333331	10	56	50	56	0.20000000000000001
100	112	1	0.10000000000000001	0.33333333333333331	10	56	90	56	0.33333333333333331
100	112	1	0.10000000000000001	0.33333333333333331	10	56	50	96	0.33333333333333331
100	112	1	0.10000000000000001	0.33333333333333331	10	56	10	56	0.33333333333333331
100	112	1	0.10000000000000001	0.33333333333333331	10	56	50	16	0.33333333333333331
100	112	1	0.10000000000000001	0.33333333333333331	10	56	73	93	0.34522013940527974
100	112	1	0.10000000000000001	0.33333333333333331	10	56	27	93	0.34522013940527974
100	112	1	0.10000000000000001	0.33333333333333331	10	56	27	19	0.34522013940527974
100	112	1	0.10000000000000001	0.33333333333333331	10	56	73	19	0.34522013940527974
100	112	1	0.10000000000000001	0.33333333333333331	10	56	450	56	1.5333333333333334
100	112	1	0.10000000000000001	0.33333333333333331	50	16	50	56	0.20000000000000001
100	112	1	0.10000000000000001	0.33333333333333331	50	16	90	56	0.33333333333333331
100	112	1	0.10000000000000001	0.33333333333333331	50	16	50	96	0.33333333333333331
100	112	1	0.10000000000000001	0.33333333333333331	50	16	10	56	0.33333333333333331
100	112	1	0.10000000000000001	0.33333333333333331	50	16	50	16	0.33333333333333331
100	112	1	0.10000000000000001	0.33333333333333331	50	16	73	93	0.34522013940527974
100	112	1	0.10000000000000001	0.33333333333333331	50	16	27	93	0.34522013940527974
100	112	1	0.10000000000000001	0.33333333333333331	50	16	27	19	0.34522013940527974
100	112	1	0.10000000000000001	0.33333333333333331	50	16	73	19	0.34522013940527974
100	112	1	0.10000000000000001	0.33333333333333331	50	16	450	56	1.5333333333333334
100	112	1	0.10000000000000001	0.33333333333333331	73	93	50	56	0.18811319392805356
100	112	1	0.10000000000000001	0.33333333333333331	73	93	90	56	0.32144652726138695
100	112	1	0.10000000000000001	0.33333333333333331	73	93	50	96	0.32144652726138695
100	112	1	0.10000000000000001	0.33333333333333331	73	93	10	56	0.32144652726138695
100	112	1	0.10000000000000001	0.33333333333333331	73	93	50	16	0.32144652726138695
100	112	1	0.10000000000000001	0.33333333333333331	73	93	73	93	0.33333333333333331
100	112	1	0.10000000000000001	0.33333333333333331	73	93	27	93	0.33333333333333331
100	112	1	0.10000000000000001	0.33333333333333331	73	93	27	19	0.33333333333333331
100	112	1	0.10000000000000001	0.33333333333333331	73	93	73	19	0.33333333333333331
100	112	1	0.10000000000000001	0.33333333333333331	73	93	450	56	1.5214465272613868
100	112	1	0.10000000000000001	0.33333333333333331	27	93	50	56	0.18811319392805356
100	112	1	0.10000000000000001	0.33333333333333331	27	93	90	56	0.32144652726138695
100	112	1	0.10000000000000001	0.33333333333333331	27	93	50	96	0.32144652726138695
100	112	1	0.10000000000000001	0.33333333333333331	27	93	10	56	0.32144652726138695
100	112	1	0.10000000000000001	0.33333333333333331	27	93	50	16	0.32144652726138695
100	112	1	0.10000000000000001	0.33333333333333331	27	93	73	93	0.33333333333333331
100	112	1	0.10000000000000001	0.33333333333333331	27	93	27	93	0.33333333333333331
100	112	1	0.10000000000000001	0.33333333333333331	27	93	27	19	0.33333333333333331
100	112	1	0.10000000000000001	0.33333333333333331	27	93	73	19	0.33333333333333331
100	112	1	0.10000000000000001	0.33333333333333331	27	93	450	56	1.5214465272613868
100	112	1	0.10000000000000001	0.33333333333333331	27	19	50	56	0.18811319392805356
100	112	1	0.10000000000000001	0.33333333333333331	27	19	90	56	0.32144652726138695
100	112	1	0.10000000000000001	0.33333333333333331	27	19	50	96	0.32144652726138695
100	112	1	0.10000000000000001	0.33333333333333331	27	19	10	56	0.32144652726138695
100	112	1	0.10000000000000001	0.33333333333333331	27	19	50	16	0.32144652726138695
100	112	1	0.10000000000000001	0.33333333333333331	27	19	73	93	0.33333333333333331
100	112	1	0.10000000000000001	0.33333333333333331	27	19	27	93	0.33333333333333331
100	112	1	0.10000000000000001	0.33333333333333331	27	19	27	19	0.33333333333333331
100	112	1	0.10000000000000001	0.33333333333333331	27	19	73	19	0.33333333333333331
100	112	1	0.10000000000000001	0.33333333333333331	27	19	450	56	1.5214465272613868
100	112	1	0.10000000000000001	0.33333333333333331	73	19	50	56	0.18811319392805356
100	112	1	0.10000000000000001	0.33333333333333331	73	19	90	56	0.32144652726138695
100	112	1	0.10000000000000001	0.33333333333333331	73	19	50	96	0.32144652726138695
100	112	1	0.10000000000000001	0.33333333333333331	73	19	10	56	0.32144652726138695
100	112	1	0.10000000000000001	0.33333333333333331	73	19	50	16	0.32144652726138695
100	112	1	0.10000000000000001	0.33333333333333331	73	19	73	93	0.33333333333333331
100	112	1	0.10000000000000001	0.33333333333333331	73	19	27	93	0.33333333333333331
100	112	1	0.10000000000000001	0.33333333333333331	73	19	27	19	0.33333333333333331
100	112	1	0.10000000000000001	0.33333333333333331	73	19	73	19	0.33333333333333331
100	112	1	0.10000000000000001	0.33333333333333331	73	19	450	56	1.5214465272613868
100	112	1	0.10000000000000001	0.33333333333333331	450	56	50	56	-1
100	112	1	0.10000000000000001	0.33333333333333331	450	56	90	56	-0.8666666666666667
100	112	1	0.10000000000000001	0.33333333333333331	450	56	50	96	-0.8666666666666667
100	112	1	0.10000000000000001	0.33333333333333331	450	56	10	56	-0.8666666666666667
100	112	1	0.10000000000000001	0.33333333333333331	450	56	50	16	-0.8666666666666667
100	112	1	0.10000000000000001	0.33333333333333331	450	56	73	93	-0.85477986059472011
100	112	1	0.10000000000000001	0.33333333333333331	450	56	27	93	-0.85477986059472011
100	112	1	0.10000000000000001	0.33333333333333331	450	56	27	19	-0.85477986059472011
100	112	1	0.10000000000000001	0.33333333333333331	450	56	73	19	-0.85477986059472011
100	112	1	0.10000000000000001	0.33333333333333331	450	56	450	56	0.33333333333333331
100	112	1	0.33333333333333331	1	50	56	50	56	1
100	112	1	0.33333333333333331	1	50	56	90	56	1.1333333333333333
100	112	1	0.33333333333333331	1	50	56	50	96	1.1333333333333333
100	112	1	0.33333333333333331	1	50	56	10	56	1.1333333333333333
100	112	1	0.33333333333333331	1	50	56	50	16	1.1333333333333333
100	112	1	0.33333333333333331	1	50	56	73	93	1.1452201394052799
100	112	1	0.33333333333333331	1	50	56	27	93	1.1452201394052799
100	112	1	0.33333333333333331	1	50	56	27	19	1.1452201394052799
100	112	1	0.33333333333333331	1	50	56	73	19	1.1452201394052799
100	112	1	0.33333333333333331	1	50	56	450	56	2.3333333333333335
100	112	1	0.33333333333333331	1	90	56	50	56	0.8666666666666667
100	112	1	0.33333333333333331	1	90	56	90	56	1
100	112	1	0.33333333333333331	1	90	56	50	96	1
100	112	1	0.33333333333333331	1	90	56	10	56	1
100	112	1	0.33333333333333331	1	90	56	50	16	1
100	112	1	0.33333333333333331	1	90	56	73	93	1.0118868060719466
100	112	1	0.33333333333333331	1	90	56	27	93	1.0118868060719466
100	112	1	0.33333333333333331	1	90	56	27	19	1.0118868060719466
100	112	1	0.33333333333333331	1	90	56	73	19	1.0118868060719466
100	112	1	0.33333333333333331	1	90	56	450	56	2.2000000000000002
100	112	1	0.33333333333333331	1	50	96	50	56	0.8666666666666667
100	112	1	0.33333333333333331	1	50	96	90	56	1
100	112	1	0.33333333333333331	1	50	96	50	96	1
100	112	1	0.33333333333333331	1	50	96	10	56	1
100	112	1	0.33333333333333331	1	50	96	50	16	1
100	112	1	0.33333333333333331	1	50	96	73	93	1.0118868060719466
100	112	1	0.33333333333333331	1	50	96	27	93	1.0118868060719466
100	112	1	0.33333333333333331	1	50	96	27	19	1.0118868060719466
100	112	1	0.33333333333333331	1	50	96	73	19	1.0118868060719466
100	112	1	0.33333333333333331	1	50	96	450	56	2.2000000000000002
100	112	1	0.33333333333333331	1	10	56	50	56	0.8666666666666667
100	112	1	0.33333333333333331	1	10	56	90	56	1
100	112	1	0.33333333333333331	1	10	56	50	96	1
100	112	1	0.33333333333333331	1	10	56	10	56	1
100	112	1	0.33333333333333331	1	10	56	50	16	1
100	112	1	0.33333333333333331	1	10	56	73	93	1.0118868060719466
100	112	1	0.33333333333333331	1	10	56	27	93	1.0118868060719466
100	112	1	0.33333333333333331	1	10	56	27	19	1.0118868060719466
100	112	1	0.33333333333333331	1	10	56	73	19	1.0118868060719466
100	112	1	0.33333333333333331	1	10	56	450	56	2.2000000000000002
100	112	1	0.33333333333333331	1	50	16	50	56	0.8666666666666667
100	112	1	0.33333333333333331	1	50	16	90	56	1
100	112	1	0.33333333333333331	1	50	16	50	96	1
100	112	1	0.33333333333333331	1	50	16	10	56	1
100	112	1	0.33333333333333331	1	50	16	50	16	1
100	112	1	0.33333333333333331	1	50	16	73	93	1.0118868060719466
100	112	1	0.33333333333333331	1	50	16	27	93	1.0118868060719466
100	112	1	0.33333333333333331	1	50	16	27	19	1.0118868060719466
100	112	1	0.33333333333333331	1	50	16	73	19	1.0118868060719466
100	112	1	0.33333333333333331	1	50	16	450	56	2.2000000000000002
100	112	1	0.33333333333333331	1	73	93	50	56	0.85477986059472011
100	112	1	0.33333333333333331	1	73	93	90	56	0.98811319392805352
100	112	1	0.33333333333333331	1	73	93	50	96	0.98811319392805352
100	112	1	0.33333333333333331	1	73	93	10	56	0.98811319392805352
100	112	1	0.33333333333333331	1	73	93	50	16	0.98811319392805352
100	112	1	0.33333333333333331	1	73	93	73	93	1
100	112	1	0.33333333333333331	1	73	93	27	93	1
100	112	1	0.33333333333333331	1	73	93	27	19	1
100	112	1	0.33333333333333331	1	73	93	73	19	1
100	112	1	0.33333333333333331	1	73	93	450	56	2.1881131939280536
100	112	1	0.33333333333333331	1	27	93	50	56	0.85477986059472011
100	112	1	0.33333333333333331	1	27	93	90	56	0.98811319392805352
100	112	1	0.33333333333333331	1	27	93	50	96	0.98811319392805352
100	112	1	0.33333333333333331	1	27	93	10	56	0.98811319392805352
100	112	1	0.33333333333333331	1	27	93	50	16	0.98811319392805352
100	112	1	0.33333333333333331	1	27	93	73	93	1
100	112	1	0.33333333333333331	1	27	93	27	93	1
100	112	1	0.33333333333333331	1	27	93	27	19	1
100	112	1	0.33333333333333331	1	27	93	73	19	1
100	112	1	0.33333333333333331	1	27	93	450	56	2.1881131939280536
100	112	1	0.33333333333333331	1	27	19	50	56	0.85477986059472011
100	112	1	0.33333333333333331	1	27	19	90	56	0.98811319392805352
100	112	1	0.33333333333333331	1	27	19	50	96	0.98811319392805352
100	112	1	0.33333333333333331	1	27	19	10	56	0.98811319392805352
100	112	1	0.33333333333333331	1	27	19	50	16	0.98811319392805352
100	112	1	0.33333333333333331	1	27	19	73	93	1
100	112	1	0.33333333333333331	1	27	19	27	93	1
100	112	1	0.33333333333333331	1	27	19	27	19	1
100	112	1	0.33333333333333331	1	27	19	73	19	1
100	112	1	0.33333333333333331	1	27	19	450	56	2.1881131939280536
100	112	1	0.33333333333333331	1	73	19	50	56	0.85477986059472011
100	112	1	0.33333333333333331	1	73	19	90	56	0.98811319392805352
100	112	1	0.33333333333333331	1	73	19	50	96	0.98811319392805352
100	112	1	0.33333333333333331	1	73	19	10	56	0.98811319392805352
100	112	1	0.33333333333333331	1	73	19	50	16	0.98811319392805352
100	112	1	0.33333333333333331	1	73	19	73	93	1
100	112	1	0.33333333333333331	1	73	19	27	93	1
100	112	1	0.33333333333333331	1	73	19	27	19	1
100	112	1	0.33333333333333331	1	73	19	73	19	1
100	112	1	0.33333333333333331	1	73	19	450	56	2.1881131939280536
100	112	1	0.33333333333333331	1	450	56	50	56	-0.33333333333333331
100	112	1	0.33333333333333331	1	450	56	90	56	-0.20000000000000001
100	112	1	0.33333333333333331	1	450	56	50	96	-0.20000000000000001
100	112	1	0.33333333333333331	1	450	56	10	56	-0.20000000000000001
100	112	1	0.33333333333333331	1	450	56	50	16	-0.20000000000000001
100	112	1	0.33333333333333331	1	450	56	73	93	-0.18811319392805356
100	112	1	0.33333333333333331	1	450	56	27	93	-0.18811319392805356
100	112	1	0.33333333333333331	1	450	56	27	19	-0.18811319392805356
100	112	1	0.33333333333333331	1	450	56	73	19	-0.18811319392805356
100	112	1	0.33333333333333331	1	450	56	450	56	1
100	112	1	1	1.25	50	56	50	56	1.25
100	112	1	1	1.25	50	56	90	56	1.3833333333333333
100	112	1	1	1.25	50	56	50	96	1.3833333333333333
100	112	1	1	1.25	50	56	10	56	1.3833333333333333
100	112	1	1	1.25	50	56	50	16	1.3833333333333333
100	112	1	1	1.25	50	56	73	93	1.3952201394052799
100	112	1	1	1.25	50	56	27	93	1.3952201394052799
100	112	1	1	1.25	50	56	27	19	1.3952201394052799
100	112	1	1	1.25	50	56	73	19	1.3952201394052799
100	112	1	1	1.25	50	56	450	56	2.5833333333333335
100	112	1	1	1.25	90	56	50	56	1.1166666666666667
100	112	1	1	1.25	90	56	90	56	1.25
100	112	1	1	1.25	90	56	50	96	1.25
100	112	1	1	1.25	90	56	10	56	1.25
100	112	1	1	1.25	90	56	50	16	1.25
100	112	1	1	1.25	90	56	73	93	1.2618868060719466
100	112	1	1	1.25	90	56	27	93	1.2618868060719466
100	112	1	1	1.25	90	56	27	19	1.2618868060719466
100	112	1	1	1.25	90	56	73	19	1.2618868060719466
100	112	1	1	1.25	90	56	450	56	2.4500000000000002
100	112	1	1	1.25	50	96	50	56	1.1166666666666667
100	112	1	1	1.25	50	96	90	56	1.25
100	112	1	1	1.25	50	96	50	96	1.25
100	112	1	1	1.25	50	96	10	56	1.25
100	112	1	1	1.25	50	96	50	16	1.25
100	112	1	1	1.25	50	96	73	93	1.2618868060719466
100	112	1	1	1.25	50	96	27	93	1.2618868060719466
100	112	1	1	1.25	50	96	27	19	1.2618868060719466
100	112	1	1	1.25	50	96	73	19	1.2618868060719466
100	112	1	1	1.25	50	96	450	56	2.4500000000000002
100	112	1	1	1.25	10	56	50	56	1.1166666666666667
100	112	1	1	1.25	10	56	90	56	1.25
100	112	1	1	1.25	10	56	50	96	1.25
100	112	1	1	1.25	10	56	10	56	1.25
100	112	1	1	1.25	10	56	50	16	1.25
100	112	1	1	1.25	10	56	73	93	1.2618868060719466
100	112	1	1	1.25	10	56	27	93	1.2618868060719466
100	112	1	1	1.25	10	56	27	19	1.2618868060719466
100	112	1	1	1.25	10	56	73	19	1.2618868060719466
100	112	1	1	1.25	10	56	450	56	2.4500000000000002
100	112	1	1	1.25	50	16	50	56	1.1166666666666667
100	112	1	1	1.25	50	16	90	56	1.25
100	112	1	1	1.25	50	16	50	96	1.25
100	112	1	1	1.25	50	16	10	56	1.25
100	112	1	1	1.25	50	16	50	16	1.25
100	112	1	1	1.25	50	16	73	93	1.2618868060719466
100	112	1	1	1.25	50	16	27	93	1.2618868060719466
100	112	1	1	1.25	50	16	27	19	1.2618868060719466
100	112	1	1	1.25	50	16	73	19	1.2618868060719466
100	112	1	1	1.25	50	16	450	56	2.4500000000000002
100	112	1	1	1.25	73	93	50	56	1.1047798605947201
100	112	1	1	1.25	73	93	90	56	1.2381131939280534
100	112	1	1	1.25	73	93	50	96	1.2381131939280534
100	112	1	1	1.25	73	93	10	56	1.2381131939280534
100	112	1	1	1.25	73	93	50	16	1.2381131939280534
100	112	1	1	1.25	73	93	73	93	1.25
100	112	1	1	1.25	73	93	27	93	1.25
100	112	1	1	1.25	73	93	27	19	1.25
100	112	1	1	1.25	73	93	73	19	1.25
100	112	1	1	1.25	73	93	450	56	2.4381131939280536
100	112	1	1	1.25	27	93	50	56	1.1047798605947201
100	112	1	1	1.25	27	93	90	56	1.2381131939280534
100	112	1	1	1.25	27	93	50	96	1.2381131939280534
100	112	1	1	1.25	27	93	10	56	1.2381131939280534
100	112	1	1	1.25	27	93	50	16	1.2381131939280534
100	112	1	1	1.25	27	93	73	93	1.25
100	112	1	1	1.25	27	93	27	93	1.25
100	112	1	1	1.25	27	93	27	19	1.25
100	112	1	1	1.25	27	93	73	19	1.25
100	112	1	1	1.25	27	93	450	56	2.4381131939280536
100	112	1	1	1.25	27	19	50	56	1.1047798605947201
100	112	1	1	1.25	27	19	90	56	1.2381131939280534
100	112	1	1	1.25	27	19	50	96	1.2381131939280534
100	112	1	1	1.25	27	19	10	56	1.2381131939280534
100	112	1	1	1.25	27	19	50	16	1.2381131939280534
100	112	1	1	1.25	27	19	73	93	1.25
100	112	1	1	1.25	27	19	27	93	1.25
100	112	1	1	1.25	27	19	27	19	1.25
100	112	1	1	1.25	27	19	73	19	1.25
100	112	1	1	1.25	27	19	450	56	2.4381131939280536
100	112	1	1	1.25	73	19	50	56	1.1047798605947201
100	112	1	1	1.25	73	19	90	56	1.2381131939280534
100	112	1	1	1.25	73	19	50	96	1.2381131939280534
100	112	1	1	1.25	73	19	10	56	1.2381131939280534
100	112	1	1	1.25	73	19	50	16	1.2381131939280534
100	112	1	1	1.25	73	19	73	93	1.25
100	112	1	1	1.25	73	19	27	93	1.25
100	112	1	1	1.25	73	19	27	19	1.25
100	112	1	1	1.25	73	19	73	19	1.25
100	112	1	1	1.25	73	19	450	56	2.4381131939280536
100	112	1	1	1.25	450	56	50	56	-0.083333333333333329
100	112	1	1	1.25	450	56	90	56	0.050000000000000003
100	112	1	1	1.25	450	56	50	96	0.050000000000000003
100	112	1	1	1.25	450	56	10	56	0.050000000000000003
100	112	1	1	1.25	450	56	50	16	0.050000000000000003
100	112	1	1	1.25	450	56	73	93	0.061886806071946431
100	112	1	1	1.25	450	56	27	93	0.061886806071946431
100	112	1	1	1.25	450	56	27	19	0.061886806071946431
100	112	1	1	1.25	450	56	73	19	0.061886806071946431
100	112	1	1	1.25	450	56	450	56	1.25
100	112	1	1.25	2	50	56	50	56	2
100	112	1	1.25	2	50	56	90	56	2.1333333333333333
100	112	1	1.25	2	50	56	50	96	2.1333333333333333
100	112	1	1.25	2	50	56	10	56	2.1333333333333333
100	112	1	1.25	2	50	56	50	16	2.1333333333333333
100	112	1	1.25	2	50	56	73	93	2.1452201394052794
100	112	1	1.25	2	50	56	27	93	2.1452201394052794
100	112	1	1.25	2	50	56	27	19	2.1452201394052794
100	112	1	1.25	2	50	56	73	19	2.1452201394052794
100	112	1	1.25	2	50	56	450	56	3.3333333333333335
100	112	1	1.25	2	90	56	50	56	1.8666666666666667
100	112	1	1.25	2	90	56	90	56	2
100	112	1	1.25	2	90	56	50	96	2
100	112	1	1.25	2	90	56	10	56	2
100	112	1	1.25	2	90	56	50	16	2
100	112	1	1.25	2	90	56	73	93	2.0118868060719461
100	112	1	1.25	2	90	56	27	93	2.0118868060719461
100	112	1	1.25	2	90	56	27	19	2.0118868060719461
100	112	1	1.25	2	90	56	73	19	2.0118868060719461
100	112	1	1.25	2	90	56	450	56	3.2000000000000002
100	112	1	1.25	2	50	96	50	56	1.8666666666666667
100	112	1	1.25	2	50	96	90	56	2
100	112	1	1.25	2	50	96	50	96	2
100	112	1	1.25	2	50	96	10	56	2
100	112	1	1.25	2	50	96	50	16	2
100	112	1	1.25	2	50	96	73	93	2.0118868060719461
100	112	1	1.25	2	50	96	27	93	2.0118868060719461
100	112	1	1.25	2	50	96	27	19	2.0118868060719461
100	112	1	1.25	2	50	96	73	19	2.0118868060719461
100	112	1	1.25	2	50	96	450	56	3.2000000000000002
100	112	1	1.25	2	10	56	50	56	1.8666666666666667
100	112	1	1.25	2	10	56	90	56	2
100	112	1	1.25	2	10	56	50	96	2
100	112	1	1.25	2	10	56	10	56	2
100	112	1	1.25	2	10	56	50	16	2
100	112	1	1.25	2	10	56	73	93	2.0118868060719461
100	112	1	1.25	2	10	56	27	93	2.0118868060719461
100	112	1	1.25	2	10	56	27	19	2.0118868060719461
100	112	1	1.25	2	10	56	73	19	2.0118868060719461
100	112	1	1.25	2	10	56	450	56	3.2000000000000002
100	112	1	1.25	2	50	16	50	56	1.8666666666666667
100	112	1	1.25	2	50	16	90	56	2
100	112	1	1.25	2	50	16	50	96	2
100	112	1	1.25	2	50	16	10	56	2
100	112	1	1.25	2	50	16	50	16	2
100	112	1	1.25	2	50	16	73	93	2.0118868060719461
100	112	1	1.25	2	50	16	27	93	2.0118868060719461
100	112	1	1.25	2	50	16	27	19	2.0118868060719461
100	112	1	1.25	2	50	16	73	19	2.0118868060719461
100	112	1	1.25	2	50	16	450	56	3.2000000000000002
100	112	1	1.25	2	73	93	50	56	1.8547798605947203
100	112	1	1.25	2	73	93	90	56	1.9881131939280536
100	112	1	1.25	2	73	93	50	96	1.9881131939280536
100	112	1	1.25	2	73	93	10	56	1.9881131939280536
100	112	1	1.25	2	73	93	50	16	1.9881131939280536
100	112	1	1.25	2	73	93	73	93	2
100	112	1	1.25	2	73	93	27	93	2
100	112	1	1.25	2	73	93	27	19	2
100	112	1	1.25	2	73	93	73	19	2
100	112	1	1.25	2	73	93	450	56	3.1881131939280536
100	112	1	1.25	2	27	93	50	56	1.8547798605947203
100	112	1	1.25	2	27	93	90	56	1.9881131939280536
100	112	1	1.25	2	27	93	50	96	1.9881131939280536
100	112	1	1.25	2	27	93	10	56	1.9881131939280536
100	112	1	1.25	2	27	93	50	16	1.9881131939280536
100	112	1	1.25	2	27	93	73	93	2
100	112	1	1.25	2	27	93	27	93	2
100	112	1	1.25	2	27	93	27	19	2
100	112	1	1.25	2	27	93	73	19	2
100	112	1	1.25	2	27	93	450	56	3.1881131939280536
100	112	1	1.25	2	27	19	50	56	1.8547798605947203
100	112	1	1.25	2	27	19	90	56	1.9881131939280536
100	112	1	1.25	2	27	19	50	96	1.9881131939280536
100	112	1	1.25	2	27	19	10	56	1.9881131939280536
100	112	1	1.25	2	27	19	50	16	1.9881131939280536
100	112	1	1.25	2	27	19	73	93	2
100	112	1	1.25	2	27	19	27	93	2
100	112	1	1.25	2	27	19	27	19	2
100	112	1	1.25	2	27	19	73	19	2
100	112	1	1.25	2	27	19	450	56	3.1881131939280536
100	112	1	1.25	2	73	19	50	56	1.8547798605947203
100	112	1	1.25	2	73	19	90	56	1.9881131939280536
100	112	1	1.25	2	73	19	50	96	1.9881131939280536
100	112	1	1.25	2	73	19	10	56	1.9881131939280536
100	112	1	1.25	2	73	19	50	16	1.9881131939280536
100	112	1	1.25	2	73	19	73	93	2
100	112	1	1.25	2	73	19	27	93	2
100	112	1	1.25	2	73	19	27	19	2
100	112	1	1.25	2	73	19	73	19	2
100	112	1	1.25	2	73	19	450	56	3.1881131939280536
100	112	1	1.25	2	450	56	50	56	0.66666666666666663
100	112	1	1.25	2	450	56	90	56	0.80000000000000004
100	112	1	1.25	2	450	56	50	96	0.80000000000000004
100	112	1	1.25	2	450	56	10	56	0.80000000000000004
100	112	1	1.25	2	450	56	50	16	0.80000000000000004
100	112	1	1.25	2	450	56	73	93	0.81188680607194641
100	112	1	1.25	2	450	56	27	93	0.81188680607194641
100	112	1	1.25	2	450	56	27	19	0.81188680607194641
100	112	1	1.25	2	450	56	73	19	0.81188680607194641
100	112	1	1.25	2	450	56	450	56	2
100	112	1	2	16	50	56	50	56	16
100	112	1	2	16	50	56	90	56	16.133333333333333
100	112	1	2	16	50	56	50	96	16.133333333333333
100	112	1	2	16	50	56	10	56	16.133333333333333
100	112	1	2	16	50	56	50	16	16.133333333333333
100	112	1	2	16	50	56	73	93	16.145220139405279
100	112	1	2	16	50	56	27	93	16.145220139405279
100	112	1	2	16	50	56	27	19	16.145220139405279
100	112	1	2	16	50	56	73	19	16.145220139405279
100	112	1	2	16	50	56	450	56	17.333333333333332
100	112	1	2	16	90	56	50	56	15.866666666666667
100	112	1	2	16	90	56	90	56	16
100	112	1	2	16	90	56	50	96	16
100	112	1	2	16	90	56	10	56	16
100	112	1	2	16	90	56	50	16	16
100	112	1	2	16	90	56	73	93	16.011886806071946
100	112	1	2	16	90	56	27	93	16.011886806071946
100	112	1	2	16	90	56	27	19	16.011886806071946
100	112	1	2	16	90	56	73	19	16.011886806071946
100	112	1	2	16	90	56	450	56	17.199999999999999
100	112	1	2	16	50	96	50	56	15.866666666666667
100	112	1	2	16	50	96	90	56	16
100	112	1	2	16	50	96	50	96	16
100	112	1	2	16	50	96	10	56	16
100	112	1	2	16	50	96	50	16	16
100	112	1	2	16	50	96	73	93	16.011886806071946
100	112	1	2	16	50	96	27	93	16.011886806071946
100	112	1	2	16	50	96	27	19	16.011886806071946
100	112	1	2	16	50	96	73	19	16.011886806071946
100	112	1	2	16	50	96	450	56	17.199999999999999
100	112	1	2	16	10	56	50	56	15.866666666666667
100	112	1	2	16	10	56	90	56	16
100	112	1	2	16	10	56	50	96	16
100	112	1	2	16	10	56	10	56	16
100	112	1	2	16	10	56	50	16	16
100	112	1	2	16	10	56	73	93	16.011886806071946
100	112	1	2	16	10	56	27	93	16.011886806071946
100	112	1	2	16	10	56	27	19	16.011886806071946
100	112	1	2	16	10	56	73	19	16.011886806071946
100	112	1	2	16	10	56	450	56	17.199999999999999
100	112	1	2	16	50	16	50	56	15.866666666666667
100	112	1	2	16	50	16	90	56	16
100	112	1	2	16	50	16	50	96	16
100	112	1	2	16	50	16	10	56	16
100	112	1	2	16	50	16	50	16	16
100	112	1	2	16	50	16	73	93	16.011886806071946
100	112	1	2	16	50	16	27	93	16.011886806071946
100	112	1	2	16	50	16	27	19	16.011886806071946
100	112	1	2	16	50	16	73	19	16.011886806071946
100	112	1	2	16	50	16	450	56	17.199999999999999
100	112	1	2	16	73	93	50	56	15.85477986059472
100	112	1	2	16	73	93	90	56	15.988113193928054
100	112	1	2	16	73	93	50	96	15.988113193928054
100	112	1	2	16	73	93	10	56	15.988113193928054
100	112	1	2	16	73	93	50	16	15.988113193928054
100	112	1	2	16	73	93	73	93	16
100	112	1	2	16	73	93	27	93	16
100	112	1	2	16	73	93	27	19	16
100	112	1	2	16	73	93	73	19	16
100	112	1	2	16	73	93	450	56	17.188113193928054
100	112	1	2	16	27	93	50	56	15.85477986059472
100	112	1	2	16	27	93	90	56	15.988113193928054
100	112	1	2	16	27	93	50	96	15.988113193928054
100	112	1	2	16	27	93	10	56	15.988113193928054
100	112	1	2	16	27	93	50	16	15.988113193928054
100	112	1	2	16	27	93	73	93	16
100	112	1	2	16	27	93	27	93	16
100	112	1	2	16	27	93	27	19	16
100	112	1	2	16	27	93	73	19	16
100	112	1	2	16	27	93	450	56	17.188113193928054
100	112	1	2	16	27	19	50	56	15.85477986059472
100	112	1	2	16	27	19	90	56	15.988113193928054
100	112	1	2	16	27	19	50	96	15.988113193928054
100	112	1	2	16	27	19	10	56	15.988113193928054
100	112	1	2	16	27	19	50	16	15.988113193928054
100	112	1	2	16	27	19	73	93	16
100	112	1	2	16	27	19	27	93	16
100	112	1	2	16	27	19	27	19	16
100	112	1	2	16	27	19	73	19	16
100	112	1	2	16	27	19	450	56	17.188113193928054
100	112	1	2	16	73	19	50	56	15.85477986059472
100	112	1	2	16	73	19	90	56	15.988113193928054
100	112	1	2	16	73	19	50	96	15.988113193928054
100	112	1	2	16	73	19	10	56	15.988113193928054
100	112	1	2	16	73	19	50	16	15.988113193928054
100	112	1	2	16	73	19	73	93	16
100	112	1	2	16	73	19	27	93	16
100	112	1	2	16	73	19	27	19	16
100	112	1	2	16	73	19	73	19	16
100	112	1	2	16	73	19	450	56	17.188113193928054
100	112	1	2	16	450	56	50	56	14.666666666666666
100	112	1	2	16	450	56	90	56	14.800000000000001
100	112	1	2	16	450	56	50	96	14.800000000000001
100	112	1	2	16	450	56	10	56	14.800000000000001
100	112	1	2	16	450	56	50	16	14.800000000000001
100	112	1	2	16	450	56	73	93	14.811886806071946
100	112	1	2	16	450	56	27	93	14.811886806071946
100	112	1	2	16	450	56	27	19	14.811886806071946
100	112	1	2	16	450	56	73	19	14.811886806071946
100	112	1	2	16	450	56	450	56	16
100	112	1	16	0.10000000000000001	50	56	50	56	16
100	112	1	16	0.10000000000000001	50	56	90	56	16.133333333333333
100	112	1	16	0.10000000000000001	50	56	50	96	16.133333333333333
100	112	1	16	0.10000000000000001	50	56	10	56	16.133333333333333
100	112	1	16	0.10000000000000001	50	56	50	16	16.133333333333333
100	112	1	16	0.10000000000000001	50	56	73	93	16.145220139405279
100	112	1	16	0.10000000000000001	50	56	27	93	16.145220139405279
100	112	1	16	0.10000000000000001	50	56	27	19	16.145220139405279
100	112	1	16	0.10000000000000001	50	56	73	19	16.145220139405279
100	112	1	16	0.10000000000000001	50	56	450	56	17.333333333333332
100	112	1	16	0.10000000000000001	90	56	50	56	15.866666666666667
100	112	1	16	0.10000000000000001	90	56	90	56	16
100	112	1	16	0.10000000000000001	90	56	50	96	16
100	112	1	16	0.10000000000000001	90	56	10	56	16
100	112	1	16	0.10000000000000001	90	56	50	16	16
100	112	1	16	0.10000000000000001	90	56	73	93	16.011886806071946
100	112	1	16	0.10000000000000001	90	56	27	93	16.011886806071946
100	112	1	16	0.10000000000000001	90	56	27	19	16.011886806071946
100	112	1	16	0.10000000000000001	90	56	73	19	16.011886806071946
100	112	1	16	0.10000000000000001	90	56	450	56	17.199999999999999
100	112	1	16	0.10000000000000001	50	96	50	56	15.866666666666667
100	112	1	16	0.10000000000000001	50	96	90	56	16
100	112	1	16	0.10000000000000001	50	96	50	96	16
100	112	1	16	0.10000000000000001	50	96	10	56	16
100	112	1	16	0.10000000000000001	50	96	50	16	16
100	112	1	16	0.10000000000000001	50	96	73	93	16.011886806071946
100	112	1	16	0.10000000000000001	50	96	27	93	16.011886806071946
100	112	1	16	0.10000000000000001	50	96	27	19	16.011886806071946
100	112	1	16	0.10000000000000001	50	96	73	19	16.011886806071946
100	112	1	16	0.10000000000000001	50	96	450	56	17.199999999999999
100	112	1	16	0.10000000000000001	10	56	50	56	15.866666666666667
100	112	1	16	0.10000000000000001	10	56	90	56	16
100	112	1	16	0.10000000000000001	10	56	50	96	16
100	112	1	16	0.10000000000000001	10	56	10	56	16
100	112	1	16	0.10000000000000001	10	56	50	16	16
100	112	1	16	0.10000000000000001	10	56	73	93	16.011886806071946
100	112	1	16	0.10000000000000001	10	56	27	93	16.011886806071946
100	112	1	16	0.10000000000000001	10	56	27	19	16.011886806071946
100	112	1	16	0.10000000000000001	10	56	73	19	16.011886806071946
100	112	1	16	0.10000000000000001	10	56	450	56	17.199999999999999
100	112	1	16	0.10000000000000001	50	16	50	56	15.866666666666667
100	112	1	16	0.10000000000000001	50	16	90	56	16
100	112	1	16	0.10000000000000001	50	16	50	96	16
100	112	1	16	0.10000000000000001	50	16	10	56	16
100	112	1	16	0.10000000000000001	50	16	50	16	16
100	112	1	16	0.10000000000000001	50	16	73	93	16.011886806071946
100	112	1	16	0.10000000000000001	50	16	27	93	16.011886806071946
100	112	1	16	0.10000000000000001	50	16	27	19	16.011886806071946
100	112	1	16	0.10000000000000001	50	16	73	19	16.011886806071946
100	112	1	16	0.10000000000000001	50	16	450	56	17.199999999999999
100	112	1	16	0.10000000000000001	73	93	50	56	15.85477986059472
100	112	1	16	0.10000000000000001	73	93	90	56	15.988113193928054
100	112	1	16	0.10000000000000001	73	93	50	96	15.988113193928054
100	112	1	16	0.10000000000000001	73	93	10	56	15.988113193928054
100	112	1	16	0.10000000000000001	73	93	50	16	15.988113193928054
100	112	1	16	0.10000000000000001	73	93	73	93	16
100	112	1	16	0.10000000000000001	73	93	27	93	16
100	112	1	16	0.10000000000000001	73	93	27	19	16
100	112	1	16	0.10000000000000001	73	93	73	19	16
100	112	1	16	0.10000000000000001	73	93	450	56	17.188113193928054
100	112	1	16	0.10000000000000001	27	93	50	56	15.85477986059472
100	112	1	16	0.10000000000000001	27	93	90	56	15.988113193928054
100	112	1	16	0.10000000000000001	27	93	50	96	15.988113193928054
100	112	1	16	0.10000000000000001	27	93	10	56	15.988113193928054
100	112	1	16	0.10000000000000001	27	93	50	16	15.988113193928054
100	112	1	16	0.10000000000000001	27	93	73	93	16
100	112	1	16	0.10000000000000001	27	93	27	93	16
100	112	1	16	0.10000000000000001	27	93	27	19	16
100	112	1	16	0.10000000000000001	27	93	73	19	16
100	112	1	16	0.10000000000000001	27	93	450	56	17.188113193928054
100	112	1	16	0.10000000000000001	27	19	50	56	15.85477986059472
100	112	1	16	0.10000000000000001	27	19	90	56	15.988113193928054
100	112	1	16	0.10000000000000001	27	19	50	96	15.988113193928054
100	112	1	16	0.10000000000000001	27	19	10	56	15.988113193928054
100	112	1	16	0.10000000000000001	27	19	50	16	15.988113193928054
100	112	1	16	0.10000000000000001	27	19	73	93	16
100	112	1	16	0.10000000000000001	27	19	27	93	16
100	112	1	16	0.10000000000000001	27	19	27	19	16
100	112	1	16	0.10000000000000001	27	19	73	19	16
100	112	1	16	0.10000000000000001	27	19	450	56	17.188113193928054
100	112	1	16	0.10000000000000001	73	19	50	56	15.85477986059472
100	112	1	16	0.10000000000000001	73	19	90	56	15.988113193928054
100	112	1	16	0.10000000000000001	73	19	50	96	15.988113193928054
100	112	1	16	0.10000000000000001	73	19	10	56	15.988113193928054
100	112	1	16	0.10000000000000001	73	19	50	16	15.988113193928054
100	112	1	16	0.10000000000000001	73	19	73	93	16
100	112	1	16	0.10000000000000001	73	19	27	93	16
100	112	1	16	0.10000000000000001	73	19	27	19	16
100	112	1	16	0.10000000000000001	73	19	73	19	16
100	112	1	16	0.10000000000000001	73	19	450	56	17.188113193928054
100	112	1	16	0.10000000000000001	450	56	50	56	14.666666666666666
100	112	1	16	0.10000000000000001	450	56	90	56	14.800000000000001
100	112	1	16	0.10000000000000001	450	56	50	96	14.800000000000001
100	112	1	16	0.10000000000000001	450	56	10	56	14.800000000000001
100	112	1	16	0.10000000000000001	450	56	50	16	14.800000000000001
100	112	1	16	0.10000000000000001	450	56	73	93	14.811886806071946
100	112	1	16	0.10000000000000001	450	56	27	93	14.811886806071946
100	112	1	16	0.10000000000000001	450	56	27	19	14.811886806071946
100	112	1	16	0.10000000000000001	450	56	73	19	14.811886806071946
100	112	1	16	0.10000000000000001	450	56	450	56	16
101	113	0	0.10000000000000001	0.33333333333333331	50	56	50	56	0.33333333333333331
101	113	0	0.10000000000000001	0.33333333333333331	50	56	90	56	0.46666666666666667
101	113	0	0.10000000000000001	0.33333333333333331	50	56	50	96	0.46666666666666667
101	113	0	0.10000000000000001	0.33333333333333331	50	56	10	56	0.46666666666666667
101	113	0	0.10000000000000001	0.33333333333333331	50	56	50	16	0.46666666666666667
101	113	0	0.10000000000000001	0.33333333333333331	50	56	73	93	0.47855347273861309
101	113	0	0.10000000000000001	0.33333333333333331	50	56	27	93	0.47855347273861309
101	113	0	0.10000000000000001	0.33333333333333331	50	56	27	19	0.47855347273861309
101	113	0	0.10000000000000001	0.33333333333333331	50	56	73	19	0.47855347273861309
101	113	0	0.10000000000000001	0.33333333333333331	50	56	450	56	1.6666666666666667
101	113	0	0.10000000000000001	0.33333333333333331	90	56	50	56	0.20000000000000001
101	113	0	0.10000000000000001	0.33333333333333331	90	56	90	56	0.33333333333333331
101	113	0	0.10000000000000001	0.33333333333333331	90	56	50	96	0.33333333333333331
101	113	0	0.10000000000000001	0.33333333333333331	90	56	10	56	0.33333333333333331
101	113	0	0.10000000000000001	0.33333333333333331	90	56	50	16	0.33333333333333331
101	113	0	0.10000000000000001	0.33333333333333331	90	56	73	93	0.34522013940527974
101	113	0	0.10000000000000001	0.33333333333333331	90	56	27	93	0.34522013940527974
101	113	0	0.10000000000000001	0.33333333333333331	90	56	27	19	0.34522013940527974
101	113	0	0.10000000000000001	0.33333333333333331	90	56	73	19	0.34522013940527974
101	113	0	0.10000000000000001	0.33333333333333331	90	56	450	56	1.5333333333333334
101	113	0	0.10000000000000001	0.33333333333333331	50	96	50	56	0.20000000000000001
101	113	0	0.10000000000000001	0.33333333333333331	50	96	90	56	0.33333333333333331
101	113	0	0.10000000000000001	0.33333333333333331	50	96	50	96	0.33333333333333331
101	113	0	0.10000000000000001	0.33333333333333331	50	96	10	56	0.33333333333333331
101	113	0	0.10000000000000001	0.33333333333333331	50	96	50	16	0.33333333333333331
101	113	0	0.10000000000000001	0.33333333333333331	50	96	73	93	0.34522013940527974
101	113	0	0.10000000000000001	0.33333333333333331	50	96	27	93	0.34522013940527974
101	113	0	0.10000000000000001	0.33333333333333331	50	96	27	19	0.34522013940527974
101	113	0	0.10000000000000001	0.33333333333333331	50	96	73	19	0.34522013940527974
101	113	0	0.10000000000000001	0.33333333333333331	50	96	450	56	1.5333333333333334
101	113	0	0.10000000000000001	0.33333333333333331	10	56	50	56	0.20000000000000001
101	113	0	0.10000000000000001	0.33333333333333331	10	56	90	56	0.33333333333333331
101	113	0	0.10000000000000001	0.33333333333333331	10	56	50	96	0.33333333333333331
101	113	0	0.10000000000000001	0.33333333333333331	10	56	10	56	0.33333333333333331
101	113	0	0.10000000000000001	0.33333333333333331	10	56	50	16	0.33333333333333331
101	113	0	0.10000000000000001	0.33333333333333331	10	56	73	93	0.34522013940527974
101	113	0	0.10000000000000001	0.33333333333333331	10	56	27	93	0.34522013940527974
101	113	0	0.10000000000000001	0.33333333333333331	10	56	27	19	0.34522013940527974
101	113	0	0.10000000000000001	0.33333333333333331	10	56	73	19	0.34522013940527974
101	113	0	0.10000000000000001	0.33333333333333331	10	56	450	56	1.5333333333333334
101	113	0	0.10000000000000001	0.33333333333333331	50	16	50	56	0.20000000000000001
101	113	0	0.10000000000000001	0.33333333333333331	50	16	90	56	0.33333333333333331
101	113	0	0.10000000000000001	0.33333333333333331	50	16	50	96	0.33333333333333331
101	113	0	0.10000000000000001	0.33333333333333331	50	16	10	56	0.33333333333333331
101	113	0	0.10000000000000001	0.33333333333333331	50	16	50	16	0.33333333333333331
101	113	0	0.10000000000000001	0.33333333333333331	50	16	73	93	0.34522013940527974
101	113	0	0.10000000000000001	0.33333333333333331	50	16	27	93	0.34522013940527974
101	113	0	0.10000000000000001	0.33333333333333331	50	16	27	19	0.34522013940527974
101	113	0	0.10000000000000001	0.33333333333333331	50	16	73	19	0.34522013940527974
101	113	0	0.10000000000000001	0.33333333333333331	50	16	450	56	1.5333333333333334
101	113	0	0.10000000000000001	0.33333333333333331	73	93	50	56	0.18811319392805356
101	113	0	0.10000000000000001	0.33333333333333331	73	93	90	56	0.32144652726138695
101	113	0	0.10000000000000001	0.33333333333333331	73	93	50	96	0.32144652726138695
101	113	0	0.10000000000000001	0.33333333333333331	73	93	10	56	0.32144652726138695
101	113	0	0.10000000000000001	0.33333333333333331	73	93	50	16	0.32144652726138695
101	113	0	0.10000000000000001	0.33333333333333331	73	93	73	93	0.33333333333333331
101	113	0	0.10000000000000001	0.33333333333333331	73	93	27	93	0.33333333333333331
101	113	0	0.10000000000000001	0.33333333333333331	73	93	27	19	0.33333333333333331
101	113	0	0.10000000000000001	0.33333333333333331	73	93	73	19	0.33333333333333331
101	113	0	0.10000000000000001	0.33333333333333331	73	93	450	56	1.5214465272613868
101	113	0	0.10000000000000001	0.33333333333333331	27	93	50	56	0.18811319392805356
101	113	0	0.10000000000000001	0.33333333333333331	27	93	90	56	0.32144652726138695
101	113	0	0.10000000000000001	0.33333333333333331	27	93	50	96	0.32144652726138695
101	113	0	0.10000000000000001	0.33333333333333331	27	93	10	56	0.32144652726138695
101	113	0	0.10000000000000001	0.33333333333333331	27	93	50	16	0.32144652726138695
101	113	0	0.10000000000000001	0.33333333333333331	27	93	73	93	0.33333333333333331
101	113	0	0.10000000000000001	0.33333333333333331	27	93	27	93	0.33333333333333331
101	113	0	0.10000000000000001	0.33333333333333331	27	93	27	19	0.33333333333333331
101	113	0	0.10000000000000001	0.33333333333333331	27	93	73	19	0.33333333333333331
101	113	0	0.10000000000000001	0.33333333333333331	27	93	450	56	1.5214465272613868
101	113	0	0.10000000000000001	0.33333333333333331	27	19	50	56	0.18811319392805356
101	113	0	0.10000000000000001	0.33333333333333331	27	19	90	56	0.32144652726138695
101	113	0	0.10000000000000001	0.33333333333333331	27	19	50	96	0.32144652726138695
101	113	0	0.10000000000000001	0.33333333333333331	27	19	10	56	0.32144652726138695
101	113	0	0.10000000000000001	0.33333333333333331	27	19	50	16	0.32144652726138695
101	113	0	0.10000000000000001	0.33333333333333331	27	19	73	93	0.33333333333333331
101	113	0	0.10000000000000001	0.33333333333333331	27	19	27	93	0.33333333333333331
101	113	0	0.10000000000000001	0.33333333333333331	27	19	27	19	0.33333333333333331
101	113	0	0.10000000000000001	0.33333333333333331	27	19	73	19	0.33333333333333331
101	113	0	0.10000000000000001	0.33333333333333331	27	19	450	56	1.5214465272613868
101	113	0	0.10000000000000001	0.33333333333333331	73	19	50	56	0.18811319392805356
101	113	0	0.10000000000000001	0.33333333333333331	73	19	90	56	0.32144652726138695
101	113	0	0.10000000000000001	0.33333333333333331	73	19	50	96	0.32144652726138695
101	113	0	0.10000000000000001	0.33333333333333331	73	19	10	56	0.32144652726138695
101	113	0	0.10000000000000001	0.33333333333333331	73	19	50	16	0.32144652726138695
101	113	0	0.10000000000000001	0.33333333333333331	73	19	73	93	0.33333333333333331
101	113	0	0.10000000000000001	0.33333333333333331	73	19	27	93	0.33333333333333331
101	113	0	0.10000000000000001	0.33333333333333331	73	19	27	19	0.33333333333333331
101	113	0	0.10000000000000001	0.33333333333333331	73	19	73	19	0.33333333333333331
101	113	0	0.10000000000000001	0.33333333333333331	73	19	450	56	1.5214465272613868
101	113	0	0.10000000000000001	0.33333333333333331	450	56	50	56	-1
101	113	0	0.10000000000000001	0.33333333333333331	450	56	90	56	-0.8666666666666667
101	113	0	0.10000000000000001	0.33333333333333331	450	56	50	96	-0.8666666666666667
101	113	0	0.10000000000000001	0.33333333333333331	450	56	10	56	-0.8666666666666667
101	113	0	0.10000000000000001	0.33333333333333331	450	56	50	16	-0.8666666666666667
101	113	0	0.10000000000000001	0.33333333333333331	450	56	73	93	-0.85477986059472011
101	113	0	0.10000000000000001	0.33333333333333331	450	56	27	93	-0.85477986059472011
101	113	0	0.10000000000000001	0.33333333333333331	450	56	27	19	-0.85477986059472011
101	113	0	0.10000000000000001	0.33333333333333331	450	56	73	19	-0.85477986059472011
101	113	0	0.10000000000000001	0.33333333333333331	450	56	450	56	0.33333333333333331
101	113	0	0.33333333333333331	1	50	56	50	56	1
101	113	0	0.33333333333333331	1	50	56	90	56	1.1333333333333333
101	113	0	0.33333333333333331	1	50	56	50	96	1.1333333333333333
101	113	0	0.33333333333333331	1	50	56	10	56	1.1333333333333333
101	113	0	0.33333333333333331	1	50	56	50	16	1.1333333333333333
101	113	0	0.33333333333333331	1	50	56	73	93	1.1452201394052799
101	113	0	0.33333333333333331	1	50	56	27	93	1.1452201394052799
101	113	0	0.33333333333333331	1	50	56	27	19	1.1452201394052799
101	113	0	0.33333333333333331	1	50	56	73	19	1.1452201394052799
101	113	0	0.33333333333333331	1	50	56	450	56	2.3333333333333335
101	113	0	0.33333333333333331	1	90	56	50	56	0.8666666666666667
101	113	0	0.33333333333333331	1	90	56	90	56	1
101	113	0	0.33333333333333331	1	90	56	50	96	1
101	113	0	0.33333333333333331	1	90	56	10	56	1
101	113	0	0.33333333333333331	1	90	56	50	16	1
101	113	0	0.33333333333333331	1	90	56	73	93	1.0118868060719466
101	113	0	0.33333333333333331	1	90	56	27	93	1.0118868060719466
101	113	0	0.33333333333333331	1	90	56	27	19	1.0118868060719466
101	113	0	0.33333333333333331	1	90	56	73	19	1.0118868060719466
101	113	0	0.33333333333333331	1	90	56	450	56	2.2000000000000002
101	113	0	0.33333333333333331	1	50	96	50	56	0.8666666666666667
101	113	0	0.33333333333333331	1	50	96	90	56	1
101	113	0	0.33333333333333331	1	50	96	50	96	1
101	113	0	0.33333333333333331	1	50	96	10	56	1
101	113	0	0.33333333333333331	1	50	96	50	16	1
101	113	0	0.33333333333333331	1	50	96	73	93	1.0118868060719466
101	113	0	0.33333333333333331	1	50	96	27	93	1.0118868060719466
101	113	0	0.33333333333333331	1	50	96	27	19	1.0118868060719466
101	113	0	0.33333333333333331	1	50	96	73	19	1.0118868060719466
101	113	0	0.33333333333333331	1	50	96	450	56	2.2000000000000002
101	113	0	0.33333333333333331	1	10	56	50	56	0.8666666666666667
101	113	0	0.33333333333333331	1	10	56	90	56	1
101	113	0	0.33333333333333331	1	10	56	50	96	1
101	113	0	0.33333333333333331	1	10	56	10	56	1
101	113	0	0.33333333333333331	1	10	56	50	16	1
101	113	0	0.33333333333333331	1	10	56	73	93	1.0118868060719466
101	113	0	0.33333333333333331	1	10	56	27	93	1.0118868060719466
101	113	0	0.33333333333333331	1	10	56	27	19	1.0118868060719466
101	113	0	0.33333333333333331	1	10	56	73	19	1.0118868060719466
101	113	0	0.33333333333333331	1	10	56	450	56	2.2000000000000002
101	113	0	0.33333333333333331	1	50	16	50	56	0.8666666666666667
101	113	0	0.33333333333333331	1	50	16	90	56	1
101	113	0	0.33333333333333331	1	50	16	50	96	1
101	113	0	0.33333333333333331	1	50	16	10	56	1
101	113	0	0.33333333333333331	1	50	16	50	16	1
101	113	0	0.33333333333333331	1	50	16	73	93	1.0118868060719466
101	113	0	0.33333333333333331	1	50	16	27	93	1.0118868060719466
101	113	0	0.33333333333333331	1	50	16	27	19	1.0118868060719466
101	113	0	0.33333333333333331	1	50	16	73	19	1.0118868060719466
101	113	0	0.33333333333333331	1	50	16	450	56	2.2000000000000002
101	113	0	0.33333333333333331	1	73	93	50	56	0.85477986059472011
101	113	0	0.33333333333333331	1	73	93	90	56	0.98811319392805352
101	113	0	0.33333333333333331	1	73	93	50	96	0.98811319392805352
101	113	0	0.33333333333333331	1	73	93	10	56	0.98811319392805352
101	113	0	0.33333333333333331	1	73	93	50	16	0.98811319392805352
101	113	0	0.33333333333333331	1	73	93	73	93	1
101	113	0	0.33333333333333331	1	73	93	27	93	1
101	113	0	0.33333333333333331	1	73	93	27	19	1
101	113	0	0.33333333333333331	1	73	93	73	19	1
101	113	0	0.33333333333333331	1	73	93	450	56	2.1881131939280536
101	113	0	0.33333333333333331	1	27	93	50	56	0.85477986059472011
101	113	0	0.33333333333333331	1	27	93	90	56	0.98811319392805352
101	113	0	0.33333333333333331	1	27	93	50	96	0.98811319392805352
101	113	0	0.33333333333333331	1	27	93	10	56	0.98811319392805352
101	113	0	0.33333333333333331	1	27	93	50	16	0.98811319392805352
101	113	0	0.33333333333333331	1	27	93	73	93	1
101	113	0	0.33333333333333331	1	27	93	27	93	1
101	113	0	0.33333333333333331	1	27	93	27	19	1
101	113	0	0.33333333333333331	1	27	93	73	19	1
101	113	0	0.33333333333333331	1	27	93	450	56	2.1881131939280536
101	113	0	0.33333333333333331	1	27	19	50	56	0.85477986059472011
101	113	0	0.33333333333333331	1	27	19	90	56	0.98811319392805352
101	113	0	0.33333333333333331	1	27	19	50	96	0.98811319392805352
101	113	0	0.33333333333333331	1	27	19	10	56	0.98811319392805352
101	113	0	0.33333333333333331	1	27	19	50	16	0.98811319392805352
101	113	0	0.33333333333333331	1	27	19	73	93	1
101	113	0	0.33333333333333331	1	27	19	27	93	1
101	113	0	0.33333333333333331	1	27	19	27	19	1
101	113	0	0.33333333333333331	1	27	19	73	19	1
101	113	0	0.33333333333333331	1	27	19	450	56	2.1881131939280536
101	113	0	0.33333333333333331	1	73	19	50	56	0.85477986059472011
101	113	0	0.33333333333333331	1	73	19	90	56	0.98811319392805352
101	113	0	0.33333333333333331	1	73	19	50	96	0.98811319392805352
101	113	0	0.33333333333333331	1	73	19	10	56	0.98811319392805352
101	113	0	0.33333333333333331	1	73	19	50	16	0.98811319392805352
101	113	0	0.33333333333333331	1	73	19	73	93	1
101	113	0	0.33333333333333331	1	73	19	27	93	1
101	113	0	0.33333333333333331	1	73	19	27	19	1
101	113	0	0.33333333333333331	1	73	19	73	19	1
101	113	0	0.33333333333333331	1	73	19	450	56	2.1881131939280536
101	113	0	0.33333333333333331	1	450	56	50	56	-0.33333333333333331
101	113	0	0.33333333333333331	1	450	56	90	56	-0.20000000000000001
101	113	0	0.33333333333333331	1	450	56	50	96	-0.20000000000000001
101	113	0	0.33333333333333331	1	450	56	10	56	-0.20000000000000001
101	113	0	0.33333333333333331	1	450	56	50	16	-0.20000000000000001
101	113	0	0.33333333333333331	1	450	56	73	93	-0.18811319392805356
101	113	0	0.33333333333333331	1	450	56	27	93	-0.18811319392805356
101	113	0	0.33333333333333331	1	450	56	27	19	-0.18811319392805356
101	113	0	0.33333333333333331	1	450	56	73	19	-0.18811319392805356
101	113	0	0.33333333333333331	1	450	56	450	56	1
101	113	0	1	1.25	50	56	50	56	1.25
101	113	0	1	1.25	50	56	90	56	1.3833333333333333
101	113	0	1	1.25	50	56	50	96	1.3833333333333333
101	113	0	1	1.25	50	56	10	56	1.3833333333333333
101	113	0	1	1.25	50	56	50	16	1.3833333333333333
101	113	0	1	1.25	50	56	73	93	1.3952201394052799
101	113	0	1	1.25	50	56	27	93	1.3952201394052799
101	113	0	1	1.25	50	56	27	19	1.3952201394052799
101	113	0	1	1.25	50	56	73	19	1.3952201394052799
101	113	0	1	1.25	50	56	450	56	2.5833333333333335
101	113	0	1	1.25	90	56	50	56	1.1166666666666667
101	113	0	1	1.25	90	56	90	56	1.25
101	113	0	1	1.25	90	56	50	96	1.25
101	113	0	1	1.25	90	56	10	56	1.25
101	113	0	1	1.25	90	56	50	16	1.25
101	113	0	1	1.25	90	56	73	93	1.2618868060719466
101	113	0	1	1.25	90	56	27	93	1.2618868060719466
101	113	0	1	1.25	90	56	27	19	1.2618868060719466
101	113	0	1	1.25	90	56	73	19	1.2618868060719466
101	113	0	1	1.25	90	56	450	56	2.4500000000000002
101	113	0	1	1.25	50	96	50	56	1.1166666666666667
101	113	0	1	1.25	50	96	90	56	1.25
101	113	0	1	1.25	50	96	50	96	1.25
101	113	0	1	1.25	50	96	10	56	1.25
101	113	0	1	1.25	50	96	50	16	1.25
101	113	0	1	1.25	50	96	73	93	1.2618868060719466
101	113	0	1	1.25	50	96	27	93	1.2618868060719466
101	113	0	1	1.25	50	96	27	19	1.2618868060719466
101	113	0	1	1.25	50	96	73	19	1.2618868060719466
101	113	0	1	1.25	50	96	450	56	2.4500000000000002
101	113	0	1	1.25	10	56	50	56	1.1166666666666667
101	113	0	1	1.25	10	56	90	56	1.25
101	113	0	1	1.25	10	56	50	96	1.25
101	113	0	1	1.25	10	56	10	56	1.25
101	113	0	1	1.25	10	56	50	16	1.25
101	113	0	1	1.25	10	56	73	93	1.2618868060719466
101	113	0	1	1.25	10	56	27	93	1.2618868060719466
101	113	0	1	1.25	10	56	27	19	1.2618868060719466
101	113	0	1	1.25	10	56	73	19	1.2618868060719466
101	113	0	1	1.25	10	56	450	56	2.4500000000000002
101	113	0	1	1.25	50	16	50	56	1.1166666666666667
101	113	0	1	1.25	50	16	90	56	1.25
101	113	0	1	1.25	50	16	50	96	1.25
101	113	0	1	1.25	50	16	10	56	1.25
101	113	0	1	1.25	50	16	50	16	1.25
101	113	0	1	1.25	50	16	73	93	1.2618868060719466
101	113	0	1	1.25	50	16	27	93	1.2618868060719466
101	113	0	1	1.25	50	16	27	19	1.2618868060719466
101	113	0	1	1.25	50	16	73	19	1.2618868060719466
101	113	0	1	1.25	50	16	450	56	2.4500000000000002
101	113	0	1	1.25	73	93	50	56	1.1047798605947201
101	113	0	1	1.25	73	93	90	56	1.2381131939280534
101	113	0	1	1.25	73	93	50	96	1.2381131939280534
101	113	0	1	1.25	73	93	10	56	1.2381131939280534
101	113	0	1	1.25	73	93	50	16	1.2381131939280534
101	113	0	1	1.25	73	93	73	93	1.25
101	113	0	1	1.25	73	93	27	93	1.25
101	113	0	1	1.25	73	93	27	19	1.25
101	113	0	1	1.25	73	93	73	19	1.25
101	113	0	1	1.25	73	93	450	56	2.4381131939280536
101	113	0	1	1.25	27	93	50	56	1.1047798605947201
101	113	0	1	1.25	27	93	90	56	1.2381131939280534
101	113	0	1	1.25	27	93	50	96	1.2381131939280534
101	113	0	1	1.25	27	93	10	56	1.2381131939280534
101	113	0	1	1.25	27	93	50	16	1.2381131939280534
101	113	0	1	1.25	27	93	73	93	1.25
101	113	0	1	1.25	27	93	27	93	1.25
101	113	0	1	1.25	27	93	27	19	1.25
101	113	0	1	1.25	27	93	73	19	1.25
101	113	0	1	1.25	27	93	450	56	2.4381131939280536
101	113	0	1	1.25	27	19	50	56	1.1047798605947201
101	113	0	1	1.25	27	19	90	56	1.2381131939280534
101	113	0	1	1.25	27	19	50	96	1.2381131939280534
101	113	0	1	1.25	27	19	10	56	1.2381131939280534
101	113	0	1	1.25	27	19	50	16	1.2381131939280534
101	113	0	1	1.25	27	19	73	93	1.25
101	113	0	1	1.25	27	19	27	93	1.25
101	113	0	1	1.25	27	19	27	19	1.25
101	113	0	1	1.25	27	19	73	19	1.25
101	113	0	1	1.25	27	19	450	56	2.4381131939280536
101	113	0	1	1.25	73	19	50	56	1.1047798605947201
101	113	0	1	1.25	73	19	90	56	1.2381131939280534
101	113	0	1	1.25	73	19	50	96	1.2381131939280534
101	113	0	1	1.25	73	19	10	56	1.2381131939280534
101	113	0	1	1.25	73	19	50	16	1.2381131939280534
101	113	0	1	1.25	73	19	73	93	1.25
101	113	0	1	1.25	73	19	27	93	1.25
101	113	0	1	1.25	73	19	27	19	1.25
101	113	0	1	1.25	73	19	73	19	1.25
101	113	0	1	1.25	73	19	450	56	2.4381131939280536
101	113	0	1	1.25	450	56	50	56	-0.083333333333333329
101	113	0	1	1.25	450	56	90	56	0.050000000000000003
101	113	0	1	1.25	450	56	50	96	0.050000000000000003
101	113	0	1	1.25	450	56	10	56	0.050000000000000003
101	113	0	1	1.25	450	56	50	16	0.050000000000000003
101	113	0	1	1.25	450	56	73	93	0.061886806071946431
101	113	0	1	1.25	450	56	27	93	0.061886806071946431
101	113	0	1	1.25	450	56	27	19	0.061886806071946431
101	113	0	1	1.25	450	56	73	19	0.061886806071946431
101	113	0	1	1.25	450	56	450	56	1.25
101	113	0	1.25	2	50	56	50	56	2
101	113	0	1.25	2	50	56	90	56	2.1333333333333333
101	113	0	1.25	2	50	56	50	96	2.1333333333333333
101	113	0	1.25	2	50	56	10	56	2.1333333333333333
101	113	0	1.25	2	50	56	50	16	2.1333333333333333
101	113	0	1.25	2	50	56	73	93	2.1452201394052794
101	113	0	1.25	2	50	56	27	93	2.1452201394052794
101	113	0	1.25	2	50	56	27	19	2.1452201394052794
101	113	0	1.25	2	50	56	73	19	2.1452201394052794
101	113	0	1.25	2	50	56	450	56	3.3333333333333335
101	113	0	1.25	2	90	56	50	56	1.8666666666666667
101	113	0	1.25	2	90	56	90	56	2
101	113	0	1.25	2	90	56	50	96	2
101	113	0	1.25	2	90	56	10	56	2
101	113	0	1.25	2	90	56	50	16	2
101	113	0	1.25	2	90	56	73	93	2.0118868060719461
101	113	0	1.25	2	90	56	27	93	2.0118868060719461
101	113	0	1.25	2	90	56	27	19	2.0118868060719461
101	113	0	1.25	2	90	56	73	19	2.0118868060719461
101	113	0	1.25	2	90	56	450	56	3.2000000000000002
101	113	0	1.25	2	50	96	50	56	1.8666666666666667
101	113	0	1.25	2	50	96	90	56	2
101	113	0	1.25	2	50	96	50	96	2
101	113	0	1.25	2	50	96	10	56	2
101	113	0	1.25	2	50	96	50	16	2
101	113	0	1.25	2	50	96	73	93	2.0118868060719461
101	113	0	1.25	2	50	96	27	93	2.0118868060719461
101	113	0	1.25	2	50	96	27	19	2.0118868060719461
101	113	0	1.25	2	50	96	73	19	2.0118868060719461
101	113	0	1.25	2	50	96	450	56	3.2000000000000002
101	113	0	1.25	2	10	56	50	56	1.8666666666666667
101	113	0	1.25	2	10	56	90	56	2
101	113	0	1.25	2	10	56	50	96	2
101	113	0	1.25	2	10	56	10	56	2
101	113	0	1.25	2	10	56	50	16	2
101	113	0	1.25	2	10	56	73	93	2.0118868060719461
101	113	0	1.25	2	10	56	27	93	2.0118868060719461
101	113	0	1.25	2	10	56	27	19	2.0118868060719461
101	113	0	1.25	2	10	56	73	19	2.0118868060719461
101	113	0	1.25	2	10	56	450	56	3.2000000000000002
101	113	0	1.25	2	50	16	50	56	1.8666666666666667
101	113	0	1.25	2	50	16	90	56	2
101	113	0	1.25	2	50	16	50	96	2
101	113	0	1.25	2	50	16	10	56	2
101	113	0	1.25	2	50	16	50	16	2
101	113	0	1.25	2	50	16	73	93	2.0118868060719461
101	113	0	1.25	2	50	16	27	93	2.0118868060719461
101	113	0	1.25	2	50	16	27	19	2.0118868060719461
101	113	0	1.25	2	50	16	73	19	2.0118868060719461
101	113	0	1.25	2	50	16	450	56	3.2000000000000002
101	113	0	1.25	2	73	93	50	56	1.8547798605947203
101	113	0	1.25	2	73	93	90	56	1.9881131939280536
101	113	0	1.25	2	73	93	50	96	1.9881131939280536
101	113	0	1.25	2	73	93	10	56	1.9881131939280536
101	113	0	1.25	2	73	93	50	16	1.9881131939280536
101	113	0	1.25	2	73	93	73	93	2
101	113	0	1.25	2	73	93	27	93	2
101	113	0	1.25	2	73	93	27	19	2
101	113	0	1.25	2	73	93	73	19	2
101	113	0	1.25	2	73	93	450	56	3.1881131939280536
101	113	0	1.25	2	27	93	50	56	1.8547798605947203
101	113	0	1.25	2	27	93	90	56	1.9881131939280536
101	113	0	1.25	2	27	93	50	96	1.9881131939280536
101	113	0	1.25	2	27	93	10	56	1.9881131939280536
101	113	0	1.25	2	27	93	50	16	1.9881131939280536
101	113	0	1.25	2	27	93	73	93	2
101	113	0	1.25	2	27	93	27	93	2
101	113	0	1.25	2	27	93	27	19	2
101	113	0	1.25	2	27	93	73	19	2
101	113	0	1.25	2	27	93	450	56	3.1881131939280536
101	113	0	1.25	2	27	19	50	56	1.8547798605947203
101	113	0	1.25	2	27	19	90	56	1.9881131939280536
101	113	0	1.25	2	27	19	50	96	1.9881131939280536
101	113	0	1.25	2	27	19	10	56	1.9881131939280536
101	113	0	1.25	2	27	19	50	16	1.9881131939280536
101	113	0	1.25	2	27	19	73	93	2
101	113	0	1.25	2	27	19	27	93	2
101	113	0	1.25	2	27	19	27	19	2
101	113	0	1.25	2	27	19	73	19	2
101	113	0	1.25	2	27	19	450	56	3.1881131939280536
101	113	0	1.25	2	73	19	50	56	1.8547798605947203
101	113	0	1.25	2	73	19	90	56	1.9881131939280536
101	113	0	1.25	2	73	19	50	96	1.9881131939280536
101	113	0	1.25	2	73	19	10	56	1.9881131939280536
101	113	0	1.25	2	73	19	50	16	1.9881131939280536
101	113	0	1.25	2	73	19	73	93	2
101	113	0	1.25	2	73	19	27	93	2
101	113	0	1.25	2	73	19	27	19	2
101	113	0	1.25	2	73	19	73	19	2
101	113	0	1.25	2	73	19	450	56	3.1881131939280536
101	113	0	1.25	2	450	56	50	56	0.66666666666666663
101	113	0	1.25	2	450	56	90	56	0.80000000000000004
101	113	0	1.25	2	450	56	50	96	0.80000000000000004
101	113	0	1.25	2	450	56	10	56	0.80000000000000004
101	113	0	1.25	2	450	56	50	16	0.80000000000000004
101	113	0	1.25	2	450	56	73	93	0.81188680607194641
101	113	0	1.25	2	450	56	27	93	0.81188680607194641
101	113	0	1.25	2	450	56	27	19	0.81188680607194641
101	113	0	1.25	2	450	56	73	19	0.81188680607194641
101	113	0	1.25	2	450	56	450	56	2
101	113	0	2	16	50	56	50	56	16
101	113	0	2	16	50	56	90	56	16.133333333333333
101	113	0	2	16	50	56	50	96	16.133333333333333
101	113	0	2	16	50	56	10	56	16.133333333333333
101	113	0	2	16	50	56	50	16	16.133333333333333
101	113	0	2	16	50	56	73	93	16.145220139405279
101	113	0	2	16	50	56	27	93	16.145220139405279
101	113	0	2	16	50	56	27	19	16.145220139405279
101	113	0	2	16	50	56	73	19	16.145220139405279
101	113	0	2	16	50	56	450	56	17.333333333333332
101	113	0	2	16	90	56	50	56	15.866666666666667
101	113	0	2	16	90	56	90	56	16
101	113	0	2	16	90	56	50	96	16
101	113	0	2	16	90	56	10	56	16
101	113	0	2	16	90	56	50	16	16
101	113	0	2	16	90	56	73	93	16.011886806071946
101	113	0	2	16	90	56	27	93	16.011886806071946
101	113	0	2	16	90	56	27	19	16.011886806071946
101	113	0	2	16	90	56	73	19	16.011886806071946
101	113	0	2	16	90	56	450	56	17.199999999999999
101	113	0	2	16	50	96	50	56	15.866666666666667
101	113	0	2	16	50	96	90	56	16
101	113	0	2	16	50	96	50	96	16
101	113	0	2	16	50	96	10	56	16
101	113	0	2	16	50	96	50	16	16
101	113	0	2	16	50	96	73	93	16.011886806071946
101	113	0	2	16	50	96	27	93	16.011886806071946
101	113	0	2	16	50	96	27	19	16.011886806071946
101	113	0	2	16	50	96	73	19	16.011886806071946
101	113	0	2	16	50	96	450	56	17.199999999999999
101	113	0	2	16	10	56	50	56	15.866666666666667
101	113	0	2	16	10	56	90	56	16
101	113	0	2	16	10	56	50	96	16
101	113	0	2	16	10	56	10	56	16
101	113	0	2	16	10	56	50	16	16
101	113	0	2	16	10	56	73	93	16.011886806071946
101	113	0	2	16	10	56	27	93	16.011886806071946
101	113	0	2	16	10	56	27	19	16.011886806071946
101	113	0	2	16	10	56	73	19	16.011886806071946
101	113	0	2	16	10	56	450	56	17.199999999999999
101	113	0	2	16	50	16	50	56	15.866666666666667
101	113	0	2	16	50	16	90	56	16
101	113	0	2	16	50	16	50	96	16
101	113	0	2	16	50	16	10	56	16
101	113	0	2	16	50	16	50	16	16
101	113	0	2	16	50	16	73	93	16.011886806071946
101	113	0	2	16	50	16	27	93	16.011886806071946
101	113	0	2	16	50	16	27	19	16.011886806071946
101	113	0	2	16	50	16	73	19	16.011886806071946
101	113	0	2	16	50	16	450	56	17.199999999999999
101	113	0	2	16	73	93	50	56	15.85477986059472
101	113	0	2	16	73	93	90	56	15.988113193928054
101	113	0	2	16	73	93	50	96	15.988113193928054
101	113	0	2	16	73	93	10	56	15.988113193928054
101	113	0	2	16	73	93	50	16	15.988113193928054
101	113	0	2	16	73	93	73	93	16
101	113	0	2	16	73	93	27	93	16
101	113	0	2	16	73	93	27	19	16
101	113	0	2	16	73	93	73	19	16
101	113	0	2	16	73	93	450	56	17.188113193928054
101	113	0	2	16	27	93	50	56	15.85477986059472
101	113	0	2	16	27	93	90	56	15.988113193928054
101	113	0	2	16	27	93	50	96	15.988113193928054
101	113	0	2	16	27	93	10	56	15.988113193928054
101	113	0	2	16	27	93	50	16	15.988113193928054
101	113	0	2	16	27	93	73	93	16
101	113	0	2	16	27	93	27	93	16
101	113	0	2	16	27	93	27	19	16
101	113	0	2	16	27	93	73	19	16
101	113	0	2	16	27	93	450	56	17.188113193928054
101	113	0	2	16	27	19	50	56	15.85477986059472
101	113	0	2	16	27	19	90	56	15.988113193928054
101	113	0	2	16	27	19	50	96	15.988113193928054
101	113	0	2	16	27	19	10	56	15.988113193928054
101	113	0	2	16	27	19	50	16	15.988113193928054
101	113	0	2	16	27	19	73	93	16
101	113	0	2	16	27	19	27	93	16
101	113	0	2	16	27	19	27	19	16
101	113	0	2	16	27	19	73	19	16
101	113	0	2	16	27	19	450	56	17.188113193928054
101	113	0	2	16	73	19	50	56	15.85477986059472
101	113	0	2	16	73	19	90	56	15.988113193928054
101	113	0	2	16	73	19	50	96	15.988113193928054
101	113	0	2	16	73	19	10	56	15.988113193928054
101	113	0	2	16	73	19	50	16	15.988113193928054
101	113	0	2	16	73	19	73	93	16
101	113	0	2	16	73	19	27	93	16
101	113	0	2	16	73	19	27	19	16
101	113	0	2	16	73	19	73	19	16
101	113	0	2	16	73	19	450	56	17.188113193928054
101	113	0	2	16	450	56	50	56	14.666666666666666
101	113	0	2	16	450	56	90	56	14.800000000000001
101	113	0	2	16	450	56	50	96	14.800000000000001
101	113	0	2	16	450	56	10	56	14.800000000000001
101	113	0	2	16	450	56	50	16	14.800000000000001
101	113	0	2	16	450	56	73	93	14.811886806071946
101	113	0	2	16	450	56	27	93	14.811886806071946
101	113	0	2	16	450	56	27	19	14.811886806071946
101	113	0	2	16	450	56	73	19	14.811886806071946
101	113	0	2	16	450	56	450	56	16
101	113	0	16	0.10000000000000001	50	56	50	56	16
101	113	0	16	0.10000000000000001	50	56	90	56	16.133333333333333
101	113	0	16	0.10000000000000001	50	56	50	96	16.133333333333333
101	113	0	16	0.10000000000000001	50	56	10	56	16.133333333333333
101	113	0	16	0.10000000000000001	50	56	50	16	16.133333333333333
101	113	0	16	0.10000000000000001	50	56	73	93	16.145220139405279
101	113	0	16	0.10000000000000001	50	56	27	93	16.145220139405279
101	113	0	16	0.10000000000000001	50	56	27	19	16.145220139405279
101	113	0	16	0.10000000000000001	50	56	73	19	16.145220139405279
101	113	0	16	0.10000000000000001	50	56	450	56	17.333333333333332
101	113	0	16	0.10000000000000001	90	56	50	56	15.866666666666667
101	113	0	16	0.10000000000000001	90	56	90	56	16
101	113	0	16	0.10000000000000001	90	56	50	96	16
101	113	0	16	0.10000000000000001	90	56	10	56	16
101	113	0	16	0.10000000000000001	90	56	50	16	16
101	113	0	16	0.10000000000000001	90	56	73	93	16.011886806071946
101	113	0	16	0.10000000000000001	90	56	27	93	16.011886806071946
101	113	0	16	0.10000000000000001	90	56	27	19	16.011886806071946
101	113	0	16	0.10000000000000001	90	56	73	19	16.011886806071946
101	113	0	16	0.10000000000000001	90	56	450	56	17.199999999999999
101	113	0	16	0.10000000000000001	50	96	50	56	15.866666666666667
101	113	0	16	0.10000000000000001	50	96	90	56	16
101	113	0	16	0.10000000000000001	50	96	50	96	16
101	113	0	16	0.10000000000000001	50	96	10	56	16
101	113	0	16	0.10000000000000001	50	96	50	16	16
101	113	0	16	0.10000000000000001	50	96	73	93	16.011886806071946
101	113	0	16	0.10000000000000001	50	96	27	93	16.011886806071946
101	113	0	16	0.10000000000000001	50	96	27	19	16.011886806071946
101	113	0	16	0.10000000000000001	50	96	73	19	16.011886806071946
101	113	0	16	0.10000000000000001	50	96	450	56	17.199999999999999
101	113	0	16	0.10000000000000001	10	56	50	56	15.866666666666667
101	113	0	16	0.10000000000000001	10	56	90	56	16
101	113	0	16	0.10000000000000001	10	56	50	96	16
101	113	0	16	0.10000000000000001	10	56	10	56	16
101	113	0	16	0.10000000000000001	10	56	50	16	16
101	113	0	16	0.10000000000000001	10	56	73	93	16.011886806071946
101	113	0	16	0.10000000000000001	10	56	27	93	16.011886806071946
101	113	0	16	0.10000000000000001	10	56	27	19	16.011886806071946
101	113	0	16	0.10000000000000001	10	56	73	19	16.011886806071946
101	113	0	16	0.10000000000000001	10	56	450	56	17.199999999999999
101	113	0	16	0.10000000000000001	50	16	50	56	15.866666666666667
101	113	0	16	0.10000000000000001	50	16	90	56	16
101	113	0	16	0.10000000000000001	50	16	50	96	16
101	113	0	16	0.10000000000000001	50	16	10	56	16
101	113	0	16	0.10000000000000001	50	16	50	16	16
101	113	0	16	0.10000000000000001	50	16	73	93	16.011886806071946
101	113	0	16	0.10000000000000001	50	16	27	93	16.011886806071946
101	113	0	16	0.10000000000000001	50	16	27	19	16.011886806071946
101	113	0	16	0.10000000000000001	50	16	73	19	16.011886806071946
101	113	0	16	0.10000000000000001	50	16	450	56	17.199999999999999
101	113	0	16	0.10000000000000001	73	93	50	56	15.85477986059472
101	113	0	16	0.10000000000000001	73	93	90	56	15.988113193928054
101	113	0	16	0.10000000000000001	73	93	50	96	15.988113193928054
101	113	0	16	0.10000000000000001	73	93	10	56	15.988113193928054
101	113	0	16	0.10000000000000001	73	93	50	16	15.988113193928054
101	113	0	16	0.10000000000000001	73	93	73	93	16
101	113	0	16	0.10000000000000001	73	93	27	93	16
101	113	0	16	0.10000000000000001	73	93	27	19	16
101	113	0	16	0.10000000000000001	73	93	73	19	16
101	113	0	16	0.10000000000000001	73	93	450	56	17.188113193928054
101	113	0	16	0.10000000000000001	27	93	50	56	15.85477986059472
101	113	0	16	0.10000000000000001	27	93	90	56	15.988113193928054
101	113	0	16	0.10000000000000001	27	93	50	96	15.988113193928054
101	113	0	16	0.10000000000000001	27	93	10	56	15.988113193928054
101	113	0	16	0.10000000000000001	27	93	50	16	15.988113193928054
101	113	0	16	0.10000000000000001	27	93	73	93	16
101	113	0	16	0.10000000000000001	27	93	27	93	16
101	113	0	16	0.10000000000000001	27	93	27	19	16
101	113	0	16	0.10000000000000001	27	93	73	19	16
101	113	0	16	0.10000000000000001	27	93	450	56	17.188113193928054
101	113	0	16	0.10000000000000001	27	19	50	56	15.85477986059472
101	113	0	16	0.10000000000000001	27	19	90	56	15.988113193928054
101	113	0	16	0.10000000000000001	27	19	50	96	15.988113193928054
101	113	0	16	0.10000000000000001	27	19	10	56	15.988113193928054
101	113	0	16	0.10000000000000001	27	19	50	16	15.988113193928054
101	113	0	16	0.10000000000000001	27	19	73	93	16
101	113	0	16	0.10000000000000001	27	19	27	93	16
101	113	0	16	0.10000000000000001	27	19	27	19	16
101	113	0	16	0.10000000000000001	27	19	73	19	16
101	113	0	16	0.10000000000000001	27	19	450	56	17.188113193928054
101	113	0	16	0.10000000000000001	73	19	50	56	15.85477986059472
101	113	0	16	0.10000000000000001	73	19	90	56	15.988113193928054
101	113	0	16	0.10000000000000001	73	19	50	96	15.988113193928054
101	113	0	16	0.10000000000000001	73	19	10	56	15.988113193928054
101	113	0	16	0.10000000000000001	73	19	50	16	15.988113193928054
101	113	0	16	0.10000000000000001	73	19	73	93	16
101	113	0	16	0.10000000000000001	73	19	27	93	16
101	113	0	16	0.10000000000000001	73	19	27	19	16
101	113	0	16	0.10000000000000001	73	19	73	19	16
101	113	0	16	0.10000000000000001	73	19	450	56	17.188113193928054
101	113	0	16	0.10000000000000001	450	56	50	56	14.666666666666666
101	113	0	16	0.10000000000000001	450	56	90	56	14.800000000000001
101	113	0	16	0.10000000000000001	450	56	50	96	14.800000000000001
101	113	0	16	0.10000000000000001	450	56	10	56	14.800000000000001
101	113	0	16	0.10000000000000001	450	56	50	16	14.800000000000001
101	113	0	16	0.10000000000000001	450	56	73	93	14.811886806071946
101	113	0	16	0.10000000000000001	450	56	27	93	14.811886806071946
101	113	0	16	0.10000000000000001	450	56	27	19	14.811886806071946
101	113	0	16	0.10000000000000001	450	56	73	19	14.811886806071946
101	113	0	16	0.10000000000000001	450	56	450	56	16
101	113	1	0.10000000000000001	0.33333333333333331	50	56	50	56	0.33333333333333331
101	113	1	0.10000000000000001	0.33333333333333331	50	56	90	56	0.46666666666666667
101	113	1	0.10000000000000001	0.33333333333333331	50	56	50	96	0.46666666666666667
101	113	1	0.10000000000000001	0.33333333333333331	50	56	10	56	0.46666666666666667
101	113	1	0.10000000000000001	0.33333333333333331	50	56	50	16	0.46666666666666667
101	113	1	0.10000000000000001	0.33333333333333331	50	56	73	93	0.47855347273861309
101	113	1	0.10000000000000001	0.33333333333333331	50	56	27	93	0.47855347273861309
101	113	1	0.10000000000000001	0.33333333333333331	50	56	27	19	0.47855347273861309
101	113	1	0.10000000000000001	0.33333333333333331	50	56	73	19	0.47855347273861309
101	113	1	0.10000000000000001	0.33333333333333331	50	56	450	56	1.6666666666666667
101	113	1	0.10000000000000001	0.33333333333333331	90	56	50	56	0.20000000000000001
101	113	1	0.10000000000000001	0.33333333333333331	90	56	90	56	0.33333333333333331
101	113	1	0.10000000000000001	0.33333333333333331	90	56	50	96	0.33333333333333331
101	113	1	0.10000000000000001	0.33333333333333331	90	56	10	56	0.33333333333333331
101	113	1	0.10000000000000001	0.33333333333333331	90	56	50	16	0.33333333333333331
101	113	1	0.10000000000000001	0.33333333333333331	90	56	73	93	0.34522013940527974
101	113	1	0.10000000000000001	0.33333333333333331	90	56	27	93	0.34522013940527974
101	113	1	0.10000000000000001	0.33333333333333331	90	56	27	19	0.34522013940527974
101	113	1	0.10000000000000001	0.33333333333333331	90	56	73	19	0.34522013940527974
101	113	1	0.10000000000000001	0.33333333333333331	90	56	450	56	1.5333333333333334
101	113	1	0.10000000000000001	0.33333333333333331	50	96	50	56	0.20000000000000001
101	113	1	0.10000000000000001	0.33333333333333331	50	96	90	56	0.33333333333333331
101	113	1	0.10000000000000001	0.33333333333333331	50	96	50	96	0.33333333333333331
101	113	1	0.10000000000000001	0.33333333333333331	50	96	10	56	0.33333333333333331
101	113	1	0.10000000000000001	0.33333333333333331	50	96	50	16	0.33333333333333331
101	113	1	0.10000000000000001	0.33333333333333331	50	96	73	93	0.34522013940527974
101	113	1	0.10000000000000001	0.33333333333333331	50	96	27	93	0.34522013940527974
101	113	1	0.10000000000000001	0.33333333333333331	50	96	27	19	0.34522013940527974
101	113	1	0.10000000000000001	0.33333333333333331	50	96	73	19	0.34522013940527974
101	113	1	0.10000000000000001	0.33333333333333331	50	96	450	56	1.5333333333333334
101	113	1	0.10000000000000001	0.33333333333333331	10	56	50	56	0.20000000000000001
101	113	1	0.10000000000000001	0.33333333333333331	10	56	90	56	0.33333333333333331
101	113	1	0.10000000000000001	0.33333333333333331	10	56	50	96	0.33333333333333331
101	113	1	0.10000000000000001	0.33333333333333331	10	56	10	56	0.33333333333333331
101	113	1	0.10000000000000001	0.33333333333333331	10	56	50	16	0.33333333333333331
101	113	1	0.10000000000000001	0.33333333333333331	10	56	73	93	0.34522013940527974
101	113	1	0.10000000000000001	0.33333333333333331	10	56	27	93	0.34522013940527974
101	113	1	0.10000000000000001	0.33333333333333331	10	56	27	19	0.34522013940527974
101	113	1	0.10000000000000001	0.33333333333333331	10	56	73	19	0.34522013940527974
101	113	1	0.10000000000000001	0.33333333333333331	10	56	450	56	1.5333333333333334
101	113	1	0.10000000000000001	0.33333333333333331	50	16	50	56	0.20000000000000001
101	113	1	0.10000000000000001	0.33333333333333331	50	16	90	56	0.33333333333333331
101	113	1	0.10000000000000001	0.33333333333333331	50	16	50	96	0.33333333333333331
101	113	1	0.10000000000000001	0.33333333333333331	50	16	10	56	0.33333333333333331
101	113	1	0.10000000000000001	0.33333333333333331	50	16	50	16	0.33333333333333331
101	113	1	0.10000000000000001	0.33333333333333331	50	16	73	93	0.34522013940527974
101	113	1	0.10000000000000001	0.33333333333333331	50	16	27	93	0.34522013940527974
101	113	1	0.10000000000000001	0.33333333333333331	50	16	27	19	0.34522013940527974
101	113	1	0.10000000000000001	0.33333333333333331	50	16	73	19	0.34522013940527974
101	113	1	0.10000000000000001	0.33333333333333331	50	16	450	56	1.5333333333333334
101	113	1	0.10000000000000001	0.33333333333333331	73	93	50	56	0.18811319392805356
101	113	1	0.10000000000000001	0.33333333333333331	73	93	90	56	0.32144652726138695
101	113	1	0.10000000000000001	0.33333333333333331	73	93	50	96	0.32144652726138695
101	113	1	0.10000000000000001	0.33333333333333331	73	93	10	56	0.32144652726138695
101	113	1	0.10000000000000001	0.33333333333333331	73	93	50	16	0.32144652726138695
101	113	1	0.10000000000000001	0.33333333333333331	73	93	73	93	0.33333333333333331
101	113	1	0.10000000000000001	0.33333333333333331	73	93	27	93	0.33333333333333331
101	113	1	0.10000000000000001	0.33333333333333331	73	93	27	19	0.33333333333333331
101	113	1	0.10000000000000001	0.33333333333333331	73	93	73	19	0.33333333333333331
101	113	1	0.10000000000000001	0.33333333333333331	73	93	450	56	1.5214465272613868
101	113	1	0.10000000000000001	0.33333333333333331	27	93	50	56	0.18811319392805356
101	113	1	0.10000000000000001	0.33333333333333331	27	93	90	56	0.32144652726138695
101	113	1	0.10000000000000001	0.33333333333333331	27	93	50	96	0.32144652726138695
101	113	1	0.10000000000000001	0.33333333333333331	27	93	10	56	0.32144652726138695
101	113	1	0.10000000000000001	0.33333333333333331	27	93	50	16	0.32144652726138695
101	113	1	0.10000000000000001	0.33333333333333331	27	93	73	93	0.33333333333333331
101	113	1	0.10000000000000001	0.33333333333333331	27	93	27	93	0.33333333333333331
101	113	1	0.10000000000000001	0.33333333333333331	27	93	27	19	0.33333333333333331
101	113	1	0.10000000000000001	0.33333333333333331	27	93	73	19	0.33333333333333331
101	113	1	0.10000000000000001	0.33333333333333331	27	93	450	56	1.5214465272613868
101	113	1	0.10000000000000001	0.33333333333333331	27	19	50	56	0.18811319392805356
101	113	1	0.10000000000000001	0.33333333333333331	27	19	90	56	0.32144652726138695
101	113	1	0.10000000000000001	0.33333333333333331	27	19	50	96	0.32144652726138695
101	113	1	0.10000000000000001	0.33333333333333331	27	19	10	56	0.32144652726138695
101	113	1	0.10000000000000001	0.33333333333333331	27	19	50	16	0.32144652726138695
101	113	1	0.10000000000000001	0.33333333333333331	27	19	73	93	0.33333333333333331
101	113	1	0.10000000000000001	0.33333333333333331	27	19	27	93	0.33333333333333331
101	113	1	0.10000000000000001	0.33333333333333331	27	19	27	19	0.33333333333333331
101	113	1	0.10000000000000001	0.33333333333333331	27	19	73	19	0.33333333333333331
101	113	1	0.10000000000000001	0.33333333333333331	27	19	450	56	1.5214465272613868
101	113	1	0.10000000000000001	0.33333333333333331	73	19	50	56	0.18811319392805356
101	113	1	0.10000000000000001	0.33333333333333331	73	19	90	56	0.32144652726138695
101	113	1	0.10000000000000001	0.33333333333333331	73	19	50	96	0.32144652726138695
101	113	1	0.10000000000000001	0.33333333333333331	73	19	10	56	0.32144652726138695
101	113	1	0.10000000000000001	0.33333333333333331	73	19	50	16	0.32144652726138695
101	113	1	0.10000000000000001	0.33333333333333331	73	19	73	93	0.33333333333333331
101	113	1	0.10000000000000001	0.33333333333333331	73	19	27	93	0.33333333333333331
101	113	1	0.10000000000000001	0.33333333333333331	73	19	27	19	0.33333333333333331
101	113	1	0.10000000000000001	0.33333333333333331	73	19	73	19	0.33333333333333331
101	113	1	0.10000000000000001	0.33333333333333331	73	19	450	56	1.5214465272613868
101	113	1	0.10000000000000001	0.33333333333333331	450	56	50	56	-1
101	113	1	0.10000000000000001	0.33333333333333331	450	56	90	56	-0.8666666666666667
101	113	1	0.10000000000000001	0.33333333333333331	450	56	50	96	-0.8666666666666667
101	113	1	0.10000000000000001	0.33333333333333331	450	56	10	56	-0.8666666666666667
101	113	1	0.10000000000000001	0.33333333333333331	450	56	50	16	-0.8666666666666667
101	113	1	0.10000000000000001	0.33333333333333331	450	56	73	93	-0.85477986059472011
101	113	1	0.10000000000000001	0.33333333333333331	450	56	27	93	-0.85477986059472011
101	113	1	0.10000000000000001	0.33333333333333331	450	56	27	19	-0.85477986059472011
101	113	1	0.10000000000000001	0.33333333333333331	450	56	73	19	-0.85477986059472011
101	113	1	0.10000000000000001	0.33333333333333331	450	56	450	56	0.33333333333333331
101	113	1	0.33333333333333331	1	50	56	50	56	1
101	113	1	0.33333333333333331	1	50	56	90	56	1.1333333333333333
101	113	1	0.33333333333333331	1	50	56	50	96	1.1333333333333333
101	113	1	0.33333333333333331	1	50	56	10	56	1.1333333333333333
101	113	1	0.33333333333333331	1	50	56	50	16	1.1333333333333333
101	113	1	0.33333333333333331	1	50	56	73	93	1.1452201394052799
101	113	1	0.33333333333333331	1	50	56	27	93	1.1452201394052799
101	113	1	0.33333333333333331	1	50	56	27	19	1.1452201394052799
101	113	1	0.33333333333333331	1	50	56	73	19	1.1452201394052799
101	113	1	0.33333333333333331	1	50	56	450	56	2.3333333333333335
101	113	1	0.33333333333333331	1	90	56	50	56	0.8666666666666667
101	113	1	0.33333333333333331	1	90	56	90	56	1
101	113	1	0.33333333333333331	1	90	56	50	96	1
101	113	1	0.33333333333333331	1	90	56	10	56	1
101	113	1	0.33333333333333331	1	90	56	50	16	1
101	113	1	0.33333333333333331	1	90	56	73	93	1.0118868060719466
101	113	1	0.33333333333333331	1	90	56	27	93	1.0118868060719466
101	113	1	0.33333333333333331	1	90	56	27	19	1.0118868060719466
101	113	1	0.33333333333333331	1	90	56	73	19	1.0118868060719466
101	113	1	0.33333333333333331	1	90	56	450	56	2.2000000000000002
101	113	1	0.33333333333333331	1	50	96	50	56	0.8666666666666667
101	113	1	0.33333333333333331	1	50	96	90	56	1
101	113	1	0.33333333333333331	1	50	96	50	96	1
101	113	1	0.33333333333333331	1	50	96	10	56	1
101	113	1	0.33333333333333331	1	50	96	50	16	1
101	113	1	0.33333333333333331	1	50	96	73	93	1.0118868060719466
101	113	1	0.33333333333333331	1	50	96	27	93	1.0118868060719466
101	113	1	0.33333333333333331	1	50	96	27	19	1.0118868060719466
101	113	1	0.33333333333333331	1	50	96	73	19	1.0118868060719466
101	113	1	0.33333333333333331	1	50	96	450	56	2.2000000000000002
101	113	1	0.33333333333333331	1	10	56	50	56	0.8666666666666667
101	113	1	0.33333333333333331	1	10	56	90	56	1
101	113	1	0.33333333333333331	1	10	56	50	96	1
101	113	1	0.33333333333333331	1	10	56	10	56	1
101	113	1	0.33333333333333331	1	10	56	50	16	1
101	113	1	0.33333333333333331	1	10	56	73	93	1.0118868060719466
101	113	1	0.33333333333333331	1	10	56	27	93	1.0118868060719466
101	113	1	0.33333333333333331	1	10	56	27	19	1.0118868060719466
101	113	1	0.33333333333333331	1	10	56	73	19	1.0118868060719466
101	113	1	0.33333333333333331	1	10	56	450	56	2.2000000000000002
101	113	1	0.33333333333333331	1	50	16	50	56	0.8666666666666667
101	113	1	0.33333333333333331	1	50	16	90	56	1
101	113	1	0.33333333333333331	1	50	16	50	96	1
101	113	1	0.33333333333333331	1	50	16	10	56	1
101	113	1	0.33333333333333331	1	50	16	50	16	1
101	113	1	0.33333333333333331	1	50	16	73	93	1.0118868060719466
101	113	1	0.33333333333333331	1	50	16	27	93	1.0118868060719466
101	113	1	0.33333333333333331	1	50	16	27	19	1.0118868060719466
101	113	1	0.33333333333333331	1	50	16	73	19	1.0118868060719466
101	113	1	0.33333333333333331	1	50	16	450	56	2.2000000000000002
101	113	1	0.33333333333333331	1	73	93	50	56	0.85477986059472011
101	113	1	0.33333333333333331	1	73	93	90	56	0.98811319392805352
101	113	1	0.33333333333333331	1	73	93	50	96	0.98811319392805352
101	113	1	0.33333333333333331	1	73	93	10	56	0.98811319392805352
101	113	1	0.33333333333333331	1	73	93	50	16	0.98811319392805352
101	113	1	0.33333333333333331	1	73	93	73	93	1
101	113	1	0.33333333333333331	1	73	93	27	93	1
101	113	1	0.33333333333333331	1	73	93	27	19	1
101	113	1	0.33333333333333331	1	73	93	73	19	1
101	113	1	0.33333333333333331	1	73	93	450	56	2.1881131939280536
101	113	1	0.33333333333333331	1	27	93	50	56	0.85477986059472011
101	113	1	0.33333333333333331	1	27	93	90	56	0.98811319392805352
101	113	1	0.33333333333333331	1	27	93	50	96	0.98811319392805352
101	113	1	0.33333333333333331	1	27	93	10	56	0.98811319392805352
101	113	1	0.33333333333333331	1	27	93	50	16	0.98811319392805352
101	113	1	0.33333333333333331	1	27	93	73	93	1
101	113	1	0.33333333333333331	1	27	93	27	93	1
101	113	1	0.33333333333333331	1	27	93	27	19	1
101	113	1	0.33333333333333331	1	27	93	73	19	1
101	113	1	0.33333333333333331	1	27	93	450	56	2.1881131939280536
101	113	1	0.33333333333333331	1	27	19	50	56	0.85477986059472011
101	113	1	0.33333333333333331	1	27	19	90	56	0.98811319392805352
101	113	1	0.33333333333333331	1	27	19	50	96	0.98811319392805352
101	113	1	0.33333333333333331	1	27	19	10	56	0.98811319392805352
101	113	1	0.33333333333333331	1	27	19	50	16	0.98811319392805352
101	113	1	0.33333333333333331	1	27	19	73	93	1
101	113	1	0.33333333333333331	1	27	19	27	93	1
101	113	1	0.33333333333333331	1	27	19	27	19	1
101	113	1	0.33333333333333331	1	27	19	73	19	1
101	113	1	0.33333333333333331	1	27	19	450	56	2.1881131939280536
101	113	1	0.33333333333333331	1	73	19	50	56	0.85477986059472011
101	113	1	0.33333333333333331	1	73	19	90	56	0.98811319392805352
101	113	1	0.33333333333333331	1	73	19	50	96	0.98811319392805352
101	113	1	0.33333333333333331	1	73	19	10	56	0.98811319392805352
101	113	1	0.33333333333333331	1	73	19	50	16	0.98811319392805352
101	113	1	0.33333333333333331	1	73	19	73	93	1
101	113	1	0.33333333333333331	1	73	19	27	93	1
101	113	1	0.33333333333333331	1	73	19	27	19	1
101	113	1	0.33333333333333331	1	73	19	73	19	1
101	113	1	0.33333333333333331	1	73	19	450	56	2.1881131939280536
101	113	1	0.33333333333333331	1	450	56	50	56	-0.33333333333333331
101	113	1	0.33333333333333331	1	450	56	90	56	-0.20000000000000001
101	113	1	0.33333333333333331	1	450	56	50	96	-0.20000000000000001
101	113	1	0.33333333333333331	1	450	56	10	56	-0.20000000000000001
101	113	1	0.33333333333333331	1	450	56	50	16	-0.20000000000000001
101	113	1	0.33333333333333331	1	450	56	73	93	-0.18811319392805356
101	113	1	0.33333333333333331	1	450	56	27	93	-0.18811319392805356
101	113	1	0.33333333333333331	1	450	56	27	19	-0.18811319392805356
101	113	1	0.33333333333333331	1	450	56	73	19	-0.18811319392805356
101	113	1	0.33333333333333331	1	450	56	450	56	1
101	113	1	1	1.25	50	56	50	56	1.25
101	113	1	1	1.25	50	56	90	56	1.3833333333333333
101	113	1	1	1.25	50	56	50	96	1.3833333333333333
101	113	1	1	1.25	50	56	10	56	1.3833333333333333
101	113	1	1	1.25	50	56	50	16	1.3833333333333333
101	113	1	1	1.25	50	56	73	93	1.3952201394052799
101	113	1	1	1.25	50	56	27	93	1.3952201394052799
101	113	1	1	1.25	50	56	27	19	1.3952201394052799
101	113	1	1	1.25	50	56	73	19	1.3952201394052799
101	113	1	1	1.25	50	56	450	56	2.5833333333333335
101	113	1	1	1.25	90	56	50	56	1.1166666666666667
101	113	1	1	1.25	90	56	90	56	1.25
101	113	1	1	1.25	90	56	50	96	1.25
101	113	1	1	1.25	90	56	10	56	1.25
101	113	1	1	1.25	90	56	50	16	1.25
101	113	1	1	1.25	90	56	73	93	1.2618868060719466
101	113	1	1	1.25	90	56	27	93	1.2618868060719466
101	113	1	1	1.25	90	56	27	19	1.2618868060719466
101	113	1	1	1.25	90	56	73	19	1.2618868060719466
101	113	1	1	1.25	90	56	450	56	2.4500000000000002
101	113	1	1	1.25	50	96	50	56	1.1166666666666667
101	113	1	1	1.25	50	96	90	56	1.25
101	113	1	1	1.25	50	96	50	96	1.25
101	113	1	1	1.25	50	96	10	56	1.25
101	113	1	1	1.25	50	96	50	16	1.25
101	113	1	1	1.25	50	96	73	93	1.2618868060719466
101	113	1	1	1.25	50	96	27	93	1.2618868060719466
101	113	1	1	1.25	50	96	27	19	1.2618868060719466
101	113	1	1	1.25	50	96	73	19	1.2618868060719466
101	113	1	1	1.25	50	96	450	56	2.4500000000000002
101	113	1	1	1.25	10	56	50	56	1.1166666666666667
101	113	1	1	1.25	10	56	90	56	1.25
101	113	1	1	1.25	10	56	50	96	1.25
101	113	1	1	1.25	10	56	10	56	1.25
101	113	1	1	1.25	10	56	50	16	1.25
101	113	1	1	1.25	10	56	73	93	1.2618868060719466
101	113	1	1	1.25	10	56	27	93	1.2618868060719466
101	113	1	1	1.25	10	56	27	19	1.2618868060719466
101	113	1	1	1.25	10	56	73	19	1.2618868060719466
101	113	1	1	1.25	10	56	450	56	2.4500000000000002
101	113	1	1	1.25	50	16	50	56	1.1166666666666667
101	113	1	1	1.25	50	16	90	56	1.25
101	113	1	1	1.25	50	16	50	96	1.25
101	113	1	1	1.25	50	16	10	56	1.25
101	113	1	1	1.25	50	16	50	16	1.25
101	113	1	1	1.25	50	16	73	93	1.2618868060719466
101	113	1	1	1.25	50	16	27	93	1.2618868060719466
101	113	1	1	1.25	50	16	27	19	1.2618868060719466
101	113	1	1	1.25	50	16	73	19	1.2618868060719466
101	113	1	1	1.25	50	16	450	56	2.4500000000000002
101	113	1	1	1.25	73	93	50	56	1.1047798605947201
101	113	1	1	1.25	73	93	90	56	1.2381131939280534
101	113	1	1	1.25	73	93	50	96	1.2381131939280534
101	113	1	1	1.25	73	93	10	56	1.2381131939280534
101	113	1	1	1.25	73	93	50	16	1.2381131939280534
101	113	1	1	1.25	73	93	73	93	1.25
101	113	1	1	1.25	73	93	27	93	1.25
101	113	1	1	1.25	73	93	27	19	1.25
101	113	1	1	1.25	73	93	73	19	1.25
101	113	1	1	1.25	73	93	450	56	2.4381131939280536
101	113	1	1	1.25	27	93	50	56	1.1047798605947201
101	113	1	1	1.25	27	93	90	56	1.2381131939280534
101	113	1	1	1.25	27	93	50	96	1.2381131939280534
101	113	1	1	1.25	27	93	10	56	1.2381131939280534
101	113	1	1	1.25	27	93	50	16	1.2381131939280534
101	113	1	1	1.25	27	93	73	93	1.25
101	113	1	1	1.25	27	93	27	93	1.25
101	113	1	1	1.25	27	93	27	19	1.25
101	113	1	1	1.25	27	93	73	19	1.25
101	113	1	1	1.25	27	93	450	56	2.4381131939280536
101	113	1	1	1.25	27	19	50	56	1.1047798605947201
101	113	1	1	1.25	27	19	90	56	1.2381131939280534
101	113	1	1	1.25	27	19	50	96	1.2381131939280534
101	113	1	1	1.25	27	19	10	56	1.2381131939280534
101	113	1	1	1.25	27	19	50	16	1.2381131939280534
101	113	1	1	1.25	27	19	73	93	1.25
101	113	1	1	1.25	27	19	27	93	1.25
101	113	1	1	1.25	27	19	27	19	1.25
101	113	1	1	1.25	27	19	73	19	1.25
101	113	1	1	1.25	27	19	450	56	2.4381131939280536
101	113	1	1	1.25	73	19	50	56	1.1047798605947201
101	113	1	1	1.25	73	19	90	56	1.2381131939280534
101	113	1	1	1.25	73	19	50	96	1.2381131939280534
101	113	1	1	1.25	73	19	10	56	1.2381131939280534
101	113	1	1	1.25	73	19	50	16	1.2381131939280534
101	113	1	1	1.25	73	19	73	93	1.25
101	113	1	1	1.25	73	19	27	93	1.25
101	113	1	1	1.25	73	19	27	19	1.25
101	113	1	1	1.25	73	19	73	19	1.25
101	113	1	1	1.25	73	19	450	56	2.4381131939280536
101	113	1	1	1.25	450	56	50	56	-0.083333333333333329
101	113	1	1	1.25	450	56	90	56	0.050000000000000003
101	113	1	1	1.25	450	56	50	96	0.050000000000000003
101	113	1	1	1.25	450	56	10	56	0.050000000000000003
101	113	1	1	1.25	450	56	50	16	0.050000000000000003
101	113	1	1	1.25	450	56	73	93	0.061886806071946431
101	113	1	1	1.25	450	56	27	93	0.061886806071946431
101	113	1	1	1.25	450	56	27	19	0.061886806071946431
101	113	1	1	1.25	450	56	73	19	0.061886806071946431
101	113	1	1	1.25	450	56	450	56	1.25
101	113	1	1.25	2	50	56	50	56	2
101	113	1	1.25	2	50	56	90	56	2.1333333333333333
101	113	1	1.25	2	50	56	50	96	2.1333333333333333
101	113	1	1.25	2	50	56	10	56	2.1333333333333333
101	113	1	1.25	2	50	56	50	16	2.1333333333333333
101	113	1	1.25	2	50	56	73	93	2.1452201394052794
101	113	1	1.25	2	50	56	27	93	2.1452201394052794
101	113	1	1.25	2	50	56	27	19	2.1452201394052794
101	113	1	1.25	2	50	56	73	19	2.1452201394052794
101	113	1	1.25	2	50	56	450	56	3.3333333333333335
101	113	1	1.25	2	90	56	50	56	1.8666666666666667
101	113	1	1.25	2	90	56	90	56	2
101	113	1	1.25	2	90	56	50	96	2
101	113	1	1.25	2	90	56	10	56	2
101	113	1	1.25	2	90	56	50	16	2
101	113	1	1.25	2	90	56	73	93	2.0118868060719461
101	113	1	1.25	2	90	56	27	93	2.0118868060719461
101	113	1	1.25	2	90	56	27	19	2.0118868060719461
101	113	1	1.25	2	90	56	73	19	2.0118868060719461
101	113	1	1.25	2	90	56	450	56	3.2000000000000002
101	113	1	1.25	2	50	96	50	56	1.8666666666666667
101	113	1	1.25	2	50	96	90	56	2
101	113	1	1.25	2	50	96	50	96	2
101	113	1	1.25	2	50	96	10	56	2
101	113	1	1.25	2	50	96	50	16	2
101	113	1	1.25	2	50	96	73	93	2.0118868060719461
101	113	1	1.25	2	50	96	27	93	2.0118868060719461
101	113	1	1.25	2	50	96	27	19	2.0118868060719461
101	113	1	1.25	2	50	96	73	19	2.0118868060719461
101	113	1	1.25	2	50	96	450	56	3.2000000000000002
101	113	1	1.25	2	10	56	50	56	1.8666666666666667
101	113	1	1.25	2	10	56	90	56	2
101	113	1	1.25	2	10	56	50	96	2
101	113	1	1.25	2	10	56	10	56	2
101	113	1	1.25	2	10	56	50	16	2
101	113	1	1.25	2	10	56	73	93	2.0118868060719461
101	113	1	1.25	2	10	56	27	93	2.0118868060719461
101	113	1	1.25	2	10	56	27	19	2.0118868060719461
101	113	1	1.25	2	10	56	73	19	2.0118868060719461
101	113	1	1.25	2	10	56	450	56	3.2000000000000002
101	113	1	1.25	2	50	16	50	56	1.8666666666666667
101	113	1	1.25	2	50	16	90	56	2
101	113	1	1.25	2	50	16	50	96	2
101	113	1	1.25	2	50	16	10	56	2
101	113	1	1.25	2	50	16	50	16	2
101	113	1	1.25	2	50	16	73	93	2.0118868060719461
101	113	1	1.25	2	50	16	27	93	2.0118868060719461
101	113	1	1.25	2	50	16	27	19	2.0118868060719461
101	113	1	1.25	2	50	16	73	19	2.0118868060719461
101	113	1	1.25	2	50	16	450	56	3.2000000000000002
101	113	1	1.25	2	73	93	50	56	1.8547798605947203
101	113	1	1.25	2	73	93	90	56	1.9881131939280536
101	113	1	1.25	2	73	93	50	96	1.9881131939280536
101	113	1	1.25	2	73	93	10	56	1.9881131939280536
101	113	1	1.25	2	73	93	50	16	1.9881131939280536
101	113	1	1.25	2	73	93	73	93	2
101	113	1	1.25	2	73	93	27	93	2
101	113	1	1.25	2	73	93	27	19	2
101	113	1	1.25	2	73	93	73	19	2
101	113	1	1.25	2	73	93	450	56	3.1881131939280536
101	113	1	1.25	2	27	93	50	56	1.8547798605947203
101	113	1	1.25	2	27	93	90	56	1.9881131939280536
101	113	1	1.25	2	27	93	50	96	1.9881131939280536
101	113	1	1.25	2	27	93	10	56	1.9881131939280536
101	113	1	1.25	2	27	93	50	16	1.9881131939280536
101	113	1	1.25	2	27	93	73	93	2
101	113	1	1.25	2	27	93	27	93	2
101	113	1	1.25	2	27	93	27	19	2
101	113	1	1.25	2	27	93	73	19	2
101	113	1	1.25	2	27	93	450	56	3.1881131939280536
101	113	1	1.25	2	27	19	50	56	1.8547798605947203
101	113	1	1.25	2	27	19	90	56	1.9881131939280536
101	113	1	1.25	2	27	19	50	96	1.9881131939280536
101	113	1	1.25	2	27	19	10	56	1.9881131939280536
101	113	1	1.25	2	27	19	50	16	1.9881131939280536
101	113	1	1.25	2	27	19	73	93	2
101	113	1	1.25	2	27	19	27	93	2
101	113	1	1.25	2	27	19	27	19	2
101	113	1	1.25	2	27	19	73	19	2
101	113	1	1.25	2	27	19	450	56	3.1881131939280536
101	113	1	1.25	2	73	19	50	56	1.8547798605947203
101	113	1	1.25	2	73	19	90	56	1.9881131939280536
101	113	1	1.25	2	73	19	50	96	1.9881131939280536
101	113	1	1.25	2	73	19	10	56	1.9881131939280536
101	113	1	1.25	2	73	19	50	16	1.9881131939280536
101	113	1	1.25	2	73	19	73	93	2
101	113	1	1.25	2	73	19	27	93	2
101	113	1	1.25	2	73	19	27	19	2
101	113	1	1.25	2	73	19	73	19	2
101	113	1	1.25	2	73	19	450	56	3.1881131939280536
101	113	1	1.25	2	450	56	50	56	0.66666666666666663
101	113	1	1.25	2	450	56	90	56	0.80000000000000004
101	113	1	1.25	2	450	56	50	96	0.80000000000000004
101	113	1	1.25	2	450	56	10	56	0.80000000000000004
101	113	1	1.25	2	450	56	50	16	0.80000000000000004
101	113	1	1.25	2	450	56	73	93	0.81188680607194641
101	113	1	1.25	2	450	56	27	93	0.81188680607194641
101	113	1	1.25	2	450	56	27	19	0.81188680607194641
101	113	1	1.25	2	450	56	73	19	0.81188680607194641
101	113	1	1.25	2	450	56	450	56	2
101	113	1	2	16	50	56	50	56	16
101	113	1	2	16	50	56	90	56	16.133333333333333
101	113	1	2	16	50	56	50	96	16.133333333333333
101	113	1	2	16	50	56	10	56	16.133333333333333
101	113	1	2	16	50	56	50	16	16.133333333333333
101	113	1	2	16	50	56	73	93	16.145220139405279
101	113	1	2	16	50	56	27	93	16.145220139405279
101	113	1	2	16	50	56	27	19	16.145220139405279
101	113	1	2	16	50	56	73	19	16.145220139405279
101	113	1	2	16	50	56	450	56	17.333333333333332
101	113	1	2	16	90	56	50	56	15.866666666666667
101	113	1	2	16	90	56	90	56	16
101	113	1	2	16	90	56	50	96	16
101	113	1	2	16	90	56	10	56	16
101	113	1	2	16	90	56	50	16	16
101	113	1	2	16	90	56	73	93	16.011886806071946
101	113	1	2	16	90	56	27	93	16.011886806071946
101	113	1	2	16	90	56	27	19	16.011886806071946
101	113	1	2	16	90	56	73	19	16.011886806071946
101	113	1	2	16	90	56	450	56	17.199999999999999
101	113	1	2	16	50	96	50	56	15.866666666666667
101	113	1	2	16	50	96	90	56	16
101	113	1	2	16	50	96	50	96	16
101	113	1	2	16	50	96	10	56	16
101	113	1	2	16	50	96	50	16	16
101	113	1	2	16	50	96	73	93	16.011886806071946
101	113	1	2	16	50	96	27	93	16.011886806071946
101	113	1	2	16	50	96	27	19	16.011886806071946
101	113	1	2	16	50	96	73	19	16.011886806071946
101	113	1	2	16	50	96	450	56	17.199999999999999
101	113	1	2	16	10	56	50	56	15.866666666666667
101	113	1	2	16	10	56	90	56	16
101	113	1	2	16	10	56	50	96	16
101	113	1	2	16	10	56	10	56	16
101	113	1	2	16	10	56	50	16	16
101	113	1	2	16	10	56	73	93	16.011886806071946
101	113	1	2	16	10	56	27	93	16.011886806071946
101	113	1	2	16	10	56	27	19	16.011886806071946
101	113	1	2	16	10	56	73	19	16.011886806071946
101	113	1	2	16	10	56	450	56	17.199999999999999
101	113	1	2	16	50	16	50	56	15.866666666666667
101	113	1	2	16	50	16	90	56	16
101	113	1	2	16	50	16	50	96	16
101	113	1	2	16	50	16	10	56	16
101	113	1	2	16	50	16	50	16	16
101	113	1	2	16	50	16	73	93	16.011886806071946
101	113	1	2	16	50	16	27	93	16.011886806071946
101	113	1	2	16	50	16	27	19	16.011886806071946
101	113	1	2	16	50	16	73	19	16.011886806071946
101	113	1	2	16	50	16	450	56	17.199999999999999
101	113	1	2	16	73	93	50	56	15.85477986059472
101	113	1	2	16	73	93	90	56	15.988113193928054
101	113	1	2	16	73	93	50	96	15.988113193928054
101	113	1	2	16	73	93	10	56	15.988113193928054
101	113	1	2	16	73	93	50	16	15.988113193928054
101	113	1	2	16	73	93	73	93	16
101	113	1	2	16	73	93	27	93	16
101	113	1	2	16	73	93	27	19	16
101	113	1	2	16	73	93	73	19	16
101	113	1	2	16	73	93	450	56	17.188113193928054
101	113	1	2	16	27	93	50	56	15.85477986059472
101	113	1	2	16	27	93	90	56	15.988113193928054
101	113	1	2	16	27	93	50	96	15.988113193928054
101	113	1	2	16	27	93	10	56	15.988113193928054
101	113	1	2	16	27	93	50	16	15.988113193928054
101	113	1	2	16	27	93	73	93	16
101	113	1	2	16	27	93	27	93	16
101	113	1	2	16	27	93	27	19	16
101	113	1	2	16	27	93	73	19	16
101	113	1	2	16	27	93	450	56	17.188113193928054
101	113	1	2	16	27	19	50	56	15.85477986059472
101	113	1	2	16	27	19	90	56	15.988113193928054
101	113	1	2	16	27	19	50	96	15.988113193928054
101	113	1	2	16	27	19	10	56	15.988113193928054
101	113	1	2	16	27	19	50	16	15.988113193928054
101	113	1	2	16	27	19	73	93	16
101	113	1	2	16	27	19	27	93	16
101	113	1	2	16	27	19	27	19	16
101	113	1	2	16	27	19	73	19	16
101	113	1	2	16	27	19	450	56	17.188113193928054
101	113	1	2	16	73	19	50	56	15.85477986059472
101	113	1	2	16	73	19	90	56	15.988113193928054
101	113	1	2	16	73	19	50	96	15.988113193928054
101	113	1	2	16	73	19	10	56	15.988113193928054
101	113	1	2	16	73	19	50	16	15.988113193928054
101	113	1	2	16	73	19	73	93	16
101	113	1	2	16	73	19	27	93	16
101	113	1	2	16	73	19	27	19	16
101	113	1	2	16	73	19	73	19	16
101	113	1	2	16	73	19	450	56	17.188113193928054
101	113	1	2	16	450	56	50	56	14.666666666666666
101	113	1	2	16	450	56	90	56	14.800000000000001
101	113	1	2	16	450	56	50	96	14.800000000000001
101	113	1	2	16	450	56	10	56	14.800000000000001
101	113	1	2	16	450	56	50	16	14.800000000000001
101	113	1	2	16	450	56	73	93	14.811886806071946
101	113	1	2	16	450	56	27	93	14.811886806071946
101	113	1	2	16	450	56	27	19	14.811886806071946
101	113	1	2	16	450	56	73	19	14.811886806071946
101	113	1	2	16	450	56	450	56	16
101	113	1	16	0.10000000000000001	50	56	50	56	16
101	113	1	16	0.10000000000000001	50	56	90	56	16.133333333333333
101	113	1	16	0.10000000000000001	50	56	50	96	16.133333333333333
101	113	1	16	0.10000000000000001	50	56	10	56	16.133333333333333
101	113	1	16	0.10000000000000001	50	56	50	16	16.133333333333333
101	113	1	16	0.10000000000000001	50	56	73	93	16.145220139405279
101	113	1	16	0.10000000000000001	50	56	27	93	16.145220139405279
101	113	1	16	0.10000000000000001	50	56	27	19	16.145220139405279
101	113	1	16	0.10000000000000001	50	56	73	19	16.145220139405279
101	113	1	16	0.10000000000000001	50	56	450	56	17.333333333333332
101	113	1	16	0.10000000000000001	90	56	50	56	15.866666666666667
101	113	1	16	0.10000000000000001	90	56	90	56	16
101	113	1	16	0.10000000000000001	90	56	50	96	16
101	113	1	16	0.10000000000000001	90	56	10	56	16
101	113	1	16	0.10000000000000001	90	56	50	16	16
101	113	1	16	0.10000000000000001	90	56	73	93	16.011886806071946
101	113	1	16	0.10000000000000001	90	56	27	93	16.011886806071946
101	113	1	16	0.10000000000000001	90	56	27	19	16.011886806071946
101	113	1	16	0.10000000000000001	90	56	73	19	16.011886806071946
101	113	1	16	0.10000000000000001	90	56	450	56	17.199999999999999
101	113	1	16	0.10000000000000001	50	96	50	56	15.866666666666667
101	113	1	16	0.10000000000000001	50	96	90	56	16
101	113	1	16	0.10000000000000001	50	96	50	96	16
101	113	1	16	0.10000000000000001	50	96	10	56	16
101	113	1	16	0.10000000000000001	50	96	50	16	16
101	113	1	16	0.10000000000000001	50	96	73	93	16.011886806071946
101	113	1	16	0.10000000000000001	50	96	27	93	16.011886806071946
101	113	1	16	0.10000000000000001	50	96	27	19	16.011886806071946
101	113	1	16	0.10000000000000001	50	96	73	19	16.011886806071946
101	113	1	16	0.10000000000000001	50	96	450	56	17.199999999999999
101	113	1	16	0.10000000000000001	10	56	50	56	15.866666666666667
101	113	1	16	0.10000000000000001	10	56	90	56	16
101	113	1	16	0.10000000000000001	10	56	50	96	16
101	113	1	16	0.10000000000000001	10	56	10	56	16
101	113	1	16	0.10000000000000001	10	56	50	16	16
101	113	1	16	0.10000000000000001	10	56	73	93	16.011886806071946
101	113	1	16	0.10000000000000001	10	56	27	93	16.011886806071946
101	113	1	16	0.10000000000000001	10	56	27	19	16.011886806071946
101	113	1	16	0.10000000000000001	10	56	73	19	16.011886806071946
101	113	1	16	0.10000000000000001	10	56	450	56	17.199999999999999
101	113	1	16	0.10000000000000001	50	16	50	56	15.866666666666667
101	113	1	16	0.10000000000000001	50	16	90	56	16
101	113	1	16	0.10000000000000001	50	16	50	96	16
101	113	1	16	0.10000000000000001	50	16	10	56	16
101	113	1	16	0.10000000000000001	50	16	50	16	16
101	113	1	16	0.10000000000000001	50	16	73	93	16.011886806071946
101	113	1	16	0.10000000000000001	50	16	27	93	16.011886806071946
101	113	1	16	0.10000000000000001	50	16	27	19	16.011886806071946
101	113	1	16	0.10000000000000001	50	16	73	19	16.011886806071946
101	113	1	16	0.10000000000000001	50	16	450	56	17.199999999999999
101	113	1	16	0.10000000000000001	73	93	50	56	15.85477986059472
101	113	1	16	0.10000000000000001	73	93	90	56	15.988113193928054
101	113	1	16	0.10000000000000001	73	93	50	96	15.988113193928054
101	113	1	16	0.10000000000000001	73	93	10	56	15.988113193928054
101	113	1	16	0.10000000000000001	73	93	50	16	15.988113193928054
101	113	1	16	0.10000000000000001	73	93	73	93	16
101	113	1	16	0.10000000000000001	73	93	27	93	16
101	113	1	16	0.10000000000000001	73	93	27	19	16
101	113	1	16	0.10000000000000001	73	93	73	19	16
101	113	1	16	0.10000000000000001	73	93	450	56	17.188113193928054
101	113	1	16	0.10000000000000001	27	93	50	56	15.85477986059472
101	113	1	16	0.10000000000000001	27	93	90	56	15.988113193928054
101	113	1	16	0.10000000000000001	27	93	50	96	15.988113193928054
101	113	1	16	0.10000000000000001	27	93	10	56	15.988113193928054
101	113	1	16	0.10000000000000001	27	93	50	16	15.988113193928054
101	113	1	16	0.10000000000000001	27	93	73	93	16
101	113	1	16	0.10000000000000001	27	93	27	93	16
101	113	1	16	0.10000000000000001	27	93	27	19	16
101	113	1	16	0.10000000000000001	27	93	73	19	16
101	113	1	16	0.10000000000000001	27	93	450	56	17.188113193928054
101	113	1	16	0.10000000000000001	27	19	50	56	15.85477986059472
101	113	1	16	0.10000000000000001	27	19	90	56	15.988113193928054
101	113	1	16	0.10000000000000001	27	19	50	96	15.988113193928054
101	113	1	16	0.10000000000000001	27	19	10	56	15.988113193928054
101	113	1	16	0.10000000000000001	27	19	50	16	15.988113193928054
101	113	1	16	0.10000000000000001	27	19	73	93	16
101	113	1	16	0.10000000000000001	27	19	27	93	16
101	113	1	16	0.10000000000000001	27	19	27	19	16
101	113	1	16	0.10000000000000001	27	19	73	19	16
101	113	1	16	0.10000000000000001	27	19	450	56	17.188113193928054
101	113	1	16	0.10000000000000001	73	19	50	56	15.85477986059472
101	113	1	16	0.10000000000000001	73	19	90	56	15.988113193928054
101	113	1	16	0.10000000000000001	73	19	50	96	15.988113193928054
101	113	1	16	0.10000000000000001	73	19	10	56	15.988113193928054
101	113	1	16	0.10000000000000001	73	19	50	16	15.988113193928054
101	113	1	16	0.10000000000000001	73	19	73	93	16
101	113	1	16	0.10000000000000001	73	19	27	93	16
101	113	1	16	0.10000000000000001	73	19	27	19	16
101	113	1	16	0.10000000000000001	73	19	73	19	16
101	113	1	16	0.10000000000000001	73	19	450	56	17.188113193928054
101	113	1	16	0.10000000000000001	450	56	50	56	14.666666666666666
101	113	1	16	0.10000000000000001	450	56	90	56	14.800000000000001
101	113	1	16	0.10000000000000001	450	56	50	96	14.800000000000001
101	113	1	16	0.10000000000000001	450	56	10	56	14.800000000000001
101	113	1	16	0.10000000000000001	450	56	50	16	14.800000000000001
101	113	1	16	0.10000000000000001	450	56	73	93	14.811886806071946
101	113	1	16	0.10000000000000001	450	56	27	93	14.811886806071946
101	113	1	16	0.10000000000000001	450	56	27	19	14.811886806071946
101	113	1	16	0.10000000000000001	450	56	73	19	14.811886806071946
101	113	1	16	0.10000000000000001	450	56	450	56	16
