child_id	status	path	source_blob	base_blob	profile	implementation_tasks	verification_tasks	preservation	implementation_state
01.013/asset-0001	DONE	app/widgets/gimptitlebaricon-pixbuf.h	e506de18567c2af2a20be6d074453aa2a3f51e5f		icons	30.003,30.017	29.020,34.014	Register the legacy icon meaning and fallback at all sizes/scale factors; preserve source data or document a verified replacement.	TODO
01.013/asset-0002	DONE	data/Makefile.am	f02d9a8d9ba4fc5501cd8e5a5292e09688853a57	10c6238f9e838a6814bde80080d26c4f90d4457d	assets-manifest	30.009,30.010,30.011,30.017	34.002,34.014,38.005	Replace Autotools install lists with complete Meson/package manifests, preserving every referenced asset.	TODO
01.013/asset-0003	DONE	data/layer-presets/.gitignore	9ee6454019447a69aa7d51ee37338021285b1388		cleanup	31.018	31.020,38.001	Candidate-only classification; verify references/build use and preserve any actual functional content before removal.	TODO
01.013/asset-0004	DONE	data/layer-presets/Makefile.am	b09563576330cca863bd153d3e4e89e340fe02ea		assets-manifest	30.009,30.010,30.011,30.017	34.002,34.014,38.005	Replace Autotools install lists with complete Meson/package manifests, preserving every referenced asset.	TODO
01.013/asset-0005	DONE	data/layer-presets/crop-with-selection.json	e4d55ddecd572cb46897911919b255ddbbfc7e68		assets-preset	28.001,28.004,28.005,28.006,28.007,28.008,30.017	28.011,28.012,28.013,28.015,34.014	Even test-named presets are functional assets; preserve each definition and its editable generated structure.	TODO
01.013/asset-0006	DONE	data/layer-presets/duplicate-as-clone.json	3dcd488c2fcc0ba163a1bc45f55d3e8f7efeabd4		assets-preset	28.001,28.004,28.005,28.006,28.007,28.008,30.017	28.011,28.012,28.013,28.015,34.014	Even test-named presets are functional assets; preserve each definition and its editable generated structure.	TODO
01.013/asset-0007	DONE	data/layer-presets/duplicate-as-normal.json	d2efa2ddf698f3538effe08aed441e308d194a8c		assets-preset	28.001,28.004,28.005,28.006,28.007,28.008,30.017	28.011,28.012,28.013,28.015,34.014	Even test-named presets are functional assets; preserve each definition and its editable generated structure.	TODO
01.013/asset-0008	DONE	data/layer-presets/new-anime-layer.json	3a9d4d03be789ab1264ef4b8e72bbe2dc3ad7c6f		assets-preset	28.001,28.004,28.005,28.006,28.007,28.008,30.017	28.011,28.012,28.013,28.015,34.014	Even test-named presets are functional assets; preserve each definition and its editable generated structure.	TODO
01.013/asset-0009	DONE	data/layer-presets/new-cropped-layer.json	0b8ce8e816e34ecbb97be51872eb0cffc9a2111f		assets-preset	28.001,28.004,28.005,28.006,28.007,28.008,30.017	28.011,28.012,28.013,28.015,34.014	Even test-named presets are functional assets; preserve each definition and its editable generated structure.	TODO
01.013/asset-0010	DONE	data/layer-presets/test.json	d27f53f873e4df40e188ca004515185c9488106d		assets-preset	28.001,28.004,28.005,28.006,28.007,28.008,30.017	28.011,28.012,28.013,28.015,34.014	Even test-named presets are functional assets; preserve each definition and its editable generated structure.	TODO
01.013/asset-0011	DONE	data/layer-presets/test2.json	66fc85da19bd78e9f160ad3df7b3d3bf43b3358d		assets-preset	28.001,28.004,28.005,28.006,28.007,28.008,30.017	28.011,28.012,28.013,28.015,34.014	Even test-named presets are functional assets; preserve each definition and its editable generated structure.	TODO
01.013/asset-0012	DONE	data/layer-presets/watercolor.json	1e322fbb144afa943bb1c1d18c942fc643d80ca5		assets-preset	28.001,28.004,28.005,28.006,28.007,28.008,30.017	28.011,28.012,28.013,28.015,34.014	Even test-named presets are functional assets; preserve each definition and its editable generated structure.	TODO
01.013/asset-0013	DONE	data/mypaint-brushes/.gitignore	2db531ae3ab6a41a7a637a69b94bdb793c38af4b		cleanup	31.018	31.020,38.001	Candidate-only classification; verify references/build use and preserve any actual functional content before removal.	TODO
01.013/asset-0014	DONE	data/mypaint-brushes/FX_blender_prev.png	9d9a62e36cf65662a4483ff5d0c267fc09349b8f		assets-preview	19.013/preview-contract,30.017	24.017,34.014	Retain exact file identity and brush/template relation; regenerate only through a verified equivalent preview path.	TODO
01.013/asset-0015	DONE	data/mypaint-brushes/Makefile.am	3a6e950b6d944e2d81f9a092a0b2f3377b239b2c		assets-manifest	30.009,30.010,30.011,30.017	34.002,34.014,38.005	Replace Autotools install lists with complete Meson/package manifests, preserving every referenced asset.	TODO
01.013/asset-0016	DONE	data/mypaint-brushes/Makefile.am.skel	b1fab22b8d2a14b4e70d62774e804d754bb6dd65		assets-manifest	30.009,30.010,30.011,30.017	34.002,34.014,38.005	Replace Autotools install lists with complete Meson/package manifests, preserving every referenced asset.	TODO
01.013/asset-0017	DONE	data/mypaint-brushes/classic/Makefile.am	ad34cd417924978b8ff80fd374b94c9cec1dd503		assets-manifest	30.009,30.010,30.011,30.017	34.002,34.014,38.005	Replace Autotools install lists with complete Meson/package manifests, preserving every referenced asset.	TODO
01.013/asset-0018	DONE	data/mypaint-brushes/classic/blend+paint.myb	b6ce32f86f556aca96a0c7b70e015ddbb18f3f2b		assets-brush	19.001,19.002,19.003,19.004,19.005,19.006,19.007,19.008,19.009,30.009,30.017	19.015,36.014,36.015,34.014	Keep this exact brush identity/hash, all extension values and linked resources through decoding, rendering, editing and installation.	TODO
01.013/asset-0019	DONE	data/mypaint-brushes/classic/blend+paint_prev.png	309433a769a0c5369317f01b960f3d91164d9fc3		assets-preview	19.013/preview-contract,30.017	24.017,34.014	Retain exact file identity and brush/template relation; regenerate only through a verified equivalent preview path.	TODO
01.013/asset-0020	DONE	data/mypaint-brushes/classic/blending_knife.myb	141b6a10434261bd483afc92be94353192aa1621		assets-brush	19.001,19.002,19.003,19.004,19.005,19.006,19.007,19.008,19.009,30.009,30.017	19.015,36.014,36.015,34.014	Keep this exact brush identity/hash, all extension values and linked resources through decoding, rendering, editing and installation.	TODO
01.013/asset-0021	DONE	data/mypaint-brushes/classic/blending_knife_prev.png	bbaf671c852ed3672020ca67c1df413938c63856		assets-preview	19.013/preview-contract,30.017	24.017,34.014	Retain exact file identity and brush/template relation; regenerate only through a verified equivalent preview path.	TODO
01.013/asset-0022	DONE	data/mypaint-brushes/classic/blur.myb	518ed4db2cdb17d1214f5072121f2540fc30f9a8		assets-brush	19.001,19.002,19.003,19.004,19.005,19.006,19.007,19.008,19.009,30.009,30.017	19.015,36.014,36.015,34.014	Keep this exact brush identity/hash, all extension values and linked resources through decoding, rendering, editing and installation.	TODO
01.013/asset-0023	DONE	data/mypaint-brushes/classic/blur_prev.png	9fd4f31c67b4aaed451105b3f5fc8e48bba9bf61		assets-preview	19.013/preview-contract,30.017	24.017,34.014	Retain exact file identity and brush/template relation; regenerate only through a verified equivalent preview path.	TODO
01.013/asset-0024	DONE	data/mypaint-brushes/classic/brush.myb	f18af6878dc45415cd6c41631ed6f42d6341beb2		assets-brush	19.001,19.002,19.003,19.004,19.005,19.006,19.007,19.008,19.009,30.009,30.017	19.015,36.014,36.015,34.014	Keep this exact brush identity/hash, all extension values and linked resources through decoding, rendering, editing and installation.	TODO
01.013/asset-0025	DONE	data/mypaint-brushes/classic/brush_prev.png	e81c052b8ccc02f5c1cd07f1c36bd1fcaf2d1ff8		assets-preview	19.013/preview-contract,30.017	24.017,34.014	Retain exact file identity and brush/template relation; regenerate only through a verified equivalent preview path.	TODO
01.013/asset-0026	DONE	data/mypaint-brushes/classic/bulk.myb	7db1a633e40ca81cc459b202ae313ded10437849		assets-brush	19.001,19.002,19.003,19.004,19.005,19.006,19.007,19.008,19.009,30.009,30.017	19.015,36.014,36.015,34.014	Keep this exact brush identity/hash, all extension values and linked resources through decoding, rendering, editing and installation.	TODO
01.013/asset-0027	DONE	data/mypaint-brushes/classic/bulk_prev.png	391cef6b64b45abd837b8d2940cd766368f54380		assets-preview	19.013/preview-contract,30.017	24.017,34.014	Retain exact file identity and brush/template relation; regenerate only through a verified equivalent preview path.	TODO
01.013/asset-0028	DONE	data/mypaint-brushes/classic/calligraphy.myb	3cd1441740e006eba9da367c1a8f7e0b767ee5a0		assets-brush	19.001,19.002,19.003,19.004,19.005,19.006,19.007,19.008,19.009,30.009,30.017	19.015,36.014,36.015,34.014	Keep this exact brush identity/hash, all extension values and linked resources through decoding, rendering, editing and installation.	TODO
01.013/asset-0029	DONE	data/mypaint-brushes/classic/calligraphy_prev.png	49c4e3e0b39231896509d8435de026dfd19439d7		assets-preview	19.013/preview-contract,30.017	24.017,34.014	Retain exact file identity and brush/template relation; regenerate only through a verified equivalent preview path.	TODO
01.013/asset-0030	DONE	data/mypaint-brushes/classic/charcoal.myb	f4d9df8683e45a9e1d476b842f8537f6b1816083		assets-brush	19.001,19.002,19.003,19.004,19.005,19.006,19.007,19.008,19.009,30.009,30.017	19.015,36.014,36.015,34.014	Keep this exact brush identity/hash, all extension values and linked resources through decoding, rendering, editing and installation.	TODO
01.013/asset-0031	DONE	data/mypaint-brushes/classic/charcoal_prev.png	24a020fa794fbc846c2730cf33c48d7764dc676c		assets-preview	19.013/preview-contract,30.017	24.017,34.014	Retain exact file identity and brush/template relation; regenerate only through a verified equivalent preview path.	TODO
01.013/asset-0032	DONE	data/mypaint-brushes/classic/coarse_bulk_1.myb	ebf414e50254aa447b8594940770c4303556246b		assets-brush	19.001,19.002,19.003,19.004,19.005,19.006,19.007,19.008,19.009,30.009,30.017	19.015,36.014,36.015,34.014	Keep this exact brush identity/hash, all extension values and linked resources through decoding, rendering, editing and installation.	TODO
01.013/asset-0033	DONE	data/mypaint-brushes/classic/coarse_bulk_1_prev.png	85b0e09d6be6f005c26e387070e76f477cf91180		assets-preview	19.013/preview-contract,30.017	24.017,34.014	Retain exact file identity and brush/template relation; regenerate only through a verified equivalent preview path.	TODO
01.013/asset-0034	DONE	data/mypaint-brushes/classic/coarse_bulk_2.myb	7c00b339ab771db8ec589ddfea55daf553f493de		assets-brush	19.001,19.002,19.003,19.004,19.005,19.006,19.007,19.008,19.009,30.009,30.017	19.015,36.014,36.015,34.014	Keep this exact brush identity/hash, all extension values and linked resources through decoding, rendering, editing and installation.	TODO
01.013/asset-0035	DONE	data/mypaint-brushes/classic/coarse_bulk_2_prev.png	e410a1a64b236e0a42d34b5eec3c120a155b96c7		assets-preview	19.013/preview-contract,30.017	24.017,34.014	Retain exact file identity and brush/template relation; regenerate only through a verified equivalent preview path.	TODO
01.013/asset-0036	DONE	data/mypaint-brushes/classic/coarse_bulk_3.myb	9e8f6c1019f3eeb21d75b1e63dd0d56e410c4929		assets-brush	19.001,19.002,19.003,19.004,19.005,19.006,19.007,19.008,19.009,30.009,30.017	19.015,36.014,36.015,34.014	Keep this exact brush identity/hash, all extension values and linked resources through decoding, rendering, editing and installation.	TODO
01.013/asset-0037	DONE	data/mypaint-brushes/classic/coarse_bulk_3_prev.png	da2acf0576d38c82fab8e61b46c7159f7147c388		assets-preview	19.013/preview-contract,30.017	24.017,34.014	Retain exact file identity and brush/template relation; regenerate only through a verified equivalent preview path.	TODO
01.013/asset-0038	DONE	data/mypaint-brushes/classic/dry_brush.myb	c3dd829b14f974e47245e7758ac1e4baa93a2ba2		assets-brush	19.001,19.002,19.003,19.004,19.005,19.006,19.007,19.008,19.009,30.009,30.017	19.015,36.014,36.015,34.014	Keep this exact brush identity/hash, all extension values and linked resources through decoding, rendering, editing and installation.	TODO
01.013/asset-0039	DONE	data/mypaint-brushes/classic/dry_brush_prev.png	c554a3a9f2c46e6f70b0baf6bfc1c7e39d967a76		assets-preview	19.013/preview-contract,30.017	24.017,34.014	Retain exact file identity and brush/template relation; regenerate only through a verified equivalent preview path.	TODO
01.013/asset-0040	DONE	data/mypaint-brushes/classic/files	9b5ce39ca19cf1acfd971eb3d1bd5c253bbb9dff		assets-manifest	30.009,30.010,30.011,30.017	34.002,34.014,38.005	Replace Autotools install lists with complete Meson/package manifests, preserving every referenced asset.	TODO
01.013/asset-0041	DONE	data/mypaint-brushes/classic/imp_blending.myb	16aa0bb4c0acda35621e232a251be5dd977552e2		assets-brush	19.001,19.002,19.003,19.004,19.005,19.006,19.007,19.008,19.009,30.009,30.017	19.015,36.014,36.015,34.014	Keep this exact brush identity/hash, all extension values and linked resources through decoding, rendering, editing and installation.	TODO
01.013/asset-0042	DONE	data/mypaint-brushes/classic/imp_blending_prev.png	6f39b81f7cd61fdda666a3a65160cf1b54542170		assets-preview	19.013/preview-contract,30.017	24.017,34.014	Retain exact file identity and brush/template relation; regenerate only through a verified equivalent preview path.	TODO
01.013/asset-0043	DONE	data/mypaint-brushes/classic/imp_details.myb	aaf3a1f7077505b8209c6bc7a13f7ec85243bec0		assets-brush	19.001,19.002,19.003,19.004,19.005,19.006,19.007,19.008,19.009,30.009,30.017	19.015,36.014,36.015,34.014	Keep this exact brush identity/hash, all extension values and linked resources through decoding, rendering, editing and installation.	TODO
01.013/asset-0044	DONE	data/mypaint-brushes/classic/imp_details_prev.png	89453b3f70202145b44e95ee2038d2f024caefdd		assets-preview	19.013/preview-contract,30.017	24.017,34.014	Retain exact file identity and brush/template relation; regenerate only through a verified equivalent preview path.	TODO
01.013/asset-0045	DONE	data/mypaint-brushes/classic/impressionism.myb	68f16e3b2436bdc578d92953de22978c6fabaa69		assets-brush	19.001,19.002,19.003,19.004,19.005,19.006,19.007,19.008,19.009,30.009,30.017	19.015,36.014,36.015,34.014	Keep this exact brush identity/hash, all extension values and linked resources through decoding, rendering, editing and installation.	TODO
01.013/asset-0046	DONE	data/mypaint-brushes/classic/impressionism_prev.png	e4d9fa1e5f06c6e8199bacc24282e4b7fa6ee2b6		assets-preview	19.013/preview-contract,30.017	24.017,34.014	Retain exact file identity and brush/template relation; regenerate only through a verified equivalent preview path.	TODO
01.013/asset-0047	DONE	data/mypaint-brushes/classic/ink_blot.myb	aa843165b56a4598e685f74640e8787e2d3958f5		assets-brush	19.001,19.002,19.003,19.004,19.005,19.006,19.007,19.008,19.009,30.009,30.017	19.015,36.014,36.015,34.014	Keep this exact brush identity/hash, all extension values and linked resources through decoding, rendering, editing and installation.	TODO
01.013/asset-0048	DONE	data/mypaint-brushes/classic/ink_blot_prev.png	5f8f68c77d2d9b51f426cc5a377dbe8b4db3f4b4		assets-preview	19.013/preview-contract,30.017	24.017,34.014	Retain exact file identity and brush/template relation; regenerate only through a verified equivalent preview path.	TODO
01.013/asset-0049	DONE	data/mypaint-brushes/classic/ink_eraser.myb	e8527ba0f9100e8bfe1f86f1ecd608664f6a4ba9		assets-brush	19.001,19.002,19.003,19.004,19.005,19.006,19.007,19.008,19.009,30.009,30.017	19.015,36.014,36.015,34.014	Keep this exact brush identity/hash, all extension values and linked resources through decoding, rendering, editing and installation.	TODO
01.013/asset-0050	DONE	data/mypaint-brushes/classic/ink_eraser_prev.png	1325e99458635eeb096bd886ff20c9cbdfb0f95f		assets-preview	19.013/preview-contract,30.017	24.017,34.014	Retain exact file identity and brush/template relation; regenerate only through a verified equivalent preview path.	TODO
01.013/asset-0051	DONE	data/mypaint-brushes/classic/kabura.myb	499f273adb4d60a7ed46e7a8d2535d47d36884a5		assets-brush	19.001,19.002,19.003,19.004,19.005,19.006,19.007,19.008,19.009,30.009,30.017	19.015,36.014,36.015,34.014	Keep this exact brush identity/hash, all extension values and linked resources through decoding, rendering, editing and installation.	TODO
01.013/asset-0052	DONE	data/mypaint-brushes/classic/kabura_prev.png	17335f9fc030ae84624d0c9ed998be5734f98bb4		assets-preview	19.013/preview-contract,30.017	24.017,34.014	Retain exact file identity and brush/template relation; regenerate only through a verified equivalent preview path.	TODO
01.013/asset-0053	DONE	data/mypaint-brushes/classic/knife.myb	126e25a7b37ebd6e7d7117929ba7580343191e79		assets-brush	19.001,19.002,19.003,19.004,19.005,19.006,19.007,19.008,19.009,30.009,30.017	19.015,36.014,36.015,34.014	Keep this exact brush identity/hash, all extension values and linked resources through decoding, rendering, editing and installation.	TODO
01.013/asset-0054	DONE	data/mypaint-brushes/classic/knife_prev.png	535976c3b05660b14af784867fa639c5a3dc17ac		assets-preview	19.013/preview-contract,30.017	24.017,34.014	Retain exact file identity and brush/template relation; regenerate only through a verified equivalent preview path.	TODO
01.013/asset-0055	DONE	data/mypaint-brushes/classic/long_grass.myb	d49235577e8b985f7b69c37f2cfebf6532ec53a7		assets-brush	19.001,19.002,19.003,19.004,19.005,19.006,19.007,19.008,19.009,30.009,30.017	19.015,36.014,36.015,34.014	Keep this exact brush identity/hash, all extension values and linked resources through decoding, rendering, editing and installation.	TODO
01.013/asset-0056	DONE	data/mypaint-brushes/classic/long_grass_prev.png	cd5a4a37d427851f1661c175ee3729d234b39fb8		assets-preview	19.013/preview-contract,30.017	24.017,34.014	Retain exact file identity and brush/template relation; regenerate only through a verified equivalent preview path.	TODO
01.013/asset-0057	DONE	data/mypaint-brushes/classic/marker_fat.myb	509c7c2c96aada59e3982b915dc72255f122f3f9		assets-brush	19.001,19.002,19.003,19.004,19.005,19.006,19.007,19.008,19.009,30.009,30.017	19.015,36.014,36.015,34.014	Keep this exact brush identity/hash, all extension values and linked resources through decoding, rendering, editing and installation.	TODO
01.013/asset-0058	DONE	data/mypaint-brushes/classic/marker_fat_prev.png	5d99b17b1a32ea60cf489003e670d6fff5077190		assets-preview	19.013/preview-contract,30.017	24.017,34.014	Retain exact file identity and brush/template relation; regenerate only through a verified equivalent preview path.	TODO
01.013/asset-0059	DONE	data/mypaint-brushes/classic/marker_small.myb	281d2c44bb1edbb7b102e0e829abc7a8da2b894c		assets-brush	19.001,19.002,19.003,19.004,19.005,19.006,19.007,19.008,19.009,30.009,30.017	19.015,36.014,36.015,34.014	Keep this exact brush identity/hash, all extension values and linked resources through decoding, rendering, editing and installation.	TODO
01.013/asset-0060	DONE	data/mypaint-brushes/classic/marker_small_prev.png	3834028df463d38a4a8dbf7ce4ec6407abb9a1e8		assets-preview	19.013/preview-contract,30.017	24.017,34.014	Retain exact file identity and brush/template relation; regenerate only through a verified equivalent preview path.	TODO
01.013/asset-0061	DONE	data/mypaint-brushes/classic/modelling.myb	348f93e7ba82ff0283e6b0c51bfdb1fe8687cf00		assets-brush	19.001,19.002,19.003,19.004,19.005,19.006,19.007,19.008,19.009,30.009,30.017	19.015,36.014,36.015,34.014	Keep this exact brush identity/hash, all extension values and linked resources through decoding, rendering, editing and installation.	TODO
01.013/asset-0062	DONE	data/mypaint-brushes/classic/modelling2.myb	3e08e7569fc6af72d5bbc8e4ce14b13224bcf023		assets-brush	19.001,19.002,19.003,19.004,19.005,19.006,19.007,19.008,19.009,30.009,30.017	19.015,36.014,36.015,34.014	Keep this exact brush identity/hash, all extension values and linked resources through decoding, rendering, editing and installation.	TODO
01.013/asset-0063	DONE	data/mypaint-brushes/classic/modelling2_prev.png	179c84de67f1fe36026c4905fd433d7f96163d77		assets-preview	19.013/preview-contract,30.017	24.017,34.014	Retain exact file identity and brush/template relation; regenerate only through a verified equivalent preview path.	TODO
01.013/asset-0064	DONE	data/mypaint-brushes/classic/modelling_prev.png	5ec6c93e26cfef9bfb7d6547cd013334dab65766		assets-preview	19.013/preview-contract,30.017	24.017,34.014	Retain exact file identity and brush/template relation; regenerate only through a verified equivalent preview path.	TODO
01.013/asset-0065	DONE	data/mypaint-brushes/classic/pen.myb	605789620961946efc844da9f6360e4010ccfa6a		assets-brush	19.001,19.002,19.003,19.004,19.005,19.006,19.007,19.008,19.009,30.009,30.017	19.015,36.014,36.015,34.014	Keep this exact brush identity/hash, all extension values and linked resources through decoding, rendering, editing and installation.	TODO
01.013/asset-0066	DONE	data/mypaint-brushes/classic/pen_prev.png	b87e2487bf1b47e843c79072f72223abd2d256c8		assets-preview	19.013/preview-contract,30.017	24.017,34.014	Retain exact file identity and brush/template relation; regenerate only through a verified equivalent preview path.	TODO
01.013/asset-0067	DONE	data/mypaint-brushes/classic/pencil.myb	28784348d6eceb07bc9cac4e8c81373050b57142		assets-brush	19.001,19.002,19.003,19.004,19.005,19.006,19.007,19.008,19.009,30.009,30.017	19.015,36.014,36.015,34.014	Keep this exact brush identity/hash, all extension values and linked resources through decoding, rendering, editing and installation.	TODO
01.013/asset-0068	DONE	data/mypaint-brushes/classic/pencil_prev.png	6e618eba8ad523b1f68368ec0f036202870b5b36		assets-preview	19.013/preview-contract,30.017	24.017,34.014	Retain exact file identity and brush/template relation; regenerate only through a verified equivalent preview path.	TODO
01.013/asset-0069	DONE	data/mypaint-brushes/classic/pointy_ink.myb	d6e77be0b47f26d455145605ee5e19f5a6a974f5		assets-brush	19.001,19.002,19.003,19.004,19.005,19.006,19.007,19.008,19.009,30.009,30.017	19.015,36.014,36.015,34.014	Keep this exact brush identity/hash, all extension values and linked resources through decoding, rendering, editing and installation.	TODO
01.013/asset-0070	DONE	data/mypaint-brushes/classic/pointy_ink_prev.png	1b0aafa09158bc7301fb6cca9348f97b08fe2f98		assets-preview	19.013/preview-contract,30.017	24.017,34.014	Retain exact file identity and brush/template relation; regenerate only through a verified equivalent preview path.	TODO
01.013/asset-0071	DONE	data/mypaint-brushes/classic/puantilism.myb	dd6db48ccc977909f5df943139b93c1d7c3d1a1b		assets-brush	19.001,19.002,19.003,19.004,19.005,19.006,19.007,19.008,19.009,30.009,30.017	19.015,36.014,36.015,34.014	Keep this exact brush identity/hash, all extension values and linked resources through decoding, rendering, editing and installation.	TODO
01.013/asset-0072	DONE	data/mypaint-brushes/classic/puantilism2.myb	5fc00294f2db0057b5c2cbe332a7e4a7d69d930b		assets-brush	19.001,19.002,19.003,19.004,19.005,19.006,19.007,19.008,19.009,30.009,30.017	19.015,36.014,36.015,34.014	Keep this exact brush identity/hash, all extension values and linked resources through decoding, rendering, editing and installation.	TODO
01.013/asset-0073	DONE	data/mypaint-brushes/classic/puantilism2_prev.png	399c09313f79f1535f52a2d326f24a01fa4603da		assets-preview	19.013/preview-contract,30.017	24.017,34.014	Retain exact file identity and brush/template relation; regenerate only through a verified equivalent preview path.	TODO
01.013/asset-0074	DONE	data/mypaint-brushes/classic/puantilism_prev.png	306b4dda0ebfd76a70922039277f1ff4ee70c819		assets-preview	19.013/preview-contract,30.017	24.017,34.014	Retain exact file identity and brush/template relation; regenerate only through a verified equivalent preview path.	TODO
01.013/asset-0075	DONE	data/mypaint-brushes/classic/rounded.myb	5295d7e0b225514fae0ef74b4b6f367f4ef6946c		assets-brush	19.001,19.002,19.003,19.004,19.005,19.006,19.007,19.008,19.009,30.009,30.017	19.015,36.014,36.015,34.014	Keep this exact brush identity/hash, all extension values and linked resources through decoding, rendering, editing and installation.	TODO
01.013/asset-0076	DONE	data/mypaint-brushes/classic/rounded_prev.png	6c706a77f2744c4bef9fa1699dc2a0dfaa96d20a		assets-preview	19.013/preview-contract,30.017	24.017,34.014	Retain exact file identity and brush/template relation; regenerate only through a verified equivalent preview path.	TODO
01.013/asset-0077	DONE	data/mypaint-brushes/classic/short_grass.myb	1521fbec52ff94b075bb1efef329cb921f3b990a		assets-brush	19.001,19.002,19.003,19.004,19.005,19.006,19.007,19.008,19.009,30.009,30.017	19.015,36.014,36.015,34.014	Keep this exact brush identity/hash, all extension values and linked resources through decoding, rendering, editing and installation.	TODO
01.013/asset-0078	DONE	data/mypaint-brushes/classic/short_grass_prev.png	181375de3efa5a6486e25608879ac7267c5a86e9		assets-preview	19.013/preview-contract,30.017	24.017,34.014	Retain exact file identity and brush/template relation; regenerate only through a verified equivalent preview path.	TODO
01.013/asset-0079	DONE	data/mypaint-brushes/classic/slow_ink.myb	7452fa8f2c5c4c3c85f81dbde2cc5864fe36ed78		assets-brush	19.001,19.002,19.003,19.004,19.005,19.006,19.007,19.008,19.009,30.009,30.017	19.015,36.014,36.015,34.014	Keep this exact brush identity/hash, all extension values and linked resources through decoding, rendering, editing and installation.	TODO
01.013/asset-0080	DONE	data/mypaint-brushes/classic/slow_ink_prev.png	29dbeb991ddf2a5310b6cd4b22c65d459f3f3c11		assets-preview	19.013/preview-contract,30.017	24.017,34.014	Retain exact file identity and brush/template relation; regenerate only through a verified equivalent preview path.	TODO
01.013/asset-0081	DONE	data/mypaint-brushes/classic/smudge+paint.myb	bf747b66e93eb7aef14e90742625c947bc7219b8		assets-brush	19.001,19.002,19.003,19.004,19.005,19.006,19.007,19.008,19.009,30.009,30.017	19.015,36.014,36.015,34.014	Keep this exact brush identity/hash, all extension values and linked resources through decoding, rendering, editing and installation.	TODO
01.013/asset-0082	DONE	data/mypaint-brushes/classic/smudge+paint_prev.png	261ef9a522de67d9b90f85660cba8c75f6d246d5		assets-preview	19.013/preview-contract,30.017	24.017,34.014	Retain exact file identity and brush/template relation; regenerate only through a verified equivalent preview path.	TODO
01.013/asset-0083	DONE	data/mypaint-brushes/classic/smudge.myb	876fdd194bf5f56cfa47f3ca2555d3b8977e1cc0		assets-brush	19.001,19.002,19.003,19.004,19.005,19.006,19.007,19.008,19.009,30.009,30.017	19.015,36.014,36.015,34.014	Keep this exact brush identity/hash, all extension values and linked resources through decoding, rendering, editing and installation.	TODO
01.013/asset-0084	DONE	data/mypaint-brushes/classic/smudge_prev.png	e9e08ee5a17c47f99a76f9088e77cac0745b4f8d		assets-preview	19.013/preview-contract,30.017	24.017,34.014	Retain exact file identity and brush/template relation; regenerate only through a verified equivalent preview path.	TODO
01.013/asset-0085	DONE	data/mypaint-brushes/classic/textured_ink.myb	30588b50fcfb2506007718e35848855ab4c7669e		assets-brush	19.001,19.002,19.003,19.004,19.005,19.006,19.007,19.008,19.009,30.009,30.017	19.015,36.014,36.015,34.014	Keep this exact brush identity/hash, all extension values and linked resources through decoding, rendering, editing and installation.	TODO
01.013/asset-0086	DONE	data/mypaint-brushes/classic/textured_ink_prev.png	2affba569d6efd2a52a27ac39a95acdcc1eb1dde		assets-preview	19.013/preview-contract,30.017	24.017,34.014	Retain exact file identity and brush/template relation; regenerate only through a verified equivalent preview path.	TODO
01.013/asset-0087	DONE	data/mypaint-brushes/classic/wet_knife.myb	dfafb983ccd9357cd82e731370c468c108364192		assets-brush	19.001,19.002,19.003,19.004,19.005,19.006,19.007,19.008,19.009,30.009,30.017	19.015,36.014,36.015,34.014	Keep this exact brush identity/hash, all extension values and linked resources through decoding, rendering, editing and installation.	TODO
01.013/asset-0088	DONE	data/mypaint-brushes/classic/wet_knife_prev.png	2e3e6412a3d1bbb20c3f3884be3c1a59e234ca09		assets-preview	19.013/preview-contract,30.017	24.017,34.014	Retain exact file identity and brush/template relation; regenerate only through a verified equivalent preview path.	TODO
01.013/asset-0089	DONE	data/mypaint-brushes/deevad/2B_pencil.myb	3205cbc98c1272249a2c3a8cf557006887db3c10		assets-brush	19.001,19.002,19.003,19.004,19.005,19.006,19.007,19.008,19.009,30.009,30.017	19.015,36.014,36.015,34.014	Keep this exact brush identity/hash, all extension values and linked resources through decoding, rendering, editing and installation.	TODO
01.013/asset-0090	DONE	data/mypaint-brushes/deevad/2B_pencil_prev.png	73d3a99e9e9a6bf5b8baa594401c7db1b8fde4e1		assets-preview	19.013/preview-contract,30.017	24.017,34.014	Retain exact file identity and brush/template relation; regenerate only through a verified equivalent preview path.	TODO
01.013/asset-0091	DONE	data/mypaint-brushes/deevad/4H_pencil.myb	0a80faac850ec78d6057b65b506c93d2d979293e		assets-brush	19.001,19.002,19.003,19.004,19.005,19.006,19.007,19.008,19.009,30.009,30.017	19.015,36.014,36.015,34.014	Keep this exact brush identity/hash, all extension values and linked resources through decoding, rendering, editing and installation.	TODO
01.013/asset-0092	DONE	data/mypaint-brushes/deevad/4H_pencil_prev.png	1a5b4e7bcb6a5b63109719b2ded924b1631d1b45		assets-preview	19.013/preview-contract,30.017	24.017,34.014	Retain exact file identity and brush/template relation; regenerate only through a verified equivalent preview path.	TODO
01.013/asset-0093	DONE	data/mypaint-brushes/deevad/Makefile.am	e6fe2d15fa9be04d3bb1c556ee4e77c46ee87be5		assets-manifest	30.009,30.010,30.011,30.017	34.002,34.014,38.005	Replace Autotools install lists with complete Meson/package manifests, preserving every referenced asset.	TODO
01.013/asset-0094	DONE	data/mypaint-brushes/deevad/airbrush.myb	8b4249019795f36f56f0a724d07e2614bc3656e2		assets-brush	19.001,19.002,19.003,19.004,19.005,19.006,19.007,19.008,19.009,30.009,30.017	19.015,36.014,36.015,34.014	Keep this exact brush identity/hash, all extension values and linked resources through decoding, rendering, editing and installation.	TODO
01.013/asset-0095	DONE	data/mypaint-brushes/deevad/airbrush_prev.png	188ebaae4d02489f790387216353ee975a5e0843		assets-preview	19.013/preview-contract,30.017	24.017,34.014	Retain exact file identity and brush/template relation; regenerate only through a verified equivalent preview path.	TODO
01.013/asset-0096	DONE	data/mypaint-brushes/deevad/ballpen.myb	259fe8622808c7ebd79bbe996ea5d5c260e98f8f		assets-brush	19.001,19.002,19.003,19.004,19.005,19.006,19.007,19.008,19.009,30.009,30.017	19.015,36.014,36.015,34.014	Keep this exact brush identity/hash, all extension values and linked resources through decoding, rendering, editing and installation.	TODO
01.013/asset-0097	DONE	data/mypaint-brushes/deevad/ballpen_prev.png	d74140f40993b6080fdfca4ca3727a3a49186443		assets-preview	19.013/preview-contract,30.017	24.017,34.014	Retain exact file identity and brush/template relation; regenerate only through a verified equivalent preview path.	TODO
01.013/asset-0098	DONE	data/mypaint-brushes/deevad/basic_digital_brush.myb	7245fa7aac4c12d03b4c975f55c8e1755eb4c03b		assets-brush	19.001,19.002,19.003,19.004,19.005,19.006,19.007,19.008,19.009,30.009,30.017	19.015,36.014,36.015,34.014	Keep this exact brush identity/hash, all extension values and linked resources through decoding, rendering, editing and installation.	TODO
01.013/asset-0099	DONE	data/mypaint-brushes/deevad/basic_digital_brush_prev.png	75a6a40c9cebdbc492312a2c0f37801dafd2b377		assets-preview	19.013/preview-contract,30.017	24.017,34.014	Retain exact file identity and brush/template relation; regenerate only through a verified equivalent preview path.	TODO
01.013/asset-0100	DONE	data/mypaint-brushes/deevad/basic_digital_brush_smudging.myb	c3b3dbba024f03028a412bc6736563db6bc94653		assets-brush	19.001,19.002,19.003,19.004,19.005,19.006,19.007,19.008,19.009,30.009,30.017	19.015,36.014,36.015,34.014	Keep this exact brush identity/hash, all extension values and linked resources through decoding, rendering, editing and installation.	TODO
01.013/asset-0101	DONE	data/mypaint-brushes/deevad/basic_digital_brush_smudging_prev.png	dfc1f039295a9093ee4387f80d5062ececa9c244		assets-preview	19.013/preview-contract,30.017	24.017,34.014	Retain exact file identity and brush/template relation; regenerate only through a verified equivalent preview path.	TODO
01.013/asset-0102	DONE	data/mypaint-brushes/deevad/basic_digital_knife.myb	355c44c7a96fa43f3b13e60b27ead37491846c25		assets-brush	19.001,19.002,19.003,19.004,19.005,19.006,19.007,19.008,19.009,30.009,30.017	19.015,36.014,36.015,34.014	Keep this exact brush identity/hash, all extension values and linked resources through decoding, rendering, editing and installation.	TODO
01.013/asset-0103	DONE	data/mypaint-brushes/deevad/basic_digital_knife_prev.png	3b06ffe4ea9aa5011d491c691ce83b72806f1c18		assets-preview	19.013/preview-contract,30.017	24.017,34.014	Retain exact file identity and brush/template relation; regenerate only through a verified equivalent preview path.	TODO
01.013/asset-0104	DONE	data/mypaint-brushes/deevad/basic_digital_knife_smudging.myb	ef074467996709da8dd614206b6ac93766b04815		assets-brush	19.001,19.002,19.003,19.004,19.005,19.006,19.007,19.008,19.009,30.009,30.017	19.015,36.014,36.015,34.014	Keep this exact brush identity/hash, all extension values and linked resources through decoding, rendering, editing and installation.	TODO
01.013/asset-0105	DONE	data/mypaint-brushes/deevad/basic_digital_knife_smudging_prev.png	626abe4b6a773d4da2e217b64125dfc1e34425f8		assets-preview	19.013/preview-contract,30.017	24.017,34.014	Retain exact file identity and brush/template relation; regenerate only through a verified equivalent preview path.	TODO
01.013/asset-0106	DONE	data/mypaint-brushes/deevad/blending.myb	2aaa94dcca6528d39ec9bf0c598badacf4bf1f84		assets-brush	19.001,19.002,19.003,19.004,19.005,19.006,19.007,19.008,19.009,30.009,30.017	19.015,36.014,36.015,34.014	Keep this exact brush identity/hash, all extension values and linked resources through decoding, rendering, editing and installation.	TODO
01.013/asset-0107	DONE	data/mypaint-brushes/deevad/blending_prev.png	8b05d04b31ff85f9ec491dbdbaa256fbd5bac0de		assets-preview	19.013/preview-contract,30.017	24.017,34.014	Retain exact file identity and brush/template relation; regenerate only through a verified equivalent preview path.	TODO
01.013/asset-0108	DONE	data/mypaint-brushes/deevad/brush.myb	7dcb8206ea51f9a3054cfcf5f6a34fe734c573f6		assets-brush	19.001,19.002,19.003,19.004,19.005,19.006,19.007,19.008,19.009,30.009,30.017	19.015,36.014,36.015,34.014	Keep this exact brush identity/hash, all extension values and linked resources through decoding, rendering, editing and installation.	TODO
01.013/asset-0109	DONE	data/mypaint-brushes/deevad/brush_prev.png	17725ba59b7f80ccb947f9b4f06794e4a170ac26		assets-preview	19.013/preview-contract,30.017	24.017,34.014	Retain exact file identity and brush/template relation; regenerate only through a verified equivalent preview path.	TODO
01.013/asset-0110	DONE	data/mypaint-brushes/deevad/chalk.myb	c2a272e5c99ebb2c22bfc3c758a09339b2eb9ee8		assets-brush	19.001,19.002,19.003,19.004,19.005,19.006,19.007,19.008,19.009,30.009,30.017	19.015,36.014,36.015,34.014	Keep this exact brush identity/hash, all extension values and linked resources through decoding, rendering, editing and installation.	TODO
01.013/asset-0111	DONE	data/mypaint-brushes/deevad/chalk_prev.png	a4927ba6a0643c10d7e7ee886ca7d25800d37555		assets-preview	19.013/preview-contract,30.017	24.017,34.014	Retain exact file identity and brush/template relation; regenerate only through a verified equivalent preview path.	TODO
01.013/asset-0112	DONE	data/mypaint-brushes/deevad/detail_brush_large.myb	71c75d19b3dc3ad9a3e9017a83d53c2818f0e1d7		assets-brush	19.001,19.002,19.003,19.004,19.005,19.006,19.007,19.008,19.009,30.009,30.017	19.015,36.014,36.015,34.014	Keep this exact brush identity/hash, all extension values and linked resources through decoding, rendering, editing and installation.	TODO
01.013/asset-0113	DONE	data/mypaint-brushes/deevad/detail_brush_large_glazing.myb	02e3b5dcc58ec786a88d8f67a9b3747f062f333e		assets-brush	19.001,19.002,19.003,19.004,19.005,19.006,19.007,19.008,19.009,30.009,30.017	19.015,36.014,36.015,34.014	Keep this exact brush identity/hash, all extension values and linked resources through decoding, rendering, editing and installation.	TODO
01.013/asset-0114	DONE	data/mypaint-brushes/deevad/detail_brush_large_glazing_prev.png	be7980975ec398647aa8de4fa860c493726c0f0d		assets-preview	19.013/preview-contract,30.017	24.017,34.014	Retain exact file identity and brush/template relation; regenerate only through a verified equivalent preview path.	TODO
01.013/asset-0115	DONE	data/mypaint-brushes/deevad/detail_brush_large_prev.png	a075e4e8092546253f69f55290755ec2e8531e65		assets-preview	19.013/preview-contract,30.017	24.017,34.014	Retain exact file identity and brush/template relation; regenerate only through a verified equivalent preview path.	TODO
01.013/asset-0116	DONE	data/mypaint-brushes/deevad/detail_brush_thin.myb	eb4586df41a01de7dace8014c4720cb639f0fed0		assets-brush	19.001,19.002,19.003,19.004,19.005,19.006,19.007,19.008,19.009,30.009,30.017	19.015,36.014,36.015,34.014	Keep this exact brush identity/hash, all extension values and linked resources through decoding, rendering, editing and installation.	TODO
01.013/asset-0117	DONE	data/mypaint-brushes/deevad/detail_brush_thin_glazing.myb	9947ea8ff62666f26d3368545d63821860a918d7		assets-brush	19.001,19.002,19.003,19.004,19.005,19.006,19.007,19.008,19.009,30.009,30.017	19.015,36.014,36.015,34.014	Keep this exact brush identity/hash, all extension values and linked resources through decoding, rendering, editing and installation.	TODO
01.013/asset-0118	DONE	data/mypaint-brushes/deevad/detail_brush_thin_glazing_prev.png	546ac3a3916c86bb7272e27cafd5b614d8e017d0		assets-preview	19.013/preview-contract,30.017	24.017,34.014	Retain exact file identity and brush/template relation; regenerate only through a verified equivalent preview path.	TODO
01.013/asset-0119	DONE	data/mypaint-brushes/deevad/detail_brush_thin_prev.png	d6d45a12a06c2d63a115d6983f7cd13055530bc4		assets-preview	19.013/preview-contract,30.017	24.017,34.014	Retain exact file identity and brush/template relation; regenerate only through a verified equivalent preview path.	TODO
01.013/asset-0120	DONE	data/mypaint-brushes/deevad/files	63a6339823e55b01e425953b2c73cc1b599a8d11		assets-manifest	30.009,30.010,30.011,30.017	34.002,34.014,38.005	Replace Autotools install lists with complete Meson/package manifests, preserving every referenced asset.	TODO
01.013/asset-0121	DONE	data/mypaint-brushes/deevad/fill.myb	a933a3a346c8bb56e216b2fcd5610fab23231c3e		assets-brush	19.001,19.002,19.003,19.004,19.005,19.006,19.007,19.008,19.009,30.009,30.017	19.015,36.014,36.015,34.014	Keep this exact brush identity/hash, all extension values and linked resources through decoding, rendering, editing and installation.	TODO
01.013/asset-0122	DONE	data/mypaint-brushes/deevad/fill_prev.png	beb79e51f62e4700db2ba476f96ac93df6c29d69		assets-preview	19.013/preview-contract,30.017	24.017,34.014	Retain exact file identity and brush/template relation; regenerate only through a verified equivalent preview path.	TODO
01.013/asset-0123	DONE	data/mypaint-brushes/deevad/grainy_blending.myb	19a166d9ee8ab5a2906b5e58688a806793263841		assets-brush	19.001,19.002,19.003,19.004,19.005,19.006,19.007,19.008,19.009,30.009,30.017	19.015,36.014,36.015,34.014	Keep this exact brush identity/hash, all extension values and linked resources through decoding, rendering, editing and installation.	TODO
01.013/asset-0124	DONE	data/mypaint-brushes/deevad/grainy_blending_prev.png	2aa178efb84248f6afe8be370141cfc17731f8c0		assets-preview	19.013/preview-contract,30.017	24.017,34.014	Retain exact file identity and brush/template relation; regenerate only through a verified equivalent preview path.	TODO
01.013/asset-0125	DONE	data/mypaint-brushes/deevad/kneaded_eraser.myb	1e9590678e0c7eeb2963bca38c5ae1d2c8d13731		assets-brush	19.001,19.002,19.003,19.004,19.005,19.006,19.007,19.008,19.009,30.009,30.017	19.015,36.014,36.015,34.014	Keep this exact brush identity/hash, all extension values and linked resources through decoding, rendering, editing and installation.	TODO
01.013/asset-0126	DONE	data/mypaint-brushes/deevad/kneaded_eraser_large.myb	7c7c4f97613e4e288993799bdfa01c76584a6ea8		assets-brush	19.001,19.002,19.003,19.004,19.005,19.006,19.007,19.008,19.009,30.009,30.017	19.015,36.014,36.015,34.014	Keep this exact brush identity/hash, all extension values and linked resources through decoding, rendering, editing and installation.	TODO
01.013/asset-0127	DONE	data/mypaint-brushes/deevad/kneaded_eraser_large_prev.png	cff00372802fa2c66623d9adc3c0ec34ba8efa1e		assets-preview	19.013/preview-contract,30.017	24.017,34.014	Retain exact file identity and brush/template relation; regenerate only through a verified equivalent preview path.	TODO
01.013/asset-0128	DONE	data/mypaint-brushes/deevad/kneaded_eraser_prev.png	0d83136f266c70f5fcc9682320bb0f2c00dfb433		assets-preview	19.013/preview-contract,30.017	24.017,34.014	Retain exact file identity and brush/template relation; regenerate only through a verified equivalent preview path.	TODO
01.013/asset-0129	DONE	data/mypaint-brushes/deevad/large_hard_eraser.myb	38cae31a26c1fd918b9e80437b6fcd5fc016ea8b		assets-brush	19.001,19.002,19.003,19.004,19.005,19.006,19.007,19.008,19.009,30.009,30.017	19.015,36.014,36.015,34.014	Keep this exact brush identity/hash, all extension values and linked resources through decoding, rendering, editing and installation.	TODO
01.013/asset-0130	DONE	data/mypaint-brushes/deevad/large_hard_eraser_prev.png	b8d8d68449618dc8b69c7267ccbd3adef4774ed9		assets-preview	19.013/preview-contract,30.017	24.017,34.014	Retain exact file identity and brush/template relation; regenerate only through a verified equivalent preview path.	TODO
01.013/asset-0131	DONE	data/mypaint-brushes/deevad/large_watercolor_fringe.myb	3de572ff641141691a104cb0b03a0cebb6906124		assets-brush	19.001,19.002,19.003,19.004,19.005,19.006,19.007,19.008,19.009,30.009,30.017	19.015,36.014,36.015,34.014	Keep this exact brush identity/hash, all extension values and linked resources through decoding, rendering, editing and installation.	TODO
01.013/asset-0132	DONE	data/mypaint-brushes/deevad/large_watercolor_fringe_prev.png	624e1277c9e75e2a84128585b9ec1714e7def995		assets-preview	19.013/preview-contract,30.017	24.017,34.014	Retain exact file identity and brush/template relation; regenerate only through a verified equivalent preview path.	TODO
01.013/asset-0133	DONE	data/mypaint-brushes/deevad/liner.myb	46e868fba9c3327cbfd1dadc4b99d0cc299a95a0		assets-brush	19.001,19.002,19.003,19.004,19.005,19.006,19.007,19.008,19.009,30.009,30.017	19.015,36.014,36.015,34.014	Keep this exact brush identity/hash, all extension values and linked resources through decoding, rendering, editing and installation.	TODO
01.013/asset-0134	DONE	data/mypaint-brushes/deevad/liner_prev.png	d30843451e8fa637b1a0c8fa73b90368d7ca658a		assets-preview	19.013/preview-contract,30.017	24.017,34.014	Retain exact file identity and brush/template relation; regenerate only through a verified equivalent preview path.	TODO
01.013/asset-0135	DONE	data/mypaint-brushes/deevad/only_water_fringe.myb	9132b447b278315ffc16affd05709cdec977bbba		assets-brush	19.001,19.002,19.003,19.004,19.005,19.006,19.007,19.008,19.009,30.009,30.017	19.015,36.014,36.015,34.014	Keep this exact brush identity/hash, all extension values and linked resources through decoding, rendering, editing and installation.	TODO
01.013/asset-0136	DONE	data/mypaint-brushes/deevad/only_water_fringe_prev.png	19563bd8524f02561fba91b10f8307e2a89fadbe		assets-preview	19.013/preview-contract,30.017	24.017,34.014	Retain exact file identity and brush/template relation; regenerate only through a verified equivalent preview path.	TODO
01.013/asset-0137	DONE	data/mypaint-brushes/deevad/pen-note.myb	a3a92aa4f5621bd1d170dc0932ccada1ef94fef0		assets-brush	19.001,19.002,19.003,19.004,19.005,19.006,19.007,19.008,19.009,30.009,30.017	19.015,36.014,36.015,34.014	Keep this exact brush identity/hash, all extension values and linked resources through decoding, rendering, editing and installation.	TODO
01.013/asset-0138	DONE	data/mypaint-brushes/deevad/pen-note_prev.png	184693842dc4453043a8d04778bbfe922a9062e9		assets-preview	19.013/preview-contract,30.017	24.017,34.014	Retain exact file identity and brush/template relation; regenerate only through a verified equivalent preview path.	TODO
01.013/asset-0139	DONE	data/mypaint-brushes/deevad/pen.myb	cffd5c1fde84a81b6310791e7655522d48235110		assets-brush	19.001,19.002,19.003,19.004,19.005,19.006,19.007,19.008,19.009,30.009,30.017	19.015,36.014,36.015,34.014	Keep this exact brush identity/hash, all extension values and linked resources through decoding, rendering, editing and installation.	TODO
01.013/asset-0140	DONE	data/mypaint-brushes/deevad/pen_prev.png	660a32c25824a79a9acf9f1c674f047bc43e808e		assets-preview	19.013/preview-contract,30.017	24.017,34.014	Retain exact file identity and brush/template relation; regenerate only through a verified equivalent preview path.	TODO
01.013/asset-0141	DONE	data/mypaint-brushes/deevad/readme.txt	ca68ce3e83f95db45299f124c640032e2247de93		assets-license	34.005/license-manifest,38.010	34.014,38.005	Keep author/license/provenance text in the distributable notices; names or README format do not justify deletion.	TODO
01.013/asset-0142	DONE	data/mypaint-brushes/deevad/rigger_brush.myb	cc542f62cde13a584cffb592f32f63946eec918e		assets-brush	19.001,19.002,19.003,19.004,19.005,19.006,19.007,19.008,19.009,30.009,30.017	19.015,36.014,36.015,34.014	Keep this exact brush identity/hash, all extension values and linked resources through decoding, rendering, editing and installation.	TODO
01.013/asset-0143	DONE	data/mypaint-brushes/deevad/rigger_brush_prev.png	6db91b125a6a143380ab987f9084968b727600fd		assets-preview	19.013/preview-contract,30.017	24.017,34.014	Retain exact file identity and brush/template relation; regenerate only through a verified equivalent preview path.	TODO
01.013/asset-0144	DONE	data/mypaint-brushes/deevad/rigger_brush_thin.myb	e1c511d50fdf3d330b074557bab92a6e739721ad		assets-brush	19.001,19.002,19.003,19.004,19.005,19.006,19.007,19.008,19.009,30.009,30.017	19.015,36.014,36.015,34.014	Keep this exact brush identity/hash, all extension values and linked resources through decoding, rendering, editing and installation.	TODO
01.013/asset-0145	DONE	data/mypaint-brushes/deevad/rigger_brush_thin_prev.png	16dc0a89aad0060e1861757bfb954cd2ad688e88		assets-preview	19.013/preview-contract,30.017	24.017,34.014	Retain exact file identity and brush/template relation; regenerate only through a verified equivalent preview path.	TODO
01.013/asset-0146	DONE	data/mypaint-brushes/deevad/rough.myb	35bd670e3d0374b0ec3466ac3061750e73abd0aa		assets-brush	19.001,19.002,19.003,19.004,19.005,19.006,19.007,19.008,19.009,30.009,30.017	19.015,36.014,36.015,34.014	Keep this exact brush identity/hash, all extension values and linked resources through decoding, rendering, editing and installation.	TODO
01.013/asset-0147	DONE	data/mypaint-brushes/deevad/rough_prev.png	a1dbb92ca851272aed7e9619cf2c91d363ab88dc		assets-preview	19.013/preview-contract,30.017	24.017,34.014	Retain exact file identity and brush/template relation; regenerate only through a verified equivalent preview path.	TODO
01.013/asset-0148	DONE	data/mypaint-brushes/deevad/soft-dip-pen.myb	2aa1040980fbb2f4aa6fec2fbfebcd4ad2d33b5c		assets-brush	19.001,19.002,19.003,19.004,19.005,19.006,19.007,19.008,19.009,30.009,30.017	19.015,36.014,36.015,34.014	Keep this exact brush identity/hash, all extension values and linked resources through decoding, rendering, editing and installation.	TODO
01.013/asset-0149	DONE	data/mypaint-brushes/deevad/soft-dip-pen_prev.png	2d9f249e7444b63226a34ecafc1e96a686895612		assets-preview	19.013/preview-contract,30.017	24.017,34.014	Retain exact file identity and brush/template relation; regenerate only through a verified equivalent preview path.	TODO
01.013/asset-0150	DONE	data/mypaint-brushes/deevad/sponge_smudging.myb	1c54048e92bced0b7eafefeaaf1a3f7320bbd886		assets-brush	19.001,19.002,19.003,19.004,19.005,19.006,19.007,19.008,19.009,30.009,30.017	19.015,36.014,36.015,34.014	Keep this exact brush identity/hash, all extension values and linked resources through decoding, rendering, editing and installation.	TODO
01.013/asset-0151	DONE	data/mypaint-brushes/deevad/sponge_smudging_prev.png	7653555a24412f89d23f91bc7cde89b562446609		assets-preview	19.013/preview-contract,30.017	24.017,34.014	Retain exact file identity and brush/template relation; regenerate only through a verified equivalent preview path.	TODO
01.013/asset-0152	DONE	data/mypaint-brushes/deevad/spray.myb	9f5593a2c9c933439ec3bf8f30355850a0c70e4e		assets-brush	19.001,19.002,19.003,19.004,19.005,19.006,19.007,19.008,19.009,30.009,30.017	19.015,36.014,36.015,34.014	Keep this exact brush identity/hash, all extension values and linked resources through decoding, rendering, editing and installation.	TODO
01.013/asset-0153	DONE	data/mypaint-brushes/deevad/spray2.myb	9417b0892f9de94b3647f795ba5536a80d749765		assets-brush	19.001,19.002,19.003,19.004,19.005,19.006,19.007,19.008,19.009,30.009,30.017	19.015,36.014,36.015,34.014	Keep this exact brush identity/hash, all extension values and linked resources through decoding, rendering, editing and installation.	TODO
01.013/asset-0154	DONE	data/mypaint-brushes/deevad/spray2_prev.png	0f92af7640ef3e15c564f14922673a7b92641aa0		assets-preview	19.013/preview-contract,30.017	24.017,34.014	Retain exact file identity and brush/template relation; regenerate only through a verified equivalent preview path.	TODO
01.013/asset-0155	DONE	data/mypaint-brushes/deevad/spray_prev.png	2447deffa3c44688324ba7b97b596ec017a46339		assets-preview	19.013/preview-contract,30.017	24.017,34.014	Retain exact file identity and brush/template relation; regenerate only through a verified equivalent preview path.	TODO
01.013/asset-0156	DONE	data/mypaint-brushes/deevad/thin_hard_eraser.myb	2622a79090dd69b9aabcd486869a23aeb826814b		assets-brush	19.001,19.002,19.003,19.004,19.005,19.006,19.007,19.008,19.009,30.009,30.017	19.015,36.014,36.015,34.014	Keep this exact brush identity/hash, all extension values and linked resources through decoding, rendering, editing and installation.	TODO
01.013/asset-0157	DONE	data/mypaint-brushes/deevad/thin_hard_eraser_prev.png	c039bbf58e0d4b76c1bdf95575370bfa33f9996f		assets-preview	19.013/preview-contract,30.017	24.017,34.014	Retain exact file identity and brush/template relation; regenerate only through a verified equivalent preview path.	TODO
01.013/asset-0158	DONE	data/mypaint-brushes/deevad/thin_watercolor.myb	34cfbbaddd3debdfec06090a42d3e6443bf97312		assets-brush	19.001,19.002,19.003,19.004,19.005,19.006,19.007,19.008,19.009,30.009,30.017	19.015,36.014,36.015,34.014	Keep this exact brush identity/hash, all extension values and linked resources through decoding, rendering, editing and installation.	TODO
01.013/asset-0159	DONE	data/mypaint-brushes/deevad/thin_watercolor_prev.png	b0267ad1b1080a24e7bdc0100d3a9ef80407cddb		assets-preview	19.013/preview-contract,30.017	24.017,34.014	Retain exact file identity and brush/template relation; regenerate only through a verified equivalent preview path.	TODO
01.013/asset-0160	DONE	data/mypaint-brushes/deevad/watercolor_expressive.myb	2402e51e2cfcc31980bf4ee52aa39e6c0ee8fb23		assets-brush	19.001,19.002,19.003,19.004,19.005,19.006,19.007,19.008,19.009,30.009,30.017	19.015,36.014,36.015,34.014	Keep this exact brush identity/hash, all extension values and linked resources through decoding, rendering, editing and installation.	TODO
01.013/asset-0161	DONE	data/mypaint-brushes/deevad/watercolor_expressive_prev.png	da9b8cbe4cea68696c6882c6775bbb38ca19b5c9		assets-preview	19.013/preview-contract,30.017	24.017,34.014	Retain exact file identity and brush/template relation; regenerate only through a verified equivalent preview path.	TODO
01.013/asset-0162	DONE	data/mypaint-brushes/deevad/watercolor_glazing.myb	c8945f8e0e37c0943ada9e554b65e3c99f30372c		assets-brush	19.001,19.002,19.003,19.004,19.005,19.006,19.007,19.008,19.009,30.009,30.017	19.015,36.014,36.015,34.014	Keep this exact brush identity/hash, all extension values and linked resources through decoding, rendering, editing and installation.	TODO
01.013/asset-0163	DONE	data/mypaint-brushes/deevad/watercolor_glazing_prev.png	834144d61737c8e2eb44a4c3a9b51fd1e194a371		assets-preview	19.013/preview-contract,30.017	24.017,34.014	Retain exact file identity and brush/template relation; regenerate only through a verified equivalent preview path.	TODO
01.013/asset-0164	DONE	data/mypaint-brushes/experimental/1pixel.myb	cc83fa3ba9624246d57e83eca08c12821e02453a		assets-brush	19.001,19.002,19.003,19.004,19.005,19.006,19.007,19.008,19.009,30.009,30.017	19.015,36.014,36.015,34.014	Keep this exact brush identity/hash, all extension values and linked resources through decoding, rendering, editing and installation.	TODO
01.013/asset-0165	DONE	data/mypaint-brushes/experimental/1pixel_prev.png	5a3c68e96dcde37736b101d7756cf787ca6ea321		assets-preview	19.013/preview-contract,30.017	24.017,34.014	Retain exact file identity and brush/template relation; regenerate only through a verified equivalent preview path.	TODO
01.013/asset-0166	DONE	data/mypaint-brushes/experimental/DNA_brush.myb	02f6be9cf44090aaf48a9d2bd9a57540b54c17d4		assets-brush	19.001,19.002,19.003,19.004,19.005,19.006,19.007,19.008,19.009,30.009,30.017	19.015,36.014,36.015,34.014	Keep this exact brush identity/hash, all extension values and linked resources through decoding, rendering, editing and installation.	TODO
01.013/asset-0167	DONE	data/mypaint-brushes/experimental/DNA_brush_prev.png	c695e23c687761ade856f6a265b3fd1d5aaaebc6		assets-preview	19.013/preview-contract,30.017	24.017,34.014	Retain exact file identity and brush/template relation; regenerate only through a verified equivalent preview path.	TODO
01.013/asset-0168	DONE	data/mypaint-brushes/experimental/Makefile.am	ad1ffea0bc72081bad1b4f2aea331a65476bd149		assets-manifest	30.009,30.010,30.011,30.017	34.002,34.014,38.005	Replace Autotools install lists with complete Meson/package manifests, preserving every referenced asset.	TODO
01.013/asset-0169	DONE	data/mypaint-brushes/experimental/basic.myb	2283362de5a1c9686d9259aa9bf4cf6b300a6d62		assets-brush	19.001,19.002,19.003,19.004,19.005,19.006,19.007,19.008,19.009,30.009,30.017	19.015,36.014,36.015,34.014	Keep this exact brush identity/hash, all extension values and linked resources through decoding, rendering, editing and installation.	TODO
01.013/asset-0170	DONE	data/mypaint-brushes/experimental/basic_prev.png	d3a9cefa151011c13c21e458ca18bd61ecbfc8ec		assets-preview	19.013/preview-contract,30.017	24.017,34.014	Retain exact file identity and brush/template relation; regenerate only through a verified equivalent preview path.	TODO
01.013/asset-0171	DONE	data/mypaint-brushes/experimental/bubble.myb	0bec9acf93ed1af7c9a6197b5c8a1ec27cfe1c4d		assets-brush	19.001,19.002,19.003,19.004,19.005,19.006,19.007,19.008,19.009,30.009,30.017	19.015,36.014,36.015,34.014	Keep this exact brush identity/hash, all extension values and linked resources through decoding, rendering, editing and installation.	TODO
01.013/asset-0172	DONE	data/mypaint-brushes/experimental/bubble_prev.png	1f554150d415ac0e944f952ac5bc69e071bf52e3		assets-preview	19.013/preview-contract,30.017	24.017,34.014	Retain exact file identity and brush/template relation; regenerate only through a verified equivalent preview path.	TODO
01.013/asset-0173	DONE	data/mypaint-brushes/experimental/files	63a6339823e55b01e425953b2c73cc1b599a8d11		assets-manifest	30.009,30.010,30.011,30.017	34.002,34.014,38.005	Replace Autotools install lists with complete Meson/package manifests, preserving every referenced asset.	TODO
01.013/asset-0174	DONE	data/mypaint-brushes/experimental/fur.myb	65cf214b0daaae27edd66531fbda541b712ab301		assets-brush	19.001,19.002,19.003,19.004,19.005,19.006,19.007,19.008,19.009,30.009,30.017	19.015,36.014,36.015,34.014	Keep this exact brush identity/hash, all extension values and linked resources through decoding, rendering, editing and installation.	TODO
01.013/asset-0175	DONE	data/mypaint-brushes/experimental/fur_prev.png	91bf05cf624f5ef8decf04802bde06f8c2f593b5		assets-preview	19.013/preview-contract,30.017	24.017,34.014	Retain exact file identity and brush/template relation; regenerate only through a verified equivalent preview path.	TODO
01.013/asset-0176	DONE	data/mypaint-brushes/experimental/glow.myb	8974018147d49d9e5e6daada96a21aae16ed96ba		assets-brush	19.001,19.002,19.003,19.004,19.005,19.006,19.007,19.008,19.009,30.009,30.017	19.015,36.014,36.015,34.014	Keep this exact brush identity/hash, all extension values and linked resources through decoding, rendering, editing and installation.	TODO
01.013/asset-0177	DONE	data/mypaint-brushes/experimental/glow_prev.png	6a71f0fc87f385b3f8a10b689d360daef3cd911d		assets-preview	19.013/preview-contract,30.017	24.017,34.014	Retain exact file identity and brush/template relation; regenerate only through a verified equivalent preview path.	TODO
01.013/asset-0178	DONE	data/mypaint-brushes/experimental/hard_blot.myb	a8ffe8e22a53b9669d46bc5812be4cc4d01f120a		assets-brush	19.001,19.002,19.003,19.004,19.005,19.006,19.007,19.008,19.009,30.009,30.017	19.015,36.014,36.015,34.014	Keep this exact brush identity/hash, all extension values and linked resources through decoding, rendering, editing and installation.	TODO
01.013/asset-0179	DONE	data/mypaint-brushes/experimental/hard_blot_prev.png	7613d83f6002c8d44705f9e56bf70c6d80ddd160		assets-preview	19.013/preview-contract,30.017	24.017,34.014	Retain exact file identity and brush/template relation; regenerate only through a verified equivalent preview path.	TODO
01.013/asset-0180	DONE	data/mypaint-brushes/experimental/hard_sting.myb	e83912b6091aadc95753e4c66fcf5d01cac05dfb		assets-brush	19.001,19.002,19.003,19.004,19.005,19.006,19.007,19.008,19.009,30.009,30.017	19.015,36.014,36.015,34.014	Keep this exact brush identity/hash, all extension values and linked resources through decoding, rendering, editing and installation.	TODO
01.013/asset-0181	DONE	data/mypaint-brushes/experimental/hard_sting_prev.png	bebdc16ae44b07f6b9535bf2a712d0d30b86fb64		assets-preview	19.013/preview-contract,30.017	24.017,34.014	Retain exact file identity and brush/template relation; regenerate only through a verified equivalent preview path.	TODO
01.013/asset-0182	DONE	data/mypaint-brushes/experimental/irregular_ink.myb	aec1fdc052c0d8f7c76ba1cb5ca2de46675089da		assets-brush	19.001,19.002,19.003,19.004,19.005,19.006,19.007,19.008,19.009,30.009,30.017	19.015,36.014,36.015,34.014	Keep this exact brush identity/hash, all extension values and linked resources through decoding, rendering, editing and installation.	TODO
01.013/asset-0183	DONE	data/mypaint-brushes/experimental/irregular_ink_prev.png	249f6f6b8530fdd5f66d50789a1da576232b5a90		assets-preview	19.013/preview-contract,30.017	24.017,34.014	Retain exact file identity and brush/template relation; regenerate only through a verified equivalent preview path.	TODO
01.013/asset-0184	DONE	data/mypaint-brushes/experimental/leaves.myb	42809a5f9769f12c14cc76a98aab88aec43cf53f		assets-brush	19.001,19.002,19.003,19.004,19.005,19.006,19.007,19.008,19.009,30.009,30.017	19.015,36.014,36.015,34.014	Keep this exact brush identity/hash, all extension values and linked resources through decoding, rendering, editing and installation.	TODO
01.013/asset-0185	DONE	data/mypaint-brushes/experimental/leaves_prev.png	c071a57e2c63db895b359abcf66fd1683915ede7		assets-preview	19.013/preview-contract,30.017	24.017,34.014	Retain exact file identity and brush/template relation; regenerate only through a verified equivalent preview path.	TODO
01.013/asset-0186	DONE	data/mypaint-brushes/experimental/particules_3.myb	59eb476f0c2f00d50bd1d37d15a937a1aa534b18		assets-brush	19.001,19.002,19.003,19.004,19.005,19.006,19.007,19.008,19.009,30.009,30.017	19.015,36.014,36.015,34.014	Keep this exact brush identity/hash, all extension values and linked resources through decoding, rendering, editing and installation.	TODO
01.013/asset-0187	DONE	data/mypaint-brushes/experimental/particules_3_prev.png	cc4fa69bf9199bb3488143f6bf643b3b3983ed57		assets-preview	19.013/preview-contract,30.017	24.017,34.014	Retain exact file identity and brush/template relation; regenerate only through a verified equivalent preview path.	TODO
01.013/asset-0188	DONE	data/mypaint-brushes/experimental/particules_eraser.myb	cf7d1e28f81251404911234bd5d4f0ee12c3713b		assets-brush	19.001,19.002,19.003,19.004,19.005,19.006,19.007,19.008,19.009,30.009,30.017	19.015,36.014,36.015,34.014	Keep this exact brush identity/hash, all extension values and linked resources through decoding, rendering, editing and installation.	TODO
01.013/asset-0189	DONE	data/mypaint-brushes/experimental/particules_eraser_prev.png	d2572b4f96c7f961bb1908cfc363608e1221de97		assets-preview	19.013/preview-contract,30.017	24.017,34.014	Retain exact file identity and brush/template relation; regenerate only through a verified equivalent preview path.	TODO
01.013/asset-0190	DONE	data/mypaint-brushes/experimental/pick_and_drag.myb	4b6fe2aafb378966729a71eb8be11a0204228bb3		assets-brush	19.001,19.002,19.003,19.004,19.005,19.006,19.007,19.008,19.009,30.009,30.017	19.015,36.014,36.015,34.014	Keep this exact brush identity/hash, all extension values and linked resources through decoding, rendering, editing and installation.	TODO
01.013/asset-0191	DONE	data/mypaint-brushes/experimental/pick_and_drag_prev.png	141ea9e6db1089b498d2f5b07032709718f75bcb		assets-preview	19.013/preview-contract,30.017	24.017,34.014	Retain exact file identity and brush/template relation; regenerate only through a verified equivalent preview path.	TODO
01.013/asset-0192	DONE	data/mypaint-brushes/experimental/pixel_hardink.myb	6fa68989d49c2eb68a72c3f5bb192bf0ab785ac4		assets-brush	19.001,19.002,19.003,19.004,19.005,19.006,19.007,19.008,19.009,30.009,30.017	19.015,36.014,36.015,34.014	Keep this exact brush identity/hash, all extension values and linked resources through decoding, rendering, editing and installation.	TODO
01.013/asset-0193	DONE	data/mypaint-brushes/experimental/pixel_hardink_prev.png	5a253969d4d74d0684dcdc444724a980e40de3ac		assets-preview	19.013/preview-contract,30.017	24.017,34.014	Retain exact file identity and brush/template relation; regenerate only through a verified equivalent preview path.	TODO
01.013/asset-0194	DONE	data/mypaint-brushes/experimental/pixelblocking.myb	ab1c15c3cdd30f9b86c2b81a35167d9ae2402105		assets-brush	19.001,19.002,19.003,19.004,19.005,19.006,19.007,19.008,19.009,30.009,30.017	19.015,36.014,36.015,34.014	Keep this exact brush identity/hash, all extension values and linked resources through decoding, rendering, editing and installation.	TODO
01.013/asset-0195	DONE	data/mypaint-brushes/experimental/pixelblocking_prev.png	c5436a67285c92b39269a419bafcf1529394ad14		assets-preview	19.013/preview-contract,30.017	24.017,34.014	Retain exact file identity and brush/template relation; regenerate only through a verified equivalent preview path.	TODO
01.013/asset-0196	DONE	data/mypaint-brushes/experimental/sewing.myb	f351f3cc612fdca553f140c0850d824cfd191134		assets-brush	19.001,19.002,19.003,19.004,19.005,19.006,19.007,19.008,19.009,30.009,30.017	19.015,36.014,36.015,34.014	Keep this exact brush identity/hash, all extension values and linked resources through decoding, rendering, editing and installation.	TODO
01.013/asset-0197	DONE	data/mypaint-brushes/experimental/sewing_prev.png	234ab80a30b6f77fa742259061bcb175022fcbf8		assets-preview	19.013/preview-contract,30.017	24.017,34.014	Retain exact file identity and brush/template relation; regenerate only through a verified equivalent preview path.	TODO
01.013/asset-0198	DONE	data/mypaint-brushes/experimental/small_blot.myb	ed1d3539606e26a370486e862196efc566b62d55		assets-brush	19.001,19.002,19.003,19.004,19.005,19.006,19.007,19.008,19.009,30.009,30.017	19.015,36.014,36.015,34.014	Keep this exact brush identity/hash, all extension values and linked resources through decoding, rendering, editing and installation.	TODO
01.013/asset-0199	DONE	data/mypaint-brushes/experimental/small_blot_prev.png	4f3a96c98324cd338bb265ae36df6bb2ea086eea		assets-preview	19.013/preview-contract,30.017	24.017,34.014	Retain exact file identity and brush/template relation; regenerate only through a verified equivalent preview path.	TODO
01.013/asset-0200	DONE	data/mypaint-brushes/experimental/soft.myb	662c34673ea815a00785d69bffa749789dda382c		assets-brush	19.001,19.002,19.003,19.004,19.005,19.006,19.007,19.008,19.009,30.009,30.017	19.015,36.014,36.015,34.014	Keep this exact brush identity/hash, all extension values and linked resources through decoding, rendering, editing and installation.	TODO
01.013/asset-0201	DONE	data/mypaint-brushes/experimental/soft_irregular.myb	8f429c483dbe3063eb744d4d209d216084cd1755		assets-brush	19.001,19.002,19.003,19.004,19.005,19.006,19.007,19.008,19.009,30.009,30.017	19.015,36.014,36.015,34.014	Keep this exact brush identity/hash, all extension values and linked resources through decoding, rendering, editing and installation.	TODO
01.013/asset-0202	DONE	data/mypaint-brushes/experimental/soft_irregular_prev.png	9ccd1705740a43fdb57912545554af763f56d2c5		assets-preview	19.013/preview-contract,30.017	24.017,34.014	Retain exact file identity and brush/template relation; regenerate only through a verified equivalent preview path.	TODO
01.013/asset-0203	DONE	data/mypaint-brushes/experimental/soft_prev.png	befb8a7b96977aea182f3a243adb200315a76632		assets-preview	19.013/preview-contract,30.017	24.017,34.014	Retain exact file identity and brush/template relation; regenerate only through a verified equivalent preview path.	TODO
01.013/asset-0204	DONE	data/mypaint-brushes/experimental/spaced-blot.myb	5f534a219551538640f68c16b8108ea3dba5b521		assets-brush	19.001,19.002,19.003,19.004,19.005,19.006,19.007,19.008,19.009,30.009,30.017	19.015,36.014,36.015,34.014	Keep this exact brush identity/hash, all extension values and linked resources through decoding, rendering, editing and installation.	TODO
01.013/asset-0205	DONE	data/mypaint-brushes/experimental/spaced-blot_prev.png	64a2f47a6d9be571e38c15bba8540b051165b53d		assets-preview	19.013/preview-contract,30.017	24.017,34.014	Retain exact file identity and brush/template relation; regenerate only through a verified equivalent preview path.	TODO
01.013/asset-0206	DONE	data/mypaint-brushes/experimental/speed_blot.myb	5998c3740c605e86cbb77b26d3168184b574752b		assets-brush	19.001,19.002,19.003,19.004,19.005,19.006,19.007,19.008,19.009,30.009,30.017	19.015,36.014,36.015,34.014	Keep this exact brush identity/hash, all extension values and linked resources through decoding, rendering, editing and installation.	TODO
01.013/asset-0207	DONE	data/mypaint-brushes/experimental/speed_blot_prev.png	420cc630574b44dcacb378813379d689579fb558		assets-preview	19.013/preview-contract,30.017	24.017,34.014	Retain exact file identity and brush/template relation; regenerate only through a verified equivalent preview path.	TODO
01.013/asset-0208	DONE	data/mypaint-brushes/experimental/subtle_pencil.myb	92c640e0932605e1d555b959ff4b0bf75632f740		assets-brush	19.001,19.002,19.003,19.004,19.005,19.006,19.007,19.008,19.009,30.009,30.017	19.015,36.014,36.015,34.014	Keep this exact brush identity/hash, all extension values and linked resources through decoding, rendering, editing and installation.	TODO
01.013/asset-0209	DONE	data/mypaint-brushes/experimental/subtle_pencil_prev.png	370aae327c7756e0f18023daac2dc93fa58c084d		assets-preview	19.013/preview-contract,30.017	24.017,34.014	Retain exact file identity and brush/template relation; regenerate only through a verified equivalent preview path.	TODO
01.013/asset-0210	DONE	data/mypaint-brushes/experimental/track.myb	eddd8b434b6699f6385a7ff6f7ff827498642962		assets-brush	19.001,19.002,19.003,19.004,19.005,19.006,19.007,19.008,19.009,30.009,30.017	19.015,36.014,36.015,34.014	Keep this exact brush identity/hash, all extension values and linked resources through decoding, rendering, editing and installation.	TODO
01.013/asset-0211	DONE	data/mypaint-brushes/experimental/track_prev.png	7eec85f65277164acbe07f21146b6ff36ce67b0e		assets-preview	19.013/preview-contract,30.017	24.017,34.014	Retain exact file identity and brush/template relation; regenerate only through a verified equivalent preview path.	TODO
01.013/asset-0212	DONE	data/mypaint-brushes/kaerhon/Airbrush_a.myb	6c2a3e99aa7692e0ed1c8a190c2b6f85583e2065		assets-brush	19.001,19.002,19.003,19.004,19.005,19.006,19.007,19.008,19.009,30.009,30.017	19.015,36.014,36.015,34.014	Keep this exact brush identity/hash, all extension values and linked resources through decoding, rendering, editing and installation.	TODO
01.013/asset-0213	DONE	data/mypaint-brushes/kaerhon/Airbrush_a_prev.png	55d0ab1773ee051805758ee4879fbf84191ff6df		assets-preview	19.013/preview-contract,30.017	24.017,34.014	Retain exact file identity and brush/template relation; regenerate only through a verified equivalent preview path.	TODO
01.013/asset-0214	DONE	data/mypaint-brushes/kaerhon/Dirty_Transparent_sk.myb	2b878ea0033bda0f509833ab160b7eeb8d58f270		assets-brush	19.001,19.002,19.003,19.004,19.005,19.006,19.007,19.008,19.009,30.009,30.017	19.015,36.014,36.015,34.014	Keep this exact brush identity/hash, all extension values and linked resources through decoding, rendering, editing and installation.	TODO
01.013/asset-0215	DONE	data/mypaint-brushes/kaerhon/Dirty_Transparent_sk_prev.png	5767f46eb922f50904cb3c11b05106bd4dda525b		assets-preview	19.013/preview-contract,30.017	24.017,34.014	Retain exact file identity and brush/template relation; regenerate only through a verified equivalent preview path.	TODO
01.013/asset-0216	DONE	data/mypaint-brushes/kaerhon/Makefile.am	ff1ce29dc22560969cc7c0495d8e9019cefa1f77		assets-manifest	30.009,30.010,30.011,30.017	34.002,34.014,38.005	Replace Autotools install lists with complete Meson/package manifests, preserving every referenced asset.	TODO
01.013/asset-0217	DONE	data/mypaint-brushes/kaerhon/ReadMe.txt	c8ff7ed492c5c55f593f8c5be57116bb0018000d		assets-license	34.005/license-manifest,38.010	34.014,38.005	Keep author/license/provenance text in the distributable notices; names or README format do not justify deletion.	TODO
01.013/asset-0218	DONE	data/mypaint-brushes/kaerhon/Sketcher2_sk.myb	3cebd483e3b6ed5d25774f0f5a7f5754c1c11fc6		assets-brush	19.001,19.002,19.003,19.004,19.005,19.006,19.007,19.008,19.009,30.009,30.017	19.015,36.014,36.015,34.014	Keep this exact brush identity/hash, all extension values and linked resources through decoding, rendering, editing and installation.	TODO
01.013/asset-0219	DONE	data/mypaint-brushes/kaerhon/Sketcher2_sk_prev.png	a61bb5054b96e7f05877fff5287d5af3f77289f6		assets-preview	19.013/preview-contract,30.017	24.017,34.014	Retain exact file identity and brush/template relation; regenerate only through a verified equivalent preview path.	TODO
01.013/asset-0220	DONE	data/mypaint-brushes/kaerhon/Smear_sm.myb	845bc617fdce5c0b0d384420d5df152d865463c1		assets-brush	19.001,19.002,19.003,19.004,19.005,19.006,19.007,19.008,19.009,30.009,30.017	19.015,36.014,36.015,34.014	Keep this exact brush identity/hash, all extension values and linked resources through decoding, rendering, editing and installation.	TODO
01.013/asset-0221	DONE	data/mypaint-brushes/kaerhon/Smear_sm_prev.png	4756d24b8a4b2819b67cdb9c9b6ef46b3985ed92		assets-preview	19.013/preview-contract,30.017	24.017,34.014	Retain exact file identity and brush/template relation; regenerate only through a verified equivalent preview path.	TODO
01.013/asset-0222	DONE	data/mypaint-brushes/kaerhon/airbruch_press_a.myb	a59a19798456818279d2818591b59b20b649fe2a		assets-brush	19.001,19.002,19.003,19.004,19.005,19.006,19.007,19.008,19.009,30.009,30.017	19.015,36.014,36.015,34.014	Keep this exact brush identity/hash, all extension values and linked resources through decoding, rendering, editing and installation.	TODO
01.013/asset-0223	DONE	data/mypaint-brushes/kaerhon/airbruch_press_a_prev.png	c549b46d3b66e46ae7da77fbf372551362097d9a		assets-preview	19.013/preview-contract,30.017	24.017,34.014	Retain exact file identity and brush/template relation; regenerate only through a verified equivalent preview path.	TODO
01.013/asset-0224	DONE	data/mypaint-brushes/kaerhon/airsmudge_a.myb	5909fff54f75267d2c6f40fd1dc58476982d7e82		assets-brush	19.001,19.002,19.003,19.004,19.005,19.006,19.007,19.008,19.009,30.009,30.017	19.015,36.014,36.015,34.014	Keep this exact brush identity/hash, all extension values and linked resources through decoding, rendering, editing and installation.	TODO
01.013/asset-0225	DONE	data/mypaint-brushes/kaerhon/airsmudge_a_prev.png	bdfd9e867667a649a8e427d0a398c4456dc39197		assets-preview	19.013/preview-contract,30.017	24.017,34.014	Retain exact file identity and brush/template relation; regenerate only through a verified equivalent preview path.	TODO
01.013/asset-0226	DONE	data/mypaint-brushes/kaerhon/airsmudgeultimate_sk.myb	bbaf477f60caa54491ae2742e7fba8b140c8b0eb		assets-brush	19.001,19.002,19.003,19.004,19.005,19.006,19.007,19.008,19.009,30.009,30.017	19.015,36.014,36.015,34.014	Keep this exact brush identity/hash, all extension values and linked resources through decoding, rendering, editing and installation.	TODO
01.013/asset-0227	DONE	data/mypaint-brushes/kaerhon/airsmudgeultimate_sk_prev.png	1da355e88ec76a80629c70c92623ce0bfbf5f87c		assets-preview	19.013/preview-contract,30.017	24.017,34.014	Retain exact file identity and brush/template relation; regenerate only through a verified equivalent preview path.	TODO
01.013/asset-0228	DONE	data/mypaint-brushes/kaerhon/classic_sk.myb	40a64198716f46a2992edfccc49dcecd0fc71f57		assets-brush	19.001,19.002,19.003,19.004,19.005,19.006,19.007,19.008,19.009,30.009,30.017	19.015,36.014,36.015,34.014	Keep this exact brush identity/hash, all extension values and linked resources through decoding, rendering, editing and installation.	TODO
01.013/asset-0229	DONE	data/mypaint-brushes/kaerhon/classic_sk_prev.png	2027ea4d172c722b8960e10b25f821b19b1f8997		assets-preview	19.013/preview-contract,30.017	24.017,34.014	Retain exact file identity and brush/template relation; regenerate only through a verified equivalent preview path.	TODO
01.013/asset-0230	DONE	data/mypaint-brushes/kaerhon/classicroundblock_static_c.myb	3f87d60311244d3e9d47b448a49514e9e610fd2c		assets-brush	19.001,19.002,19.003,19.004,19.005,19.006,19.007,19.008,19.009,30.009,30.017	19.015,36.014,36.015,34.014	Keep this exact brush identity/hash, all extension values and linked resources through decoding, rendering, editing and installation.	TODO
01.013/asset-0231	DONE	data/mypaint-brushes/kaerhon/classicroundblock_static_c_prev.png	80ca14b800bd3aeeb34bad02702ea3e520788b3e		assets-preview	19.013/preview-contract,30.017	24.017,34.014	Retain exact file identity and brush/template relation; regenerate only through a verified equivalent preview path.	TODO
01.013/asset-0232	DONE	data/mypaint-brushes/kaerhon/extreme_round_l.myb	3b8d53675dbd695990e0c47321378141ccdfe6f3		assets-brush	19.001,19.002,19.003,19.004,19.005,19.006,19.007,19.008,19.009,30.009,30.017	19.015,36.014,36.015,34.014	Keep this exact brush identity/hash, all extension values and linked resources through decoding, rendering, editing and installation.	TODO
01.013/asset-0233	DONE	data/mypaint-brushes/kaerhon/extreme_round_l_prev.png	d3122e454d80e714a6f32e37b4a742c01b002a4c		assets-preview	19.013/preview-contract,30.017	24.017,34.014	Retain exact file identity and brush/template relation; regenerate only through a verified equivalent preview path.	TODO
01.013/asset-0234	DONE	data/mypaint-brushes/kaerhon/files	9b5ce39ca19cf1acfd971eb3d1bd5c253bbb9dff		assets-manifest	30.009,30.010,30.011,30.017	34.002,34.014,38.005	Replace Autotools install lists with complete Meson/package manifests, preserving every referenced asset.	TODO
01.013/asset-0235	DONE	data/mypaint-brushes/kaerhon/fill_c.myb	dd36501430c915db227c857c86f178e646f9776e		assets-brush	19.001,19.002,19.003,19.004,19.005,19.006,19.007,19.008,19.009,30.009,30.017	19.015,36.014,36.015,34.014	Keep this exact brush identity/hash, all extension values and linked resources through decoding, rendering, editing and installation.	TODO
01.013/asset-0236	DONE	data/mypaint-brushes/kaerhon/fill_c_prev.png	25df6b65c80f810dcf75d8bcbaf75a1bcdec5a60		assets-preview	19.013/preview-contract,30.017	24.017,34.014	Retain exact file identity and brush/template relation; regenerate only through a verified equivalent preview path.	TODO
01.013/asset-0237	DONE	data/mypaint-brushes/kaerhon/flat_bar_l.myb	f6a2a44feccd892c511384ad40c462f2e4f0b27a		assets-brush	19.001,19.002,19.003,19.004,19.005,19.006,19.007,19.008,19.009,30.009,30.017	19.015,36.014,36.015,34.014	Keep this exact brush identity/hash, all extension values and linked resources through decoding, rendering, editing and installation.	TODO
01.013/asset-0238	DONE	data/mypaint-brushes/kaerhon/flat_bar_l_prev.png	e9949709dab2c8d4db5b8b0b6df73f327810e8a2		assets-preview	19.013/preview-contract,30.017	24.017,34.014	Retain exact file identity and brush/template relation; regenerate only through a verified equivalent preview path.	TODO
01.013/asset-0239	DONE	data/mypaint-brushes/kaerhon/ink-slowline_s.myb	a8539ebfc41d0b2d3a4111710dd45c36f5dd7e31		assets-brush	19.001,19.002,19.003,19.004,19.005,19.006,19.007,19.008,19.009,30.009,30.017	19.015,36.014,36.015,34.014	Keep this exact brush identity/hash, all extension values and linked resources through decoding, rendering, editing and installation.	TODO
01.013/asset-0240	DONE	data/mypaint-brushes/kaerhon/ink-slowline_s_prev.png	4377bd0eca84ba8b304c8379460cbadcbfb213ba		assets-preview	19.013/preview-contract,30.017	24.017,34.014	Retain exact file identity and brush/template relation; regenerate only through a verified equivalent preview path.	TODO
01.013/asset-0241	DONE	data/mypaint-brushes/kaerhon/ink_slow_s.myb	c477434d92f83f2a68e4e882d25ac98ac1fa7150		assets-brush	19.001,19.002,19.003,19.004,19.005,19.006,19.007,19.008,19.009,30.009,30.017	19.015,36.014,36.015,34.014	Keep this exact brush identity/hash, all extension values and linked resources through decoding, rendering, editing and installation.	TODO
01.013/asset-0242	DONE	data/mypaint-brushes/kaerhon/ink_slow_s_prev.png	324befd71448eb1dcec13ac15998c8a7fa94f851		assets-preview	19.013/preview-contract,30.017	24.017,34.014	Retain exact file identity and brush/template relation; regenerate only through a verified equivalent preview path.	TODO
01.013/asset-0243	DONE	data/mypaint-brushes/kaerhon/inkster_l.myb	9f6c7d166b586fe7cc4395272de2f0c13bf68d16		assets-brush	19.001,19.002,19.003,19.004,19.005,19.006,19.007,19.008,19.009,30.009,30.017	19.015,36.014,36.015,34.014	Keep this exact brush identity/hash, all extension values and linked resources through decoding, rendering, editing and installation.	TODO
01.013/asset-0244	DONE	data/mypaint-brushes/kaerhon/inkster_l_prev.png	5ab74804922dc1383d88992b91e18319f21d4e12		assets-preview	19.013/preview-contract,30.017	24.017,34.014	Retain exact file identity and brush/template relation; regenerate only through a verified equivalent preview path.	TODO
01.013/asset-0245	DONE	data/mypaint-brushes/kaerhon/paint_barrr_sm.myb	bd179d8e55de0acf17041dfe44597db5386aef4e		assets-brush	19.001,19.002,19.003,19.004,19.005,19.006,19.007,19.008,19.009,30.009,30.017	19.015,36.014,36.015,34.014	Keep this exact brush identity/hash, all extension values and linked resources through decoding, rendering, editing and installation.	TODO
01.013/asset-0246	DONE	data/mypaint-brushes/kaerhon/paint_barrr_sm_prev.png	b76cc031ddcb8a2958e14a7ff0fab2bc9c9987ee		assets-preview	19.013/preview-contract,30.017	24.017,34.014	Retain exact file identity and brush/template relation; regenerate only through a verified equivalent preview path.	TODO
01.013/asset-0247	DONE	data/mypaint-brushes/kaerhon/paint_radius_2_sm.myb	00542f56712fb15cd2b6d6504028b711e849f858		assets-brush	19.001,19.002,19.003,19.004,19.005,19.006,19.007,19.008,19.009,30.009,30.017	19.015,36.014,36.015,34.014	Keep this exact brush identity/hash, all extension values and linked resources through decoding, rendering, editing and installation.	TODO
01.013/asset-0248	DONE	data/mypaint-brushes/kaerhon/paint_radius_2_sm_prev.png	c430790fc2af80d524feb38f6ee98314c105da7b		assets-preview	19.013/preview-contract,30.017	24.017,34.014	Retain exact file identity and brush/template relation; regenerate only through a verified equivalent preview path.	TODO
01.013/asset-0249	DONE	data/mypaint-brushes/kaerhon/paint_sm.myb	c54d12107591321874db3904279797c3c955976c		assets-brush	19.001,19.002,19.003,19.004,19.005,19.006,19.007,19.008,19.009,30.009,30.017	19.015,36.014,36.015,34.014	Keep this exact brush identity/hash, all extension values and linked resources through decoding, rendering, editing and installation.	TODO
01.013/asset-0250	DONE	data/mypaint-brushes/kaerhon/paint_sm_prev.png	b73a0aedc5051cc29660c19a8cde64f6605d4c71		assets-preview	19.013/preview-contract,30.017	24.017,34.014	Retain exact file identity and brush/template relation; regenerate only through a verified equivalent preview path.	TODO
01.013/asset-0251	DONE	data/mypaint-brushes/kaerhon/smudge_ink(0.7)_sm.myb	c989fe517fadecee252bbfb57a00089d30a560fd		assets-brush	19.001,19.002,19.003,19.004,19.005,19.006,19.007,19.008,19.009,30.009,30.017	19.015,36.014,36.015,34.014	Keep this exact brush identity/hash, all extension values and linked resources through decoding, rendering, editing and installation.	TODO
01.013/asset-0252	DONE	data/mypaint-brushes/kaerhon/smudge_ink(0.7)_sm_prev.png	5bd8a44be66bb99b46730b00b2f78c87e1dc2d4c		assets-preview	19.013/preview-contract,30.017	24.017,34.014	Retain exact file identity and brush/template relation; regenerate only through a verified equivalent preview path.	TODO
01.013/asset-0253	DONE	data/mypaint-brushes/kaerhon/wet_paint_sm.myb	c4fad9d68b9c114c56c5462c27fedfa46c867989		assets-brush	19.001,19.002,19.003,19.004,19.005,19.006,19.007,19.008,19.009,30.009,30.017	19.015,36.014,36.015,34.014	Keep this exact brush identity/hash, all extension values and linked resources through decoding, rendering, editing and installation.	TODO
01.013/asset-0254	DONE	data/mypaint-brushes/kaerhon/wet_paint_sm_prev.png	ded71b9d60315616513bc30bd07caa160a78528b		assets-preview	19.013/preview-contract,30.017	24.017,34.014	Retain exact file identity and brush/template relation; regenerate only through a verified equivalent preview path.	TODO
01.013/asset-0255	DONE	data/mypaint-brushes/label-brush-mypaint.sh	b640164fae398977f576b30550492dfb4e2e8e65		scripts	30.017/brush-preview-generator	34.013,34.014	Retain script purpose and generated asset relationships; replace unavailable legacy batch/Python syntax with a tested current path.	TODO
01.013/asset-0256	DONE	data/mypaint-brushes/prev-template.xcf.gz	3cd1bd9a2058d5755f0c0e10bbf05caec776a118		assets-preview	19.013/preview-contract,30.017	24.017,34.014	Retain exact file identity and brush/template relation; regenerate only through a verified equivalent preview path.	TODO
01.013/asset-0257	DONE	data/mypaint-brushes/ramon/100%_Opaque.myb	939be0ce2b84b1b6a6dbada2f34fa490c5da6107		assets-brush	19.001,19.002,19.003,19.004,19.005,19.006,19.007,19.008,19.009,30.009,30.017	19.015,36.014,36.015,34.014	Keep this exact brush identity/hash, all extension values and linked resources through decoding, rendering, editing and installation.	TODO
01.013/asset-0258	DONE	data/mypaint-brushes/ramon/100%_Opaque_prev.png	6b4b8169374141a26de20e119bd29ba89b71b42c		assets-preview	19.013/preview-contract,30.017	24.017,34.014	Retain exact file identity and brush/template relation; regenerate only through a verified equivalent preview path.	TODO
01.013/asset-0259	DONE	data/mypaint-brushes/ramon/2B_pencil.myb	28dd91f73325a84e4281b5cae8c02dcc98653b11		assets-brush	19.001,19.002,19.003,19.004,19.005,19.006,19.007,19.008,19.009,30.009,30.017	19.015,36.014,36.015,34.014	Keep this exact brush identity/hash, all extension values and linked resources through decoding, rendering, editing and installation.	TODO
01.013/asset-0260	DONE	data/mypaint-brushes/ramon/2B_pencil_prev.png	6020ae9f01996ba40c5e0eaa47ccdc2f9b7e18c8		assets-preview	19.013/preview-contract,30.017	24.017,34.014	Retain exact file identity and brush/template relation; regenerate only through a verified equivalent preview path.	TODO
01.013/asset-0261	DONE	data/mypaint-brushes/ramon/B-pencil.myb	daf65acad90c49e1b66b531363eeeb9e1bfd47df		assets-brush	19.001,19.002,19.003,19.004,19.005,19.006,19.007,19.008,19.009,30.009,30.017	19.015,36.014,36.015,34.014	Keep this exact brush identity/hash, all extension values and linked resources through decoding, rendering, editing and installation.	TODO
01.013/asset-0262	DONE	data/mypaint-brushes/ramon/B-pencil_prev.png	d5ad20e1189f5689dbc69a08ddf7a88b9953047f		assets-preview	19.013/preview-contract,30.017	24.017,34.014	Retain exact file identity and brush/template relation; regenerate only through a verified equivalent preview path.	TODO
01.013/asset-0263	DONE	data/mypaint-brushes/ramon/Beamlight.myb	598c3580169f3ed84fa943ef599f9b0c81151f90		assets-brush	19.001,19.002,19.003,19.004,19.005,19.006,19.007,19.008,19.009,30.009,30.017	19.015,36.014,36.015,34.014	Keep this exact brush identity/hash, all extension values and linked resources through decoding, rendering, editing and installation.	TODO
01.013/asset-0264	DONE	data/mypaint-brushes/ramon/Beamlight_prev.png	a78f1ab9ae97ccfb2f2aaa0891c1e3950f187e3b		assets-preview	19.013/preview-contract,30.017	24.017,34.014	Retain exact file identity and brush/template relation; regenerate only through a verified equivalent preview path.	TODO
01.013/asset-0265	DONE	data/mypaint-brushes/ramon/BigAirbrush.myb	b99688f208f9e25d7d649c0f699e083507bdd85e		assets-brush	19.001,19.002,19.003,19.004,19.005,19.006,19.007,19.008,19.009,30.009,30.017	19.015,36.014,36.015,34.014	Keep this exact brush identity/hash, all extension values and linked resources through decoding, rendering, editing and installation.	TODO
01.013/asset-0266	DONE	data/mypaint-brushes/ramon/BigAirbrush_prev.png	8ee9146f76f7147ec9a1533bae7024c856eb69cf		assets-preview	19.013/preview-contract,30.017	24.017,34.014	Retain exact file identity and brush/template relation; regenerate only through a verified equivalent preview path.	TODO
01.013/asset-0267	DONE	data/mypaint-brushes/ramon/Blur_Fast.myb	bc84f82dcbab8c9cc90021881bb37417b8d94fa3		assets-brush	19.001,19.002,19.003,19.004,19.005,19.006,19.007,19.008,19.009,30.009,30.017	19.015,36.014,36.015,34.014	Keep this exact brush identity/hash, all extension values and linked resources through decoding, rendering, editing and installation.	TODO
01.013/asset-0268	DONE	data/mypaint-brushes/ramon/Blur_Fast_prev.png	34a33a019b9176ee632aabb38440496759616321		assets-preview	19.013/preview-contract,30.017	24.017,34.014	Retain exact file identity and brush/template relation; regenerate only through a verified equivalent preview path.	TODO
01.013/asset-0269	DONE	data/mypaint-brushes/ramon/Classic_Paint.myb	18f29744007c1c7ca3c67aa1a3b2de2074f8709b		assets-brush	19.001,19.002,19.003,19.004,19.005,19.006,19.007,19.008,19.009,30.009,30.017	19.015,36.014,36.015,34.014	Keep this exact brush identity/hash, all extension values and linked resources through decoding, rendering, editing and installation.	TODO
01.013/asset-0270	DONE	data/mypaint-brushes/ramon/Classic_Paint_prev.png	8db33cea67e5bce736fa057ce2851aa4ba122c42		assets-preview	19.013/preview-contract,30.017	24.017,34.014	Retain exact file identity and brush/template relation; regenerate only through a verified equivalent preview path.	TODO
01.013/asset-0271	DONE	data/mypaint-brushes/ramon/Clouds.myb	4f8006100734f70dcc2f5db1e63e6af4f0ff6f01		assets-brush	19.001,19.002,19.003,19.004,19.005,19.006,19.007,19.008,19.009,30.009,30.017	19.015,36.014,36.015,34.014	Keep this exact brush identity/hash, all extension values and linked resources through decoding, rendering, editing and installation.	TODO
01.013/asset-0272	DONE	data/mypaint-brushes/ramon/Clouds_prev.png	b481ce7a0b860346d4df0106637a7f21d3fa1142		assets-preview	19.013/preview-contract,30.017	24.017,34.014	Retain exact file identity and brush/template relation; regenerate only through a verified equivalent preview path.	TODO
01.013/asset-0273	DONE	data/mypaint-brushes/ramon/Delayed_.myb	ef5edd5f595ff331563f807ee8f52c997f0655d1		assets-brush	19.001,19.002,19.003,19.004,19.005,19.006,19.007,19.008,19.009,30.009,30.017	19.015,36.014,36.015,34.014	Keep this exact brush identity/hash, all extension values and linked resources through decoding, rendering, editing and installation.	TODO
01.013/asset-0274	DONE	data/mypaint-brushes/ramon/Delayed__prev.png	f75c3f660ed75ba86c2174369f36dd982b5ad540		assets-preview	19.013/preview-contract,30.017	24.017,34.014	Retain exact file identity and brush/template relation; regenerate only through a verified equivalent preview path.	TODO
01.013/asset-0275	DONE	data/mypaint-brushes/ramon/Dirty_Noise.myb	d27ba1793e7fcf9af68a22ce08215599cecf5d84		assets-brush	19.001,19.002,19.003,19.004,19.005,19.006,19.007,19.008,19.009,30.009,30.017	19.015,36.014,36.015,34.014	Keep this exact brush identity/hash, all extension values and linked resources through decoding, rendering, editing and installation.	TODO
01.013/asset-0276	DONE	data/mypaint-brushes/ramon/Dirty_Noise_prev.png	7bc0a2e26a1a03ad01ee1bb4faebd811fafd705e		assets-preview	19.013/preview-contract,30.017	24.017,34.014	Retain exact file identity and brush/template relation; regenerate only through a verified equivalent preview path.	TODO
01.013/asset-0277	DONE	data/mypaint-brushes/ramon/Glow_Airbrush.myb	9e8bbff03bf4b1862dcfce5ddef697e3afae1ec4		assets-brush	19.001,19.002,19.003,19.004,19.005,19.006,19.007,19.008,19.009,30.009,30.017	19.015,36.014,36.015,34.014	Keep this exact brush identity/hash, all extension values and linked resources through decoding, rendering, editing and installation.	TODO
01.013/asset-0278	DONE	data/mypaint-brushes/ramon/Glow_Airbrush_prev.png	2ab739235feb758931b3fc09030d0d407c482992		assets-preview	19.013/preview-contract,30.017	24.017,34.014	Retain exact file identity and brush/template relation; regenerate only through a verified equivalent preview path.	TODO
01.013/asset-0279	DONE	data/mypaint-brushes/ramon/Grain.myb	650eb09e2924efa452fcbb1a4239c70f1f71975d		assets-brush	19.001,19.002,19.003,19.004,19.005,19.006,19.007,19.008,19.009,30.009,30.017	19.015,36.014,36.015,34.014	Keep this exact brush identity/hash, all extension values and linked resources through decoding, rendering, editing and installation.	TODO
01.013/asset-0280	DONE	data/mypaint-brushes/ramon/Grain_prev.png	1a5e9998b5bda77f40065506fe1d97eb58fae14a		assets-preview	19.013/preview-contract,30.017	24.017,34.014	Retain exact file identity and brush/template relation; regenerate only through a verified equivalent preview path.	TODO
01.013/asset-0281	DONE	data/mypaint-brushes/ramon/Hard_Eraser.myb	1c35b986e8a12863a013cfad62d4045fb3843ff5		assets-brush	19.001,19.002,19.003,19.004,19.005,19.006,19.007,19.008,19.009,30.009,30.017	19.015,36.014,36.015,34.014	Keep this exact brush identity/hash, all extension values and linked resources through decoding, rendering, editing and installation.	TODO
01.013/asset-0282	DONE	data/mypaint-brushes/ramon/Hard_Eraser_prev.png	2134b1e69bd67ccd399c2d7e40f444502faea301		assets-preview	19.013/preview-contract,30.017	24.017,34.014	Retain exact file identity and brush/template relation; regenerate only through a verified equivalent preview path.	TODO
01.013/asset-0283	DONE	data/mypaint-brushes/ramon/Knife.myb	6c165798ca4e66aa77d0263d31706e42827b5160		assets-brush	19.001,19.002,19.003,19.004,19.005,19.006,19.007,19.008,19.009,30.009,30.017	19.015,36.014,36.015,34.014	Keep this exact brush identity/hash, all extension values and linked resources through decoding, rendering, editing and installation.	TODO
01.013/asset-0284	DONE	data/mypaint-brushes/ramon/Knife_prev.png	c9bf0e315f2840894579d8b40218c99bf2dd7a8e		assets-preview	19.013/preview-contract,30.017	24.017,34.014	Retain exact file identity and brush/template relation; regenerate only through a verified equivalent preview path.	TODO
01.013/asset-0285	DONE	data/mypaint-brushes/ramon/Makefile.am	dff1e44dee2c1264ee90030d06c56b7d78da0a86		assets-manifest	30.009,30.010,30.011,30.017	34.002,34.014,38.005	Replace Autotools install lists with complete Meson/package manifests, preserving every referenced asset.	TODO
01.013/asset-0286	DONE	data/mypaint-brushes/ramon/Marker.myb	98dbc6979be06fbd22f798c8294bed206434dbbb		assets-brush	19.001,19.002,19.003,19.004,19.005,19.006,19.007,19.008,19.009,30.009,30.017	19.015,36.014,36.015,34.014	Keep this exact brush identity/hash, all extension values and linked resources through decoding, rendering, editing and installation.	TODO
01.013/asset-0287	DONE	data/mypaint-brushes/ramon/Marker_prev.png	804051f8f807b6df5947634a31500c6a79ca39c2		assets-preview	19.013/preview-contract,30.017	24.017,34.014	Retain exact file identity and brush/template relation; regenerate only through a verified equivalent preview path.	TODO
01.013/asset-0288	DONE	data/mypaint-brushes/ramon/P._Shade.myb	3b169a8cfd69c7720ef3938567ff3d742ab4928e		assets-brush	19.001,19.002,19.003,19.004,19.005,19.006,19.007,19.008,19.009,30.009,30.017	19.015,36.014,36.015,34.014	Keep this exact brush identity/hash, all extension values and linked resources through decoding, rendering, editing and installation.	TODO
01.013/asset-0289	DONE	data/mypaint-brushes/ramon/P._Shade_prev.png	baa2b19cb92e44142c48aee1419a6015f34b1ada		assets-preview	19.013/preview-contract,30.017	24.017,34.014	Retain exact file identity and brush/template relation; regenerate only through a verified equivalent preview path.	TODO
01.013/asset-0290	DONE	data/mypaint-brushes/ramon/Pastel_1.myb	63e9ad5d1739449db21f6ebc48bc0d4bf1439d19		assets-brush	19.001,19.002,19.003,19.004,19.005,19.006,19.007,19.008,19.009,30.009,30.017	19.015,36.014,36.015,34.014	Keep this exact brush identity/hash, all extension values and linked resources through decoding, rendering, editing and installation.	TODO
01.013/asset-0291	DONE	data/mypaint-brushes/ramon/Pastel_1_prev.png	d489cd951911ef9c568968af23e09d2a1f73d80a		assets-preview	19.013/preview-contract,30.017	24.017,34.014	Retain exact file identity and brush/template relation; regenerate only through a verified equivalent preview path.	TODO
01.013/asset-0292	DONE	data/mypaint-brushes/ramon/Pen.myb	74de6b0a50fd1c0256b7d29ce5595ff18de9c0b0		assets-brush	19.001,19.002,19.003,19.004,19.005,19.006,19.007,19.008,19.009,30.009,30.017	19.015,36.014,36.015,34.014	Keep this exact brush identity/hash, all extension values and linked resources through decoding, rendering, editing and installation.	TODO
01.013/asset-0293	DONE	data/mypaint-brushes/ramon/PenBrush.myb	2f54ef455d0fc833e702f7512c839b6623c844dd		assets-brush	19.001,19.002,19.003,19.004,19.005,19.006,19.007,19.008,19.009,30.009,30.017	19.015,36.014,36.015,34.014	Keep this exact brush identity/hash, all extension values and linked resources through decoding, rendering, editing and installation.	TODO
01.013/asset-0294	DONE	data/mypaint-brushes/ramon/PenBrush_prev.png	61e9f397e35b839ce84014c88cde3b68fe2d6bb7		assets-preview	19.013/preview-contract,30.017	24.017,34.014	Retain exact file identity and brush/template relation; regenerate only through a verified equivalent preview path.	TODO
01.013/asset-0295	DONE	data/mypaint-brushes/ramon/Pen_prev.png	8d92608e1cfa347f9f203b25f31da8bed8fb672c		assets-preview	19.013/preview-contract,30.017	24.017,34.014	Retain exact file identity and brush/template relation; regenerate only through a verified equivalent preview path.	TODO
01.013/asset-0296	DONE	data/mypaint-brushes/ramon/RS_blendOP.myb	a895ba84d58e040562d125220636dfa30733a3cb		assets-brush	19.001,19.002,19.003,19.004,19.005,19.006,19.007,19.008,19.009,30.009,30.017	19.015,36.014,36.015,34.014	Keep this exact brush identity/hash, all extension values and linked resources through decoding, rendering, editing and installation.	TODO
01.013/asset-0297	DONE	data/mypaint-brushes/ramon/RS_blendOP_prev.png	e25ab5130cba64226564fe0ad8863ef481f266e9		assets-preview	19.013/preview-contract,30.017	24.017,34.014	Retain exact file identity and brush/template relation; regenerate only through a verified equivalent preview path.	TODO
01.013/asset-0298	DONE	data/mypaint-brushes/ramon/Round.myb	6cbff103d9db457b438b70e94d05352497bd7258		assets-brush	19.001,19.002,19.003,19.004,19.005,19.006,19.007,19.008,19.009,30.009,30.017	19.015,36.014,36.015,34.014	Keep this exact brush identity/hash, all extension values and linked resources through decoding, rendering, editing and installation.	TODO
01.013/asset-0299	DONE	data/mypaint-brushes/ramon/Round_Bl.myb	8b17f667642d87a5f6e382c662cd9f7596cbdab4		assets-brush	19.001,19.002,19.003,19.004,19.005,19.006,19.007,19.008,19.009,30.009,30.017	19.015,36.014,36.015,34.014	Keep this exact brush identity/hash, all extension values and linked resources through decoding, rendering, editing and installation.	TODO
01.013/asset-0300	DONE	data/mypaint-brushes/ramon/Round_Bl_prev.png	656f5c7d74a171b99f6ae188b70eb6309b712e24		assets-preview	19.013/preview-contract,30.017	24.017,34.014	Retain exact file identity and brush/template relation; regenerate only through a verified equivalent preview path.	TODO
01.013/asset-0301	DONE	data/mypaint-brushes/ramon/Round_prev.png	b5ba66326434c95be5eb605efb739132620b9a02		assets-preview	19.013/preview-contract,30.017	24.017,34.014	Retain exact file identity and brush/template relation; regenerate only through a verified equivalent preview path.	TODO
01.013/asset-0302	DONE	data/mypaint-brushes/ramon/Sketch_1.myb	3c263a62d3e89df29c1f26e9acac7a338a5e193e		assets-brush	19.001,19.002,19.003,19.004,19.005,19.006,19.007,19.008,19.009,30.009,30.017	19.015,36.014,36.015,34.014	Keep this exact brush identity/hash, all extension values and linked resources through decoding, rendering, editing and installation.	TODO
01.013/asset-0303	DONE	data/mypaint-brushes/ramon/Sketch_1_prev.png	55ee7980d3a1c2e78dc606dbb268cda6d62d2a04		assets-preview	19.013/preview-contract,30.017	24.017,34.014	Retain exact file identity and brush/template relation; regenerate only through a verified equivalent preview path.	TODO
01.013/asset-0304	DONE	data/mypaint-brushes/ramon/Smear.myb	e636403032858d994e4d3b947226f19f92cc1c05		assets-brush	19.001,19.002,19.003,19.004,19.005,19.006,19.007,19.008,19.009,30.009,30.017	19.015,36.014,36.015,34.014	Keep this exact brush identity/hash, all extension values and linked resources through decoding, rendering, editing and installation.	TODO
01.013/asset-0305	DONE	data/mypaint-brushes/ramon/Smear_prev.png	57b1e1e552f734d8fe5edc97195278a0f79e85da		assets-preview	19.013/preview-contract,30.017	24.017,34.014	Retain exact file identity and brush/template relation; regenerate only through a verified equivalent preview path.	TODO
01.013/asset-0306	DONE	data/mypaint-brushes/ramon/Soft_Eraser.myb	524075b826af92a224a7b7b47a7a9ea95f15f3a2		assets-brush	19.001,19.002,19.003,19.004,19.005,19.006,19.007,19.008,19.009,30.009,30.017	19.015,36.014,36.015,34.014	Keep this exact brush identity/hash, all extension values and linked resources through decoding, rendering, editing and installation.	TODO
01.013/asset-0307	DONE	data/mypaint-brushes/ramon/Soft_Eraser_prev.png	b15ecbadca1295b87bf31fbc4e527f2f8b70ca5a		assets-preview	19.013/preview-contract,30.017	24.017,34.014	Retain exact file identity and brush/template relation; regenerate only through a verified equivalent preview path.	TODO
01.013/asset-0308	DONE	data/mypaint-brushes/ramon/Thin_Pen.myb	79ac72ae07a69b028656f6b90f3213082c4437f5		assets-brush	19.001,19.002,19.003,19.004,19.005,19.006,19.007,19.008,19.009,30.009,30.017	19.015,36.014,36.015,34.014	Keep this exact brush identity/hash, all extension values and linked resources through decoding, rendering, editing and installation.	TODO
01.013/asset-0309	DONE	data/mypaint-brushes/ramon/Thin_Pen_prev.png	f1f5bcae4902f3c52d973fa5cc9e5b1121b72ae9		assets-preview	19.013/preview-contract,30.017	24.017,34.014	Retain exact file identity and brush/template relation; regenerate only through a verified equivalent preview path.	TODO
01.013/asset-0310	DONE	data/mypaint-brushes/ramon/Wet_Direction.myb	e500a03cbde74a73c1dc269030ddedb80f36d78d		assets-brush	19.001,19.002,19.003,19.004,19.005,19.006,19.007,19.008,19.009,30.009,30.017	19.015,36.014,36.015,34.014	Keep this exact brush identity/hash, all extension values and linked resources through decoding, rendering, editing and installation.	TODO
01.013/asset-0311	DONE	data/mypaint-brushes/ramon/Wet_Direction_prev.png	45955c4cc9635b8f7c87f68f46e713f019c42e3c		assets-preview	19.013/preview-contract,30.017	24.017,34.014	Retain exact file identity and brush/template relation; regenerate only through a verified equivalent preview path.	TODO
01.013/asset-0312	DONE	data/mypaint-brushes/ramon/files	9b5ce39ca19cf1acfd971eb3d1bd5c253bbb9dff		assets-manifest	30.009,30.010,30.011,30.017	34.002,34.014,38.005	Replace Autotools install lists with complete Meson/package manifests, preserving every referenced asset.	TODO
01.013/asset-0313	DONE	data/mypaint-brushes/ramon/wet_round.myb	924424b49eb5321f43d909db07d2272d75e3a628		assets-brush	19.001,19.002,19.003,19.004,19.005,19.006,19.007,19.008,19.009,30.009,30.017	19.015,36.014,36.015,34.014	Keep this exact brush identity/hash, all extension values and linked resources through decoding, rendering, editing and installation.	TODO
01.013/asset-0314	DONE	data/mypaint-brushes/ramon/wet_round_prev.png	b08d7226a5e0b1452e3090d37af31394040c5a1f		assets-preview	19.013/preview-contract,30.017	24.017,34.014	Retain exact file identity and brush/template relation; regenerate only through a verified equivalent preview path.	TODO
01.013/asset-0315	DONE	data/mypaint-brushes/tanda/Makefile.am	9b3d71b27b6b9e7fe0b0fd57bf0370a4f997d03e		assets-manifest	30.009,30.010,30.011,30.017	34.002,34.014,38.005	Replace Autotools install lists with complete Meson/package manifests, preserving every referenced asset.	TODO
01.013/asset-0316	DONE	data/mypaint-brushes/tanda/acrylic-03-only-water.myb	94c2398a492887fc220457fcd8c37ca739191339		assets-brush	19.001,19.002,19.003,19.004,19.005,19.006,19.007,19.008,19.009,30.009,30.017	19.015,36.014,36.015,34.014	Keep this exact brush identity/hash, all extension values and linked resources through decoding, rendering, editing and installation.	TODO
01.013/asset-0317	DONE	data/mypaint-brushes/tanda/acrylic-03-only-water_prev.png	7e2df057b3e6b6fc995550d64048ae657ff9030f		assets-preview	19.013/preview-contract,30.017	24.017,34.014	Retain exact file identity and brush/template relation; regenerate only through a verified equivalent preview path.	TODO
01.013/asset-0318	DONE	data/mypaint-brushes/tanda/acrylic-03-paint.myb	e36fa0d32c38a099a704bfd68841026fb1e41798		assets-brush	19.001,19.002,19.003,19.004,19.005,19.006,19.007,19.008,19.009,30.009,30.017	19.015,36.014,36.015,34.014	Keep this exact brush identity/hash, all extension values and linked resources through decoding, rendering, editing and installation.	TODO
01.013/asset-0319	DONE	data/mypaint-brushes/tanda/acrylic-03-paint_prev.png	f11629b007d4b04f4370992f49c7e4997a82bf29		assets-preview	19.013/preview-contract,30.017	24.017,34.014	Retain exact file identity and brush/template relation; regenerate only through a verified equivalent preview path.	TODO
01.013/asset-0320	DONE	data/mypaint-brushes/tanda/acrylic-03-with-water.myb	72de643b139189e76cf1e92f7f98d15f46d0cb48		assets-brush	19.001,19.002,19.003,19.004,19.005,19.006,19.007,19.008,19.009,30.009,30.017	19.015,36.014,36.015,34.014	Keep this exact brush identity/hash, all extension values and linked resources through decoding, rendering, editing and installation.	TODO
01.013/asset-0321	DONE	data/mypaint-brushes/tanda/acrylic-03-with-water_prev.png	14d12328127a6dbf7cec7050204771bb3d89c59b		assets-preview	19.013/preview-contract,30.017	24.017,34.014	Retain exact file identity and brush/template relation; regenerate only through a verified equivalent preview path.	TODO
01.013/asset-0322	DONE	data/mypaint-brushes/tanda/acrylic-04-only-water.myb	15d8c3d7148ef926016ed4043f3c5705d32058d1		assets-brush	19.001,19.002,19.003,19.004,19.005,19.006,19.007,19.008,19.009,30.009,30.017	19.015,36.014,36.015,34.014	Keep this exact brush identity/hash, all extension values and linked resources through decoding, rendering, editing and installation.	TODO
01.013/asset-0323	DONE	data/mypaint-brushes/tanda/acrylic-04-only-water_prev.png	2895b0d06e421381f1b39324b5032e2dcd2bb9b7		assets-preview	19.013/preview-contract,30.017	24.017,34.014	Retain exact file identity and brush/template relation; regenerate only through a verified equivalent preview path.	TODO
01.013/asset-0324	DONE	data/mypaint-brushes/tanda/acrylic-04-paint.myb	58152d0d65c671ab3c765ffe5ae10a7c080e28dd		assets-brush	19.001,19.002,19.003,19.004,19.005,19.006,19.007,19.008,19.009,30.009,30.017	19.015,36.014,36.015,34.014	Keep this exact brush identity/hash, all extension values and linked resources through decoding, rendering, editing and installation.	TODO
01.013/asset-0325	DONE	data/mypaint-brushes/tanda/acrylic-04-paint_prev.png	0f53b2ff07ca603a298a1af5d5ae22a974d2deb4		assets-preview	19.013/preview-contract,30.017	24.017,34.014	Retain exact file identity and brush/template relation; regenerate only through a verified equivalent preview path.	TODO
01.013/asset-0326	DONE	data/mypaint-brushes/tanda/acrylic-04-with-water.myb	9b501c59f54581a7dfa9cbd4d9090e38b90fe03a		assets-brush	19.001,19.002,19.003,19.004,19.005,19.006,19.007,19.008,19.009,30.009,30.017	19.015,36.014,36.015,34.014	Keep this exact brush identity/hash, all extension values and linked resources through decoding, rendering, editing and installation.	TODO
01.013/asset-0327	DONE	data/mypaint-brushes/tanda/acrylic-04-with-water_prev.png	aad96b7c1fe9602786c48411e1f0c5cc1e95cb98		assets-preview	19.013/preview-contract,30.017	24.017,34.014	Retain exact file identity and brush/template relation; regenerate only through a verified equivalent preview path.	TODO
01.013/asset-0328	DONE	data/mypaint-brushes/tanda/acrylic-05-only-water.myb	cbea5d0e6c5d8ffe4d44b40845696f09586f6fa3		assets-brush	19.001,19.002,19.003,19.004,19.005,19.006,19.007,19.008,19.009,30.009,30.017	19.015,36.014,36.015,34.014	Keep this exact brush identity/hash, all extension values and linked resources through decoding, rendering, editing and installation.	TODO
01.013/asset-0329	DONE	data/mypaint-brushes/tanda/acrylic-05-only-water_prev.png	9c4f9aa0bedabbe624ebef8a8b9d2a1cfb3fa9d0		assets-preview	19.013/preview-contract,30.017	24.017,34.014	Retain exact file identity and brush/template relation; regenerate only through a verified equivalent preview path.	TODO
01.013/asset-0330	DONE	data/mypaint-brushes/tanda/acrylic-05-paint.myb	3df38af1e61fa6e4a512d8340319489a961ed7c9		assets-brush	19.001,19.002,19.003,19.004,19.005,19.006,19.007,19.008,19.009,30.009,30.017	19.015,36.014,36.015,34.014	Keep this exact brush identity/hash, all extension values and linked resources through decoding, rendering, editing and installation.	TODO
01.013/asset-0331	DONE	data/mypaint-brushes/tanda/acrylic-05-paint_prev.png	1004ff8385f59691dfac59f5770e52a82ed1f6df		assets-preview	19.013/preview-contract,30.017	24.017,34.014	Retain exact file identity and brush/template relation; regenerate only through a verified equivalent preview path.	TODO
01.013/asset-0332	DONE	data/mypaint-brushes/tanda/acrylic-05-with-water.myb	daa14f3b955a2d74bc4670000e7a159da95994f3		assets-brush	19.001,19.002,19.003,19.004,19.005,19.006,19.007,19.008,19.009,30.009,30.017	19.015,36.014,36.015,34.014	Keep this exact brush identity/hash, all extension values and linked resources through decoding, rendering, editing and installation.	TODO
01.013/asset-0333	DONE	data/mypaint-brushes/tanda/acrylic-05-with-water_prev.png	6082a1b6eb6d556a13e59dd13bff2e31eea82564		assets-preview	19.013/preview-contract,30.017	24.017,34.014	Retain exact file identity and brush/template relation; regenerate only through a verified equivalent preview path.	TODO
01.013/asset-0334	DONE	data/mypaint-brushes/tanda/charcoal-01.myb	efda2625e965f8ae2c9209ae5f089a6ec4dd3b9b		assets-brush	19.001,19.002,19.003,19.004,19.005,19.006,19.007,19.008,19.009,30.009,30.017	19.015,36.014,36.015,34.014	Keep this exact brush identity/hash, all extension values and linked resources through decoding, rendering, editing and installation.	TODO
01.013/asset-0335	DONE	data/mypaint-brushes/tanda/charcoal-01_prev.png	a00f558d6df6f1e740d2ccced96f628a614e0ca9		assets-preview	19.013/preview-contract,30.017	24.017,34.014	Retain exact file identity and brush/template relation; regenerate only through a verified equivalent preview path.	TODO
01.013/asset-0336	DONE	data/mypaint-brushes/tanda/charcoal-03.myb	a3450e9dc80a16f6f4a3af07c5a367b1d40b3cd2		assets-brush	19.001,19.002,19.003,19.004,19.005,19.006,19.007,19.008,19.009,30.009,30.017	19.015,36.014,36.015,34.014	Keep this exact brush identity/hash, all extension values and linked resources through decoding, rendering, editing and installation.	TODO
01.013/asset-0337	DONE	data/mypaint-brushes/tanda/charcoal-03_prev.png	2e13ee0f5f3dd3e69aecbd2c6ef307973e1e9ddf		assets-preview	19.013/preview-contract,30.017	24.017,34.014	Retain exact file identity and brush/template relation; regenerate only through a verified equivalent preview path.	TODO
01.013/asset-0338	DONE	data/mypaint-brushes/tanda/charcoal-04.myb	9541a17544d62c2db65ab7a3db65fe5af73c445b		assets-brush	19.001,19.002,19.003,19.004,19.005,19.006,19.007,19.008,19.009,30.009,30.017	19.015,36.014,36.015,34.014	Keep this exact brush identity/hash, all extension values and linked resources through decoding, rendering, editing and installation.	TODO
01.013/asset-0339	DONE	data/mypaint-brushes/tanda/charcoal-04_prev.png	8747a6a02b2786f96571165a73e2b982f7995904		assets-preview	19.013/preview-contract,30.017	24.017,34.014	Retain exact file identity and brush/template relation; regenerate only through a verified equivalent preview path.	TODO
01.013/asset-0340	DONE	data/mypaint-brushes/tanda/charcoal-blur1.myb	74b7e4829d77fe9eb228aefab44ef736e613d233		assets-brush	19.001,19.002,19.003,19.004,19.005,19.006,19.007,19.008,19.009,30.009,30.017	19.015,36.014,36.015,34.014	Keep this exact brush identity/hash, all extension values and linked resources through decoding, rendering, editing and installation.	TODO
01.013/asset-0341	DONE	data/mypaint-brushes/tanda/charcoal-blur1_prev.png	b8c8b3d268725504ee2fa0ac12d5f3e1319e8c0d		assets-preview	19.013/preview-contract,30.017	24.017,34.014	Retain exact file identity and brush/template relation; regenerate only through a verified equivalent preview path.	TODO
01.013/asset-0342	DONE	data/mypaint-brushes/tanda/files	9b5ce39ca19cf1acfd971eb3d1bd5c253bbb9dff		assets-manifest	30.009,30.010,30.011,30.017	34.002,34.014,38.005	Replace Autotools install lists with complete Meson/package manifests, preserving every referenced asset.	TODO
01.013/asset-0343	DONE	data/mypaint-brushes/tanda/marker-01.myb	e697bcac116bf67bf44ebd3a483f261278b4eaeb		assets-brush	19.001,19.002,19.003,19.004,19.005,19.006,19.007,19.008,19.009,30.009,30.017	19.015,36.014,36.015,34.014	Keep this exact brush identity/hash, all extension values and linked resources through decoding, rendering, editing and installation.	TODO
01.013/asset-0344	DONE	data/mypaint-brushes/tanda/marker-01_prev.png	e2abd3274aa39099aca6d84539cfd3961cc140ca		assets-preview	19.013/preview-contract,30.017	24.017,34.014	Retain exact file identity and brush/template relation; regenerate only through a verified equivalent preview path.	TODO
01.013/asset-0345	DONE	data/mypaint-brushes/tanda/marker-05.myb	f04f675c9643416d447441786ecfab7231535ef3		assets-brush	19.001,19.002,19.003,19.004,19.005,19.006,19.007,19.008,19.009,30.009,30.017	19.015,36.014,36.015,34.014	Keep this exact brush identity/hash, all extension values and linked resources through decoding, rendering, editing and installation.	TODO
01.013/asset-0346	DONE	data/mypaint-brushes/tanda/marker-05_prev.png	969ae88fdb23a14d82387c62f902d479799577c9		assets-preview	19.013/preview-contract,30.017	24.017,34.014	Retain exact file identity and brush/template relation; regenerate only through a verified equivalent preview path.	TODO
01.013/asset-0347	DONE	data/mypaint-brushes/tanda/oil-01-clean.myb	f046a3ae051f0e190fd93519bef895999db7a654		assets-brush	19.001,19.002,19.003,19.004,19.005,19.006,19.007,19.008,19.009,30.009,30.017	19.015,36.014,36.015,34.014	Keep this exact brush identity/hash, all extension values and linked resources through decoding, rendering, editing and installation.	TODO
01.013/asset-0348	DONE	data/mypaint-brushes/tanda/oil-01-clean_prev.png	c930617c78c2e6ca3a147e1806654b46fc4c2532		assets-preview	19.013/preview-contract,30.017	24.017,34.014	Retain exact file identity and brush/template relation; regenerate only through a verified equivalent preview path.	TODO
01.013/asset-0349	DONE	data/mypaint-brushes/tanda/oil-01-paint.myb	20f2c49bced504143b0b5314703c39e0b3ae8557		assets-brush	19.001,19.002,19.003,19.004,19.005,19.006,19.007,19.008,19.009,30.009,30.017	19.015,36.014,36.015,34.014	Keep this exact brush identity/hash, all extension values and linked resources through decoding, rendering, editing and installation.	TODO
01.013/asset-0350	DONE	data/mypaint-brushes/tanda/oil-01-paint_prev.png	c5c94e5dbe521e358590ae0d946747885e939e4b		assets-preview	19.013/preview-contract,30.017	24.017,34.014	Retain exact file identity and brush/template relation; regenerate only through a verified equivalent preview path.	TODO
01.013/asset-0351	DONE	data/mypaint-brushes/tanda/oil-03-clean.myb	3d75f68bbe8a95d40d3ff507758540e7559749e0		assets-brush	19.001,19.002,19.003,19.004,19.005,19.006,19.007,19.008,19.009,30.009,30.017	19.015,36.014,36.015,34.014	Keep this exact brush identity/hash, all extension values and linked resources through decoding, rendering, editing and installation.	TODO
01.013/asset-0352	DONE	data/mypaint-brushes/tanda/oil-03-clean_prev.png	f84d6d50e2cb63e8769afb238522bcce3b699ca0		assets-preview	19.013/preview-contract,30.017	24.017,34.014	Retain exact file identity and brush/template relation; regenerate only through a verified equivalent preview path.	TODO
01.013/asset-0353	DONE	data/mypaint-brushes/tanda/oil-03-paint.myb	eb0bf4a6cedce7658471d07578159a3f1be0d6f3		assets-brush	19.001,19.002,19.003,19.004,19.005,19.006,19.007,19.008,19.009,30.009,30.017	19.015,36.014,36.015,34.014	Keep this exact brush identity/hash, all extension values and linked resources through decoding, rendering, editing and installation.	TODO
01.013/asset-0354	DONE	data/mypaint-brushes/tanda/oil-03-paint_prev.png	04ff7f979306a15d56940bc702c52d18423ebd29		assets-preview	19.013/preview-contract,30.017	24.017,34.014	Retain exact file identity and brush/template relation; regenerate only through a verified equivalent preview path.	TODO
01.013/asset-0355	DONE	data/mypaint-brushes/tanda/oil-06-clean.myb	d74f74ad80b7e2e76fa52c072560fa64ccd48c85		assets-brush	19.001,19.002,19.003,19.004,19.005,19.006,19.007,19.008,19.009,30.009,30.017	19.015,36.014,36.015,34.014	Keep this exact brush identity/hash, all extension values and linked resources through decoding, rendering, editing and installation.	TODO
01.013/asset-0356	DONE	data/mypaint-brushes/tanda/oil-06-clean_prev.png	402f30dc6b2d0ce9e2e44e54f0e3d0218f092f0a		assets-preview	19.013/preview-contract,30.017	24.017,34.014	Retain exact file identity and brush/template relation; regenerate only through a verified equivalent preview path.	TODO
01.013/asset-0357	DONE	data/mypaint-brushes/tanda/oil-06-paint.myb	6ecdb046a2984ffd1969cc03955f34b6ce5b32c2		assets-brush	19.001,19.002,19.003,19.004,19.005,19.006,19.007,19.008,19.009,30.009,30.017	19.015,36.014,36.015,34.014	Keep this exact brush identity/hash, all extension values and linked resources through decoding, rendering, editing and installation.	TODO
01.013/asset-0358	DONE	data/mypaint-brushes/tanda/oil-06-paint_prev.png	41c82273789e19589971f47bcc330bbff8e749c8		assets-preview	19.013/preview-contract,30.017	24.017,34.014	Retain exact file identity and brush/template relation; regenerate only through a verified equivalent preview path.	TODO
01.013/asset-0359	DONE	data/mypaint-brushes/tanda/oil-mop.myb	84abcf58d8d333de1b360193af3db22ebcfc20b1		assets-brush	19.001,19.002,19.003,19.004,19.005,19.006,19.007,19.008,19.009,30.009,30.017	19.015,36.014,36.015,34.014	Keep this exact brush identity/hash, all extension values and linked resources through decoding, rendering, editing and installation.	TODO
01.013/asset-0360	DONE	data/mypaint-brushes/tanda/oil-mop_prev.png	5325cedf986bfe113079744c210777e8c265492b		assets-preview	19.013/preview-contract,30.017	24.017,34.014	Retain exact file identity and brush/template relation; regenerate only through a verified equivalent preview path.	TODO
01.013/asset-0361	DONE	data/mypaint-brushes/tanda/pencil-2b.myb	a094b1ad2d53b76288b9ac3460abe1595efca6b1		assets-brush	19.001,19.002,19.003,19.004,19.005,19.006,19.007,19.008,19.009,30.009,30.017	19.015,36.014,36.015,34.014	Keep this exact brush identity/hash, all extension values and linked resources through decoding, rendering, editing and installation.	TODO
01.013/asset-0362	DONE	data/mypaint-brushes/tanda/pencil-2b_prev.png	7e8f5f2a270e1507424b266684229159b7e4b2ea		assets-preview	19.013/preview-contract,30.017	24.017,34.014	Retain exact file identity and brush/template relation; regenerate only through a verified equivalent preview path.	TODO
01.013/asset-0363	DONE	data/mypaint-brushes/tanda/pencil-8b.myb	8c0ab0d7d8843d49a117aa9b72e73d3b1e702b97		assets-brush	19.001,19.002,19.003,19.004,19.005,19.006,19.007,19.008,19.009,30.009,30.017	19.015,36.014,36.015,34.014	Keep this exact brush identity/hash, all extension values and linked resources through decoding, rendering, editing and installation.	TODO
01.013/asset-0364	DONE	data/mypaint-brushes/tanda/pencil-8b_prev.png	a1281b0d3e8bffe443e474b22072502ba2caf636		assets-preview	19.013/preview-contract,30.017	24.017,34.014	Retain exact file identity and brush/template relation; regenerate only through a verified equivalent preview path.	TODO
01.013/asset-0365	DONE	data/mypaint-brushes/tanda/splatter-02.myb	8517a2f83320a5278e33b0b1f07d2575b3acae96		assets-brush	19.001,19.002,19.003,19.004,19.005,19.006,19.007,19.008,19.009,30.009,30.017	19.015,36.014,36.015,34.014	Keep this exact brush identity/hash, all extension values and linked resources through decoding, rendering, editing and installation.	TODO
01.013/asset-0366	DONE	data/mypaint-brushes/tanda/splatter-02_prev.png	c20a273d6555b6770ccc466736c1f77bad7260d9		assets-preview	19.013/preview-contract,30.017	24.017,34.014	Retain exact file identity and brush/template relation; regenerate only through a verified equivalent preview path.	TODO
01.013/asset-0367	DONE	data/mypaint-brushes/tanda/splatter-04.myb	d9bb3db249d8fca571c368ff22239a8e064c1509		assets-brush	19.001,19.002,19.003,19.004,19.005,19.006,19.007,19.008,19.009,30.009,30.017	19.015,36.014,36.015,34.014	Keep this exact brush identity/hash, all extension values and linked resources through decoding, rendering, editing and installation.	TODO
01.013/asset-0368	DONE	data/mypaint-brushes/tanda/splatter-04_prev.png	03d801c66e326e6ed4eb6bf9b74dbe2e823492cf		assets-preview	19.013/preview-contract,30.017	24.017,34.014	Retain exact file identity and brush/template relation; regenerate only through a verified equivalent preview path.	TODO
01.013/asset-0369	DONE	data/mypaint-brushes/tanda/texture-03.myb	dd1c04f2455aec376d3772370e5b31f14e14dc03		assets-brush	19.001,19.002,19.003,19.004,19.005,19.006,19.007,19.008,19.009,30.009,30.017	19.015,36.014,36.015,34.014	Keep this exact brush identity/hash, all extension values and linked resources through decoding, rendering, editing and installation.	TODO
01.013/asset-0370	DONE	data/mypaint-brushes/tanda/texture-03_prev.png	0a746418e94c6e12f63232aa1cd04abb8c1c412a		assets-preview	19.013/preview-contract,30.017	24.017,34.014	Retain exact file identity and brush/template relation; regenerate only through a verified equivalent preview path.	TODO
01.013/asset-0371	DONE	data/mypaint-brushes/tanda/texture-06.myb	341f4415baadd53e7cd77640df10173d6299e35d		assets-brush	19.001,19.002,19.003,19.004,19.005,19.006,19.007,19.008,19.009,30.009,30.017	19.015,36.014,36.015,34.014	Keep this exact brush identity/hash, all extension values and linked resources through decoding, rendering, editing and installation.	TODO
01.013/asset-0372	DONE	data/mypaint-brushes/tanda/texture-06_prev.png	33e885938bb6910e739a454d10300e5f2864ae7b		assets-preview	19.013/preview-contract,30.017	24.017,34.014	Retain exact file identity and brush/template relation; regenerate only through a verified equivalent preview path.	TODO
01.013/asset-0373	DONE	data/mypaint-brushes/tanda/texture-12.myb	174fef1f6d77c6d5e33e48d846e3d8c5f0034a7d		assets-brush	19.001,19.002,19.003,19.004,19.005,19.006,19.007,19.008,19.009,30.009,30.017	19.015,36.014,36.015,34.014	Keep this exact brush identity/hash, all extension values and linked resources through decoding, rendering, editing and installation.	TODO
01.013/asset-0374	DONE	data/mypaint-brushes/tanda/texture-12_prev.png	93cd9b6b9dbde6ee90a3cdd18d7364fa2d58f2c0		assets-preview	19.013/preview-contract,30.017	24.017,34.014	Retain exact file identity and brush/template relation; regenerate only through a verified equivalent preview path.	TODO
01.013/asset-0375	DONE	data/mypaint-brushes/tanda/water-01.myb	8d1558cc1339ab6dda67c8e78d680b5c460b1355		assets-brush	19.001,19.002,19.003,19.004,19.005,19.006,19.007,19.008,19.009,30.009,30.017	19.015,36.014,36.015,34.014	Keep this exact brush identity/hash, all extension values and linked resources through decoding, rendering, editing and installation.	TODO
01.013/asset-0376	DONE	data/mypaint-brushes/tanda/water-01_prev.png	4e8b95a9c20fe3301f2d0fdd30989262aed138a5		assets-preview	19.013/preview-contract,30.017	24.017,34.014	Retain exact file identity and brush/template relation; regenerate only through a verified equivalent preview path.	TODO
01.013/asset-0377	DONE	data/mypaint-brushes/tanda/water-02.myb	4d4cad09edf114b5c2b87e1db8d19225bafa8462		assets-brush	19.001,19.002,19.003,19.004,19.005,19.006,19.007,19.008,19.009,30.009,30.017	19.015,36.014,36.015,34.014	Keep this exact brush identity/hash, all extension values and linked resources through decoding, rendering, editing and installation.	TODO
01.013/asset-0378	DONE	data/mypaint-brushes/tanda/water-02_prev.png	9b711aa7b954dbe41cdf14b3213bec1f29e58dbc		assets-preview	19.013/preview-contract,30.017	24.017,34.014	Retain exact file identity and brush/template relation; regenerate only through a verified equivalent preview path.	TODO
01.013/asset-0379	DONE	data/mypaint-brushes/tanda/water-05.myb	cb0a2ab32bca209644ee95ea202ac648831bdd8b		assets-brush	19.001,19.002,19.003,19.004,19.005,19.006,19.007,19.008,19.009,30.009,30.017	19.015,36.014,36.015,34.014	Keep this exact brush identity/hash, all extension values and linked resources through decoding, rendering, editing and installation.	TODO
01.013/asset-0380	DONE	data/mypaint-brushes/tanda/water-05_prev.png	0d699a7b4483f873fc30646e858d643fc8410edc		assets-preview	19.013/preview-contract,30.017	24.017,34.014	Retain exact file identity and brush/template relation; regenerate only through a verified equivalent preview path.	TODO
01.013/asset-0381	DONE	data/mypaint-brushes/tanda/water-06.myb	39537a0b862cdb6ac1736b539c54f423d552b63c		assets-brush	19.001,19.002,19.003,19.004,19.005,19.006,19.007,19.008,19.009,30.009,30.017	19.015,36.014,36.015,34.014	Keep this exact brush identity/hash, all extension values and linked resources through decoding, rendering, editing and installation.	TODO
01.013/asset-0382	DONE	data/mypaint-brushes/tanda/water-06_prev.png	96eda5ea16f5dfa3d65a6c4c9c25c0d59885e8fd		assets-preview	19.013/preview-contract,30.017	24.017,34.014	Retain exact file identity and brush/template relation; regenerate only through a verified equivalent preview path.	TODO
01.013/asset-0383	DONE	data/mypaint-brushes/tanda/watercolor-02-paint.myb	e0f7542f726fddbf17aed5492252af72562b6b2f		assets-brush	19.001,19.002,19.003,19.004,19.005,19.006,19.007,19.008,19.009,30.009,30.017	19.015,36.014,36.015,34.014	Keep this exact brush identity/hash, all extension values and linked resources through decoding, rendering, editing and installation.	TODO
01.013/asset-0384	DONE	data/mypaint-brushes/tanda/watercolor-02-paint_prev.png	ffb13821fddaf91239b19c5fe24e31b96e446a15		assets-preview	19.013/preview-contract,30.017	24.017,34.014	Retain exact file identity and brush/template relation; regenerate only through a verified equivalent preview path.	TODO
01.013/asset-0385	DONE	data/mypaint-brushes/tanda/watercolor-02-water.myb	bf8ec2e6c4e32cc5b58a9d7f7c4e140e23193b7f		assets-brush	19.001,19.002,19.003,19.004,19.005,19.006,19.007,19.008,19.009,30.009,30.017	19.015,36.014,36.015,34.014	Keep this exact brush identity/hash, all extension values and linked resources through decoding, rendering, editing and installation.	TODO
01.013/asset-0386	DONE	data/mypaint-brushes/tanda/watercolor-02-water_prev.png	8b824145e8f6089a22b5975bb8ff812a4758192b		assets-preview	19.013/preview-contract,30.017	24.017,34.014	Retain exact file identity and brush/template relation; regenerate only through a verified equivalent preview path.	TODO
01.013/asset-0387	DONE	etc/Makefile.am	1ae82115d619ff2711374c3caa40656d0b05ea9e	7ab896af81f56d5e75f5cb83081602521699be23	assets-manifest	30.009,30.010,30.011,30.017	34.002,34.014,38.005	Replace Autotools install lists with complete Meson/package manifests, preserving every referenced asset.	TODO
01.013/asset-0388	DONE	etc/sessionrc	ccfe4d82b9019ce9ef2f6e2a7a203f3580b6223a	f41c3bf75e3e15878727afc76c4ad7a55304e7ae	window	29.011,29.016,30.005,30.005/shell-reparent-ref,30.016	29.020,36.019	Port window/dock placement and serialization with symmetric references and image switching.	TODO
01.013/asset-0389	DONE	etc/toolrc	b4f33c55bff71428c51c5eebbd14e53c7bd2ba16		tool-group	30.001/tool-group-state,29.009,30.004,30.008	29.020,36.019	Compare old expanded/visible/active-tool state and toolrc ordering before reusing upstream grouping.	TODO
01.013/asset-0390	DONE	menus/Makefile.am	fac920998c0c2e5ae46d4240894415b8a4124a0a	01548f6fd0e2401f07f137c08491db052f2f817f	build	04.002,04.008,04.009	04.015,04.016	Translate the actual source/library registration into Meson without compiling existing C as C++.	TODO
01.013/asset-0391	DONE	menus/dialogs-menuitems.xml	d66c3b9073e599469fc7f0440b83a4048990e53c	bf06bcbce77ab1139b666fb7144b06142df7677d	menus	30.001,30.005	24.017,29.020	Keep action/menu IDs and the editor/brush dialog entry points aligned with current actions.	TODO
01.013/asset-0392	DONE	menus/mypaint-brush-editor-menu.xml	fd3972c3e6e5bab7340e92f5f70d1b2a8e30e8fd		menus	30.001,30.005	24.017,29.020	Keep action/menu IDs and the editor/brush dialog entry points aligned with current actions.	TODO
01.013/asset-0393	DONE	menus/mypaint-brushes-menu.xml	c26453a58d4cd4d6b4d19bb1a34825fbb7c608ad		menus	30.001,30.005	24.017,29.020	Keep action/menu IDs and the editor/brush dialog entry points aligned with current actions.	TODO
01.013/asset-0394	DONE	po/POTFILES.in	ec98972bf67280095dd9b3d788646e751d7033d6	898a791ba8c5454479e8861cb93e0dbfcd6434cb	translation	30.014,30.015	29.020,34.002	Register source strings and retain Japanese translations/help meaning for all preserved controls.	TODO
01.013/asset-0395	DONE	po/ja.po	9e95220426607ea0e4a907ca2176bfcb8e4a643b	646ad76da69ee965bfc2d4b00a70d74573a28d3c	translation	30.014,30.015	29.020,34.002	Register source strings and retain Japanese translations/help meaning for all preserved controls.	TODO
01.013/asset-0396	DONE	themes/Default/images/Makefile.am	828f0f45686a0600e26d3dfc090b48e39954b832	bf854d26efd7468fc018d5440d6ea62978a6f9ae	assets-manifest	30.009,30.010,30.011,30.017	34.002,34.014,38.005	Replace Autotools install lists with complete Meson/package manifests, preserving every referenced asset.	TODO
01.013/asset-0397	DONE	themes/Default/images/preferences/Makefile.am	80ffaaa331ddb0ff0ad43e98b9fac23c8f7986cf	950d570a058b78bc626f03077531fbaaa4b85dc0	assets-manifest	30.009,30.010,30.011,30.017	34.002,34.014,38.005	Replace Autotools install lists with complete Meson/package manifests, preserving every referenced asset.	TODO
01.013/asset-0398	DONE	themes/Default/images/preferences/folders-mypaint-brushes-16.png	fb3dbb777ca5dc19a7f1c25b6f87de6599196d51		icons	30.003,30.017	29.020,34.014	Register the legacy icon meaning and fallback at all sizes/scale factors; preserve source data or document a verified replacement.	TODO
01.013/asset-0399	DONE	themes/Default/images/preferences/folders-mypaint-brushes-22.png	7f3b3d3fef8f106a3c7bd77dafbc6d434827704b		icons	30.003,30.017	29.020,34.014	Register the legacy icon meaning and fallback at all sizes/scale factors; preserve source data or document a verified replacement.	TODO
01.013/asset-0400	DONE	themes/Default/images/stock-layer-menu-16.png	81838b766390ffeea779a9f55b6d28beb72dee31		icons	30.003,30.017	29.020,34.014	Register the legacy icon meaning and fallback at all sizes/scale factors; preserve source data or document a verified replacement.	TODO
01.013/asset-0401	DONE	themes/Default/images/tools/stock-tool-mypaint-16.png	fb3dbb777ca5dc19a7f1c25b6f87de6599196d51		icons	30.003,30.017	29.020,34.014	Register the legacy icon meaning and fallback at all sizes/scale factors; preserve source data or document a verified replacement.	TODO
01.013/asset-0402	DONE	themes/Default/images/tools/stock-tool-mypaint-22.png	7f3b3d3fef8f106a3c7bd77dafbc6d434827704b		icons	30.003,30.017	29.020,34.014	Register the legacy icon meaning and fallback at all sizes/scale factors; preserve source data or document a verified replacement.	TODO
