child_id	status	path	index	kind	old_new_lines	provisional_category	feature_or_base	disposition_task	result
01.002/000001	DONE	app/Makefile.am	1	text	-35,2 -> 35,8	application-or-library	C/C++ module and link integration	04.002,04.008,04.009	Enumerated and assigned; see hunk-wbs.tsv; implementation and behavioral verification remain TODO
01.002/000002	DONE	app/Makefile.am	2	text	-73,0 -> 80,2	application-or-library	C/C++ module and link integration	04.002,04.008,04.009	Enumerated and assigned; see hunk-wbs.tsv; implementation and behavioral verification remain TODO
01.002/000003	DONE	app/Makefile.am	3	text	-89 -> 97	application-or-library	Reviewed Makefile link-only	04.008,04.009	Enumerated and assigned; see hunk-wbs.tsv; implementation and behavioral verification remain TODO
01.002/000004	DONE	app/Makefile.am	4	text	-171,0 -> 180	application-or-library	Reviewed Makefile link-only	04.008,04.009	Enumerated and assigned; see hunk-wbs.tsv; implementation and behavioral verification remain TODO
01.002/000005	DONE	app/Makefile.am	5	text	-188,0 -> 198,8	application-or-library	Reviewed Makefile link-only	04.008,04.009	Enumerated and assigned; see hunk-wbs.tsv; implementation and behavioral verification remain TODO
01.002/000006	DONE	app/Makefile.am	6	text	-206,0 -> 224	application-or-library	Reviewed Makefile link-only	04.008,04.009	Enumerated and assigned; see hunk-wbs.tsv; implementation and behavioral verification remain TODO
01.002/000007	DONE	app/Makefile.am	7	text	-212 -> 230	application-or-library	Reviewed Makefile link-only	04.008,04.009	Enumerated and assigned; see hunk-wbs.tsv; implementation and behavioral verification remain TODO
01.002/000008	DONE	app/Makefile.am	8	text	-219,0 -> 238	application-or-library	Reviewed Makefile link-only	04.008,04.009	Enumerated and assigned; see hunk-wbs.tsv; implementation and behavioral verification remain TODO
01.002/000009	DONE	app/actions/Makefile.am	1	text	-25,0 -> 26,2	application-or-library	Reviewed Makefile c-feature-registration	30.001,24.007	Enumerated and assigned; see hunk-wbs.tsv; implementation and behavioral verification remain TODO
01.002/000010	DONE	app/actions/Makefile.am	2	text	-187 -> 189,3	application-or-library	Reviewed Makefile c-feature-registration	30.001,24.001	Enumerated and assigned; see hunk-wbs.tsv; implementation and behavioral verification remain TODO
01.002/000011	DONE	app/actions/actions.c	1	text	-42,0 -> 43	application-or-library	Layer tile display and operations	08.013,29.001,29.002,29.002/add-timeout-owner,29.003,29.004,29.005,29.006,29.008/icon-null,29.019/preview-idle-owner	Enumerated and assigned; see hunk-wbs.tsv; implementation and behavioral verification remain TODO
01.002/000012	DONE	app/actions/actions.c	2	text	-95,0 -> 97,2	application-or-library	Brush list, selection and resource actions	24.007,24.008,24.009,30.005	Enumerated and assigned; see hunk-wbs.tsv; implementation and behavioral verification remain TODO
01.002/000013	DONE	app/actions/actions.c	3	text	-237 -> 240,7	application-or-library	Brush list, selection and resource actions	24.007,24.008,24.009,30.005	Enumerated and assigned; see hunk-wbs.tsv; implementation and behavioral verification remain TODO
01.002/000014	DONE	app/actions/actions.c	4	text	-301,0 -> 311,2	application-or-library	Layer tile display and operations	08.013,29.001,29.002,29.002/add-timeout-owner,29.003,29.004,29.005,29.006,29.008/icon-null,29.019/preview-idle-owner	Enumerated and assigned; see hunk-wbs.tsv; implementation and behavioral verification remain TODO
01.002/000015	DONE	app/actions/actions.c	5	text	-335,0 -> 347,5	application-or-library	Layer tile display and operations	08.013,29.001,29.002,29.002/add-timeout-owner,29.003,29.004,29.005,29.006,29.008/icon-null,29.019/preview-idle-owner	Enumerated and assigned; see hunk-wbs.tsv; implementation and behavioral verification remain TODO
01.002/000016	DONE	app/actions/actions.c	6	text	-367,0 -> 384,5	application-or-library	Layer tile display and operations	08.013,29.001,29.002,29.002/add-timeout-owner,29.003,29.004,29.005,29.006,29.008/icon-null,29.019/preview-idle-owner	Enumerated and assigned; see hunk-wbs.tsv; implementation and behavioral verification remain TODO
01.002/000017	DONE	app/actions/actions.c	7	text	-399,0 -> 421,2	application-or-library	Layer tile display and operations	08.013,29.001,29.002,29.002/add-timeout-owner,29.003,29.004,29.005,29.006,29.008/icon-null,29.019/preview-idle-owner	Enumerated and assigned; see hunk-wbs.tsv; implementation and behavioral verification remain TODO
01.002/000018	DONE	app/actions/context-commands.c	1	text	-74 -> 74,8	application-or-library	Saved compositing enum and selection	10.005,11.004,13.009,30.013	Enumerated and assigned; see hunk-wbs.tsv; implementation and behavioral verification remain TODO
01.002/000019	DONE	app/actions/dialogs-actions.c	1	text	-40,0 -> 41	application-or-library	Layer-preset actions and preferences	28.014,28.014/applier-owner,28.014/preset-preferences,28.014/preset-dialog-actions,28.014/preset-action-group	Enumerated and assigned; see hunk-wbs.tsv; implementation and behavioral verification remain TODO
01.002/000020	DONE	app/actions/dialogs-actions.c	2	text	-197,0 -> 199,12	application-or-library	Brush list, selection and resource actions	24.007,24.008,24.009,30.005	Enumerated and assigned; see hunk-wbs.tsv; implementation and behavioral verification remain TODO
01.002/000021	DONE	app/actions/dialogs-actions.c	3	text	-320,0 -> 334,2	application-or-library	Layer-preset actions and preferences	28.014,28.014/applier-owner,28.014/preset-preferences,28.014/preset-dialog-actions,28.014/preset-action-group	Enumerated and assigned; see hunk-wbs.tsv; implementation and behavioral verification remain TODO
01.002/000022	DONE	app/actions/layers-actions.c	1	text	-105,0 -> 106,12	application-or-library	Brush/dialog menu registrations	30.001,30.005	Enumerated and assigned; see hunk-wbs.tsv; implementation and behavioral verification remain TODO
01.002/000023	DONE	app/actions/layers-commands.c	1	text	-35,0 -> 36,2	application-or-library	Brush/dialog menu registrations	30.001,30.005	Enumerated and assigned; see hunk-wbs.tsv; implementation and behavioral verification remain TODO
01.002/000024	DONE	app/actions/layers-commands.c	2	text	-99 -> 101,8	application-or-library	Saved compositing enum and selection	10.005,11.004,13.009,30.013	Enumerated and assigned; see hunk-wbs.tsv; implementation and behavioral verification remain TODO
01.002/000025	DONE	app/actions/layers-commands.c	3	text	-107,0 -> 117,3	application-or-library	Brush/dialog menu registrations	30.001,30.005	Enumerated and assigned; see hunk-wbs.tsv; implementation and behavioral verification remain TODO
01.002/000026	DONE	app/actions/layers-commands.c	4	text	-380,0 -> 393,54	application-or-library	Brush/dialog menu registrations	30.001,30.005	Enumerated and assigned; see hunk-wbs.tsv; implementation and behavioral verification remain TODO
01.002/000027	DONE	app/actions/layers-commands.c	5	text	-1019,0 -> 1086,44	application-or-library	Brush/dialog menu registrations	30.001,30.005	Enumerated and assigned; see hunk-wbs.tsv; implementation and behavioral verification remain TODO
01.002/000028	DONE	app/actions/layers-commands.h	1	text	-36,0 -> 37,6	application-or-library	Brush/dialog menu registrations	30.001,30.005	Enumerated and assigned; see hunk-wbs.tsv; implementation and behavioral verification remain TODO
01.002/000029	DONE	app/actions/mypaint-brush-editor-actions.c	1	text	-0,0 -> 1,86	application-or-library	Brush list, selection and resource actions	24.007,24.008,24.009,30.005	Enumerated and assigned; see hunk-wbs.tsv; implementation and behavioral verification remain TODO
01.002/000030	DONE	app/actions/mypaint-brush-editor-actions.h	1	text	-0,0 -> 1,27	application-or-library	Brush list, selection and resource actions	24.007,24.008,24.009,30.005	Enumerated and assigned; see hunk-wbs.tsv; implementation and behavioral verification remain TODO
01.002/000031	DONE	app/actions/mypaint-brushes-actions.c	1	text	-0,0 -> 1,139	application-or-library	Brush list, selection and resource actions	24.007,24.008,24.009,30.005	Enumerated and assigned; see hunk-wbs.tsv; implementation and behavioral verification remain TODO
01.002/000032	DONE	app/actions/mypaint-brushes-actions.h	1	text	-0,0 -> 1,27	application-or-library	Brush list, selection and resource actions	24.007,24.008,24.009,30.005	Enumerated and assigned; see hunk-wbs.tsv; implementation and behavioral verification remain TODO
01.002/000033	DONE	app/actions/tool-options-actions.c	1	text	-29,0 -> 30	application-or-library	Brush/dialog menu registrations	30.001,30.005	Enumerated and assigned; see hunk-wbs.tsv; implementation and behavioral verification remain TODO
01.002/000034	DONE	app/actions/view-commands.c	1	text	-34,0 -> 35	application-or-library	Origin-aware stack/projection invalidation	09.013/gegl-graph-invalidation,17.002,17.003,17.019,17.020	Enumerated and assigned; see hunk-wbs.tsv; implementation and behavioral verification remain TODO
01.002/000035	DONE	app/actions/view-commands.c	2	text	-707 -> 708	application-or-library	Origin-aware stack/projection invalidation	09.013/gegl-graph-invalidation,17.002,17.003,17.019,17.020	Enumerated and assigned; see hunk-wbs.tsv; implementation and behavioral verification remain TODO
01.002/000036	DONE	app/app.c	1	text	-62,0 -> 63,2	application-or-library	Feature initialization and lifetime	30.016,30.016/feature-entry-point	Enumerated and assigned; see hunk-wbs.tsv; implementation and behavioral verification remain TODO
01.002/000037	DONE	app/app.c	2	text	-172,0 -> 175,2	application-or-library	Feature initialization and lifetime	30.016,30.016/feature-entry-point	Enumerated and assigned; see hunk-wbs.tsv; implementation and behavioral verification remain TODO
01.002/000038	DONE	app/base/Makefile.am	1	text	-74 -> 74,9	application-or-library	Reviewed Makefile private-headers	04.005	Enumerated and assigned; see hunk-wbs.tsv; implementation and behavioral verification remain TODO
01.002/000039	DONE	app/base/base-enums.c	1	text	-107,0 -> 108,4	application-or-library	Saved compositing enum and selection	10.005,11.004,13.009,30.013	Enumerated and assigned; see hunk-wbs.tsv; implementation and behavioral verification remain TODO
01.002/000040	DONE	app/base/base-enums.c	2	text	-138,0 -> 143,4	application-or-library	Saved compositing enum and selection	10.005,11.004,13.009,30.013	Enumerated and assigned; see hunk-wbs.tsv; implementation and behavioral verification remain TODO
01.002/000041	DONE	app/base/base-enums.h	1	text	-92,3 -> 92,7	application-or-library	Saved compositing enum and selection	10.005,11.004,13.009,30.013	Enumerated and assigned; see hunk-wbs.tsv; implementation and behavioral verification remain TODO
01.002/000042	DONE	app/base/delegators.hpp	1	text	-0,0 -> 1,237	application-or-library	Signal and source ownership	06.017,06.018,06.019,07.008/untracked-signals,07.008/connection-name	Enumerated and assigned; see hunk-wbs.tsv; implementation and behavioral verification remain TODO
01.002/000043	DONE	app/base/glib-cxx-bridge.hpp	1	text	-0,0 -> 1,42	application-or-library	Typed handles and GType contracts	06.005,06.025,08.019	Enumerated and assigned; see hunk-wbs.tsv; implementation and behavioral verification remain TODO
01.002/000044	DONE	app/base/glib-cxx-def-utils.hpp	1	text	-0,0 -> 1,169	application-or-library	GTK construction and shared UI adapters	06.023,08.017,29.019	Enumerated and assigned; see hunk-wbs.tsv; implementation and behavioral verification remain TODO
01.002/000045	DONE	app/base/glib-cxx-impl.hpp	1	text	-0,0 -> 1,560	application-or-library	GObject registration and lifecycle adapter	06.007,06.008,06.009,06.010,06.011,06.012,06.013,06.014,06.015,06.016,06.026,06.027,06.029	Enumerated and assigned; see hunk-wbs.tsv; implementation and behavioral verification remain TODO
01.002/000046	DONE	app/base/glib-cxx-types.hpp	1	text	-0,0 -> 1,114	application-or-library	Typed handles and GType contracts	06.005,06.025,08.019	Enumerated and assigned; see hunk-wbs.tsv; implementation and behavioral verification remain TODO
01.002/000047	DONE	app/base/glib-cxx-utils.hpp	1	text	-0,0 -> 1,1228	application-or-library	C++ handle/value ownership	06.001,06.002,06.003,06.004,06.005,06.006,06.020,06.020/value-assignment,06.021,06.021/array-reassignment,08.019	Enumerated and assigned; see hunk-wbs.tsv; implementation and behavioral verification remain TODO
01.002/000048	DONE	app/base/json-cxx-utils.hpp	1	text	-0,0 -> 1,408	application-or-library	JSON value ownership and preservation	06.021,28.002	Enumerated and assigned; see hunk-wbs.tsv; implementation and behavioral verification remain TODO
01.002/000049	DONE	app/base/pixel-processor.c	1	text	-60,0 -> 61,6	application-or-library	Legacy pixel backend replacement	09.001,09.002,09.003,09.004,09.005,09.009,31.017	Enumerated and assigned; see hunk-wbs.tsv; implementation and behavioral verification remain TODO
01.002/000050	DONE	app/base/pixel-processor.c	2	text	-78 -> 84	application-or-library	Legacy pixel backend replacement	09.001,09.002,09.003,09.004,09.005,09.009,31.017	Enumerated and assigned; see hunk-wbs.tsv; implementation and behavioral verification remain TODO
01.002/000051	DONE	app/base/pixel-processor.c	3	text	-88 -> 94	application-or-library	Legacy pixel backend replacement	09.001,09.002,09.003,09.004,09.005,09.009,31.017	Enumerated and assigned; see hunk-wbs.tsv; implementation and behavioral verification remain TODO
01.002/000052	DONE	app/base/pixel-processor.c	4	text	-143,0 -> 150,8	application-or-library	Legacy pixel backend replacement	09.001,09.002,09.003,09.004,09.005,09.009,31.017	Enumerated and assigned; see hunk-wbs.tsv; implementation and behavioral verification remain TODO
01.002/000053	DONE	app/base/pixel-processor.c	5	text	-233,0 -> 248,9	application-or-library	Legacy pixel backend replacement	09.001,09.002,09.003,09.004,09.005,09.009,31.017	Enumerated and assigned; see hunk-wbs.tsv; implementation and behavioral verification remain TODO
01.002/000054	DONE	app/base/pixel-processor.c	6	text	-386,0 -> 410,9	application-or-library	Legacy pixel backend replacement	09.001,09.002,09.003,09.004,09.005,09.009,31.017	Enumerated and assigned; see hunk-wbs.tsv; implementation and behavioral verification remain TODO
01.002/000055	DONE	app/base/pixel-region.c	1	text	-82,0 -> 83,33	application-or-library	Periodic texture region and stride semantics	09.005,22.001,22.002,22.005,31.017	Enumerated and assigned; see hunk-wbs.tsv; implementation and behavioral verification remain TODO
01.002/000056	DONE	app/base/pixel-region.c	2	text	-99 -> 132	application-or-library	Periodic texture region and stride semantics	09.005,22.001,22.002,22.005,31.017	Enumerated and assigned; see hunk-wbs.tsv; implementation and behavioral verification remain TODO
01.002/000057	DONE	app/base/pixel-region.c	3	text	-105,0 -> 139,3	application-or-library	Periodic texture region and stride semantics	09.005,22.001,22.002,22.005,31.017	Enumerated and assigned; see hunk-wbs.tsv; implementation and behavioral verification remain TODO
01.002/000058	DONE	app/base/pixel-region.c	4	text	-130,0 -> 167,3	application-or-library	Periodic texture region and stride semantics	09.005,22.001,22.002,22.005,31.017	Enumerated and assigned; see hunk-wbs.tsv; implementation and behavioral verification remain TODO
01.002/000059	DONE	app/base/pixel-region.c	5	text	-143,0 -> 183,4	application-or-library	Periodic texture region and stride semantics	09.005,22.001,22.002,22.005,31.017	Enumerated and assigned; see hunk-wbs.tsv; implementation and behavioral verification remain TODO
01.002/000060	DONE	app/base/pixel-region.c	6	text	-276,0 -> 320,17	application-or-library	Periodic texture region and stride semantics	09.005,22.001,22.002,22.005,31.017	Enumerated and assigned; see hunk-wbs.tsv; implementation and behavioral verification remain TODO
01.002/000061	DONE	app/base/pixel-region.c	7	text	-324 -> 384	application-or-library	Periodic texture region and stride semantics	09.005,22.001,22.002,22.005,31.017	Enumerated and assigned; see hunk-wbs.tsv; implementation and behavioral verification remain TODO
01.002/000062	DONE	app/base/pixel-region.c	8	text	-440 -> 500,2	application-or-library	Periodic texture region and stride semantics	09.005,22.001,22.002,22.005,31.017	Enumerated and assigned; see hunk-wbs.tsv; implementation and behavioral verification remain TODO
01.002/000063	DONE	app/base/pixel-region.c	9	text	-445,4 -> 506,9	application-or-library	Periodic texture region and stride semantics	09.005,22.001,22.002,22.005,31.017	Enumerated and assigned; see hunk-wbs.tsv; implementation and behavioral verification remain TODO
01.002/000064	DONE	app/base/pixel-region.c	10	text	-452 -> 518,6	application-or-library	Periodic texture region and stride semantics	09.005,22.001,22.002,22.005,31.017	Enumerated and assigned; see hunk-wbs.tsv; implementation and behavioral verification remain TODO
01.002/000065	DONE	app/base/pixel-region.c	11	text	-483 -> 554,2	application-or-library	Periodic texture region and stride semantics	09.005,22.001,22.002,22.005,31.017	Enumerated and assigned; see hunk-wbs.tsv; implementation and behavioral verification remain TODO
01.002/000066	DONE	app/base/pixel-region.c	12	text	-488,4 -> 560,9	application-or-library	Periodic texture region and stride semantics	09.005,22.001,22.002,22.005,31.017	Enumerated and assigned; see hunk-wbs.tsv; implementation and behavioral verification remain TODO
01.002/000067	DONE	app/base/pixel-region.c	13	text	-495 -> 572,5	application-or-library	Periodic texture region and stride semantics	09.005,22.001,22.002,22.005,31.017	Enumerated and assigned; see hunk-wbs.tsv; implementation and behavioral verification remain TODO
01.002/000068	DONE	app/base/pixel-region.c	14	text	-558,0 -> 640,6	application-or-library	Periodic texture region and stride semantics	09.005,22.001,22.002,22.005,31.017	Enumerated and assigned; see hunk-wbs.tsv; implementation and behavioral verification remain TODO
01.002/000069	DONE	app/base/pixel-region.c	15	text	-566,2 -> 653,2	application-or-library	Periodic texture region and stride semantics	09.005,22.001,22.002,22.005,31.017	Enumerated and assigned; see hunk-wbs.tsv; implementation and behavioral verification remain TODO
01.002/000070	DONE	app/base/pixel-region.c	16	text	-571,2 -> 658,2	application-or-library	Periodic texture region and stride semantics	09.005,22.001,22.002,22.005,31.017	Enumerated and assigned; see hunk-wbs.tsv; implementation and behavioral verification remain TODO
01.002/000071	DONE	app/base/pixel-region.c	17	text	-580,0 -> 668	application-or-library	Periodic texture region and stride semantics	09.005,22.001,22.002,22.005,31.017	Enumerated and assigned; see hunk-wbs.tsv; implementation and behavioral verification remain TODO
01.002/000072	DONE	app/base/pixel-region.c	18	text	-582,2 -> 670,2	application-or-library	Periodic texture region and stride semantics	09.005,22.001,22.002,22.005,31.017	Enumerated and assigned; see hunk-wbs.tsv; implementation and behavioral verification remain TODO
01.002/000073	DONE	app/base/pixel-region.h	1	text	-36,0 -> 37,3	application-or-library	Periodic texture region and stride semantics	09.005,22.001,22.002,22.005,31.017	Enumerated and assigned; see hunk-wbs.tsv; implementation and behavioral verification remain TODO
01.002/000074	DONE	app/base/pixel-region.h	2	text	-67,0 -> 71,2	application-or-library	Periodic texture region and stride semantics	09.005,22.001,22.002,22.005,31.017	Enumerated and assigned; see hunk-wbs.tsv; implementation and behavioral verification remain TODO
01.002/000075	DONE	app/base/pixel-region.h	3	text	-108,0 -> 114,4	application-or-library	Periodic texture region and stride semantics	09.005,22.001,22.002,22.005,31.017	Enumerated and assigned; see hunk-wbs.tsv; implementation and behavioral verification remain TODO
01.002/000076	DONE	app/base/pixel.hpp	1	text	-0,0 -> 1,358	application-or-library	Legacy pixel backend replacement	09.001,09.002,09.003,09.004,09.005,09.009,31.017	Enumerated and assigned; see hunk-wbs.tsv; implementation and behavioral verification remain TODO
01.002/000077	DONE	app/base/route.hpp	1	text	-0,0 -> 1,192	application-or-library	Optional HTTP/REST feature	31.001,31.002,31.003,31.004,31.005,31.006,31.007,31.008,31.008/router-lifetime	Enumerated and assigned; see hunk-wbs.tsv; implementation and behavioral verification remain TODO
01.002/000078	DONE	app/base/scopeguard.hpp	1	text	-0,0 -> 1,121	application-or-library	Scoped pointers and mutex ownership	06.010,06.021,06.022,06.029	Enumerated and assigned; see hunk-wbs.tsv; implementation and behavioral verification remain TODO
01.002/000079	DONE	app/base/selectcase-utils.hpp	1	text	-0,0 -> 1,123	application-or-library	Selection matcher string and array ownership	06.021,06.029	Enumerated and assigned; see hunk-wbs.tsv; implementation and behavioral verification remain TODO
01.002/000080	DONE	app/base/soup-cxx-utils.hpp	1	text	-0,0 -> 1,400	application-or-library	Optional HTTP/REST feature	31.001,31.002,31.003,31.004,31.005,31.006,31.007,31.008,31.008/router-lifetime	Enumerated and assigned; see hunk-wbs.tsv; implementation and behavioral verification remain TODO
01.002/000081	DONE	app/base/temp-buf.c	1	text	-67,0 -> 68	application-or-library	Legacy pixel backend replacement	09.001,09.002,09.003,09.004,09.005,09.009,31.017	Enumerated and assigned; see hunk-wbs.tsv; implementation and behavioral verification remain TODO
01.002/000082	DONE	app/base/temp-buf.c	2	text	-149,0 -> 151,43	application-or-library	Legacy pixel backend replacement	09.001,09.002,09.003,09.004,09.005,09.009,31.017	Enumerated and assigned; see hunk-wbs.tsv; implementation and behavioral verification remain TODO
01.002/000083	DONE	app/base/temp-buf.c	3	text	-348,0 -> 393,3	application-or-library	Legacy pixel backend replacement	09.001,09.002,09.003,09.004,09.005,09.009,31.017	Enumerated and assigned; see hunk-wbs.tsv; implementation and behavioral verification remain TODO
01.002/000084	DONE	app/base/temp-buf.c	4	text	-502,0 -> 550,10	application-or-library	Legacy pixel backend replacement	09.001,09.002,09.003,09.004,09.005,09.009,31.017	Enumerated and assigned; see hunk-wbs.tsv; implementation and behavioral verification remain TODO
01.002/000085	DONE	app/base/temp-buf.h	1	text	-29,0 -> 30,4	application-or-library	Legacy pixel backend replacement	09.001,09.002,09.003,09.004,09.005,09.009,31.017	Enumerated and assigned; see hunk-wbs.tsv; implementation and behavioral verification remain TODO
01.002/000086	DONE	app/base/temp-buf.h	2	text	-71,0 -> 76,7	application-or-library	Legacy pixel backend replacement	09.001,09.002,09.003,09.004,09.005,09.009,31.017	Enumerated and assigned; see hunk-wbs.tsv; implementation and behavioral verification remain TODO
01.002/000087	DONE	app/base/tile-cache.c	1	text	-161,0 -> 162	application-or-library	Nonfunctional/obsolete source candidate	31.018	Enumerated and assigned; see hunk-wbs.tsv; implementation and behavioral verification remain TODO
01.002/000088	DONE	app/base/tile-cache.c	2	text	-209,0 -> 211	application-or-library	Nonfunctional/obsolete source candidate	31.018	Enumerated and assigned; see hunk-wbs.tsv; implementation and behavioral verification remain TODO
01.002/000089	DONE	app/base/tile-cache.c	3	text	-282 -> 283,0	application-or-library	Nonfunctional/obsolete source candidate	31.018	Enumerated and assigned; see hunk-wbs.tsv; implementation and behavioral verification remain TODO
01.002/000090	DONE	app/base/tile-cache.c	4	text	-335,0 -> 337	application-or-library	Nonfunctional/obsolete source candidate	31.018	Enumerated and assigned; see hunk-wbs.tsv; implementation and behavioral verification remain TODO
01.002/000091	DONE	app/base/tile-manager.c	1	text	-136,0 -> 137	application-or-library	Nonfunctional/obsolete source candidate	31.018	Enumerated and assigned; see hunk-wbs.tsv; implementation and behavioral verification remain TODO
01.002/000092	DONE	app/base/tile-manager.c	2	text	-158,0 -> 160	application-or-library	Nonfunctional/obsolete source candidate	31.018	Enumerated and assigned; see hunk-wbs.tsv; implementation and behavioral verification remain TODO
01.002/000093	DONE	app/base/tile-manager.c	3	text	-228,0 -> 231	application-or-library	Nonfunctional/obsolete source candidate	31.018	Enumerated and assigned; see hunk-wbs.tsv; implementation and behavioral verification remain TODO
01.002/000094	DONE	app/base/tile-manager.c	4	text	-311,0 -> 315	application-or-library	Nonfunctional/obsolete source candidate	31.018	Enumerated and assigned; see hunk-wbs.tsv; implementation and behavioral verification remain TODO
01.002/000095	DONE	app/base/tile-manager.c	5	text	-489,0 -> 494	application-or-library	Nonfunctional/obsolete source candidate	31.018	Enumerated and assigned; see hunk-wbs.tsv; implementation and behavioral verification remain TODO
01.002/000096	DONE	app/base/tile-manager.c	6	text	-524,0 -> 530	application-or-library	Nonfunctional/obsolete source candidate	31.018	Enumerated and assigned; see hunk-wbs.tsv; implementation and behavioral verification remain TODO
01.002/000097	DONE	app/base/tile.c	1	text	-175,0 -> 176,2	application-or-library	Nonfunctional/obsolete source candidate	31.018	Enumerated and assigned; see hunk-wbs.tsv; implementation and behavioral verification remain TODO
01.002/000098	DONE	app/composite/gimp-composite-generic-installer.c	1	text	-1682,0 -> 1683,256	application-or-library	Custom seven-mode compositing	13.001,13.001/gegl-operation-route,13.002,13.003,13.004,13.005,13.006,13.007,13.008,13.010,13.011,13.012	Enumerated and assigned; see hunk-wbs.tsv; implementation and behavioral verification remain TODO
01.002/000099	DONE	app/composite/gimp-composite-generic.c	1	text	-1416,0 -> 1417,106	application-or-library	Custom seven-mode compositing	13.001,13.001/gegl-operation-route,13.002,13.003,13.004,13.005,13.006,13.007,13.008,13.010,13.011,13.012	Enumerated and assigned; see hunk-wbs.tsv; implementation and behavioral verification remain TODO
01.002/000100	DONE	app/composite/gimp-composite-generic.h	1	text	-45,0 -> 46,2	application-or-library	Custom seven-mode compositing	13.001,13.001/gegl-operation-route,13.002,13.003,13.004,13.005,13.006,13.007,13.008,13.010,13.011,13.012	Enumerated and assigned; see hunk-wbs.tsv; implementation and behavioral verification remain TODO
01.002/000101	DONE	app/composite/gimp-composite.c	1	text	-147,0 -> 148,4	application-or-library	Custom seven-mode compositing	13.001,13.001/gegl-operation-route,13.002,13.003,13.004,13.005,13.006,13.007,13.008,13.010,13.011,13.012	Enumerated and assigned; see hunk-wbs.tsv; implementation and behavioral verification remain TODO
01.002/000102	DONE	app/composite/gimp-composite.c	2	text	-270,0 -> 275,4	application-or-library	Custom seven-mode compositing	13.001,13.001/gegl-operation-route,13.002,13.003,13.004,13.005,13.006,13.007,13.008,13.010,13.011,13.012	Enumerated and assigned; see hunk-wbs.tsv; implementation and behavioral verification remain TODO
01.002/000103	DONE	app/composite/gimp-composite.c	3	text	-382,0 -> 391,20	application-or-library	Custom seven-mode compositing	13.001,13.001/gegl-operation-route,13.002,13.003,13.004,13.005,13.006,13.007,13.008,13.010,13.011,13.012	Enumerated and assigned; see hunk-wbs.tsv; implementation and behavioral verification remain TODO
01.002/000104	DONE	app/composite/gimp-composite.h	1	text	-100,0 -> 101,4	application-or-library	Custom seven-mode compositing	13.001,13.001/gegl-operation-route,13.002,13.003,13.004,13.005,13.006,13.007,13.008,13.010,13.011,13.012	Enumerated and assigned; see hunk-wbs.tsv; implementation and behavioral verification remain TODO
01.002/000105	DONE	app/config/gimpbaseconfig.h	1	text	-53,0 -> 54,6	application-or-library	C/C++ header/type adapter	04.003,04.004,08.019	Enumerated and assigned; see hunk-wbs.tsv; implementation and behavioral verification remain TODO
01.002/000106	DONE	app/config/gimpcoreconfig.c	1	text	-50 -> 50	application-or-library	Persisted custom configuration	30.006,30.007,30.008,30.010,30.011	Enumerated and assigned; see hunk-wbs.tsv; implementation and behavioral verification remain TODO
01.002/000107	DONE	app/config/gimpcoreconfig.c	2	text	-75,0 -> 76,2	application-or-library	Persisted custom configuration	30.006,30.007,30.008,30.010,30.011	Enumerated and assigned; see hunk-wbs.tsv; implementation and behavioral verification remain TODO
01.002/000108	DONE	app/config/gimpcoreconfig.c	3	text	-82,0 -> 85	application-or-library	Persisted custom configuration	30.006,30.007,30.008,30.010,30.011	Enumerated and assigned; see hunk-wbs.tsv; implementation and behavioral verification remain TODO
01.002/000109	DONE	app/config/gimpcoreconfig.c	4	text	-88,0 -> 92	application-or-library	Persisted custom configuration	30.006,30.007,30.008,30.010,30.011	Enumerated and assigned; see hunk-wbs.tsv; implementation and behavioral verification remain TODO
01.002/000110	DONE	app/config/gimpcoreconfig.c	5	text	-310,0 -> 315,18	application-or-library	Persisted custom configuration	30.006,30.007,30.008,30.010,30.011	Enumerated and assigned; see hunk-wbs.tsv; implementation and behavioral verification remain TODO
01.002/000111	DONE	app/config/gimpcoreconfig.c	6	text	-338,0 -> 361,4	application-or-library	Persisted custom configuration	30.006,30.007,30.008,30.010,30.011	Enumerated and assigned; see hunk-wbs.tsv; implementation and behavioral verification remain TODO
01.002/000112	DONE	app/config/gimpcoreconfig.c	7	text	-362,0 -> 389,4	application-or-library	Persisted custom configuration	30.006,30.007,30.008,30.010,30.011	Enumerated and assigned; see hunk-wbs.tsv; implementation and behavioral verification remain TODO
01.002/000113	DONE	app/config/gimpcoreconfig.c	8	text	-623,0 -> 654,8	application-or-library	Persisted custom configuration	30.006,30.007,30.008,30.010,30.011	Enumerated and assigned; see hunk-wbs.tsv; implementation and behavioral verification remain TODO
01.002/000114	DONE	app/config/gimpcoreconfig.c	9	text	-651,0 -> 690,4	application-or-library	Persisted custom configuration	30.006,30.007,30.008,30.010,30.011	Enumerated and assigned; see hunk-wbs.tsv; implementation and behavioral verification remain TODO
01.002/000115	DONE	app/config/gimpcoreconfig.c	10	text	-669,0 -> 712,3	application-or-library	Persisted custom configuration	30.006,30.007,30.008,30.010,30.011	Enumerated and assigned; see hunk-wbs.tsv; implementation and behavioral verification remain TODO
01.002/000116	DONE	app/config/gimpcoreconfig.c	11	text	-809,0 -> 855,6	application-or-library	Persisted custom configuration	30.006,30.007,30.008,30.010,30.011	Enumerated and assigned; see hunk-wbs.tsv; implementation and behavioral verification remain TODO
01.002/000117	DONE	app/config/gimpcoreconfig.c	12	text	-830,0 -> 882,3	application-or-library	Persisted custom configuration	30.006,30.007,30.008,30.010,30.011	Enumerated and assigned; see hunk-wbs.tsv; implementation and behavioral verification remain TODO
01.002/000118	DONE	app/config/gimpcoreconfig.c	13	text	-848,0 -> 903,2	application-or-library	Persisted custom configuration	30.006,30.007,30.008,30.010,30.011	Enumerated and assigned; see hunk-wbs.tsv; implementation and behavioral verification remain TODO
01.002/000119	DONE	app/config/gimpcoreconfig.h	1	text	-62,0 -> 63,2	application-or-library	Persisted custom configuration	30.006,30.007,30.008,30.010,30.011	Enumerated and assigned; see hunk-wbs.tsv; implementation and behavioral verification remain TODO
01.002/000120	DONE	app/config/gimpcoreconfig.h	2	text	-69,0 -> 72	application-or-library	Persisted custom configuration	30.006,30.007,30.008,30.010,30.011	Enumerated and assigned; see hunk-wbs.tsv; implementation and behavioral verification remain TODO
01.002/000121	DONE	app/config/gimpcoreconfig.h	3	text	-75,0 -> 79	application-or-library	Persisted custom configuration	30.006,30.007,30.008,30.010,30.011	Enumerated and assigned; see hunk-wbs.tsv; implementation and behavioral verification remain TODO
01.002/000122	DONE	app/config/gimpcoreconfig.h	4	text	-101,0 -> 106,6	application-or-library	C/C++ header/type adapter	04.003,04.004,08.019	Enumerated and assigned; see hunk-wbs.tsv; implementation and behavioral verification remain TODO
01.002/000123	DONE	app/config/gimpguiconfig.c	1	text	-205 -> 205	application-or-library	Persisted custom configuration	30.006,30.007,30.008,30.010,30.011	Enumerated and assigned; see hunk-wbs.tsv; implementation and behavioral verification remain TODO
01.002/000124	DONE	app/config/gimpguiconfig.c	2	text	-275 -> 275	application-or-library	Persisted custom configuration	30.006,30.007,30.008,30.010,30.011	Enumerated and assigned; see hunk-wbs.tsv; implementation and behavioral verification remain TODO
01.002/000125	DONE	app/config/gimprc-blurbs.h	1	text	-76,0 -> 77,3	application-or-library	Persisted custom configuration	30.006,30.007,30.008,30.010,30.011	Enumerated and assigned; see hunk-wbs.tsv; implementation and behavioral verification remain TODO
01.002/000126	DONE	app/config/gimprc-blurbs.h	2	text	-161,0 -> 165,3	application-or-library	Persisted custom configuration	30.006,30.007,30.008,30.010,30.011	Enumerated and assigned; see hunk-wbs.tsv; implementation and behavioral verification remain TODO
01.002/000127	DONE	app/config/gimprc-blurbs.h	3	text	-178,0 -> 185,5	application-or-library	Persisted custom configuration	30.006,30.007,30.008,30.010,30.011	Enumerated and assigned; see hunk-wbs.tsv; implementation and behavioral verification remain TODO
01.002/000128	DONE	app/core/Makefile.am	1	text	-81,0 -> 82,8	application-or-library	C/C++ module and link integration	04.002,04.008,04.009	Enumerated and assigned; see hunk-wbs.tsv; implementation and behavioral verification remain TODO
01.002/000129	DONE	app/core/Makefile.am	2	text	-246,0 -> 255,2	application-or-library	Reviewed Makefile c-feature-registration	08.009,26.001	Enumerated and assigned; see hunk-wbs.tsv; implementation and behavioral verification remain TODO
01.002/000130	DONE	app/core/Makefile.am	3	text	-342,0 -> 353,2	application-or-library	C/C++ module and link integration	04.002,04.008,04.009	Enumerated and assigned; see hunk-wbs.tsv; implementation and behavioral verification remain TODO
01.002/000131	DONE	app/core/Makefile.am	4	text	-378,0 -> 391,4	application-or-library	Reviewed Makefile c-feature-registration	30.004,30.008	Enumerated and assigned; see hunk-wbs.tsv; implementation and behavioral verification remain TODO
01.002/000132	DONE	app/core/Makefile.am	5	text	-396 -> 412,11	application-or-library	C/C++ module and link integration	04.002,04.008,04.009	Enumerated and assigned; see hunk-wbs.tsv; implementation and behavioral verification remain TODO
01.002/000133	DONE	app/core/core-enums.c	1	text	-772,0 -> 773	application-or-library	Layer-preset structure application	28.004,28.005,28.006,28.007,28.008,28.009,28.010,28.014/applier-owner	Enumerated and assigned; see hunk-wbs.tsv; implementation and behavioral verification remain TODO
01.002/000134	DONE	app/core/core-enums.c	2	text	-780,0 -> 782	application-or-library	MyPaint stroke Undo ownership	09.011/mypaint-undo-stroke,21.014	Enumerated and assigned; see hunk-wbs.tsv; implementation and behavioral verification remain TODO
01.002/000135	DONE	app/core/core-enums.c	3	text	-822,0 -> 825	application-or-library	MyPaint stroke Undo ownership	09.011/mypaint-undo-stroke,21.014	Enumerated and assigned; see hunk-wbs.tsv; implementation and behavioral verification remain TODO
01.002/000136	DONE	app/core/core-enums.c	4	text	-858,0 -> 862	application-or-library	Layer-preset structure application	28.004,28.005,28.006,28.007,28.008,28.009,28.010,28.014/applier-owner	Enumerated and assigned; see hunk-wbs.tsv; implementation and behavioral verification remain TODO
01.002/000137	DONE	app/core/core-enums.c	5	text	-866,0 -> 871	application-or-library	MyPaint stroke Undo ownership	09.011/mypaint-undo-stroke,21.014	Enumerated and assigned; see hunk-wbs.tsv; implementation and behavioral verification remain TODO
01.002/000138	DONE	app/core/core-enums.c	6	text	-908,0 -> 914	application-or-library	MyPaint stroke Undo ownership	09.011/mypaint-undo-stroke,21.014	Enumerated and assigned; see hunk-wbs.tsv; implementation and behavioral verification remain TODO
01.002/000139	DONE	app/core/core-enums.c	7	text	-1286,0 -> 1293	application-or-library	Independent Smudge accumulation and blending	23.001,23.002,23.003,23.004,23.005	Enumerated and assigned; see hunk-wbs.tsv; implementation and behavioral verification remain TODO
01.002/000140	DONE	app/core/core-enums.c	8	text	-1302,0 -> 1310	application-or-library	Independent Smudge accumulation and blending	23.001,23.002,23.003,23.004,23.005	Enumerated and assigned; see hunk-wbs.tsv; implementation and behavioral verification remain TODO
01.002/000141	DONE	app/core/core-enums.h	1	text	-370,0 -> 371	application-or-library	Layer-preset structure application	28.004,28.005,28.006,28.007,28.008,28.009,28.010,28.014/applier-owner	Enumerated and assigned; see hunk-wbs.tsv; implementation and behavioral verification remain TODO
01.002/000142	DONE	app/core/core-enums.h	2	text	-378,0 -> 380	application-or-library	MyPaint stroke Undo ownership	09.011/mypaint-undo-stroke,21.014	Enumerated and assigned; see hunk-wbs.tsv; implementation and behavioral verification remain TODO
01.002/000143	DONE	app/core/core-enums.h	3	text	-425,0 -> 428	application-or-library	MyPaint stroke Undo ownership	09.011/mypaint-undo-stroke,21.014	Enumerated and assigned; see hunk-wbs.tsv; implementation and behavioral verification remain TODO
01.002/000144	DONE	app/core/core-enums.h	4	text	-589,0 -> 593	application-or-library	Independent Smudge accumulation and blending	23.001,23.002,23.003,23.004,23.005	Enumerated and assigned; see hunk-wbs.tsv; implementation and behavioral verification remain TODO
01.002/000145	DONE	app/core/core-enums.h	5	text	-617,3 -> 621,4	application-or-library	Extended brush context value and resource identity	19.013,19.014,30.007,30.008,30.011	Enumerated and assigned; see hunk-wbs.tsv; implementation and behavioral verification remain TODO
01.002/000146	DONE	app/core/core-enums.h	6	text	-642,3 -> 647,5	application-or-library	Extended brush context value and resource identity	19.013,19.014,30.007,30.008,30.011	Enumerated and assigned; see hunk-wbs.tsv; implementation and behavioral verification remain TODO
01.002/000147	DONE	app/core/core-enums.h	7	text	-654 -> 661,2	application-or-library	Extended brush context value and resource identity	19.013,19.014,30.007,30.008,30.011	Enumerated and assigned; see hunk-wbs.tsv; implementation and behavioral verification remain TODO
01.002/000148	DONE	app/core/core-enums.h	8	text	-664 -> 672,2	application-or-library	Extended brush context value and resource identity	19.013,19.014,30.007,30.008,30.011	Enumerated and assigned; see hunk-wbs.tsv; implementation and behavioral verification remain TODO
01.002/000149	DONE	app/core/core-types.h	1	text	-94,0 -> 95	application-or-library	Custom core type declarations and registration	04.003,04.004,08.001	Enumerated and assigned; see hunk-wbs.tsv; implementation and behavioral verification remain TODO
01.002/000150	DONE	app/core/core-types.h	2	text	-95,0 -> 97,2	application-or-library	Custom core type declarations and registration	04.003,04.004,08.001	Enumerated and assigned; see hunk-wbs.tsv; implementation and behavioral verification remain TODO
01.002/000151	DONE	app/core/core-types.h	3	text	-116 -> 119,2	application-or-library	Custom core type declarations and registration	04.003,04.004,08.001	Enumerated and assigned; see hunk-wbs.tsv; implementation and behavioral verification remain TODO
01.002/000152	DONE	app/core/core-types.h	4	text	-125,0 -> 130,2	application-or-library	Custom core type declarations and registration	04.003,04.004,08.001	Enumerated and assigned; see hunk-wbs.tsv; implementation and behavioral verification remain TODO
01.002/000153	DONE	app/core/core-types.h	5	text	-162,0 -> 169	application-or-library	Custom core type declarations and registration	04.003,04.004,08.001	Enumerated and assigned; see hunk-wbs.tsv; implementation and behavioral verification remain TODO
01.002/000154	DONE	app/core/gimp-user-install.c	1	text	-92,0 -> 93	application-or-library	Persisted custom configuration	30.006,30.007,30.008,30.010,30.011	Enumerated and assigned; see hunk-wbs.tsv; implementation and behavioral verification remain TODO
01.002/000155	DONE	app/core/gimp.c	1	text	-56,0 -> 57,2	application-or-library	Extended brush factory lifecycle and search paths	08.005,19.013,19.014,30.009,30.011,30.016	Enumerated and assigned; see hunk-wbs.tsv; implementation and behavioral verification remain TODO
01.002/000156	DONE	app/core/gimp.c	2	text	-261,0 -> 264,7	application-or-library	Tool grouping/configuration	30.001/tool-group-state,29.009,30.004,30.008	Enumerated and assigned; see hunk-wbs.tsv; implementation and behavioral verification remain TODO
01.002/000157	DONE	app/core/gimp.c	3	text	-301,0 -> 311,4	application-or-library	Generic JSON/preset resource factory registration	28.003,30.016	Enumerated and assigned; see hunk-wbs.tsv; implementation and behavioral verification remain TODO
01.002/000158	DONE	app/core/gimp.c	4	text	-342,0 -> 356,7	application-or-library	Tool grouping/configuration	30.001/tool-group-state,29.009,30.004,30.008	Enumerated and assigned; see hunk-wbs.tsv; implementation and behavioral verification remain TODO
01.002/000159	DONE	app/core/gimp.c	5	text	-587,0 -> 608,5	application-or-library	Extended brush factory lifecycle and search paths	08.005,19.013,19.014,30.009,30.011,30.016	Enumerated and assigned; see hunk-wbs.tsv; implementation and behavioral verification remain TODO
01.002/000160	DONE	app/core/gimp.c	6	text	-664,0 -> 690,11	application-or-library	Extended brush factory lifecycle and search paths	08.005,19.013,19.014,30.009,30.011,30.016	Enumerated and assigned; see hunk-wbs.tsv; implementation and behavioral verification remain TODO
01.002/000161	DONE	app/core/gimp.c	7	text	-735,0 -> 772	application-or-library	Extended brush factory lifecycle and search paths	08.005,19.013,19.014,30.009,30.011,30.016	Enumerated and assigned; see hunk-wbs.tsv; implementation and behavioral verification remain TODO
01.002/000162	DONE	app/core/gimp.c	8	text	-775,0 -> 813,2	application-or-library	Generic JSON/preset resource factory registration	28.003,30.016	Enumerated and assigned; see hunk-wbs.tsv; implementation and behavioral verification remain TODO
01.002/000163	DONE	app/core/gimp.c	9	text	-954,0 -> 994,5	application-or-library	Extended brush factory lifecycle and search paths	08.005,19.013,19.014,30.009,30.011,30.016	Enumerated and assigned; see hunk-wbs.tsv; implementation and behavioral verification remain TODO
01.002/000164	DONE	app/core/gimp.c	10	text	-1093,0 -> 1138,8	application-or-library	Tool grouping/configuration	30.001/tool-group-state,29.009,30.004,30.008	Enumerated and assigned; see hunk-wbs.tsv; implementation and behavioral verification remain TODO
01.002/000165	DONE	app/core/gimp.c	11	text	-1302,0 -> 1355,17	application-or-library	Generic JSON/preset resource factory registration	28.003,30.016	Enumerated and assigned; see hunk-wbs.tsv; implementation and behavioral verification remain TODO
01.002/000166	DONE	app/core/gimp.h	1	text	-69,0 -> 70	application-or-library	Extended brush factory lifecycle and search paths	08.005,19.013,19.014,30.009,30.011,30.016	Enumerated and assigned; see hunk-wbs.tsv; implementation and behavioral verification remain TODO
01.002/000167	DONE	app/core/gimp.h	2	text	-98,0 -> 100,2	application-or-library	Custom core type declarations and registration	04.003,04.004,08.001	Enumerated and assigned; see hunk-wbs.tsv; implementation and behavioral verification remain TODO
01.002/000168	DONE	app/core/gimp.h	3	text	-106,0 -> 110,2	application-or-library	Tool grouping/configuration	30.001/tool-group-state,29.009,30.004,30.008	Enumerated and assigned; see hunk-wbs.tsv; implementation and behavioral verification remain TODO
01.002/000169	DONE	app/core/gimp.h	4	text	-175,0 -> 181	application-or-library	Tool grouping/configuration	30.001/tool-group-state,29.009,30.004,30.008	Enumerated and assigned; see hunk-wbs.tsv; implementation and behavioral verification remain TODO
01.002/000170	DONE	app/core/gimp.h	5	text	-216,0 -> 223,7	application-or-library	Generic JSON/preset resource factory registration	28.003,30.016	Enumerated and assigned; see hunk-wbs.tsv; implementation and behavioral verification remain TODO
01.002/000171	DONE	app/core/gimpbrush.h	1	text	-143,0 -> 144,6	application-or-library	C/C++ header/type adapter	04.003,04.004,08.019	Enumerated and assigned; see hunk-wbs.tsv; implementation and behavioral verification remain TODO
01.002/000172	DONE	app/core/gimpchannel.h	1	text	-214,0 -> 215,6	application-or-library	C/C++ header/type adapter	04.003,04.004,08.019	Enumerated and assigned; see hunk-wbs.tsv; implementation and behavioral verification remain TODO
01.002/000173	DONE	app/core/gimpclonelayer.cpp	1	text	-0,0 -> 1,700	application-or-library	CloneLayer source state and behavior	08.002,14.001,14.002,14.003,14.003/gegl-source-node,14.003/clone-pickable-opacity,14.004,14.005,14.006,14.006/editability-contract,14.007,14.008,14.009,14.010,14.012,14.013,14.014,14.017,14.018	Enumerated and assigned; see hunk-wbs.tsv; implementation and behavioral verification remain TODO
01.002/000174	DONE	app/core/gimpclonelayer.h	1	text	-0,0 -> 1,88	application-or-library	CloneLayer source state and behavior	08.002,14.001,14.002,14.003,14.003/gegl-source-node,14.003/clone-pickable-opacity,14.004,14.005,14.006,14.006/editability-contract,14.007,14.008,14.009,14.010,14.012,14.013,14.014,14.017,14.018	Enumerated and assigned; see hunk-wbs.tsv; implementation and behavioral verification remain TODO
01.002/000175	DONE	app/core/gimpclonelayerundo.cpp	1	text	-0,0 -> 1,122	application-or-library	CloneLayer Undo and restoration	08.004,14.015,14.016	Enumerated and assigned; see hunk-wbs.tsv; implementation and behavioral verification remain TODO
01.002/000176	DONE	app/core/gimpclonelayerundo.h	1	text	-0,0 -> 1,54	application-or-library	CloneLayer Undo and restoration	08.004,14.015,14.016	Enumerated and assigned; see hunk-wbs.tsv; implementation and behavioral verification remain TODO
01.002/000177	DONE	app/core/gimpcontainer.c	1	text	-195,0 -> 196	application-or-library	Container names and hierarchy state	08.018/core-extension-hooks,30.001/tool-group-state	Enumerated and assigned; see hunk-wbs.tsv; implementation and behavioral verification remain TODO
01.002/000178	DONE	app/core/gimpcontainer.c	2	text	-421 -> 422	application-or-library	Container names and hierarchy state	08.018/core-extension-hooks,30.001/tool-group-state	Enumerated and assigned; see hunk-wbs.tsv; implementation and behavioral verification remain TODO
01.002/000179	DONE	app/core/gimpcontainer.c	3	text	-462 -> 463,2	application-or-library	Container names and hierarchy state	08.018/core-extension-hooks,30.001/tool-group-state	Enumerated and assigned; see hunk-wbs.tsv; implementation and behavioral verification remain TODO
01.002/000180	DONE	app/core/gimpcontainer.c	4	text	-823,0 -> 826,11	application-or-library	Container names and hierarchy state	08.018/core-extension-hooks,30.001/tool-group-state	Enumerated and assigned; see hunk-wbs.tsv; implementation and behavioral verification remain TODO
01.002/000181	DONE	app/core/gimpcontainer.h	1	text	-67,0 -> 68	application-or-library	Container names and hierarchy state	08.018/core-extension-hooks,30.001/tool-group-state	Enumerated and assigned; see hunk-wbs.tsv; implementation and behavioral verification remain TODO
01.002/000182	DONE	app/core/gimpcontainer.h	2	text	-105,0 -> 107,2	application-or-library	Container names and hierarchy state	08.018/core-extension-hooks,30.001/tool-group-state	Enumerated and assigned; see hunk-wbs.tsv; implementation and behavioral verification remain TODO
01.002/000183	DONE	app/core/gimpcontainer.h	3	text	-127,0 -> 131,30	application-or-library	Container names and hierarchy state	08.018/core-extension-hooks,30.001/tool-group-state	Enumerated and assigned; see hunk-wbs.tsv; implementation and behavioral verification remain TODO
01.002/000184	DONE	app/core/gimpcontext.c	1	text	-36,0 -> 37	application-or-library	Extended brush context value and resource identity	19.013,19.014,30.007,30.008,30.011	Enumerated and assigned; see hunk-wbs.tsv; implementation and behavioral verification remain TODO
01.002/000185	DONE	app/core/gimpcontext.c	2	text	-229,0 -> 231,11	application-or-library	Extended brush context value and resource identity	19.013,19.014,30.007,30.008,30.011	Enumerated and assigned; see hunk-wbs.tsv; implementation and behavioral verification remain TODO
01.002/000186	DONE	app/core/gimpcontext.c	3	text	-299,0 -> 312	application-or-library	Extended brush context value and resource identity	19.013,19.014,30.007,30.008,30.011	Enumerated and assigned; see hunk-wbs.tsv; implementation and behavioral verification remain TODO
01.002/000187	DONE	app/core/gimpcontext.c	4	text	-324,0 -> 338	application-or-library	Extended brush context value and resource identity	19.013,19.014,30.007,30.008,30.011	Enumerated and assigned; see hunk-wbs.tsv; implementation and behavioral verification remain TODO
01.002/000188	DONE	app/core/gimpcontext.c	5	text	-350,0 -> 365	application-or-library	Extended brush context value and resource identity	19.013,19.014,30.007,30.008,30.011	Enumerated and assigned; see hunk-wbs.tsv; implementation and behavioral verification remain TODO
01.002/000189	DONE	app/core/gimpcontext.c	6	text	-524,0 -> 540,10	application-or-library	Extended brush context value and resource identity	19.013,19.014,30.007,30.008,30.011	Enumerated and assigned; see hunk-wbs.tsv; implementation and behavioral verification remain TODO
01.002/000190	DONE	app/core/gimpcontext.c	7	text	-577,0 -> 603	application-or-library	Extended brush context value and resource identity	19.013,19.014,30.007,30.008,30.011	Enumerated and assigned; see hunk-wbs.tsv; implementation and behavioral verification remain TODO
01.002/000191	DONE	app/core/gimpcontext.c	8	text	-591,0 -> 618	application-or-library	Extended brush context value and resource identity	19.013,19.014,30.007,30.008,30.011	Enumerated and assigned; see hunk-wbs.tsv; implementation and behavioral verification remain TODO
01.002/000192	DONE	app/core/gimpcontext.c	9	text	-693,0 -> 721,6	application-or-library	Extended brush context value and resource identity	19.013,19.014,30.007,30.008,30.011	Enumerated and assigned; see hunk-wbs.tsv; implementation and behavioral verification remain TODO
01.002/000193	DONE	app/core/gimpcontext.c	10	text	-752,0 -> 786,3	application-or-library	Extended brush context value and resource identity	19.013,19.014,30.007,30.008,30.011	Enumerated and assigned; see hunk-wbs.tsv; implementation and behavioral verification remain TODO
01.002/000194	DONE	app/core/gimpcontext.c	11	text	-759 -> 795	application-or-library	C/C++ header/type adapter	04.003,04.004,08.019	Enumerated and assigned; see hunk-wbs.tsv; implementation and behavioral verification remain TODO
01.002/000195	DONE	app/core/gimpcontext.c	12	text	-861,0 -> 898,8	application-or-library	Extended brush context value and resource identity	19.013,19.014,30.007,30.008,30.011	Enumerated and assigned; see hunk-wbs.tsv; implementation and behavioral verification remain TODO
01.002/000196	DONE	app/core/gimpcontext.c	13	text	-949,0 -> 994,6	application-or-library	Extended brush context value and resource identity	19.013,19.014,30.007,30.008,30.011	Enumerated and assigned; see hunk-wbs.tsv; implementation and behavioral verification remain TODO
01.002/000197	DONE	app/core/gimpcontext.c	14	text	-962 -> 1012	application-or-library	C/C++ header/type adapter	04.003,04.004,08.019	Enumerated and assigned; see hunk-wbs.tsv; implementation and behavioral verification remain TODO
01.002/000198	DONE	app/core/gimpcontext.c	15	text	-964,2 -> 1014,2	application-or-library	C/C++ header/type adapter	04.003,04.004,08.019	Enumerated and assigned; see hunk-wbs.tsv; implementation and behavioral verification remain TODO
01.002/000199	DONE	app/core/gimpcontext.c	16	text	-1033,0 -> 1084,6	application-or-library	Extended brush context value and resource identity	19.013,19.014,30.007,30.008,30.011	Enumerated and assigned; see hunk-wbs.tsv; implementation and behavioral verification remain TODO
01.002/000200	DONE	app/core/gimpcontext.c	17	text	-1112,0 -> 1169,3	application-or-library	Extended brush context value and resource identity	19.013,19.014,30.007,30.008,30.011	Enumerated and assigned; see hunk-wbs.tsv; implementation and behavioral verification remain TODO
01.002/000201	DONE	app/core/gimpcontext.c	18	text	-1195,0 -> 1255,3	application-or-library	Extended brush context value and resource identity	19.013,19.014,30.007,30.008,30.011	Enumerated and assigned; see hunk-wbs.tsv; implementation and behavioral verification remain TODO
01.002/000202	DONE	app/core/gimpcontext.c	19	text	-1225,0 -> 1288	application-or-library	Extended brush context value and resource identity	19.013,19.014,30.007,30.008,30.011	Enumerated and assigned; see hunk-wbs.tsv; implementation and behavioral verification remain TODO
01.002/000203	DONE	app/core/gimpcontext.c	20	text	-1266,0 -> 1330	application-or-library	Extended brush context value and resource identity	19.013,19.014,30.007,30.008,30.011	Enumerated and assigned; see hunk-wbs.tsv; implementation and behavioral verification remain TODO
01.002/000204	DONE	app/core/gimpcontext.c	21	text	-1358,0 -> 1423,6	application-or-library	Extended brush context value and resource identity	19.013,19.014,30.007,30.008,30.011	Enumerated and assigned; see hunk-wbs.tsv; implementation and behavioral verification remain TODO
01.002/000205	DONE	app/core/gimpcontext.c	22	text	-1684,0 -> 1755,8	application-or-library	Extended brush context value and resource identity	19.013,19.014,30.007,30.008,30.011	Enumerated and assigned; see hunk-wbs.tsv; implementation and behavioral verification remain TODO
01.002/000206	DONE	app/core/gimpcontext.c	23	text	-1694 -> 1772	application-or-library	C/C++ header/type adapter	04.003,04.004,08.019	Enumerated and assigned; see hunk-wbs.tsv; implementation and behavioral verification remain TODO
01.002/000207	DONE	app/core/gimpcontext.c	24	text	-3320,0 -> 3399,121	application-or-library	Extended brush context value and resource identity	19.013,19.014,30.007,30.008,30.011	Enumerated and assigned; see hunk-wbs.tsv; implementation and behavioral verification remain TODO
01.002/000208	DONE	app/core/gimpcontext.c	25	text	-3575 -> 3774	application-or-library	C/C++ header/type adapter	04.003,04.004,08.019	Enumerated and assigned; see hunk-wbs.tsv; implementation and behavioral verification remain TODO
01.002/000209	DONE	app/core/gimpcontext.c	26	text	-3595 -> 3794	application-or-library	C/C++ header/type adapter	04.003,04.004,08.019	Enumerated and assigned; see hunk-wbs.tsv; implementation and behavioral verification remain TODO
01.002/000210	DONE	app/core/gimpcontext.c	27	text	-3635 -> 3834	application-or-library	C/C++ header/type adapter	04.003,04.004,08.019	Enumerated and assigned; see hunk-wbs.tsv; implementation and behavioral verification remain TODO
01.002/000211	DONE	app/core/gimpcontext.c	28	text	-3637 -> 3836	application-or-library	C/C++ header/type adapter	04.003,04.004,08.019	Enumerated and assigned; see hunk-wbs.tsv; implementation and behavioral verification remain TODO
01.002/000212	DONE	app/core/gimpcontext.c	29	text	-3653 -> 3852	application-or-library	C/C++ header/type adapter	04.003,04.004,08.019	Enumerated and assigned; see hunk-wbs.tsv; implementation and behavioral verification remain TODO
01.002/000213	DONE	app/core/gimpcontext.c	30	text	-3663 -> 3862	application-or-library	C/C++ header/type adapter	04.003,04.004,08.019	Enumerated and assigned; see hunk-wbs.tsv; implementation and behavioral verification remain TODO
01.002/000214	DONE	app/core/gimpcontext.c	31	text	-3665 -> 3864	application-or-library	C/C++ header/type adapter	04.003,04.004,08.019	Enumerated and assigned; see hunk-wbs.tsv; implementation and behavioral verification remain TODO
01.002/000215	DONE	app/core/gimpcontext.c	32	text	-3668 -> 3867	application-or-library	C/C++ header/type adapter	04.003,04.004,08.019	Enumerated and assigned; see hunk-wbs.tsv; implementation and behavioral verification remain TODO
01.002/000216	DONE	app/core/gimpcontext.c	33	text	-3671 -> 3870	application-or-library	C/C++ header/type adapter	04.003,04.004,08.019	Enumerated and assigned; see hunk-wbs.tsv; implementation and behavioral verification remain TODO
01.002/000217	DONE	app/core/gimpcontext.h	1	text	-93,0 -> 94,3	application-or-library	Extended brush context value and resource identity	19.013,19.014,30.007,30.008,30.011	Enumerated and assigned; see hunk-wbs.tsv; implementation and behavioral verification remain TODO
01.002/000218	DONE	app/core/gimpcontext.h	2	text	-100 -> 103	application-or-library	C/C++ header/type adapter	04.003,04.004,08.019	Enumerated and assigned; see hunk-wbs.tsv; implementation and behavioral verification remain TODO
01.002/000219	DONE	app/core/gimpcontext.h	3	text	-139,0 -> 143,2	application-or-library	Extended brush context value and resource identity	19.013,19.014,30.007,30.008,30.011	Enumerated and assigned; see hunk-wbs.tsv; implementation and behavioral verification remain TODO
01.002/000220	DONE	app/core/gimpcontext.h	4	text	-145 -> 150	application-or-library	C/C++ header/type adapter	04.003,04.004,08.019	Enumerated and assigned; see hunk-wbs.tsv; implementation and behavioral verification remain TODO
01.002/000221	DONE	app/core/gimpcontext.h	5	text	-153 -> 158	application-or-library	C/C++ header/type adapter	04.003,04.004,08.019	Enumerated and assigned; see hunk-wbs.tsv; implementation and behavioral verification remain TODO
01.002/000222	DONE	app/core/gimpcontext.h	6	text	-324,0 -> 330,7	application-or-library	Extended brush context value and resource identity	19.013,19.014,30.007,30.008,30.011	Enumerated and assigned; see hunk-wbs.tsv; implementation and behavioral verification remain TODO
01.002/000223	DONE	app/core/gimpcontext.h	7	text	-342 -> 354	application-or-library	C/C++ header/type adapter	04.003,04.004,08.019	Enumerated and assigned; see hunk-wbs.tsv; implementation and behavioral verification remain TODO
01.002/000224	DONE	app/core/gimpcontext.h	8	text	-344,0 -> 357,6	application-or-library	C/C++ header/type adapter	04.003,04.004,08.019	Enumerated and assigned; see hunk-wbs.tsv; implementation and behavioral verification remain TODO
01.002/000225	DONE	app/core/gimpcurve.c	1	text	-157 -> 157	application-or-library	Core public helper and object contract	08.018/core-extension-hooks	Enumerated and assigned; see hunk-wbs.tsv; implementation and behavioral verification remain TODO
01.002/000226	DONE	app/core/gimpdata.h	1	text	-118,0 -> 119,6	application-or-library	C/C++ header/type adapter	04.003,04.004,08.019	Enumerated and assigned; see hunk-wbs.tsv; implementation and behavioral verification remain TODO
01.002/000227	DONE	app/core/gimpdatafactory.c	1	text	-322 -> 322	application-or-library	Core public helper and object contract	08.018/core-extension-hooks	Enumerated and assigned; see hunk-wbs.tsv; implementation and behavioral verification remain TODO
01.002/000228	DONE	app/core/gimpdatafactory.h	1	text	-108,0 -> 109,6	application-or-library	C/C++ header/type adapter	04.003,04.004,08.019	Enumerated and assigned; see hunk-wbs.tsv; implementation and behavioral verification remain TODO
01.002/000229	DONE	app/core/gimpdrawable-bucket-fill.c	1	text	-186,9 -> 186,13	application-or-library	Standard bucket selection traversal barrier	27.005/selection-barrier	Enumerated and assigned; see hunk-wbs.tsv; implementation and behavioral verification remain TODO
01.002/000230	DONE	app/core/gimpdrawable-bucket-fill.c	2	text	-207 -> 211	application-or-library	Standard bucket selection traversal barrier	27.005/selection-barrier	Enumerated and assigned; see hunk-wbs.tsv; implementation and behavioral verification remain TODO
01.002/000231	DONE	app/core/gimpdrawable.c	1	text	-941 -> 941	application-or-library	Core public helper and object contract	08.018/core-extension-hooks	Enumerated and assigned; see hunk-wbs.tsv; implementation and behavioral verification remain TODO
01.002/000232	DONE	app/core/gimpdrawable.h	1	text	-39,0 -> 40,3	application-or-library	C/C++ header/type adapter	04.003,04.004,08.019	Enumerated and assigned; see hunk-wbs.tsv; implementation and behavioral verification remain TODO
01.002/000233	DONE	app/core/gimpdrawable.h	2	text	-40,0 -> 44	application-or-library	C/C++ header/type adapter	04.003,04.004,08.019	Enumerated and assigned; see hunk-wbs.tsv; implementation and behavioral verification remain TODO
01.002/000234	DONE	app/core/gimpdrawable.h	3	text	-239,0 -> 244,6	application-or-library	C/C++ header/type adapter	04.003,04.004,08.019	Enumerated and assigned; see hunk-wbs.tsv; implementation and behavioral verification remain TODO
01.002/000235	DONE	app/core/gimpdrawablestack.c	1	text	-61 -> 61,2	application-or-library	Origin-aware stack/projection invalidation	09.013/gegl-graph-invalidation,17.002,17.003,17.019,17.020	Enumerated and assigned; see hunk-wbs.tsv; implementation and behavioral verification remain TODO
01.002/000236	DONE	app/core/gimpdrawablestack.c	2	text	-91,2 -> 92,3	application-or-library	Origin-aware stack/projection invalidation	09.013/gegl-graph-invalidation,17.002,17.003,17.019,17.020	Enumerated and assigned; see hunk-wbs.tsv; implementation and behavioral verification remain TODO
01.002/000237	DONE	app/core/gimpdrawablestack.c	3	text	-96 -> 98	application-or-library	Origin-aware stack/projection invalidation	09.013/gegl-graph-invalidation,17.002,17.003,17.019,17.020	Enumerated and assigned; see hunk-wbs.tsv; implementation and behavioral verification remain TODO
01.002/000238	DONE	app/core/gimpdrawablestack.c	4	text	-363 -> 365,2	application-or-library	Origin-aware stack/projection invalidation	09.013/gegl-graph-invalidation,17.002,17.003,17.019,17.020	Enumerated and assigned; see hunk-wbs.tsv; implementation and behavioral verification remain TODO
01.002/000239	DONE	app/core/gimpdrawablestack.c	5	text	-366 -> 369	application-or-library	Origin-aware stack/projection invalidation	09.013/gegl-graph-invalidation,17.002,17.003,17.019,17.020	Enumerated and assigned; see hunk-wbs.tsv; implementation and behavioral verification remain TODO
01.002/000240	DONE	app/core/gimpdrawablestack.c	6	text	-386 -> 389	application-or-library	Origin-aware stack/projection invalidation	09.013/gegl-graph-invalidation,17.002,17.003,17.019,17.020	Enumerated and assigned; see hunk-wbs.tsv; implementation and behavioral verification remain TODO
01.002/000241	DONE	app/core/gimpdrawablestack.c	7	text	-402 -> 405,2	application-or-library	Origin-aware stack/projection invalidation	09.013/gegl-graph-invalidation,17.002,17.003,17.019,17.020	Enumerated and assigned; see hunk-wbs.tsv; implementation and behavioral verification remain TODO
01.002/000242	DONE	app/core/gimpdrawablestack.h	1	text	-59,0 -> 60,6	application-or-library	C/C++ header/type adapter	04.003,04.004,08.019	Enumerated and assigned; see hunk-wbs.tsv; implementation and behavioral verification remain TODO
01.002/000243	DONE	app/core/gimpdrawableundo.c	1	text	-247,0 -> 248,2	application-or-library	Nonfunctional/obsolete source candidate	31.018	Enumerated and assigned; see hunk-wbs.tsv; implementation and behavioral verification remain TODO
01.002/000244	DONE	app/core/gimpdrawableundo.c	2	text	-260,0 -> 263	application-or-library	Nonfunctional/obsolete source candidate	31.018	Enumerated and assigned; see hunk-wbs.tsv; implementation and behavioral verification remain TODO
01.002/000245	DONE	app/core/gimpdynamics.c	1	text	-54 -> 54,2	application-or-library	Independent Smudge accumulation and blending	23.001,23.002,23.003,23.004,23.005	Enumerated and assigned; see hunk-wbs.tsv; implementation and behavioral verification remain TODO
01.002/000246	DONE	app/core/gimpdynamics.c	2	text	-72,0 -> 74	application-or-library	Independent Smudge accumulation and blending	23.001,23.002,23.003,23.004,23.005	Enumerated and assigned; see hunk-wbs.tsv; implementation and behavioral verification remain TODO
01.002/000247	DONE	app/core/gimpdynamics.c	3	text	-190,0 -> 193,4	application-or-library	Independent Smudge accumulation and blending	23.001,23.002,23.003,23.004,23.005	Enumerated and assigned; see hunk-wbs.tsv; implementation and behavioral verification remain TODO
01.002/000248	DONE	app/core/gimpdynamics.c	4	text	-252,0 -> 259,4	application-or-library	Independent Smudge accumulation and blending	23.001,23.002,23.003,23.004,23.005	Enumerated and assigned; see hunk-wbs.tsv; implementation and behavioral verification remain TODO
01.002/000249	DONE	app/core/gimpdynamics.c	5	text	-270,0 -> 281	application-or-library	Independent Smudge accumulation and blending	23.001,23.002,23.003,23.004,23.005	Enumerated and assigned; see hunk-wbs.tsv; implementation and behavioral verification remain TODO
01.002/000250	DONE	app/core/gimpdynamics.c	6	text	-345,0 -> 357,5	application-or-library	Independent Smudge accumulation and blending	23.001,23.002,23.003,23.004,23.005	Enumerated and assigned; see hunk-wbs.tsv; implementation and behavioral verification remain TODO
01.002/000251	DONE	app/core/gimpdynamics.c	7	text	-416,0 -> 433,4	application-or-library	Independent Smudge accumulation and blending	23.001,23.002,23.003,23.004,23.005	Enumerated and assigned; see hunk-wbs.tsv; implementation and behavioral verification remain TODO
01.002/000252	DONE	app/core/gimpdynamics.c	8	text	-549,0 -> 570,4	application-or-library	Independent Smudge accumulation and blending	23.001,23.002,23.003,23.004,23.005	Enumerated and assigned; see hunk-wbs.tsv; implementation and behavioral verification remain TODO
01.002/000253	DONE	app/core/gimpdynamics.h	1	text	-54,0 -> 55,6	application-or-library	C/C++ header/type adapter	04.003,04.004,08.019	Enumerated and assigned; see hunk-wbs.tsv; implementation and behavioral verification remain TODO
01.002/000254	DONE	app/core/gimpdynamicsoutput.h	1	text	-67 -> 67,6	application-or-library	C/C++ header/type adapter	04.003,04.004,08.019	Enumerated and assigned; see hunk-wbs.tsv; implementation and behavioral verification remain TODO
01.002/000255	DONE	app/core/gimpfilterlayer.cpp	1	text	-0,0 -> 1,1209	application-or-library	Independent FilterLayer model and scheduler	08.003,15.001,15.001/gvalue-deep-copy,15.002,15.003,15.004,15.005,15.006,15.006/gegl-result-source,15.006/filter-pickable-opacity,15.006/filter-progress-start,15.006/editability-contract,15.007,15.008,15.009,15.010,15.011,15.012,15.013,17.001,17.002,17.003,17.004,17.005,17.007,17.008,17.009,17.010,17.011,17.013,17.014,17.015,17.016,17.017,17.018,17.019,17.020,17.021,17.022,17.023,17.024,17.026/filter-end-timeout-cancel,17.028	Enumerated and assigned; see hunk-wbs.tsv; implementation and behavioral verification remain TODO
01.002/000256	DONE	app/core/gimpfilterlayer.h	1	text	-0,0 -> 1,90	application-or-library	Independent FilterLayer model and scheduler	08.003,15.001,15.001/gvalue-deep-copy,15.002,15.003,15.004,15.005,15.006,15.006/gegl-result-source,15.006/filter-pickable-opacity,15.006/filter-progress-start,15.006/editability-contract,15.007,15.008,15.009,15.010,15.011,15.012,15.013,17.001,17.002,17.003,17.004,17.005,17.007,17.008,17.009,17.010,17.011,17.013,17.014,17.015,17.016,17.017,17.018,17.019,17.020,17.021,17.022,17.023,17.024,17.026/filter-end-timeout-cancel,17.028	Enumerated and assigned; see hunk-wbs.tsv; implementation and behavioral verification remain TODO
01.002/000257	DONE	app/core/gimpgrouplayer.c	1	text	-41,0 -> 42	application-or-library	Group duplication and clone remapping	14.011	Enumerated and assigned; see hunk-wbs.tsv; implementation and behavioral verification remain TODO
01.002/000258	DONE	app/core/gimpgrouplayer.c	2	text	-91 -> 92,3	application-or-library	Group duplication and clone remapping	14.011	Enumerated and assigned; see hunk-wbs.tsv; implementation and behavioral verification remain TODO
01.002/000259	DONE	app/core/gimpgrouplayer.c	3	text	-168,0 -> 172	application-or-library	Origin-aware stack/projection invalidation	09.013/gegl-graph-invalidation,17.002,17.003,17.019,17.020	Enumerated and assigned; see hunk-wbs.tsv; implementation and behavioral verification remain TODO
01.002/000260	DONE	app/core/gimpgrouplayer.c	4	text	-410,2 -> 414,3	application-or-library	Group duplication and clone remapping	14.011	Enumerated and assigned; see hunk-wbs.tsv; implementation and behavioral verification remain TODO
01.002/000261	DONE	app/core/gimpgrouplayer.c	5	text	-427,0 -> 433	application-or-library	Group duplication and clone remapping	14.011	Enumerated and assigned; see hunk-wbs.tsv; implementation and behavioral verification remain TODO
01.002/000262	DONE	app/core/gimpgrouplayer.c	6	text	-437 -> 443,7	application-or-library	Group duplication and clone remapping	14.011	Enumerated and assigned; see hunk-wbs.tsv; implementation and behavioral verification remain TODO
01.002/000263	DONE	app/core/gimpgrouplayer.c	7	text	-470,0 -> 483,46	application-or-library	Group duplication and clone remapping	14.011	Enumerated and assigned; see hunk-wbs.tsv; implementation and behavioral verification remain TODO
01.002/000264	DONE	app/core/gimpgrouplayer.c	8	text	-1152,0 -> 1211	application-or-library	Origin-aware stack/projection invalidation	09.013/gegl-graph-invalidation,17.002,17.003,17.019,17.020	Enumerated and assigned; see hunk-wbs.tsv; implementation and behavioral verification remain TODO
01.002/000265	DONE	app/core/gimpgrouplayer.h	1	text	-59,0 -> 60,6	application-or-library	C/C++ header/type adapter	04.003,04.004,08.019	Enumerated and assigned; see hunk-wbs.tsv; implementation and behavioral verification remain TODO
01.002/000266	DONE	app/core/gimpimage-contiguous-region.c	1	text	-53,0 -> 54,18	application-or-library	Bounded fill traversal and iterator lifetime	09.003,27.004/gegl-bounded-search,27.006,27.010	Enumerated and assigned; see hunk-wbs.tsv; implementation and behavioral verification remain TODO
01.002/000267	DONE	app/core/gimpimage-contiguous-region.c	2	text	-61,0 -> 80	application-or-library	Fill distance and soft selection penalty	27.003,27.005/selection-barrier,27.005/selection-threshold-contract,27.006	Enumerated and assigned; see hunk-wbs.tsv; implementation and behavioral verification remain TODO
01.002/000268	DONE	app/core/gimpimage-contiguous-region.c	3	text	-68,8 -> 86,0	application-or-library	Bounded fill traversal and iterator lifetime	09.003,27.004/gegl-bounded-search,27.006,27.010	Enumerated and assigned; see hunk-wbs.tsv; implementation and behavioral verification remain TODO
01.002/000269	DONE	app/core/gimpimage-contiguous-region.c	4	text	-78,4 -> 89	application-or-library	Bounded fill traversal and iterator lifetime	09.003,27.004/gegl-bounded-search,27.006,27.010	Enumerated and assigned; see hunk-wbs.tsv; implementation and behavioral verification remain TODO
01.002/000270	DONE	app/core/gimpimage-contiguous-region.c	5	text	-93,0 -> 102	application-or-library	Fill distance and soft selection penalty	27.003,27.005/selection-barrier,27.005/selection-threshold-contract,27.006	Enumerated and assigned; see hunk-wbs.tsv; implementation and behavioral verification remain TODO
01.002/000271	DONE	app/core/gimpimage-contiguous-region.c	6	text	-103,0 -> 113,145	application-or-library	Bounded fill traversal and iterator lifetime	09.003,27.004/gegl-bounded-search,27.006,27.010	Enumerated and assigned; see hunk-wbs.tsv; implementation and behavioral verification remain TODO
01.002/000272	DONE	app/core/gimpimage-contiguous-region.c	7	text	-106,0 -> 261	application-or-library	Nonfunctional/obsolete source candidate	31.018	Enumerated and assigned; see hunk-wbs.tsv; implementation and behavioral verification remain TODO
01.002/000273	DONE	app/core/gimpimage-contiguous-region.c	8	text	-118,2 -> 273,21	application-or-library	Bounded fill source/seed/offset preparation	27.001/snapshot-contract,27.002,27.004/gegl-bounded-search,27.005/selection-threshold-contract	Enumerated and assigned; see hunk-wbs.tsv; implementation and behavioral verification remain TODO
01.002/000274	DONE	app/core/gimpimage-contiguous-region.c	9	text	-121 -> 295	application-or-library	Bounded fill source/seed/offset preparation	27.001/snapshot-contract,27.002,27.004/gegl-bounded-search,27.005/selection-threshold-contract	Enumerated and assigned; see hunk-wbs.tsv; implementation and behavioral verification remain TODO
01.002/000275	DONE	app/core/gimpimage-contiguous-region.c	10	text	-125,4 -> 299,2	application-or-library	Bounded fill source/seed/offset preparation	27.001/snapshot-contract,27.002,27.004/gegl-bounded-search,27.005/selection-threshold-contract	Enumerated and assigned; see hunk-wbs.tsv; implementation and behavioral verification remain TODO
01.002/000276	DONE	app/core/gimpimage-contiguous-region.c	11	text	-142,5 -> 314,31	application-or-library	Bounded fill source/seed/offset preparation	27.001/snapshot-contract,27.002,27.004/gegl-bounded-search,27.005/selection-threshold-contract	Enumerated and assigned; see hunk-wbs.tsv; implementation and behavioral verification remain TODO
01.002/000277	DONE	app/core/gimpimage-contiguous-region.c	12	text	-148,6 -> 345,0	application-or-library	Bounded fill source/seed/offset preparation	27.001/snapshot-contract,27.002,27.004/gegl-bounded-search,27.005/selection-threshold-contract	Enumerated and assigned; see hunk-wbs.tsv; implementation and behavioral verification remain TODO
01.002/000278	DONE	app/core/gimpimage-contiguous-region.c	13	text	-155 -> 347,42	application-or-library	Bounded fill source/seed/offset preparation	27.001/snapshot-contract,27.002,27.004/gegl-bounded-search,27.005/selection-threshold-contract	Enumerated and assigned; see hunk-wbs.tsv; implementation and behavioral verification remain TODO
01.002/000279	DONE	app/core/gimpimage-contiguous-region.c	14	text	-163,15 -> 396,2	application-or-library	Bounded fill source/seed/offset preparation	27.001/snapshot-contract,27.002,27.004/gegl-bounded-search,27.005/selection-threshold-contract	Enumerated and assigned; see hunk-wbs.tsv; implementation and behavioral verification remain TODO
01.002/000280	DONE	app/core/gimpimage-contiguous-region.c	15	text	-179,6 -> 399,3	application-or-library	Bounded fill source/seed/offset preparation	27.001/snapshot-contract,27.002,27.004/gegl-bounded-search,27.005/selection-threshold-contract	Enumerated and assigned; see hunk-wbs.tsv; implementation and behavioral verification remain TODO
01.002/000281	DONE	app/core/gimpimage-contiguous-region.c	16	text	-189,0 -> 407,13	application-or-library	Bounded fill source/seed/offset preparation	27.001/snapshot-contract,27.002,27.004/gegl-bounded-search,27.005/selection-threshold-contract	Enumerated and assigned; see hunk-wbs.tsv; implementation and behavioral verification remain TODO
01.002/000282	DONE	app/core/gimpimage-contiguous-region.c	17	text	-191 -> 421	application-or-library	Fill distance and soft selection penalty	27.003,27.005/selection-barrier,27.005/selection-threshold-contract,27.006	Enumerated and assigned; see hunk-wbs.tsv; implementation and behavioral verification remain TODO
01.002/000283	DONE	app/core/gimpimage-contiguous-region.c	18	text	-195 -> 425	application-or-library	Bounded fill source/seed/offset preparation	27.001/snapshot-contract,27.002,27.004/gegl-bounded-search,27.005/selection-threshold-contract	Enumerated and assigned; see hunk-wbs.tsv; implementation and behavioral verification remain TODO
01.002/000284	DONE	app/core/gimpimage-contiguous-region.c	19	text	-312 -> 542	application-or-library	Fill distance and soft selection penalty	27.003,27.005/selection-barrier,27.005/selection-threshold-contract,27.006	Enumerated and assigned; see hunk-wbs.tsv; implementation and behavioral verification remain TODO
01.002/000285	DONE	app/core/gimpimage-contiguous-region.c	20	text	-327,0 -> 558	application-or-library	Nonfunctional/obsolete source candidate	31.018	Enumerated and assigned; see hunk-wbs.tsv; implementation and behavioral verification remain TODO
01.002/000286	DONE	app/core/gimpimage-contiguous-region.c	21	text	-330,0 -> 562	application-or-library	Fill distance and soft selection penalty	27.003,27.005/selection-barrier,27.005/selection-threshold-contract,27.006	Enumerated and assigned; see hunk-wbs.tsv; implementation and behavioral verification remain TODO
01.002/000287	DONE	app/core/gimpimage-contiguous-region.c	22	text	-338 -> 570	application-or-library	Fill distance and soft selection penalty	27.003,27.005/selection-barrier,27.005/selection-threshold-contract,27.006	Enumerated and assigned; see hunk-wbs.tsv; implementation and behavioral verification remain TODO
01.002/000288	DONE	app/core/gimpimage-contiguous-region.c	23	text	-426,0 -> 659,4	application-or-library	Fill distance and soft selection penalty	27.003,27.005/selection-barrier,27.005/selection-threshold-contract,27.006	Enumerated and assigned; see hunk-wbs.tsv; implementation and behavioral verification remain TODO
01.002/000289	DONE	app/core/gimpimage-contiguous-region.c	24	text	-429 -> 665	application-or-library	Fill distance and soft selection penalty	27.003,27.005/selection-barrier,27.005/selection-threshold-contract,27.006	Enumerated and assigned; see hunk-wbs.tsv; implementation and behavioral verification remain TODO
01.002/000290	DONE	app/core/gimpimage-contiguous-region.c	25	text	-447,22 -> 683	application-or-library	Bounded fill traversal and iterator lifetime	09.003,27.004/gegl-bounded-search,27.006,27.010	Enumerated and assigned; see hunk-wbs.tsv; implementation and behavioral verification remain TODO
01.002/000291	DONE	app/core/gimpimage-contiguous-region.c	26	text	-472,4 -> 687	application-or-library	Bounded fill traversal and iterator lifetime	09.003,27.004/gegl-bounded-search,27.006,27.010	Enumerated and assigned; see hunk-wbs.tsv; implementation and behavioral verification remain TODO
01.002/000292	DONE	app/core/gimpimage-contiguous-region.c	27	text	-486,2 -> 697,0	application-or-library	Bounded fill traversal and iterator lifetime	09.003,27.004/gegl-bounded-search,27.006,27.010	Enumerated and assigned; see hunk-wbs.tsv; implementation and behavioral verification remain TODO
01.002/000293	DONE	app/core/gimpimage-contiguous-region.c	28	text	-490,6 -> 700,2	application-or-library	Bounded fill traversal and iterator lifetime	09.003,27.004/gegl-bounded-search,27.006,27.010	Enumerated and assigned; see hunk-wbs.tsv; implementation and behavioral verification remain TODO
01.002/000294	DONE	app/core/gimpimage-contiguous-region.c	29	text	-496,0 -> 703	application-or-library	Bounded fill traversal and iterator lifetime	09.003,27.004/gegl-bounded-search,27.006,27.010	Enumerated and assigned; see hunk-wbs.tsv; implementation and behavioral verification remain TODO
01.002/000295	DONE	app/core/gimpimage-contiguous-region.c	30	text	-501 -> 708	application-or-library	Bounded fill traversal and iterator lifetime	09.003,27.004/gegl-bounded-search,27.006,27.010	Enumerated and assigned; see hunk-wbs.tsv; implementation and behavioral verification remain TODO
01.002/000296	DONE	app/core/gimpimage-contiguous-region.c	31	text	-503 -> 710	application-or-library	Fill distance and soft selection penalty	27.003,27.005/selection-barrier,27.005/selection-threshold-contract,27.006	Enumerated and assigned; see hunk-wbs.tsv; implementation and behavioral verification remain TODO
01.002/000297	DONE	app/core/gimpimage-contiguous-region.c	32	text	-509 -> 716	application-or-library	Fill distance and soft selection penalty	27.003,27.005/selection-barrier,27.005/selection-threshold-contract,27.006	Enumerated and assigned; see hunk-wbs.tsv; implementation and behavioral verification remain TODO
01.002/000298	DONE	app/core/gimpimage-contiguous-region.c	33	text	-511,0 -> 719	application-or-library	Nonfunctional/obsolete source candidate	31.018	Enumerated and assigned; see hunk-wbs.tsv; implementation and behavioral verification remain TODO
01.002/000299	DONE	app/core/gimpimage-contiguous-region.c	34	text	-517,2 -> 725,6	application-or-library	Bounded fill traversal and iterator lifetime	09.003,27.004/gegl-bounded-search,27.006,27.010	Enumerated and assigned; see hunk-wbs.tsv; implementation and behavioral verification remain TODO
01.002/000300	DONE	app/core/gimpimage-contiguous-region.c	35	text	-522,2 -> 734,3	application-or-library	Bounded fill traversal and iterator lifetime	09.003,27.004/gegl-bounded-search,27.006,27.010	Enumerated and assigned; see hunk-wbs.tsv; implementation and behavioral verification remain TODO
01.002/000301	DONE	app/core/gimpimage-contiguous-region.c	36	text	-526 -> 739,4	application-or-library	Bounded fill traversal and iterator lifetime	09.003,27.004/gegl-bounded-search,27.006,27.010	Enumerated and assigned; see hunk-wbs.tsv; implementation and behavioral verification remain TODO
01.002/000302	DONE	app/core/gimpimage-contiguous-region.c	37	text	-528,3 -> 744,8	application-or-library	Bounded fill traversal and iterator lifetime	09.003,27.004/gegl-bounded-search,27.006,27.010	Enumerated and assigned; see hunk-wbs.tsv; implementation and behavioral verification remain TODO
01.002/000303	DONE	app/core/gimpimage-contiguous-region.c	38	text	-534 -> 755	application-or-library	Bounded fill traversal and iterator lifetime	09.003,27.004/gegl-bounded-search,27.006,27.010	Enumerated and assigned; see hunk-wbs.tsv; implementation and behavioral verification remain TODO
01.002/000304	DONE	app/core/gimpimage-contiguous-region.c	39	text	-536 -> 757	application-or-library	Fill distance and soft selection penalty	27.003,27.005/selection-barrier,27.005/selection-threshold-contract,27.006	Enumerated and assigned; see hunk-wbs.tsv; implementation and behavioral verification remain TODO
01.002/000305	DONE	app/core/gimpimage-contiguous-region.c	40	text	-542 -> 763	application-or-library	Fill distance and soft selection penalty	27.003,27.005/selection-barrier,27.005/selection-threshold-contract,27.006	Enumerated and assigned; see hunk-wbs.tsv; implementation and behavioral verification remain TODO
01.002/000306	DONE	app/core/gimpimage-contiguous-region.c	41	text	-547 -> 768,2	application-or-library	Bounded fill traversal and iterator lifetime	09.003,27.004/gegl-bounded-search,27.006,27.010	Enumerated and assigned; see hunk-wbs.tsv; implementation and behavioral verification remain TODO
01.002/000307	DONE	app/core/gimpimage-contiguous-region.c	42	text	-549 -> 771,3	application-or-library	Bounded fill traversal and iterator lifetime	09.003,27.004/gegl-bounded-search,27.006,27.010	Enumerated and assigned; see hunk-wbs.tsv; implementation and behavioral verification remain TODO
01.002/000308	DONE	app/core/gimpimage-contiguous-region.c	43	text	-550,0 -> 775	application-or-library	Bounded fill traversal and iterator lifetime	09.003,27.004/gegl-bounded-search,27.006,27.010	Enumerated and assigned; see hunk-wbs.tsv; implementation and behavioral verification remain TODO
01.002/000309	DONE	app/core/gimpimage-contiguous-region.c	44	text	-555,0 -> 781,2	application-or-library	Bounded fill traversal and iterator lifetime	09.003,27.004/gegl-bounded-search,27.006,27.010	Enumerated and assigned; see hunk-wbs.tsv; implementation and behavioral verification remain TODO
01.002/000310	DONE	app/core/gimpimage-contiguous-region.c	45	text	-557,3 -> 784,2	application-or-library	Bounded fill traversal and iterator lifetime	09.003,27.004/gegl-bounded-search,27.006,27.010	Enumerated and assigned; see hunk-wbs.tsv; implementation and behavioral verification remain TODO
01.002/000311	DONE	app/core/gimpimage-contiguous-region.c	46	text	-561 -> 787	application-or-library	Bounded fill traversal and iterator lifetime	09.003,27.004/gegl-bounded-search,27.006,27.010	Enumerated and assigned; see hunk-wbs.tsv; implementation and behavioral verification remain TODO
01.002/000312	DONE	app/core/gimpimage-contiguous-region.c	47	text	-563,3 -> 789,9	application-or-library	Bounded fill traversal and iterator lifetime	09.003,27.004/gegl-bounded-search,27.006,27.010	Enumerated and assigned; see hunk-wbs.tsv; implementation and behavioral verification remain TODO
01.002/000313	DONE	app/core/gimpimage-contiguous-region.c	48	text	-569 -> 801	application-or-library	Bounded fill traversal and iterator lifetime	09.003,27.004/gegl-bounded-search,27.006,27.010	Enumerated and assigned; see hunk-wbs.tsv; implementation and behavioral verification remain TODO
01.002/000314	DONE	app/core/gimpimage-contiguous-region.c	49	text	-571 -> 803	application-or-library	Fill distance and soft selection penalty	27.003,27.005/selection-barrier,27.005/selection-threshold-contract,27.006	Enumerated and assigned; see hunk-wbs.tsv; implementation and behavioral verification remain TODO
01.002/000315	DONE	app/core/gimpimage-contiguous-region.c	50	text	-577 -> 809	application-or-library	Fill distance and soft selection penalty	27.003,27.005/selection-barrier,27.005/selection-threshold-contract,27.006	Enumerated and assigned; see hunk-wbs.tsv; implementation and behavioral verification remain TODO
01.002/000316	DONE	app/core/gimpimage-contiguous-region.c	51	text	-582 -> 814,2	application-or-library	Bounded fill traversal and iterator lifetime	09.003,27.004/gegl-bounded-search,27.006,27.010	Enumerated and assigned; see hunk-wbs.tsv; implementation and behavioral verification remain TODO
01.002/000317	DONE	app/core/gimpimage-contiguous-region.c	52	text	-584 -> 817,3	application-or-library	Bounded fill traversal and iterator lifetime	09.003,27.004/gegl-bounded-search,27.006,27.010	Enumerated and assigned; see hunk-wbs.tsv; implementation and behavioral verification remain TODO
01.002/000318	DONE	app/core/gimpimage-contiguous-region.c	53	text	-585,0 -> 821	application-or-library	Bounded fill traversal and iterator lifetime	09.003,27.004/gegl-bounded-search,27.006,27.010	Enumerated and assigned; see hunk-wbs.tsv; implementation and behavioral verification remain TODO
01.002/000319	DONE	app/core/gimpimage-contiguous-region.c	54	text	-589,2 -> 825,6	application-or-library	Bounded fill traversal and iterator lifetime	09.003,27.004/gegl-bounded-search,27.006,27.010	Enumerated and assigned; see hunk-wbs.tsv; implementation and behavioral verification remain TODO
01.002/000320	DONE	app/core/gimpimage-contiguous-region.c	55	text	-594,0 -> 835	application-or-library	Nonfunctional/obsolete source candidate	31.018	Enumerated and assigned; see hunk-wbs.tsv; implementation and behavioral verification remain TODO
01.002/000321	DONE	app/core/gimpimage-contiguous-region.c	56	text	-598,0 -> 840	application-or-library	Fill distance and soft selection penalty	27.003,27.005/selection-barrier,27.005/selection-threshold-contract,27.006	Enumerated and assigned; see hunk-wbs.tsv; implementation and behavioral verification remain TODO
01.002/000322	DONE	app/core/gimpimage-contiguous-region.c	57	text	-633,0 -> 876	application-or-library	Bounded fill traversal and iterator lifetime	09.003,27.004/gegl-bounded-search,27.006,27.010	Enumerated and assigned; see hunk-wbs.tsv; implementation and behavioral verification remain TODO
01.002/000323	DONE	app/core/gimpimage-contiguous-region.c	58	text	-640,2 -> 883	application-or-library	Bounded fill traversal and iterator lifetime	09.003,27.004/gegl-bounded-search,27.006,27.010	Enumerated and assigned; see hunk-wbs.tsv; implementation and behavioral verification remain TODO
01.002/000324	DONE	app/core/gimpimage-contiguous-region.c	59	text	-643,2 -> 885	application-or-library	Bounded fill traversal and iterator lifetime	09.003,27.004/gegl-bounded-search,27.006,27.010	Enumerated and assigned; see hunk-wbs.tsv; implementation and behavioral verification remain TODO
01.002/000325	DONE	app/core/gimpimage-contiguous-region.c	60	text	-647 -> 888,2	application-or-library	Bounded fill traversal and iterator lifetime	09.003,27.004/gegl-bounded-search,27.006,27.010	Enumerated and assigned; see hunk-wbs.tsv; implementation and behavioral verification remain TODO
01.002/000326	DONE	app/core/gimpimage-contiguous-region.c	61	text	-648,0 -> 891,3	application-or-library	Bounded fill traversal and iterator lifetime	09.003,27.004/gegl-bounded-search,27.006,27.010	Enumerated and assigned; see hunk-wbs.tsv; implementation and behavioral verification remain TODO
01.002/000327	DONE	app/core/gimpimage-contiguous-region.c	62	text	-650 -> 895	application-or-library	Bounded fill traversal and iterator lifetime	09.003,27.004/gegl-bounded-search,27.006,27.010	Enumerated and assigned; see hunk-wbs.tsv; implementation and behavioral verification remain TODO
01.002/000328	DONE	app/core/gimpimage-contiguous-region.c	63	text	-657 -> 902	application-or-library	Bounded fill traversal and iterator lifetime	09.003,27.004/gegl-bounded-search,27.006,27.010	Enumerated and assigned; see hunk-wbs.tsv; implementation and behavioral verification remain TODO
01.002/000329	DONE	app/core/gimpimage-contiguous-region.h	1	text	-31,0 -> 32,37	application-or-library	Bounded brush flood fill and selection	08.011,08.012,27.001,27.001/snapshot-contract,27.002,27.003,27.004/gegl-bounded-search,27.005/selection-barrier,27.006,27.007/paintcore-gegl-compose,27.008,27.009/stroke-lifecycle,27.010,27.011,27.012	Enumerated and assigned; see hunk-wbs.tsv; implementation and behavioral verification remain TODO
01.002/000330	DONE	app/core/gimpimage-crop.c	1	text	-283 -> 283,2	application-or-library	Origin-aware stack/projection invalidation	09.013/gegl-graph-invalidation,17.002,17.003,17.019,17.020	Enumerated and assigned; see hunk-wbs.tsv; implementation and behavioral verification remain TODO
01.002/000331	DONE	app/core/gimpimage-new.h	1	text	-25 -> 25	application-or-library	C/C++ header/type adapter	04.003,04.004,08.019	Enumerated and assigned; see hunk-wbs.tsv; implementation and behavioral verification remain TODO
01.002/000332	DONE	app/core/gimpimage-new.h	2	text	-28 -> 28	application-or-library	C/C++ header/type adapter	04.003,04.004,08.019	Enumerated and assigned; see hunk-wbs.tsv; implementation and behavioral verification remain TODO
01.002/000333	DONE	app/core/gimpimage-perspective-guide.c	1	text	-0,0 -> 1,57	application-or-library	Perspective guide model and editing	08.009,08.009/removed-signal,08.009/guide-owner,08.010,26.001,26.002,26.003,26.004,26.005,26.006,26.007,26.008,26.009,26.010,26.011,26.012	Enumerated and assigned; see hunk-wbs.tsv; implementation and behavioral verification remain TODO
01.002/000334	DONE	app/core/gimpimage-perspective-guide.h	1	text	-0,0 -> 1,28	application-or-library	Perspective guide model and editing	08.009,08.009/removed-signal,08.009/guide-owner,08.010,26.001,26.002,26.003,26.004,26.005,26.006,26.007,26.008,26.009,26.010,26.011,26.012	Enumerated and assigned; see hunk-wbs.tsv; implementation and behavioral verification remain TODO
01.002/000335	DONE	app/core/gimpimage-private.h	1	text	-72,0 -> 73	application-or-library	Perspective guide model and editing	08.009,08.009/removed-signal,08.009/guide-owner,08.010,26.001,26.002,26.003,26.004,26.005,26.006,26.007,26.008,26.009,26.010,26.011,26.012	Enumerated and assigned; see hunk-wbs.tsv; implementation and behavioral verification remain TODO
01.002/000336	DONE	app/core/gimpimage-snap.c	1	text	-17,0 -> 18,2	application-or-library	Perspective guide model and editing	08.009,08.009/removed-signal,08.009/guide-owner,08.010,26.001,26.002,26.003,26.004,26.005,26.006,26.007,26.008,26.009,26.010,26.011,26.012	Enumerated and assigned; see hunk-wbs.tsv; implementation and behavioral verification remain TODO
01.002/000337	DONE	app/core/gimpimage-snap.h	1	text	-61 -> 60,0	application-or-library	Perspective guide model and editing	08.009,08.009/removed-signal,08.009/guide-owner,08.010,26.001,26.002,26.003,26.004,26.005,26.006,26.007,26.008,26.009,26.010,26.011,26.012	Enumerated and assigned; see hunk-wbs.tsv; implementation and behavioral verification remain TODO
01.002/000338	DONE	app/core/gimpimage-undo.c	1	text	-374,5 -> 374,8	application-or-library	Custom-layer editability and Undo suppression	14.006/editability-contract,15.006/editability-contract,16.021	Enumerated and assigned; see hunk-wbs.tsv; implementation and behavioral verification remain TODO
01.002/000339	DONE	app/core/gimpimage-undo.c	2	text	-380 -> 382,0	application-or-library	Custom-layer editability and Undo suppression	14.006/editability-contract,15.006/editability-contract,16.021	Enumerated and assigned; see hunk-wbs.tsv; implementation and behavioral verification remain TODO
01.002/000340	DONE	app/core/gimpimage-undo.c	3	text	-381,0 -> 384	application-or-library	Custom-layer editability and Undo suppression	14.006/editability-contract,15.006/editability-contract,16.021	Enumerated and assigned; see hunk-wbs.tsv; implementation and behavioral verification remain TODO
01.002/000341	DONE	app/core/gimpimage-undo.c	4	text	-400,0 -> 404,12	application-or-library	Custom-layer editability and Undo suppression	14.006/editability-contract,15.006/editability-contract,16.021	Enumerated and assigned; see hunk-wbs.tsv; implementation and behavioral verification remain TODO
01.002/000342	DONE	app/core/gimpimage.c	1	text	-61,0 -> 62	application-or-library	Perspective guide model and editing	08.009,08.009/removed-signal,08.009/guide-owner,08.010,26.001,26.002,26.003,26.004,26.005,26.006,26.007,26.008,26.009,26.010,26.011,26.012	Enumerated and assigned; see hunk-wbs.tsv; implementation and behavioral verification remain TODO
01.002/000343	DONE	app/core/gimpimage.c	2	text	-658,0 -> 660	application-or-library	Perspective guide model and editing	08.009,08.009/removed-signal,08.009/guide-owner,08.010,26.001,26.002,26.003,26.004,26.005,26.006,26.007,26.008,26.009,26.010,26.011,26.012	Enumerated and assigned; see hunk-wbs.tsv; implementation and behavioral verification remain TODO
01.002/000344	DONE	app/core/gimpimage.c	3	text	-784,0 -> 787,17	application-or-library	Perspective guide model and editing	08.009,08.009/removed-signal,08.009/guide-owner,08.010,26.001,26.002,26.003,26.004,26.005,26.006,26.007,26.008,26.009,26.010,26.011,26.012	Enumerated and assigned; see hunk-wbs.tsv; implementation and behavioral verification remain TODO
01.002/000345	DONE	app/core/gimpimage.c	4	text	-1002,0 -> 1022,4	application-or-library	Perspective guide model and editing	08.009,08.009/removed-signal,08.009/guide-owner,08.010,26.001,26.002,26.003,26.004,26.005,26.006,26.007,26.008,26.009,26.010,26.011,26.012	Enumerated and assigned; see hunk-wbs.tsv; implementation and behavioral verification remain TODO
01.002/000346	DONE	app/core/gimpimage.c	5	text	-1196 -> 1219	application-or-library	Origin-aware stack/projection invalidation	09.013/gegl-graph-invalidation,17.002,17.003,17.019,17.020	Enumerated and assigned; see hunk-wbs.tsv; implementation and behavioral verification remain TODO
01.002/000347	DONE	app/core/gimpimage.c	6	text	-2248 -> 2271,2	application-or-library	Origin-aware stack/projection invalidation	09.013/gegl-graph-invalidation,17.002,17.003,17.019,17.020	Enumerated and assigned; see hunk-wbs.tsv; implementation and behavioral verification remain TODO
01.002/000348	DONE	app/core/gimpimage.c	7	text	-2308 -> 2332,2	application-or-library	Origin-aware stack/projection invalidation	09.013/gegl-graph-invalidation,17.002,17.003,17.019,17.020	Enumerated and assigned; see hunk-wbs.tsv; implementation and behavioral verification remain TODO
01.002/000349	DONE	app/core/gimpimage.c	8	text	-2310,0 -> 2336	application-or-library	Origin-aware stack/projection invalidation	09.013/gegl-graph-invalidation,17.002,17.003,17.019,17.020	Enumerated and assigned; see hunk-wbs.tsv; implementation and behavioral verification remain TODO
01.002/000350	DONE	app/core/gimpimage.c	9	text	-2636,0 -> 2663	application-or-library	Origin-aware stack/projection invalidation	09.013/gegl-graph-invalidation,17.002,17.003,17.019,17.020	Enumerated and assigned; see hunk-wbs.tsv; implementation and behavioral verification remain TODO
01.002/000351	DONE	app/core/gimpimage.h	1	text	-268 -> 268,2	application-or-library	Feature initialization and lifetime	30.016,30.016/feature-entry-point	Enumerated and assigned; see hunk-wbs.tsv; implementation and behavioral verification remain TODO
01.002/000352	DONE	app/core/gimpimage.h	2	text	-492,0 -> 494,5	application-or-library	C/C++ header/type adapter	04.003,04.004,08.019	Enumerated and assigned; see hunk-wbs.tsv; implementation and behavioral verification remain TODO
01.002/000353	DONE	app/core/gimpimage.h	3	text	-493,0 -> 500	application-or-library	Feature initialization and lifetime	30.016,30.016/feature-entry-point	Enumerated and assigned; see hunk-wbs.tsv; implementation and behavioral verification remain TODO
01.002/000354	DONE	app/core/gimpitem.c	1	text	-150,0 -> 151	application-or-library	Custom-layer editability and Undo suppression	14.006/editability-contract,15.006/editability-contract,16.021	Enumerated and assigned; see hunk-wbs.tsv; implementation and behavioral verification remain TODO
01.002/000355	DONE	app/core/gimpitem.c	2	text	-242,0 -> 244	application-or-library	Custom-layer editability and Undo suppression	14.006/editability-contract,15.006/editability-contract,16.021	Enumerated and assigned; see hunk-wbs.tsv; implementation and behavioral verification remain TODO
01.002/000356	DONE	app/core/gimpitem.c	3	text	-641,0 -> 644,6	application-or-library	Custom-layer editability and Undo suppression	14.006/editability-contract,15.006/editability-contract,16.021	Enumerated and assigned; see hunk-wbs.tsv; implementation and behavioral verification remain TODO
01.002/000357	DONE	app/core/gimpitem.c	4	text	-2213,0 -> 2222,12	application-or-library	Custom-layer editability and Undo suppression	14.006/editability-contract,15.006/editability-contract,16.021	Enumerated and assigned; see hunk-wbs.tsv; implementation and behavioral verification remain TODO
01.002/000358	DONE	app/core/gimpitem.h	1	text	-111,0 -> 112	application-or-library	Custom-layer editability and Undo suppression	14.006/editability-contract,15.006/editability-contract,16.021	Enumerated and assigned; see hunk-wbs.tsv; implementation and behavioral verification remain TODO
01.002/000359	DONE	app/core/gimpitem.h	2	text	-321,0 -> 323,8	application-or-library	Custom-layer editability and Undo suppression	14.006/editability-contract,15.006/editability-contract,16.021	Enumerated and assigned; see hunk-wbs.tsv; implementation and behavioral verification remain TODO
01.002/000360	DONE	app/core/gimpitemundo.h	1	text	-49,0 -> 50,6	application-or-library	C/C++ header/type adapter	04.003,04.004,08.019	Enumerated and assigned; see hunk-wbs.tsv; implementation and behavioral verification remain TODO
01.002/000361	DONE	app/core/gimplayer.c	1	text	-1125,0 -> 1126,4	application-or-library	Saved compositing enum and selection	10.005,11.004,13.009,30.013	Enumerated and assigned; see hunk-wbs.tsv; implementation and behavioral verification remain TODO
01.002/000362	DONE	app/core/gimplayer.h	1	text	-141,0 -> 142,7	application-or-library	C/C++ header/type adapter	04.003,04.004,08.019	Enumerated and assigned; see hunk-wbs.tsv; implementation and behavioral verification remain TODO
01.002/000363	DONE	app/core/gimplist.c	1	text	-66,0 -> 67	application-or-library	Container names and hierarchy state	08.018/core-extension-hooks,30.001/tool-group-state	Enumerated and assigned; see hunk-wbs.tsv; implementation and behavioral verification remain TODO
01.002/000364	DONE	app/core/gimplist.c	2	text	-102,0 -> 104	application-or-library	Container names and hierarchy state	08.018/core-extension-hooks,30.001/tool-group-state	Enumerated and assigned; see hunk-wbs.tsv; implementation and behavioral verification remain TODO
01.002/000365	DONE	app/core/gimplist.c	3	text	-313,0 -> 316,8	application-or-library	Container names and hierarchy state	08.018/core-extension-hooks,30.001/tool-group-state	Enumerated and assigned; see hunk-wbs.tsv; implementation and behavioral verification remain TODO
01.002/000366	DONE	app/core/gimpmarshal.list	1	text	-63,0 -> 64,2	application-or-library	Origin-aware stack/projection invalidation	09.013/gegl-graph-invalidation,17.002,17.003,17.019,17.020	Enumerated and assigned; see hunk-wbs.tsv; implementation and behavioral verification remain TODO
01.002/000367	DONE	app/core/gimpmypaintbrush-load.cpp	1	text	-0,0 -> 1,706	application-or-library	Extended myb decoding	19.001,19.002,19.003,19.004,19.005,19.006,19.006/v1-curve-validation,19.007,19.008,19.009,19.010	Enumerated and assigned; see hunk-wbs.tsv; implementation and behavioral verification remain TODO
01.002/000368	DONE	app/core/gimpmypaintbrush-load.h	1	text	-0,0 -> 1,31	application-or-library	Extended myb decoding	19.001,19.002,19.003,19.004,19.005,19.006,19.006/v1-curve-validation,19.007,19.008,19.009,19.010	Enumerated and assigned; see hunk-wbs.tsv; implementation and behavioral verification remain TODO
01.002/000369	DONE	app/core/gimpmypaintbrush-private.hpp	1	text	-0,0 -> 1,60	application-or-library	Extended brush data and preview resource	08.005,19.013,19.013/preview-contract,19.013/icon-buffer,19.014	Enumerated and assigned; see hunk-wbs.tsv; implementation and behavioral verification remain TODO
01.002/000370	DONE	app/core/gimpmypaintbrush-save.cpp	1	text	-0,0 -> 1,325	application-or-library	Extended myb serialization	19.011,19.011/output-stream-save,19.012	Enumerated and assigned; see hunk-wbs.tsv; implementation and behavioral verification remain TODO
01.002/000371	DONE	app/core/gimpmypaintbrush-save.h	1	text	-0,0 -> 1,27	application-or-library	Extended myb serialization	19.011,19.011/output-stream-save,19.012	Enumerated and assigned; see hunk-wbs.tsv; implementation and behavioral verification remain TODO
01.002/000372	DONE	app/core/gimpmypaintbrush.cpp	1	text	-0,0 -> 1,800	application-or-library	Extended brush data and preview resource	08.005,19.013,19.013/preview-contract,19.013/icon-buffer,19.014	Enumerated and assigned; see hunk-wbs.tsv; implementation and behavioral verification remain TODO
01.002/000373	DONE	app/core/gimpmypaintbrush.h	1	text	-0,0 -> 1,83	application-or-library	Extended brush data and preview resource	08.005,19.013,19.013/preview-contract,19.013/icon-buffer,19.014	Enumerated and assigned; see hunk-wbs.tsv; implementation and behavioral verification remain TODO
01.002/000374	DONE	app/core/gimpobject.h	1	text	-71,0 -> 72,5	application-or-library	C/C++ header/type adapter	04.003,04.004,08.019	Enumerated and assigned; see hunk-wbs.tsv; implementation and behavioral verification remain TODO
01.002/000375	DONE	app/core/gimpobject.h	2	text	-72,0 -> 78	application-or-library	C/C++ header/type adapter	04.003,04.004,08.019	Enumerated and assigned; see hunk-wbs.tsv; implementation and behavioral verification remain TODO
01.002/000376	DONE	app/core/gimpparamspecs-duplicate.c	1	text	-69,0 -> 70	application-or-library	Core public helper and object contract	08.018/core-extension-hooks	Enumerated and assigned; see hunk-wbs.tsv; implementation and behavioral verification remain TODO
01.002/000377	DONE	app/core/gimpparamspecs-duplicate.c	2	text	-70,0 -> 72,3	application-or-library	Core public helper and object contract	08.018/core-extension-hooks	Enumerated and assigned; see hunk-wbs.tsv; implementation and behavioral verification remain TODO
01.002/000378	DONE	app/core/gimpparamspecs.c	1	text	-1981,0 -> 1982,12	application-or-library	Core public helper and object contract	08.018/core-extension-hooks	Enumerated and assigned; see hunk-wbs.tsv; implementation and behavioral verification remain TODO
01.002/000379	DONE	app/core/gimpparamspecs.h	1	text	-626,0 -> 627	application-or-library	Core public helper and object contract	08.018/core-extension-hooks	Enumerated and assigned; see hunk-wbs.tsv; implementation and behavioral verification remain TODO
01.002/000380	DONE	app/core/gimpperspectiveguide.cpp	1	text	-0,0 -> 1,275	application-or-library	Perspective guide model and editing	08.009,08.009/removed-signal,08.009/guide-owner,08.010,26.001,26.002,26.003,26.004,26.005,26.006,26.007,26.008,26.009,26.010,26.011,26.012	Enumerated and assigned; see hunk-wbs.tsv; implementation and behavioral verification remain TODO
01.002/000381	DONE	app/core/gimpperspectiveguide.h	1	text	-0,0 -> 1,94	application-or-library	Perspective guide model and editing	08.009,08.009/removed-signal,08.009/guide-owner,08.010,26.001,26.002,26.003,26.004,26.005,26.006,26.007,26.008,26.009,26.010,26.011,26.012	Enumerated and assigned; see hunk-wbs.tsv; implementation and behavioral verification remain TODO
01.002/000382	DONE	app/core/gimppickable.h	1	text	-79 -> 79,6	application-or-library	C/C++ header/type adapter	04.003,04.004,08.019	Enumerated and assigned; see hunk-wbs.tsv; implementation and behavioral verification remain TODO
01.002/000383	DONE	app/core/gimpprogress.h	1	text	-93,0 -> 94,6	application-or-library	C/C++ header/type adapter	04.003,04.004,08.019	Enumerated and assigned; see hunk-wbs.tsv; implementation and behavioral verification remain TODO
01.002/000384	DONE	app/core/gimpprojectable.h	1	text	-90,0 -> 91,6	application-or-library	C/C++ header/type adapter	04.003,04.004,08.019	Enumerated and assigned; see hunk-wbs.tsv; implementation and behavioral verification remain TODO
01.002/000385	DONE	app/core/gimpprojection.c	1	text	-172,0 -> 173,4	application-or-library	Origin-aware stack/projection invalidation	09.013/gegl-graph-invalidation,17.002,17.003,17.019,17.020	Enumerated and assigned; see hunk-wbs.tsv; implementation and behavioral verification remain TODO
01.002/000386	DONE	app/core/gimpprojection.h	1	text	-105,0 -> 106,6	application-or-library	C/C++ header/type adapter	04.003,04.004,08.019	Enumerated and assigned; see hunk-wbs.tsv; implementation and behavioral verification remain TODO
01.002/000387	DONE	app/core/gimptemplate.h	1	text	-69 -> 69	application-or-library	C/C++ header/type adapter	04.003,04.004,08.019	Enumerated and assigned; see hunk-wbs.tsv; implementation and behavioral verification remain TODO
01.002/000388	DONE	app/core/gimptemplate.h	2	text	-72,3 -> 72,3	application-or-library	C/C++ header/type adapter	04.003,04.004,08.019	Enumerated and assigned; see hunk-wbs.tsv; implementation and behavioral verification remain TODO
01.002/000389	DONE	app/core/gimptemplate.h	3	text	-76,3 -> 76,3	application-or-library	C/C++ header/type adapter	04.003,04.004,08.019	Enumerated and assigned; see hunk-wbs.tsv; implementation and behavioral verification remain TODO
01.002/000390	DONE	app/core/gimptemplate.h	4	text	-80,2 -> 80,2	application-or-library	C/C++ header/type adapter	04.003,04.004,08.019	Enumerated and assigned; see hunk-wbs.tsv; implementation and behavioral verification remain TODO
01.002/000391	DONE	app/core/gimptemplate.h	5	text	-83 -> 83	application-or-library	C/C++ header/type adapter	04.003,04.004,08.019	Enumerated and assigned; see hunk-wbs.tsv; implementation and behavioral verification remain TODO
01.002/000392	DONE	app/core/gimptemplate.h	6	text	-85 -> 85	application-or-library	C/C++ header/type adapter	04.003,04.004,08.019	Enumerated and assigned; see hunk-wbs.tsv; implementation and behavioral verification remain TODO
01.002/000393	DONE	app/core/gimptoolgroup.c	1	text	-0,0 -> 1,395	application-or-library	Tool grouping/configuration	30.001/tool-group-state,29.009,30.004,30.008	Enumerated and assigned; see hunk-wbs.tsv; implementation and behavioral verification remain TODO
01.002/000394	DONE	app/core/gimptoolgroup.h	1	text	-0,0 -> 1,68	application-or-library	Tool grouping/configuration	30.001/tool-group-state,29.009,30.004,30.008	Enumerated and assigned; see hunk-wbs.tsv; implementation and behavioral verification remain TODO
01.002/000395	DONE	app/core/gimptoolinfo.c	1	text	-25 -> 24,0	application-or-library	Tool grouping/configuration	30.001/tool-group-state,29.009,30.004,30.008	Enumerated and assigned; see hunk-wbs.tsv; implementation and behavioral verification remain TODO
01.002/000396	DONE	app/core/gimptoolinfo.c	2	text	-40,7 -> 38,0	application-or-library	Tool grouping/configuration	30.001/tool-group-state,29.009,30.004,30.008	Enumerated and assigned; see hunk-wbs.tsv; implementation and behavioral verification remain TODO
01.002/000397	DONE	app/core/gimptoolinfo.c	3	text	-49,8 -> 40,0	application-or-library	Tool grouping/configuration	30.001/tool-group-state,29.009,30.004,30.008	Enumerated and assigned; see hunk-wbs.tsv; implementation and behavioral verification remain TODO
01.002/000398	DONE	app/core/gimptoolinfo.c	4	text	-61 -> 45	application-or-library	Tool grouping/configuration	30.001/tool-group-state,29.009,30.004,30.008	Enumerated and assigned; see hunk-wbs.tsv; implementation and behavioral verification remain TODO
01.002/000399	DONE	app/core/gimptoolinfo.c	5	text	-74,2 -> 57,0	application-or-library	Tool grouping/configuration	30.001/tool-group-state,29.009,30.004,30.008	Enumerated and assigned; see hunk-wbs.tsv; implementation and behavioral verification remain TODO
01.002/000400	DONE	app/core/gimptoolinfo.c	6	text	-78,4 -> 59,0	application-or-library	Tool grouping/configuration	30.001/tool-group-state,29.009,30.004,30.008	Enumerated and assigned; see hunk-wbs.tsv; implementation and behavioral verification remain TODO
01.002/000401	DONE	app/core/gimptoolinfo.c	7	text	-104,0 -> 83	application-or-library	Tool grouping/configuration	30.001/tool-group-state,29.009,30.004,30.008	Enumerated and assigned; see hunk-wbs.tsv; implementation and behavioral verification remain TODO
01.002/000402	DONE	app/core/gimptoolinfo.c	8	text	-169,38 -> 147,0	application-or-library	Tool grouping/configuration	30.001/tool-group-state,29.009,30.004,30.008	Enumerated and assigned; see hunk-wbs.tsv; implementation and behavioral verification remain TODO
01.002/000403	DONE	app/core/gimptoolinfo.c	9	text	-241,0 -> 183	application-or-library	Tool grouping/configuration	30.001/tool-group-state,29.009,30.004,30.008	Enumerated and assigned; see hunk-wbs.tsv; implementation and behavioral verification remain TODO
01.002/000404	DONE	app/core/gimptoolinfo.c	10	text	-256 -> 198,2	application-or-library	Tool grouping/configuration	30.001/tool-group-state,29.009,30.004,30.008	Enumerated and assigned; see hunk-wbs.tsv; implementation and behavioral verification remain TODO
01.002/000405	DONE	app/core/gimptoolinfo.c	11	text	-277,0 -> 221	application-or-library	Tool grouping/configuration	30.001/tool-group-state,29.009,30.004,30.008	Enumerated and assigned; see hunk-wbs.tsv; implementation and behavioral verification remain TODO
01.002/000406	DONE	app/core/gimptoolinfo.c	12	text	-279 -> 223	application-or-library	Tool grouping/configuration	30.001/tool-group-state,29.009,30.004,30.008	Enumerated and assigned; see hunk-wbs.tsv; implementation and behavioral verification remain TODO
01.002/000407	DONE	app/core/gimptoolinfo.c	13	text	-361 -> 305	application-or-library	Tool grouping/configuration	30.001/tool-group-state,29.009,30.004,30.008	Enumerated and assigned; see hunk-wbs.tsv; implementation and behavioral verification remain TODO
01.002/000408	DONE	app/core/gimptoolinfo.h	1	text	-22 -> 22	application-or-library	Tool grouping/configuration	30.001/tool-group-state,29.009,30.004,30.008	Enumerated and assigned; see hunk-wbs.tsv; implementation and behavioral verification remain TODO
01.002/000409	DONE	app/core/gimptoolinfo.h	2	text	-37 -> 37	application-or-library	Tool grouping/configuration	30.001/tool-group-state,29.009,30.004,30.008	Enumerated and assigned; see hunk-wbs.tsv; implementation and behavioral verification remain TODO
01.002/000410	DONE	app/core/gimptoolinfo.h	3	text	-54,0 -> 55	application-or-library	Tool grouping/configuration	30.001/tool-group-state,29.009,30.004,30.008	Enumerated and assigned; see hunk-wbs.tsv; implementation and behavioral verification remain TODO
01.002/000411	DONE	app/core/gimptoolinfo.h	4	text	-56,0 -> 58	application-or-library	Tool grouping/configuration	30.001/tool-group-state,29.009,30.004,30.008	Enumerated and assigned; see hunk-wbs.tsv; implementation and behavioral verification remain TODO
01.002/000412	DONE	app/core/gimptoolinfo.h	5	text	-63 -> 65	application-or-library	Tool grouping/configuration	30.001/tool-group-state,29.009,30.004,30.008	Enumerated and assigned; see hunk-wbs.tsv; implementation and behavioral verification remain TODO
01.002/000413	DONE	app/core/gimptoolinfo.h	6	text	-67 -> 69	application-or-library	Tool grouping/configuration	30.001/tool-group-state,29.009,30.004,30.008	Enumerated and assigned; see hunk-wbs.tsv; implementation and behavioral verification remain TODO
01.002/000414	DONE	app/core/gimptoolinfo.h	7	text	-69,13 -> 71,13	application-or-library	Tool grouping/configuration	30.001/tool-group-state,29.009,30.004,30.008	Enumerated and assigned; see hunk-wbs.tsv; implementation and behavioral verification remain TODO
01.002/000415	DONE	app/core/gimptoolinfo.h	8	text	-83,3 -> 85,3	application-or-library	Tool grouping/configuration	30.001/tool-group-state,29.009,30.004,30.008	Enumerated and assigned; see hunk-wbs.tsv; implementation and behavioral verification remain TODO
01.002/000416	DONE	app/core/gimptoolinfo.h	9	text	-88,2 -> 90,2	application-or-library	Tool grouping/configuration	30.001/tool-group-state,29.009,30.004,30.008	Enumerated and assigned; see hunk-wbs.tsv; implementation and behavioral verification remain TODO
01.002/000417	DONE	app/core/gimptoolitem.c	1	text	-0,0 -> 1,187	application-or-library	Tool grouping/configuration	30.001/tool-group-state,29.009,30.004,30.008	Enumerated and assigned; see hunk-wbs.tsv; implementation and behavioral verification remain TODO
01.002/000418	DONE	app/core/gimptoolitem.h	1	text	-0,0 -> 1,63	application-or-library	Tool grouping/configuration	30.001/tool-group-state,29.009,30.004,30.008	Enumerated and assigned; see hunk-wbs.tsv; implementation and behavioral verification remain TODO
01.002/000419	DONE	app/core/gimptooloptions.c	1	text	-308,2 -> 308	application-or-library	Persisted custom configuration	30.006,30.007,30.008,30.010,30.011	Enumerated and assigned; see hunk-wbs.tsv; implementation and behavioral verification remain TODO
01.002/000420	DONE	app/core/gimptooloptions.c	2	text	-320,4 -> 319,4	application-or-library	Persisted custom configuration	30.006,30.007,30.008,30.010,30.011	Enumerated and assigned; see hunk-wbs.tsv; implementation and behavioral verification remain TODO
01.002/000421	DONE	app/core/gimptooloptions.c	3	text	-342,2 -> 341	application-or-library	Persisted custom configuration	30.006,30.007,30.008,30.010,30.011	Enumerated and assigned; see hunk-wbs.tsv; implementation and behavioral verification remain TODO
01.002/000422	DONE	app/core/gimptooloptions.c	4	text	-349,3 -> 347,3	application-or-library	Persisted custom configuration	30.006,30.007,30.008,30.010,30.011	Enumerated and assigned; see hunk-wbs.tsv; implementation and behavioral verification remain TODO
01.002/000423	DONE	app/core/gimptooloptions.c	5	text	-363 -> 361	application-or-library	Persisted custom configuration	30.006,30.007,30.008,30.010,30.011	Enumerated and assigned; see hunk-wbs.tsv; implementation and behavioral verification remain TODO
01.002/000424	DONE	app/core/gimptooloptions.c	6	text	-368,2 -> 366,4	application-or-library	Persisted custom configuration	30.006,30.007,30.008,30.010,30.011	Enumerated and assigned; see hunk-wbs.tsv; implementation and behavioral verification remain TODO
01.002/000425	DONE	app/core/gimptooloptions.c	7	text	-371 -> 371	application-or-library	Tool-option deletion result	30.008/tool-options-delete-result	Enumerated and assigned; see hunk-wbs.tsv; implementation and behavioral verification remain TODO
01.002/000426	DONE	app/core/gimptooloptions.c	8	text	-373 -> 373,2	application-or-library	Persisted custom configuration	30.006,30.007,30.008,30.010,30.011	Enumerated and assigned; see hunk-wbs.tsv; implementation and behavioral verification remain TODO
01.002/000427	DONE	app/core/gimptooloptions.c	9	text	-375,2 -> 376,2	application-or-library	Persisted custom configuration	30.006,30.007,30.008,30.010,30.011	Enumerated and assigned; see hunk-wbs.tsv; implementation and behavioral verification remain TODO
01.002/000428	DONE	app/core/gimptooloptions.c	10	text	-381 -> 382	application-or-library	Persisted custom configuration	30.006,30.007,30.008,30.010,30.011	Enumerated and assigned; see hunk-wbs.tsv; implementation and behavioral verification remain TODO
01.002/000429	DONE	app/core/gimptooloptions.h	1	text	-63 -> 63,3	application-or-library	C/C++ header/type adapter	04.003,04.004,08.019	Enumerated and assigned; see hunk-wbs.tsv; implementation and behavioral verification remain TODO
01.002/000430	DONE	app/core/gimpviewable.c	1	text	-52,0 -> 53	application-or-library	Container names and hierarchy state	08.018/core-extension-hooks,30.001/tool-group-state	Enumerated and assigned; see hunk-wbs.tsv; implementation and behavioral verification remain TODO
01.002/000431	DONE	app/core/gimpviewable.c	2	text	-115,0 -> 117,2	application-or-library	Container names and hierarchy state	08.018/core-extension-hooks,30.001/tool-group-state	Enumerated and assigned; see hunk-wbs.tsv; implementation and behavioral verification remain TODO
01.002/000432	DONE	app/core/gimpviewable.c	3	text	-150,0 -> 154,9	application-or-library	Container names and hierarchy state	08.018/core-extension-hooks,30.001/tool-group-state	Enumerated and assigned; see hunk-wbs.tsv; implementation and behavioral verification remain TODO
01.002/000433	DONE	app/core/gimpviewable.c	4	text	-1171 -> 1183,4	application-or-library	Container names and hierarchy state	08.018/core-extension-hooks,30.001/tool-group-state	Enumerated and assigned; see hunk-wbs.tsv; implementation and behavioral verification remain TODO
01.002/000434	DONE	app/core/gimpviewable.c	5	text	-1221,0 -> 1237,6	application-or-library	Container names and hierarchy state	08.018/core-extension-hooks,30.001/tool-group-state	Enumerated and assigned; see hunk-wbs.tsv; implementation and behavioral verification remain TODO
01.002/000435	DONE	app/core/gimpviewable.h	1	text	-62,0 -> 63	application-or-library	Container names and hierarchy state	08.018/core-extension-hooks,30.001/tool-group-state	Enumerated and assigned; see hunk-wbs.tsv; implementation and behavioral verification remain TODO
01.002/000436	DONE	app/core/gimpviewable.h	2	text	-189 -> 190,6	application-or-library	C/C++ header/type adapter	04.003,04.004,08.019	Enumerated and assigned; see hunk-wbs.tsv; implementation and behavioral verification remain TODO
01.002/000437	DONE	app/core/mypaintbrush-brushsettings.c	1	text	-0,0 -> 1,528	application-or-library	Extended setting definitions and mapping values	04.013/brush-setting-generator,08.007/dict-owner,19.003,19.006/mapping-value-owner,20.001	Enumerated and assigned; see hunk-wbs.tsv; implementation and behavioral verification remain TODO
01.002/000438	DONE	app/core/mypaintbrush-brushsettings.h	1	text	-0,0 -> 1,104	application-or-library	Extended setting definitions and mapping values	04.013/brush-setting-generator,08.007/dict-owner,19.003,19.006/mapping-value-owner,20.001	Enumerated and assigned; see hunk-wbs.tsv; implementation and behavioral verification remain TODO
01.002/000439	DONE	app/core/mypaintbrush-enum-settings.h	1	text	-0,0 -> 1,115	application-or-library	Extended setting definitions and mapping values	04.013/brush-setting-generator,08.007/dict-owner,19.003,19.006/mapping-value-owner,20.001	Enumerated and assigned; see hunk-wbs.tsv; implementation and behavioral verification remain TODO
01.002/000440	DONE	app/core/mypaintbrush-mapping.hpp	1	text	-0,0 -> 1,176	application-or-library	Extended setting definitions and mapping values	04.013/brush-setting-generator,08.007/dict-owner,19.003,19.006/mapping-value-owner,20.001	Enumerated and assigned; see hunk-wbs.tsv; implementation and behavioral verification remain TODO
01.002/000441	DONE	app/dialogs/dialogs-constructors.c	1	text	-33,0 -> 34	application-or-library	Brush list, selection and resource actions	24.007,24.008,24.009,30.005	Enumerated and assigned; see hunk-wbs.tsv; implementation and behavioral verification remain TODO
01.002/000442	DONE	app/dialogs/dialogs-constructors.c	2	text	-62,0 -> 64	application-or-library	Extended brush editor controls	24.001,24.001/editor-context-contract,24.002,24.003,24.004,24.005,24.006,24.008,24.012,24.013,24.014,24.015,24.015/mypaint-editor-create,24.016	Enumerated and assigned; see hunk-wbs.tsv; implementation and behavioral verification remain TODO
01.002/000443	DONE	app/dialogs/dialogs-constructors.c	3	text	-420,0 -> 423,13	application-or-library	Brush list, selection and resource actions	24.007,24.008,24.009,30.005	Enumerated and assigned; see hunk-wbs.tsv; implementation and behavioral verification remain TODO
01.002/000444	DONE	app/dialogs/dialogs-constructors.c	4	text	-560,0 -> 576,13	application-or-library	Brush list, selection and resource actions	24.007,24.008,24.009,30.005	Enumerated and assigned; see hunk-wbs.tsv; implementation and behavioral verification remain TODO
01.002/000445	DONE	app/dialogs/dialogs-constructors.c	5	text	-777,0 -> 806,11	application-or-library	Extended brush editor controls	24.001,24.001/editor-context-contract,24.002,24.003,24.004,24.005,24.006,24.008,24.012,24.013,24.014,24.015,24.015/mypaint-editor-create,24.016	Enumerated and assigned; see hunk-wbs.tsv; implementation and behavioral verification remain TODO
01.002/000446	DONE	app/dialogs/dialogs-constructors.h	1	text	-153,0 -> 154,4	application-or-library	Brush/dialog menu registrations	30.001,30.005	Enumerated and assigned; see hunk-wbs.tsv; implementation and behavioral verification remain TODO
01.002/000447	DONE	app/dialogs/dialogs-constructors.h	2	text	-195,0 -> 200,4	application-or-library	Brush/dialog menu registrations	30.001,30.005	Enumerated and assigned; see hunk-wbs.tsv; implementation and behavioral verification remain TODO
01.002/000448	DONE	app/dialogs/dialogs-constructors.h	3	text	-275,0 -> 284,4	application-or-library	Brush/dialog menu registrations	30.001,30.005	Enumerated and assigned; see hunk-wbs.tsv; implementation and behavioral verification remain TODO
01.002/000449	DONE	app/dialogs/dialogs.c	1	text	-332,0 -> 333,2	application-or-library	Brush list, selection and resource actions	24.007,24.008,24.009,30.005	Enumerated and assigned; see hunk-wbs.tsv; implementation and behavioral verification remain TODO
01.002/000450	DONE	app/dialogs/dialogs.c	2	text	-406,0 -> 409,4	application-or-library	Extended brush editor controls	24.001,24.001/editor-context-contract,24.002,24.003,24.004,24.005,24.006,24.008,24.012,24.013,24.014,24.015,24.015/mypaint-editor-create,24.016	Enumerated and assigned; see hunk-wbs.tsv; implementation and behavioral verification remain TODO
01.002/000451	DONE	app/dialogs/preferences-dialog.c	1	text	-35,0 -> 36	application-or-library	Persisted custom configuration	30.006,30.007,30.008,30.010,30.011	Enumerated and assigned; see hunk-wbs.tsv; implementation and behavioral verification remain TODO
01.002/000452	DONE	app/dialogs/preferences-dialog.c	2	text	-2022,2 -> 2023	application-or-library	Persisted custom configuration	30.006,30.007,30.008,30.010,30.011	Enumerated and assigned; see hunk-wbs.tsv; implementation and behavioral verification remain TODO
01.002/000453	DONE	app/dialogs/preferences-dialog.c	3	text	-2834 -> 2834,5	application-or-library	Persisted custom configuration	30.006,30.007,30.008,30.010,30.011	Enumerated and assigned; see hunk-wbs.tsv; implementation and behavioral verification remain TODO
01.002/000454	DONE	app/dialogs/preferences-dialog.c	4	text	-2858,0 -> 2863,28	application-or-library	Persisted custom configuration	30.006,30.007,30.008,30.010,30.011	Enumerated and assigned; see hunk-wbs.tsv; implementation and behavioral verification remain TODO
01.002/000455	DONE	app/display/Makefile.am	1	text	-56,0 -> 57,2	application-or-library	C/C++ module and link integration	04.002,04.008,04.009	Enumerated and assigned; see hunk-wbs.tsv; implementation and behavioral verification remain TODO
01.002/000456	DONE	app/display/Makefile.am	2	text	-114,0 -> 117,2	application-or-library	C/C++ module and link integration	04.002,04.008,04.009	Enumerated and assigned; see hunk-wbs.tsv; implementation and behavioral verification remain TODO
01.002/000457	DONE	app/display/Makefile.am	3	text	-150 -> 154,3	application-or-library	Reviewed Makefile c-feature-registration	25.001	Enumerated and assigned; see hunk-wbs.tsv; implementation and behavioral verification remain TODO
01.002/000458	DONE	app/display/gimpcanvasarc.c	1	text	-24,0 -> 25	application-or-library	Canvas transform and clipping support	25.009,26.005,29.017	Enumerated and assigned; see hunk-wbs.tsv; implementation and behavioral verification remain TODO
01.002/000459	DONE	app/display/gimpcanvasarc.c	2	text	-236,0 -> 238,2	application-or-library	Canvas transform and clipping support	25.009,26.005,29.017	Enumerated and assigned; see hunk-wbs.tsv; implementation and behavioral verification remain TODO
01.002/000460	DONE	app/display/gimpcanvasarc.c	3	text	-244 -> 247	application-or-library	Canvas transform and clipping support	25.009,26.005,29.017	Enumerated and assigned; see hunk-wbs.tsv; implementation and behavioral verification remain TODO
01.002/000461	DONE	app/display/gimpcanvasarc.c	4	text	-245,0 -> 249,8	application-or-library	Canvas transform and clipping support	25.009,26.005,29.017	Enumerated and assigned; see hunk-wbs.tsv; implementation and behavioral verification remain TODO
01.002/000462	DONE	app/display/gimpcanvasarc.c	5	text	-247,7 -> 258,2	application-or-library	Canvas transform and clipping support	25.009,26.005,29.017	Enumerated and assigned; see hunk-wbs.tsv; implementation and behavioral verification remain TODO
01.002/000463	DONE	app/display/gimpcanvasarc.c	6	text	-255,2 -> 261,2	application-or-library	Canvas transform and clipping support	25.009,26.005,29.017	Enumerated and assigned; see hunk-wbs.tsv; implementation and behavioral verification remain TODO
01.002/000464	DONE	app/display/gimpcanvasarc.c	7	text	-279,0 -> 286,2	application-or-library	Canvas transform and clipping support	25.009,26.005,29.017	Enumerated and assigned; see hunk-wbs.tsv; implementation and behavioral verification remain TODO
01.002/000465	DONE	app/display/gimpcanvasarc.c	8	text	-298,2 -> 306	application-or-library	Canvas transform and clipping support	25.009,26.005,29.017	Enumerated and assigned; see hunk-wbs.tsv; implementation and behavioral verification remain TODO
01.002/000466	DONE	app/display/gimpcanvasarc.c	9	text	-301,8 -> 308,20	application-or-library	Canvas transform and clipping support	25.009,26.005,29.017	Enumerated and assigned; see hunk-wbs.tsv; implementation and behavioral verification remain TODO
01.002/000467	DONE	app/display/gimpcanvasarc.c	10	text	-313,2 -> 332,2	application-or-library	Canvas transform and clipping support	25.009,26.005,29.017	Enumerated and assigned; see hunk-wbs.tsv; implementation and behavioral verification remain TODO
01.002/000468	DONE	app/display/gimpcanvasarc.c	11	text	-316,7 -> 335,23	application-or-library	Canvas transform and clipping support	25.009,26.005,29.017	Enumerated and assigned; see hunk-wbs.tsv; implementation and behavioral verification remain TODO
01.002/000469	DONE	app/display/gimpcanvascorner.c	1	text	-24,0 -> 25	application-or-library	Canvas transform and clipping support	25.009,26.005,29.017	Enumerated and assigned; see hunk-wbs.tsv; implementation and behavioral verification remain TODO
01.002/000470	DONE	app/display/gimpcanvascorner.c	2	text	-243,4 -> 244,4	application-or-library	Canvas transform and clipping support	25.009,26.005,29.017	Enumerated and assigned; see hunk-wbs.tsv; implementation and behavioral verification remain TODO
01.002/000471	DONE	app/display/gimpcanvascorner.c	3	text	-249,5 -> 250,6	application-or-library	Canvas transform and clipping support	25.009,26.005,29.017	Enumerated and assigned; see hunk-wbs.tsv; implementation and behavioral verification remain TODO
01.002/000472	DONE	app/display/gimpcanvascorner.c	4	text	-259 -> 261	application-or-library	Canvas transform and clipping support	25.009,26.005,29.017	Enumerated and assigned; see hunk-wbs.tsv; implementation and behavioral verification remain TODO
01.002/000473	DONE	app/display/gimpcanvascorner.c	5	text	-262,0 -> 265,6	application-or-library	Canvas transform and clipping support	25.009,26.005,29.017	Enumerated and assigned; see hunk-wbs.tsv; implementation and behavioral verification remain TODO
01.002/000474	DONE	app/display/gimpcanvascorner.c	6	text	-265,15 -> 273,25	application-or-library	Canvas transform and clipping support	25.009,26.005,29.017	Enumerated and assigned; see hunk-wbs.tsv; implementation and behavioral verification remain TODO
01.002/000475	DONE	app/display/gimpcanvascorner.c	7	text	-289,2 -> 307,6	application-or-library	Canvas transform and clipping support	25.009,26.005,29.017	Enumerated and assigned; see hunk-wbs.tsv; implementation and behavioral verification remain TODO
01.002/000476	DONE	app/display/gimpcanvascorner.c	8	text	-294,2 -> 316,2	application-or-library	Canvas transform and clipping support	25.009,26.005,29.017	Enumerated and assigned; see hunk-wbs.tsv; implementation and behavioral verification remain TODO
01.002/000477	DONE	app/display/gimpcanvascorner.c	9	text	-296,0 -> 319,6	application-or-library	Canvas transform and clipping support	25.009,26.005,29.017	Enumerated and assigned; see hunk-wbs.tsv; implementation and behavioral verification remain TODO
01.002/000478	DONE	app/display/gimpcanvascorner.c	10	text	-302,2 -> 330,2	application-or-library	Canvas transform and clipping support	25.009,26.005,29.017	Enumerated and assigned; see hunk-wbs.tsv; implementation and behavioral verification remain TODO
01.002/000479	DONE	app/display/gimpcanvascorner.c	11	text	-307,2 -> 335,4	application-or-library	Canvas transform and clipping support	25.009,26.005,29.017	Enumerated and assigned; see hunk-wbs.tsv; implementation and behavioral verification remain TODO
01.002/000480	DONE	app/display/gimpcanvascorner.c	12	text	-309,0 -> 340,6	application-or-library	Canvas transform and clipping support	25.009,26.005,29.017	Enumerated and assigned; see hunk-wbs.tsv; implementation and behavioral verification remain TODO
01.002/000481	DONE	app/display/gimpcanvascorner.c	13	text	-315,2 -> 351,4	application-or-library	Canvas transform and clipping support	25.009,26.005,29.017	Enumerated and assigned; see hunk-wbs.tsv; implementation and behavioral verification remain TODO
01.002/000482	DONE	app/display/gimpcanvascorner.c	14	text	-320,2 -> 358,4	application-or-library	Canvas transform and clipping support	25.009,26.005,29.017	Enumerated and assigned; see hunk-wbs.tsv; implementation and behavioral verification remain TODO
01.002/000483	DONE	app/display/gimpcanvascorner.c	15	text	-322,0 -> 363,6	application-or-library	Canvas transform and clipping support	25.009,26.005,29.017	Enumerated and assigned; see hunk-wbs.tsv; implementation and behavioral verification remain TODO
01.002/000484	DONE	app/display/gimpcanvascorner.c	16	text	-328,2 -> 374,2	application-or-library	Canvas transform and clipping support	25.009,26.005,29.017	Enumerated and assigned; see hunk-wbs.tsv; implementation and behavioral verification remain TODO
01.002/000485	DONE	app/display/gimpcanvascorner.c	17	text	-333,2 -> 379,6	application-or-library	Canvas transform and clipping support	25.009,26.005,29.017	Enumerated and assigned; see hunk-wbs.tsv; implementation and behavioral verification remain TODO
01.002/000486	DONE	app/display/gimpcanvascorner.c	18	text	-335,0 -> 386,6	application-or-library	Canvas transform and clipping support	25.009,26.005,29.017	Enumerated and assigned; see hunk-wbs.tsv; implementation and behavioral verification remain TODO
01.002/000487	DONE	app/display/gimpcanvascorner.c	19	text	-341,3 -> 397,8	application-or-library	Canvas transform and clipping support	25.009,26.005,29.017	Enumerated and assigned; see hunk-wbs.tsv; implementation and behavioral verification remain TODO
01.002/000488	DONE	app/display/gimpcanvascorner.c	20	text	-347,2 -> 408,8	application-or-library	Canvas transform and clipping support	25.009,26.005,29.017	Enumerated and assigned; see hunk-wbs.tsv; implementation and behavioral verification remain TODO
01.002/000489	DONE	app/display/gimpcanvascorner.c	21	text	-355,3 -> 422,8	application-or-library	Canvas transform and clipping support	25.009,26.005,29.017	Enumerated and assigned; see hunk-wbs.tsv; implementation and behavioral verification remain TODO
01.002/000490	DONE	app/display/gimpcanvascorner.c	22	text	-361,2 -> 433,12	application-or-library	Canvas transform and clipping support	25.009,26.005,29.017	Enumerated and assigned; see hunk-wbs.tsv; implementation and behavioral verification remain TODO
01.002/000491	DONE	app/display/gimpcanvascorner.c	23	text	-369,3 -> 451,8	application-or-library	Canvas transform and clipping support	25.009,26.005,29.017	Enumerated and assigned; see hunk-wbs.tsv; implementation and behavioral verification remain TODO
01.002/000492	DONE	app/display/gimpcanvascorner.c	24	text	-375,2 -> 462,8	application-or-library	Canvas transform and clipping support	25.009,26.005,29.017	Enumerated and assigned; see hunk-wbs.tsv; implementation and behavioral verification remain TODO
01.002/000493	DONE	app/display/gimpcanvascorner.c	25	text	-383,3 -> 476,8	application-or-library	Canvas transform and clipping support	25.009,26.005,29.017	Enumerated and assigned; see hunk-wbs.tsv; implementation and behavioral verification remain TODO
01.002/000494	DONE	app/display/gimpcanvascorner.c	26	text	-389,2 -> 487,12	application-or-library	Canvas transform and clipping support	25.009,26.005,29.017	Enumerated and assigned; see hunk-wbs.tsv; implementation and behavioral verification remain TODO
01.002/000495	DONE	app/display/gimpcanvascorner.c	27	text	-401,4 -> 509	application-or-library	Canvas transform and clipping support	25.009,26.005,29.017	Enumerated and assigned; see hunk-wbs.tsv; implementation and behavioral verification remain TODO
01.002/000496	DONE	app/display/gimpcanvascorner.c	28	text	-406 -> 511	application-or-library	Canvas transform and clipping support	25.009,26.005,29.017	Enumerated and assigned; see hunk-wbs.tsv; implementation and behavioral verification remain TODO
01.002/000497	DONE	app/display/gimpcanvascorner.c	29	text	-407,0 -> 513,5	application-or-library	Canvas transform and clipping support	25.009,26.005,29.017	Enumerated and assigned; see hunk-wbs.tsv; implementation and behavioral verification remain TODO
01.002/000498	DONE	app/display/gimpcanvascorner.c	30	text	-416,2 -> 526	application-or-library	Canvas transform and clipping support	25.009,26.005,29.017	Enumerated and assigned; see hunk-wbs.tsv; implementation and behavioral verification remain TODO
01.002/000499	DONE	app/display/gimpcanvascorner.c	31	text	-419 -> 528	application-or-library	Canvas transform and clipping support	25.009,26.005,29.017	Enumerated and assigned; see hunk-wbs.tsv; implementation and behavioral verification remain TODO
01.002/000500	DONE	app/display/gimpcanvascorner.c	32	text	-421,4 -> 530,4	application-or-library	Canvas transform and clipping support	25.009,26.005,29.017	Enumerated and assigned; see hunk-wbs.tsv; implementation and behavioral verification remain TODO
01.002/000501	DONE	app/display/gimpcanvasgrid.c	1	text	-203,0 -> 204	application-or-library	Canvas transform and clipping support	25.009,26.005,29.017	Enumerated and assigned; see hunk-wbs.tsv; implementation and behavioral verification remain TODO
01.002/000502	DONE	app/display/gimpcanvasgrid.c	2	text	-241,0 -> 243	application-or-library	Canvas transform and clipping support	25.009,26.005,29.017	Enumerated and assigned; see hunk-wbs.tsv; implementation and behavioral verification remain TODO
01.002/000503	DONE	app/display/gimpcanvasgrid.c	3	text	-244 -> 246	application-or-library	Canvas transform and clipping support	25.009,26.005,29.017	Enumerated and assigned; see hunk-wbs.tsv; implementation and behavioral verification remain TODO
01.002/000504	DONE	app/display/gimpcanvasgrid.c	4	text	-246,2 -> 248,3	application-or-library	Canvas transform and clipping support	25.009,26.005,29.017	Enumerated and assigned; see hunk-wbs.tsv; implementation and behavioral verification remain TODO
01.002/000505	DONE	app/display/gimpcanvasgrid.c	5	text	-249 -> 252	application-or-library	Canvas transform and clipping support	25.009,26.005,29.017	Enumerated and assigned; see hunk-wbs.tsv; implementation and behavioral verification remain TODO
01.002/000506	DONE	app/display/gimpcanvasgrid.c	6	text	-251,0 -> 255	application-or-library	Canvas transform and clipping support	25.009,26.005,29.017	Enumerated and assigned; see hunk-wbs.tsv; implementation and behavioral verification remain TODO
01.002/000507	DONE	app/display/gimpcanvasgrid.c	7	text	-254 -> 258	application-or-library	Canvas transform and clipping support	25.009,26.005,29.017	Enumerated and assigned; see hunk-wbs.tsv; implementation and behavioral verification remain TODO
01.002/000508	DONE	app/display/gimpcanvasgrid.c	8	text	-257 -> 261,3	application-or-library	Canvas transform and clipping support	25.009,26.005,29.017	Enumerated and assigned; see hunk-wbs.tsv; implementation and behavioral verification remain TODO
01.002/000509	DONE	app/display/gimpcanvasgrid.c	9	text	-272,0 -> 279	application-or-library	Canvas transform and clipping support	25.009,26.005,29.017	Enumerated and assigned; see hunk-wbs.tsv; implementation and behavioral verification remain TODO
01.002/000510	DONE	app/display/gimpcanvasgrid.c	10	text	-321,0 -> 329	application-or-library	Canvas transform and clipping support	25.009,26.005,29.017	Enumerated and assigned; see hunk-wbs.tsv; implementation and behavioral verification remain TODO
01.002/000511	DONE	app/display/gimpcanvasgrid.c	11	text	-324 -> 332	application-or-library	Canvas transform and clipping support	25.009,26.005,29.017	Enumerated and assigned; see hunk-wbs.tsv; implementation and behavioral verification remain TODO
01.002/000512	DONE	app/display/gimpcanvasgrid.c	12	text	-326,2 -> 334,4	application-or-library	Canvas transform and clipping support	25.009,26.005,29.017	Enumerated and assigned; see hunk-wbs.tsv; implementation and behavioral verification remain TODO
01.002/000513	DONE	app/display/gimpcanvasgrid.c	13	text	-329,2 -> 339,2	application-or-library	Canvas transform and clipping support	25.009,26.005,29.017	Enumerated and assigned; see hunk-wbs.tsv; implementation and behavioral verification remain TODO
01.002/000514	DONE	app/display/gimpcanvasgrid.c	14	text	-335,0 -> 346	application-or-library	Canvas transform and clipping support	25.009,26.005,29.017	Enumerated and assigned; see hunk-wbs.tsv; implementation and behavioral verification remain TODO
01.002/000515	DONE	app/display/gimpcanvasgrid.c	15	text	-338 -> 349	application-or-library	Canvas transform and clipping support	25.009,26.005,29.017	Enumerated and assigned; see hunk-wbs.tsv; implementation and behavioral verification remain TODO
01.002/000516	DONE	app/display/gimpcanvasgrid.c	16	text	-339,0 -> 351	application-or-library	Canvas transform and clipping support	25.009,26.005,29.017	Enumerated and assigned; see hunk-wbs.tsv; implementation and behavioral verification remain TODO
01.002/000517	DONE	app/display/gimpcanvasgrid.c	17	text	-341 -> 353,3	application-or-library	Canvas transform and clipping support	25.009,26.005,29.017	Enumerated and assigned; see hunk-wbs.tsv; implementation and behavioral verification remain TODO
01.002/000518	DONE	app/display/gimpcanvasgrid.c	18	text	-343,2 -> 357,2	application-or-library	Canvas transform and clipping support	25.009,26.005,29.017	Enumerated and assigned; see hunk-wbs.tsv; implementation and behavioral verification remain TODO
01.002/000519	DONE	app/display/gimpcanvasgrid.c	19	text	-360,0 -> 375,2	application-or-library	Canvas transform and clipping support	25.009,26.005,29.017	Enumerated and assigned; see hunk-wbs.tsv; implementation and behavioral verification remain TODO
01.002/000520	DONE	app/display/gimpcanvasgrid.c	20	text	-370,0 -> 387,2	application-or-library	Canvas transform and clipping support	25.009,26.005,29.017	Enumerated and assigned; see hunk-wbs.tsv; implementation and behavioral verification remain TODO
01.002/000521	DONE	app/display/gimpcanvasgrid.c	21	text	-372,4 -> 390,4	application-or-library	Canvas transform and clipping support	25.009,26.005,29.017	Enumerated and assigned; see hunk-wbs.tsv; implementation and behavioral verification remain TODO
01.002/000522	DONE	app/display/gimpcanvasguide.c	1	text	-187 -> 186,0	application-or-library	Canvas transform and clipping support	25.009,26.005,29.017	Enumerated and assigned; see hunk-wbs.tsv; implementation and behavioral verification remain TODO
01.002/000523	DONE	app/display/gimpcanvasguide.c	2	text	-199,2 -> 198,18	application-or-library	Canvas transform and clipping support	25.009,26.005,29.017	Enumerated and assigned; see hunk-wbs.tsv; implementation and behavioral verification remain TODO
01.002/000524	DONE	app/display/gimpcanvasguide.c	3	text	-204,2 -> 219,18	application-or-library	Canvas transform and clipping support	25.009,26.005,29.017	Enumerated and assigned; see hunk-wbs.tsv; implementation and behavioral verification remain TODO
01.002/000525	DONE	app/display/gimpcanvashandle.c	1	text	-319,0 -> 320,3	application-or-library	Canvas transform and clipping support	25.009,26.005,29.017	Enumerated and assigned; see hunk-wbs.tsv; implementation and behavioral verification remain TODO
01.002/000526	DONE	app/display/gimpcanvashandle.c	2	text	-321 -> 324	application-or-library	Canvas transform and clipping support	25.009,26.005,29.017	Enumerated and assigned; see hunk-wbs.tsv; implementation and behavioral verification remain TODO
01.002/000527	DONE	app/display/gimpcanvashandle.c	3	text	-326 -> 329	application-or-library	Canvas transform and clipping support	25.009,26.005,29.017	Enumerated and assigned; see hunk-wbs.tsv; implementation and behavioral verification remain TODO
01.002/000528	DONE	app/display/gimpcanvasitem.h	1	text	-112,0 -> 113,3	application-or-library	C/C++ header/type adapter	04.003,04.004,08.019	Enumerated and assigned; see hunk-wbs.tsv; implementation and behavioral verification remain TODO
01.002/000529	DONE	app/display/gimpcanvaspath.c	1	text	-37,0 -> 38	application-or-library	Canvas transform and clipping support	25.009,26.005,29.017	Enumerated and assigned; see hunk-wbs.tsv; implementation and behavioral verification remain TODO
01.002/000530	DONE	app/display/gimpcanvaspath.c	2	text	-234,0 -> 236	application-or-library	Canvas transform and clipping support	25.009,26.005,29.017	Enumerated and assigned; see hunk-wbs.tsv; implementation and behavioral verification remain TODO
01.002/000531	DONE	app/display/gimpcanvaspath.c	3	text	-263,0 -> 266	application-or-library	Canvas transform and clipping support	25.009,26.005,29.017	Enumerated and assigned; see hunk-wbs.tsv; implementation and behavioral verification remain TODO
01.002/000532	DONE	app/display/gimpcanvasperspectiveguide.cpp	1	text	-0,0 -> 1,305	application-or-library	Perspective guide display and transforms	26.005,26.006,29.017	Enumerated and assigned; see hunk-wbs.tsv; implementation and behavioral verification remain TODO
01.002/000533	DONE	app/display/gimpcanvasperspectiveguide.h	1	text	-0,0 -> 1,81	application-or-library	Perspective guide display and transforms	26.005,26.006,29.017	Enumerated and assigned; see hunk-wbs.tsv; implementation and behavioral verification remain TODO
01.002/000534	DONE	app/display/gimpcanvasrectangle.c	1	text	-33,0 -> 34	application-or-library	Canvas transform and clipping support	25.009,26.005,29.017	Enumerated and assigned; see hunk-wbs.tsv; implementation and behavioral verification remain TODO
01.002/000535	DONE	app/display/gimpcanvasrectangle.c	2	text	-203,4 -> 204,8	application-or-library	Canvas transform and clipping support	25.009,26.005,29.017	Enumerated and assigned; see hunk-wbs.tsv; implementation and behavioral verification remain TODO
01.002/000536	DONE	app/display/gimpcanvasrectangle.c	3	text	-209,2 -> 213,0	application-or-library	Canvas transform and clipping support	25.009,26.005,29.017	Enumerated and assigned; see hunk-wbs.tsv; implementation and behavioral verification remain TODO
01.002/000537	DONE	app/display/gimpcanvasrectangle.c	4	text	-217 -> 220	application-or-library	Canvas transform and clipping support	25.009,26.005,29.017	Enumerated and assigned; see hunk-wbs.tsv; implementation and behavioral verification remain TODO
01.002/000538	DONE	app/display/gimpcanvasrectangle.c	5	text	-220,0 -> 224,6	application-or-library	Canvas transform and clipping support	25.009,26.005,29.017	Enumerated and assigned; see hunk-wbs.tsv; implementation and behavioral verification remain TODO
01.002/000539	DONE	app/display/gimpcanvasrectangle.c	6	text	-223 -> 232,7	application-or-library	Canvas transform and clipping support	25.009,26.005,29.017	Enumerated and assigned; see hunk-wbs.tsv; implementation and behavioral verification remain TODO
01.002/000540	DONE	app/display/gimpcanvasrectangle.c	7	text	-225,4 -> 240,5	application-or-library	Canvas transform and clipping support	25.009,26.005,29.017	Enumerated and assigned; see hunk-wbs.tsv; implementation and behavioral verification remain TODO
01.002/000541	DONE	app/display/gimpcanvasrectangle.c	8	text	-246,0 -> 263	application-or-library	Canvas transform and clipping support	25.009,26.005,29.017	Enumerated and assigned; see hunk-wbs.tsv; implementation and behavioral verification remain TODO
01.002/000542	DONE	app/display/gimpcanvasrectangle.c	9	text	-255,2 -> 272,6	application-or-library	Canvas transform and clipping support	25.009,26.005,29.017	Enumerated and assigned; see hunk-wbs.tsv; implementation and behavioral verification remain TODO
01.002/000543	DONE	app/display/gimpcanvasrectangle.c	10	text	-258 -> 279,2	application-or-library	Canvas transform and clipping support	25.009,26.005,29.017	Enumerated and assigned; see hunk-wbs.tsv; implementation and behavioral verification remain TODO
01.002/000544	DONE	app/display/gimpcanvasrectangle.c	11	text	-260 -> 282,5	application-or-library	Canvas transform and clipping support	25.009,26.005,29.017	Enumerated and assigned; see hunk-wbs.tsv; implementation and behavioral verification remain TODO
01.002/000545	DONE	app/display/gimpcanvasrectangle.c	12	text	-275,0 -> 302	application-or-library	Canvas transform and clipping support	25.009,26.005,29.017	Enumerated and assigned; see hunk-wbs.tsv; implementation and behavioral verification remain TODO
01.002/000546	DONE	app/display/gimpcanvasrectangle.c	13	text	-277 -> 304,6	application-or-library	Canvas transform and clipping support	25.009,26.005,29.017	Enumerated and assigned; see hunk-wbs.tsv; implementation and behavioral verification remain TODO
01.002/000547	DONE	app/display/gimpcanvasrectangle.c	14	text	-281,4 -> 313,4	application-or-library	Canvas transform and clipping support	25.009,26.005,29.017	Enumerated and assigned; see hunk-wbs.tsv; implementation and behavioral verification remain TODO
01.002/000548	DONE	app/display/gimpcanvasrectangle.c	15	text	-293,4 -> 325,4	application-or-library	Canvas transform and clipping support	25.009,26.005,29.017	Enumerated and assigned; see hunk-wbs.tsv; implementation and behavioral verification remain TODO
01.002/000549	DONE	app/display/gimpcanvasrectangle.c	16	text	-301 -> 333,4	application-or-library	Canvas transform and clipping support	25.009,26.005,29.017	Enumerated and assigned; see hunk-wbs.tsv; implementation and behavioral verification remain TODO
01.002/000550	DONE	app/display/gimpcanvasrectangle.c	17	text	-306,4 -> 341,4	application-or-library	Canvas transform and clipping support	25.009,26.005,29.017	Enumerated and assigned; see hunk-wbs.tsv; implementation and behavioral verification remain TODO
01.002/000551	DONE	app/display/gimpcanvasrectangle.c	18	text	-314 -> 349,4	application-or-library	Canvas transform and clipping support	25.009,26.005,29.017	Enumerated and assigned; see hunk-wbs.tsv; implementation and behavioral verification remain TODO
01.002/000552	DONE	app/display/gimpcanvasrectangle.c	19	text	-322,4 -> 360,4	application-or-library	Canvas transform and clipping support	25.009,26.005,29.017	Enumerated and assigned; see hunk-wbs.tsv; implementation and behavioral verification remain TODO
01.002/000553	DONE	app/display/gimpcanvasrectangleguides.c	1	text	-223 -> 223,5	application-or-library	Canvas transform and clipping support	25.009,26.005,29.017	Enumerated and assigned; see hunk-wbs.tsv; implementation and behavioral verification remain TODO
01.002/000554	DONE	app/display/gimpcanvasrectangleguides.c	2	text	-236 -> 240	application-or-library	Canvas transform and clipping support	25.009,26.005,29.017	Enumerated and assigned; see hunk-wbs.tsv; implementation and behavioral verification remain TODO
01.002/000555	DONE	app/display/gimpcanvasrectangleguides.c	3	text	-238,0 -> 243,12	application-or-library	Canvas transform and clipping support	25.009,26.005,29.017	Enumerated and assigned; see hunk-wbs.tsv; implementation and behavioral verification remain TODO
01.002/000556	DONE	app/display/gimpcanvasrectangleguides.c	4	text	-239,0 -> 256	application-or-library	Canvas transform and clipping support	25.009,26.005,29.017	Enumerated and assigned; see hunk-wbs.tsv; implementation and behavioral verification remain TODO
01.002/000557	DONE	app/display/gimpcanvasrectangleguides.c	5	text	-246,0 -> 264	application-or-library	Canvas transform and clipping support	25.009,26.005,29.017	Enumerated and assigned; see hunk-wbs.tsv; implementation and behavioral verification remain TODO
01.002/000558	DONE	app/display/gimpcanvasrectangleguides.c	6	text	-251,3 -> 269,5	application-or-library	Canvas transform and clipping support	25.009,26.005,29.017	Enumerated and assigned; see hunk-wbs.tsv; implementation and behavioral verification remain TODO
01.002/000559	DONE	app/display/gimpcanvasrectangleguides.c	7	text	-255,4 -> 275,14	application-or-library	Canvas transform and clipping support	25.009,26.005,29.017	Enumerated and assigned; see hunk-wbs.tsv; implementation and behavioral verification remain TODO
01.002/000560	DONE	app/display/gimpcanvasrectangleguides.c	8	text	-263,3 -> 293,5	application-or-library	Canvas transform and clipping support	25.009,26.005,29.017	Enumerated and assigned; see hunk-wbs.tsv; implementation and behavioral verification remain TODO
01.002/000561	DONE	app/display/gimpcanvasrectangleguides.c	9	text	-267,4 -> 299,14	application-or-library	Canvas transform and clipping support	25.009,26.005,29.017	Enumerated and assigned; see hunk-wbs.tsv; implementation and behavioral verification remain TODO
01.002/000562	DONE	app/display/gimpcanvasrectangleguides.c	10	text	-280,0 -> 323,2	application-or-library	Canvas transform and clipping support	25.009,26.005,29.017	Enumerated and assigned; see hunk-wbs.tsv; implementation and behavioral verification remain TODO
01.002/000563	DONE	app/display/gimpcanvasrectangleguides.c	11	text	-283 -> 327,3	application-or-library	Canvas transform and clipping support	25.009,26.005,29.017	Enumerated and assigned; see hunk-wbs.tsv; implementation and behavioral verification remain TODO
01.002/000564	DONE	app/display/gimpcanvasrectangleguides.c	12	text	-291,2 -> 337,2	application-or-library	Canvas transform and clipping support	25.009,26.005,29.017	Enumerated and assigned; see hunk-wbs.tsv; implementation and behavioral verification remain TODO
01.002/000565	DONE	app/display/gimpcanvasrectangleguides.c	13	text	-296,2 -> 342,2	application-or-library	Canvas transform and clipping support	25.009,26.005,29.017	Enumerated and assigned; see hunk-wbs.tsv; implementation and behavioral verification remain TODO
01.002/000566	DONE	app/display/gimpcanvasrectangleguides.c	14	text	-299,2 -> 345,2	application-or-library	Canvas transform and clipping support	25.009,26.005,29.017	Enumerated and assigned; see hunk-wbs.tsv; implementation and behavioral verification remain TODO
01.002/000567	DONE	app/display/gimpcanvasrectangleguides.c	15	text	-306,2 -> 352,2	application-or-library	Canvas transform and clipping support	25.009,26.005,29.017	Enumerated and assigned; see hunk-wbs.tsv; implementation and behavioral verification remain TODO
01.002/000568	DONE	app/display/gimpcanvasrectangleguides.c	16	text	-312,2 -> 358,2	application-or-library	Canvas transform and clipping support	25.009,26.005,29.017	Enumerated and assigned; see hunk-wbs.tsv; implementation and behavioral verification remain TODO
01.002/000569	DONE	app/display/gimpcanvasrectangleguides.c	17	text	-315,2 -> 361,2	application-or-library	Canvas transform and clipping support	25.009,26.005,29.017	Enumerated and assigned; see hunk-wbs.tsv; implementation and behavioral verification remain TODO
01.002/000570	DONE	app/display/gimpcanvasrectangleguides.c	18	text	-350,2 -> 396,2	application-or-library	Canvas transform and clipping support	25.009,26.005,29.017	Enumerated and assigned; see hunk-wbs.tsv; implementation and behavioral verification remain TODO
01.002/000571	DONE	app/display/gimpcanvasrectangleguides.c	19	text	-372,0 -> 419,2	application-or-library	Canvas transform and clipping support	25.009,26.005,29.017	Enumerated and assigned; see hunk-wbs.tsv; implementation and behavioral verification remain TODO
01.002/000572	DONE	app/display/gimpcanvasrectangleguides.c	20	text	-374 -> 422,2	application-or-library	Canvas transform and clipping support	25.009,26.005,29.017	Enumerated and assigned; see hunk-wbs.tsv; implementation and behavioral verification remain TODO
01.002/000573	DONE	app/display/gimpcanvasrectangleguides.c	21	text	-376,4 -> 425,4	application-or-library	Canvas transform and clipping support	25.009,26.005,29.017	Enumerated and assigned; see hunk-wbs.tsv; implementation and behavioral verification remain TODO
01.002/000574	DONE	app/display/gimpdisplay.c	1	text	-48,0 -> 49	application-or-library	Dock/window layout and restoration	29.011,29.016,30.005,30.005/shell-reparent-ref,30.016	Enumerated and assigned; see hunk-wbs.tsv; implementation and behavioral verification remain TODO
01.002/000575	DONE	app/display/gimpdisplay.c	2	text	-402,0 -> 404	application-or-library	Dock/window layout and restoration	29.011,29.016,30.005,30.005/shell-reparent-ref,30.016	Enumerated and assigned; see hunk-wbs.tsv; implementation and behavioral verification remain TODO
01.002/000576	DONE	app/display/gimpdisplay.c	3	text	-469,0 -> 472,2	application-or-library	Dock/window layout and restoration	29.011,29.016,30.005,30.005/shell-reparent-ref,30.016	Enumerated and assigned; see hunk-wbs.tsv; implementation and behavioral verification remain TODO
01.002/000577	DONE	app/display/gimpdisplay.c	4	text	-528,0 -> 533	application-or-library	Dock/window layout and restoration	29.011,29.016,30.005,30.005/shell-reparent-ref,30.016	Enumerated and assigned; see hunk-wbs.tsv; implementation and behavioral verification remain TODO
01.002/000578	DONE	app/display/gimpdisplay.c	5	text	-552 -> 557	application-or-library	Dock/window layout and restoration	29.011,29.016,30.005,30.005/shell-reparent-ref,30.016	Enumerated and assigned; see hunk-wbs.tsv; implementation and behavioral verification remain TODO
01.002/000579	DONE	app/display/gimpdisplay.c	6	text	-882,0 -> 888,9	application-or-library	Dock/window layout and restoration	29.011,29.016,30.005,30.005/shell-reparent-ref,30.016	Enumerated and assigned; see hunk-wbs.tsv; implementation and behavioral verification remain TODO
01.002/000580	DONE	app/display/gimpdisplay.c	7	text	-886,0 -> 901	application-or-library	Dock/window layout and restoration	29.011,29.016,30.005,30.005/shell-reparent-ref,30.016	Enumerated and assigned; see hunk-wbs.tsv; implementation and behavioral verification remain TODO
01.002/000581	DONE	app/display/gimpdisplay.c	8	text	-888,3 -> 902,0	application-or-library	Dock/window layout and restoration	29.011,29.016,30.005,30.005/shell-reparent-ref,30.016	Enumerated and assigned; see hunk-wbs.tsv; implementation and behavioral verification remain TODO
01.002/000582	DONE	app/display/gimpdisplay.c	9	text	-901,0 -> 914	application-or-library	Dock/window layout and restoration	29.011,29.016,30.005,30.005/shell-reparent-ref,30.016	Enumerated and assigned; see hunk-wbs.tsv; implementation and behavioral verification remain TODO
01.002/000583	DONE	app/display/gimpdisplayshell-callbacks.c	1	text	-71 -> 70,0	application-or-library	Canvas overlay placement and interaction	29.001,29.007,29.008,29.010,29.011,29.012,29.013,29.014,29.015,29.016,29.017,29.018,29.019	Enumerated and assigned; see hunk-wbs.tsv; implementation and behavioral verification remain TODO
01.002/000584	DONE	app/display/gimpdisplayshell-callbacks.c	2	text	-111,0 -> 111,11	application-or-library	Canvas overlay placement and interaction	29.001,29.007,29.008,29.010,29.011,29.012,29.013,29.014,29.015,29.016,29.017,29.018,29.019	Enumerated and assigned; see hunk-wbs.tsv; implementation and behavioral verification remain TODO
01.002/000585	DONE	app/display/gimpdisplayshell-callbacks.c	3	text	-205,0 -> 216,3	application-or-library	Canvas overlay placement and interaction	29.001,29.007,29.008,29.010,29.011,29.012,29.013,29.014,29.015,29.016,29.017,29.018,29.019	Enumerated and assigned; see hunk-wbs.tsv; implementation and behavioral verification remain TODO
01.002/000586	DONE	app/display/gimpdisplayshell-callbacks.c	4	text	-500,2 -> 513,2	application-or-library	Canvas overlay placement and interaction	29.001,29.007,29.008,29.010,29.011,29.012,29.013,29.014,29.015,29.016,29.017,29.018,29.019	Enumerated and assigned; see hunk-wbs.tsv; implementation and behavioral verification remain TODO
01.002/000587	DONE	app/display/gimpdisplayshell-callbacks.c	5	text	-503 -> 516	application-or-library	Canvas overlay placement and interaction	29.001,29.007,29.008,29.010,29.011,29.012,29.013,29.014,29.015,29.016,29.017,29.018,29.019	Enumerated and assigned; see hunk-wbs.tsv; implementation and behavioral verification remain TODO
01.002/000588	DONE	app/display/gimpdisplayshell-close.c	1	text	-102,0 -> 103	application-or-library	Dock/window layout and restoration	29.011,29.016,30.005,30.005/shell-reparent-ref,30.016	Enumerated and assigned; see hunk-wbs.tsv; implementation and behavioral verification remain TODO
01.002/000589	DONE	app/display/gimpdisplayshell-close.c	2	text	-118,0 -> 120	application-or-library	Dock/window layout and restoration	29.011,29.016,30.005,30.005/shell-reparent-ref,30.016	Enumerated and assigned; see hunk-wbs.tsv; implementation and behavioral verification remain TODO
01.002/000590	DONE	app/display/gimpdisplayshell-close.c	3	text	-123,0 -> 126	application-or-library	Dock/window layout and restoration	29.011,29.016,30.005,30.005/shell-reparent-ref,30.016	Enumerated and assigned; see hunk-wbs.tsv; implementation and behavioral verification remain TODO
01.002/000591	DONE	app/display/gimpdisplayshell-draw.c	1	text	-43,0 -> 44	application-or-library	Canvas transform and clipping support	25.009,26.005,29.017	Enumerated and assigned; see hunk-wbs.tsv; implementation and behavioral verification remain TODO
01.002/000592	DONE	app/display/gimpdisplayshell-draw.c	2	text	-119,0 -> 121	application-or-library	Canvas transform and clipping support	25.009,26.005,29.017	Enumerated and assigned; see hunk-wbs.tsv; implementation and behavioral verification remain TODO
01.002/000593	DONE	app/display/gimpdisplayshell-draw.c	3	text	-135,0 -> 138	application-or-library	Canvas transform and clipping support	25.009,26.005,29.017	Enumerated and assigned; see hunk-wbs.tsv; implementation and behavioral verification remain TODO
01.002/000594	DONE	app/display/gimpdisplayshell-draw.c	4	text	-149 -> 152,3	application-or-library	Canvas transform and clipping support	25.009,26.005,29.017	Enumerated and assigned; see hunk-wbs.tsv; implementation and behavioral verification remain TODO
01.002/000595	DONE	app/display/gimpdisplayshell-draw.c	5	text	-150,0 -> 156	application-or-library	Canvas transform and clipping support	25.009,26.005,29.017	Enumerated and assigned; see hunk-wbs.tsv; implementation and behavioral verification remain TODO
01.002/000596	DONE	app/display/gimpdisplayshell-draw.c	6	text	-156,2 -> 162,31	application-or-library	Canvas transform and clipping support	25.009,26.005,29.017	Enumerated and assigned; see hunk-wbs.tsv; implementation and behavioral verification remain TODO
01.002/000597	DONE	app/display/gimpdisplayshell-draw.c	7	text	-162 -> 197,4	application-or-library	Canvas transform and clipping support	25.009,26.005,29.017	Enumerated and assigned; see hunk-wbs.tsv; implementation and behavioral verification remain TODO
01.002/000598	DONE	app/display/gimpdisplayshell-draw.c	8	text	-164 -> 202	application-or-library	Canvas transform and clipping support	25.009,26.005,29.017	Enumerated and assigned; see hunk-wbs.tsv; implementation and behavioral verification remain TODO
01.002/000599	DONE	app/display/gimpdisplayshell-draw.c	9	text	-166 -> 203,0	application-or-library	Canvas transform and clipping support	25.009,26.005,29.017	Enumerated and assigned; see hunk-wbs.tsv; implementation and behavioral verification remain TODO
01.002/000600	DONE	app/display/gimpdisplayshell-draw.c	10	text	-169,6 -> 206,2	application-or-library	Canvas transform and clipping support	25.009,26.005,29.017	Enumerated and assigned; see hunk-wbs.tsv; implementation and behavioral verification remain TODO
01.002/000601	DONE	app/display/gimpdisplayshell-draw.c	11	text	-215,0 -> 249,2	application-or-library	Canvas transform and clipping support	25.009,26.005,29.017	Enumerated and assigned; see hunk-wbs.tsv; implementation and behavioral verification remain TODO
01.002/000602	DONE	app/display/gimpdisplayshell-draw.c	12	text	-218,0 -> 254,3	application-or-library	Canvas transform and clipping support	25.009,26.005,29.017	Enumerated and assigned; see hunk-wbs.tsv; implementation and behavioral verification remain TODO
01.002/000603	DONE	app/display/gimpdisplayshell-draw.c	13	text	-221,0 -> 260,2	application-or-library	Canvas transform and clipping support	25.009,26.005,29.017	Enumerated and assigned; see hunk-wbs.tsv; implementation and behavioral verification remain TODO
01.002/000604	DONE	app/display/gimpdisplayshell-draw.c	14	text	-225 -> 265	application-or-library	Canvas transform and clipping support	25.009,26.005,29.017	Enumerated and assigned; see hunk-wbs.tsv; implementation and behavioral verification remain TODO
01.002/000605	DONE	app/display/gimpdisplayshell-expose.c	1	text	-76,0 -> 77,2	application-or-library	Canvas transform and clipping support	25.009,26.005,29.017	Enumerated and assigned; see hunk-wbs.tsv; implementation and behavioral verification remain TODO
01.002/000606	DONE	app/display/gimpdisplayshell-expose.h	1	text	-26,0 -> 27,5	application-or-library	Canvas transform and clipping support	25.009,26.005,29.017	Enumerated and assigned; see hunk-wbs.tsv; implementation and behavioral verification remain TODO
01.002/000607	DONE	app/display/gimpdisplayshell-overlays.cpp	1	text	-0,0 -> 1,727	application-or-library	Canvas overlay placement and interaction	29.001,29.007,29.008,29.010,29.011,29.012,29.013,29.014,29.015,29.016,29.017,29.018,29.019	Enumerated and assigned; see hunk-wbs.tsv; implementation and behavioral verification remain TODO
01.002/000608	DONE	app/display/gimpdisplayshell-overlays.h	1	text	-0,0 -> 1,26	application-or-library	Canvas overlay placement and interaction	29.001,29.007,29.008,29.010,29.011,29.012,29.013,29.014,29.015,29.016,29.017,29.018,29.019	Enumerated and assigned; see hunk-wbs.tsv; implementation and behavioral verification remain TODO
01.002/000609	DONE	app/display/gimpdisplayshell-render.c	1	text	-22,0 -> 23	application-or-library	Canvas transform and clipping support	25.009,26.005,29.017	Enumerated and assigned; see hunk-wbs.tsv; implementation and behavioral verification remain TODO
01.002/000610	DONE	app/display/gimpdisplayshell-render.c	2	text	-41,0 -> 43	application-or-library	Canvas transform and clipping support	25.009,26.005,29.017	Enumerated and assigned; see hunk-wbs.tsv; implementation and behavioral verification remain TODO
01.002/000611	DONE	app/display/gimpdisplayshell-render.c	3	text	-139,0 -> 142,2	application-or-library	Canvas transform and clipping support	25.009,26.005,29.017	Enumerated and assigned; see hunk-wbs.tsv; implementation and behavioral verification remain TODO
01.002/000612	DONE	app/display/gimpdisplayshell-render.c	4	text	-143 -> 146,0	application-or-library	Canvas transform and clipping support	25.009,26.005,29.017	Enumerated and assigned; see hunk-wbs.tsv; implementation and behavioral verification remain TODO
01.002/000613	DONE	app/display/gimpdisplayshell-render.c	5	text	-144,0 -> 148,2	application-or-library	Canvas transform and clipping support	25.009,26.005,29.017	Enumerated and assigned; see hunk-wbs.tsv; implementation and behavioral verification remain TODO
01.002/000614	DONE	app/display/gimpdisplayshell-render.c	6	text	-153,0 -> 159,26	application-or-library	Canvas transform and clipping support	25.009,26.005,29.017	Enumerated and assigned; see hunk-wbs.tsv; implementation and behavioral verification remain TODO
01.002/000615	DONE	app/display/gimpdisplayshell-render.c	7	text	-219,0 -> 251,2	application-or-library	Canvas transform and clipping support	25.009,26.005,29.017	Enumerated and assigned; see hunk-wbs.tsv; implementation and behavioral verification remain TODO
01.002/000616	DONE	app/display/gimpdisplayshell-render.c	8	text	-223,2 -> 256	application-or-library	Canvas transform and clipping support	25.009,26.005,29.017	Enumerated and assigned; see hunk-wbs.tsv; implementation and behavioral verification remain TODO
01.002/000617	DONE	app/display/gimpdisplayshell-render.c	9	text	-226 -> 258,7	application-or-library	Canvas transform and clipping support	25.009,26.005,29.017	Enumerated and assigned; see hunk-wbs.tsv; implementation and behavioral verification remain TODO
01.002/000618	DONE	app/display/gimpdisplayshell-render.c	10	text	-228 -> 265,0	application-or-library	Canvas transform and clipping support	25.009,26.005,29.017	Enumerated and assigned; see hunk-wbs.tsv; implementation and behavioral verification remain TODO
01.002/000619	DONE	app/display/gimpdisplayshell-render.c	11	text	-230,0 -> 268	application-or-library	Canvas transform and clipping support	25.009,26.005,29.017	Enumerated and assigned; see hunk-wbs.tsv; implementation and behavioral verification remain TODO
01.002/000620	DONE	app/display/gimpdisplayshell-render.c	12	text	-374 -> 412,2	application-or-library	Canvas transform and clipping support	25.009,26.005,29.017	Enumerated and assigned; see hunk-wbs.tsv; implementation and behavioral verification remain TODO
01.002/000621	DONE	app/display/gimpdisplayshell-render.c	13	text	-644,0 -> 684,2	application-or-library	Canvas transform and clipping support	25.009,26.005,29.017	Enumerated and assigned; see hunk-wbs.tsv; implementation and behavioral verification remain TODO
01.002/000622	DONE	app/display/gimpdisplayshell-render.c	14	text	-727 -> 768,2	application-or-library	Canvas transform and clipping support	25.009,26.005,29.017	Enumerated and assigned; see hunk-wbs.tsv; implementation and behavioral verification remain TODO
01.002/000623	DONE	app/display/gimpdisplayshell-render.c	15	text	-1129 -> 1171,2	application-or-library	Canvas transform and clipping support	25.009,26.005,29.017	Enumerated and assigned; see hunk-wbs.tsv; implementation and behavioral verification remain TODO
01.002/000624	DONE	app/display/gimpdisplayshell-render.c	16	text	-1380 -> 1423,2	application-or-library	Canvas transform and clipping support	25.009,26.005,29.017	Enumerated and assigned; see hunk-wbs.tsv; implementation and behavioral verification remain TODO
01.002/000625	DONE	app/display/gimpdisplayshell-render.c	17	text	-1472,2 -> 1516,3	application-or-library	Canvas transform and clipping support	25.009,26.005,29.017	Enumerated and assigned; see hunk-wbs.tsv; implementation and behavioral verification remain TODO
01.002/000626	DONE	app/display/gimpdisplayshell-rotate.c	1	text	-0,0 -> 1,233	application-or-library	Canvas rotation/flip geometry	25.001,25.002,25.003,25.004,25.005,25.006,25.007,25.008,25.009,25.010	Enumerated and assigned; see hunk-wbs.tsv; implementation and behavioral verification remain TODO
01.002/000627	DONE	app/display/gimpdisplayshell-rotate.h	1	text	-0,0 -> 1,69	application-or-library	Canvas rotation/flip geometry	25.001,25.002,25.003,25.004,25.005,25.006,25.007,25.008,25.009,25.010	Enumerated and assigned; see hunk-wbs.tsv; implementation and behavioral verification remain TODO
01.002/000628	DONE	app/display/gimpdisplayshell-scroll.c	1	text	-42,0 -> 43	application-or-library	Canvas transform and clipping support	25.009,26.005,29.017	Enumerated and assigned; see hunk-wbs.tsv; implementation and behavioral verification remain TODO
01.002/000629	DONE	app/display/gimpdisplayshell-scroll.c	2	text	-90,2 -> 91,2	application-or-library	Canvas transform and clipping support	25.009,26.005,29.017	Enumerated and assigned; see hunk-wbs.tsv; implementation and behavioral verification remain TODO
01.002/000630	DONE	app/display/gimpdisplayshell-scroll.c	3	text	-93,2 -> 94,2	application-or-library	Canvas transform and clipping support	25.009,26.005,29.017	Enumerated and assigned; see hunk-wbs.tsv; implementation and behavioral verification remain TODO
01.002/000631	DONE	app/display/gimpdisplayshell-scroll.c	4	text	-114,0 -> 116	application-or-library	Canvas transform and clipping support	25.009,26.005,29.017	Enumerated and assigned; see hunk-wbs.tsv; implementation and behavioral verification remain TODO
01.002/000632	DONE	app/display/gimpdisplayshell-scroll.c	5	text	-118,0 -> 121,2	application-or-library	Canvas transform and clipping support	25.009,26.005,29.017	Enumerated and assigned; see hunk-wbs.tsv; implementation and behavioral verification remain TODO
01.002/000633	DONE	app/display/gimpdisplayshell-scroll.c	6	text	-124,0 -> 129,11	application-or-library	Canvas transform and clipping support	25.009,26.005,29.017	Enumerated and assigned; see hunk-wbs.tsv; implementation and behavioral verification remain TODO
01.002/000634	DONE	app/display/gimpdisplayshell-scroll.c	7	text	-126 -> 141,4	application-or-library	Canvas transform and clipping support	25.009,26.005,29.017	Enumerated and assigned; see hunk-wbs.tsv; implementation and behavioral verification remain TODO
01.002/000635	DONE	app/display/gimpdisplayshell-scroll.h	1	text	-26,2 -> 26,2	application-or-library	Canvas transform and clipping support	25.009,26.005,29.017	Enumerated and assigned; see hunk-wbs.tsv; implementation and behavioral verification remain TODO
01.002/000636	DONE	app/display/gimpdisplayshell-selection.c	1	text	-273 -> 273	application-or-library	Canvas transform and clipping support	25.009,26.005,29.017	Enumerated and assigned; see hunk-wbs.tsv; implementation and behavioral verification remain TODO
01.002/000637	DONE	app/display/gimpdisplayshell-selection.c	2	text	-313,0 -> 314	application-or-library	Canvas transform and clipping support	25.009,26.005,29.017	Enumerated and assigned; see hunk-wbs.tsv; implementation and behavioral verification remain TODO
01.002/000638	DONE	app/display/gimpdisplayshell-selection.c	3	text	-315,0 -> 317	application-or-library	Canvas transform and clipping support	25.009,26.005,29.017	Enumerated and assigned; see hunk-wbs.tsv; implementation and behavioral verification remain TODO
01.002/000639	DONE	app/display/gimpdisplayshell-selection.c	4	text	-323,0 -> 326	application-or-library	Canvas transform and clipping support	25.009,26.005,29.017	Enumerated and assigned; see hunk-wbs.tsv; implementation and behavioral verification remain TODO
01.002/000640	DONE	app/display/gimpdisplayshell-selection.c	5	text	-329 -> 332,2	application-or-library	Canvas transform and clipping support	25.009,26.005,29.017	Enumerated and assigned; see hunk-wbs.tsv; implementation and behavioral verification remain TODO
01.002/000641	DONE	app/display/gimpdisplayshell-tool-events.c	1	text	-22,0 -> 23,3	application-or-library	Drag rotate/zoom and transformed pan gestures	25.001,25.002,25.003,25.004,25.005,25.006,25.007,25.008,25.009,25.009/drag-zoom-scroll	Enumerated and assigned; see hunk-wbs.tsv; implementation and behavioral verification remain TODO
01.002/000642	DONE	app/display/gimpdisplayshell-tool-events.c	2	text	-32,0 -> 36,2	application-or-library	Perspective lazy snap and paint-event ordering	23.012,26.007,26.008,26.009,23.014	Enumerated and assigned; see hunk-wbs.tsv; implementation and behavioral verification remain TODO
01.002/000643	DONE	app/display/gimpdisplayshell-tool-events.c	3	text	-55,0 -> 61	application-or-library	Drag rotate/zoom and transformed pan gestures	25.001,25.002,25.003,25.004,25.005,25.006,25.007,25.008,25.009,25.009/drag-zoom-scroll	Enumerated and assigned; see hunk-wbs.tsv; implementation and behavioral verification remain TODO
01.002/000644	DONE	app/display/gimpdisplayshell-tool-events.c	4	text	-57,0 -> 64,2	application-or-library	Drag rotate/zoom and transformed pan gestures	25.001,25.002,25.003,25.004,25.005,25.006,25.007,25.008,25.009,25.009/drag-zoom-scroll	Enumerated and assigned; see hunk-wbs.tsv; implementation and behavioral verification remain TODO
01.002/000645	DONE	app/display/gimpdisplayshell-tool-events.c	5	text	-64,0 -> 73,4	application-or-library	Perspective lazy snap and paint-event ordering	23.012,26.007,26.008,26.009,23.014	Enumerated and assigned; see hunk-wbs.tsv; implementation and behavioral verification remain TODO
01.002/000646	DONE	app/display/gimpdisplayshell-tool-events.c	6	text	-66,0 -> 79,3	application-or-library	Drag rotate/zoom and transformed pan gestures	25.001,25.002,25.003,25.004,25.005,25.006,25.007,25.008,25.009,25.009/drag-zoom-scroll	Enumerated and assigned; see hunk-wbs.tsv; implementation and behavioral verification remain TODO
01.002/000647	DONE	app/display/gimpdisplayshell-tool-events.c	7	text	-86,0 -> 102,21	application-or-library	Drag rotate/zoom and transformed pan gestures	25.001,25.002,25.003,25.004,25.005,25.006,25.007,25.008,25.009,25.009/drag-zoom-scroll	Enumerated and assigned; see hunk-wbs.tsv; implementation and behavioral verification remain TODO
01.002/000648	DONE	app/display/gimpdisplayshell-tool-events.c	8	text	-119,0 -> 156,6	application-or-library	Ordered motion compression and event reinjection	23.009,23.014/event-compression-order	Enumerated and assigned; see hunk-wbs.tsv; implementation and behavioral verification remain TODO
01.002/000649	DONE	app/display/gimpdisplayshell-tool-events.c	9	text	-120,0 -> 163,163	application-or-library	Perspective lazy snap and paint-event ordering	23.012,26.007,26.008,26.009,23.014	Enumerated and assigned; see hunk-wbs.tsv; implementation and behavioral verification remain TODO
01.002/000650	DONE	app/display/gimpdisplayshell-tool-events.c	10	text	-283,0 -> 489,25	application-or-library	Ordered motion compression and event reinjection	23.009,23.014/event-compression-order	Enumerated and assigned; see hunk-wbs.tsv; implementation and behavioral verification remain TODO
01.002/000651	DONE	app/display/gimpdisplayshell-tool-events.c	11	text	-322,0 -> 553,13	application-or-library	Nonfunctional/obsolete source candidate	31.018	Enumerated and assigned; see hunk-wbs.tsv; implementation and behavioral verification remain TODO
01.002/000652	DONE	app/display/gimpdisplayshell-tool-events.c	12	text	-365,0 -> 609,2	application-or-library	Nonfunctional/obsolete source candidate	31.018	Enumerated and assigned; see hunk-wbs.tsv; implementation and behavioral verification remain TODO
01.002/000653	DONE	app/display/gimpdisplayshell-tool-events.c	13	text	-367,2 -> 612,2	application-or-library	Canvas overlay placement and interaction	29.001,29.007,29.008,29.010,29.011,29.012,29.013,29.014,29.015,29.016,29.017,29.018,29.019	Enumerated and assigned; see hunk-wbs.tsv; implementation and behavioral verification remain TODO
01.002/000654	DONE	app/display/gimpdisplayshell-tool-events.c	14	text	-369,0 -> 615,18	application-or-library	Canvas overlay placement and interaction	29.001,29.007,29.008,29.010,29.011,29.012,29.013,29.014,29.015,29.016,29.017,29.018,29.019	Enumerated and assigned; see hunk-wbs.tsv; implementation and behavioral verification remain TODO
01.002/000655	DONE	app/display/gimpdisplayshell-tool-events.c	15	text	-373,0 -> 637,2	application-or-library	Canvas overlay placement and interaction	29.001,29.007,29.008,29.010,29.011,29.012,29.013,29.014,29.015,29.016,29.017,29.018,29.019	Enumerated and assigned; see hunk-wbs.tsv; implementation and behavioral verification remain TODO
01.002/000656	DONE	app/display/gimpdisplayshell-tool-events.c	16	text	-393,0 -> 659,7	application-or-library	Canvas overlay placement and interaction	29.001,29.007,29.008,29.010,29.011,29.012,29.013,29.014,29.015,29.016,29.017,29.018,29.019	Enumerated and assigned; see hunk-wbs.tsv; implementation and behavioral verification remain TODO
01.002/000657	DONE	app/display/gimpdisplayshell-tool-events.c	17	text	-395 -> 666,0	application-or-library	Canvas overlay placement and interaction	29.001,29.007,29.008,29.010,29.011,29.012,29.013,29.014,29.015,29.016,29.017,29.018,29.019	Enumerated and assigned; see hunk-wbs.tsv; implementation and behavioral verification remain TODO
01.002/000658	DONE	app/display/gimpdisplayshell-tool-events.c	18	text	-396,0 -> 668	application-or-library	Nonfunctional/obsolete source candidate	31.018	Enumerated and assigned; see hunk-wbs.tsv; implementation and behavioral verification remain TODO
01.002/000659	DONE	app/display/gimpdisplayshell-tool-events.c	19	text	-475 -> 747	application-or-library	Drag rotate/zoom and transformed pan gestures	25.001,25.002,25.003,25.004,25.005,25.006,25.007,25.008,25.009,25.009/drag-zoom-scroll	Enumerated and assigned; see hunk-wbs.tsv; implementation and behavioral verification remain TODO
01.002/000660	DONE	app/display/gimpdisplayshell-tool-events.c	20	text	-537,0 -> 810,2	application-or-library	Perspective lazy snap and paint-event ordering	23.012,26.007,26.008,26.009,23.014	Enumerated and assigned; see hunk-wbs.tsv; implementation and behavioral verification remain TODO
01.002/000661	DONE	app/display/gimpdisplayshell-tool-events.c	21	text	-547,29 -> 821,7	application-or-library	Perspective lazy snap and paint-event ordering	23.012,26.007,26.008,26.009,23.014	Enumerated and assigned; see hunk-wbs.tsv; implementation and behavioral verification remain TODO
01.002/000662	DONE	app/display/gimpdisplayshell-tool-events.c	22	text	-579,2 -> 831,12	application-or-library	Drag rotate/zoom and transformed pan gestures	25.001,25.002,25.003,25.004,25.005,25.006,25.007,25.008,25.009,25.009/drag-zoom-scroll	Enumerated and assigned; see hunk-wbs.tsv; implementation and behavioral verification remain TODO
01.002/000663	DONE	app/display/gimpdisplayshell-tool-events.c	23	text	-675,0 -> 938	application-or-library	Canvas overlay placement and interaction	29.001,29.007,29.008,29.010,29.011,29.012,29.013,29.014,29.015,29.016,29.017,29.018,29.019	Enumerated and assigned; see hunk-wbs.tsv; implementation and behavioral verification remain TODO
01.002/000664	DONE	app/display/gimpdisplayshell-tool-events.c	24	text	-691,0 -> 955,6	application-or-library	Perspective lazy snap and paint-event ordering	23.012,26.007,26.008,26.009,23.014	Enumerated and assigned; see hunk-wbs.tsv; implementation and behavioral verification remain TODO
01.002/000665	DONE	app/display/gimpdisplayshell-tool-events.c	25	text	-696,0 -> 966,4	application-or-library	Drag rotate/zoom and transformed pan gestures	25.001,25.002,25.003,25.004,25.005,25.006,25.007,25.008,25.009,25.009/drag-zoom-scroll	Enumerated and assigned; see hunk-wbs.tsv; implementation and behavioral verification remain TODO
01.002/000666	DONE	app/display/gimpdisplayshell-tool-events.c	26	text	-826,0 -> 1100	application-or-library	Ordered motion compression and event reinjection	23.009,23.014/event-compression-order	Enumerated and assigned; see hunk-wbs.tsv; implementation and behavioral verification remain TODO
01.002/000667	DONE	app/display/gimpdisplayshell-tool-events.c	27	text	-827,0 -> 1102,2	application-or-library	Ordered motion compression and event reinjection	23.009,23.014/event-compression-order	Enumerated and assigned; see hunk-wbs.tsv; implementation and behavioral verification remain TODO
01.002/000668	DONE	app/display/gimpdisplayshell-tool-events.c	28	text	-852 -> 1128	application-or-library	Drag rotate/zoom and transformed pan gestures	25.001,25.002,25.003,25.004,25.005,25.006,25.007,25.008,25.009,25.009/drag-zoom-scroll	Enumerated and assigned; see hunk-wbs.tsv; implementation and behavioral verification remain TODO
01.002/000669	DONE	app/display/gimpdisplayshell-tool-events.c	29	text	-855 -> 1131	application-or-library	Drag rotate/zoom and transformed pan gestures	25.001,25.002,25.003,25.004,25.005,25.006,25.007,25.008,25.009,25.009/drag-zoom-scroll	Enumerated and assigned; see hunk-wbs.tsv; implementation and behavioral verification remain TODO
01.002/000670	DONE	app/display/gimpdisplayshell-tool-events.c	30	text	-857,0 -> 1134,6	application-or-library	Drag rotate/zoom and transformed pan gestures	25.001,25.002,25.003,25.004,25.005,25.006,25.007,25.008,25.009,25.009/drag-zoom-scroll	Enumerated and assigned; see hunk-wbs.tsv; implementation and behavioral verification remain TODO
01.002/000671	DONE	app/display/gimpdisplayshell-tool-events.c	31	text	-860,4 -> 1142,13	application-or-library	Drag rotate/zoom and transformed pan gestures	25.001,25.002,25.003,25.004,25.005,25.006,25.007,25.008,25.009,25.009/drag-zoom-scroll	Enumerated and assigned; see hunk-wbs.tsv; implementation and behavioral verification remain TODO
01.002/000672	DONE	app/display/gimpdisplayshell-tool-events.c	32	text	-865 -> 1156,14	application-or-library	Drag rotate/zoom and transformed pan gestures	25.001,25.002,25.003,25.004,25.005,25.006,25.007,25.008,25.009,25.009/drag-zoom-scroll	Enumerated and assigned; see hunk-wbs.tsv; implementation and behavioral verification remain TODO
01.002/000673	DONE	app/display/gimpdisplayshell-tool-events.c	33	text	-868,3 -> 1172,5	application-or-library	Perspective lazy snap and paint-event ordering	23.012,26.007,26.008,26.009,23.014	Enumerated and assigned; see hunk-wbs.tsv; implementation and behavioral verification remain TODO
01.002/000674	DONE	app/display/gimpdisplayshell-tool-events.c	34	text	-921,0 -> 1228,6	application-or-library	Perspective lazy snap and paint-event ordering	23.012,26.007,26.008,26.009,23.014	Enumerated and assigned; see hunk-wbs.tsv; implementation and behavioral verification remain TODO
01.002/000675	DONE	app/display/gimpdisplayshell-tool-events.c	35	text	-923,12 -> 1235,19	application-or-library	Perspective lazy snap and paint-event ordering	23.012,26.007,26.008,26.009,23.014	Enumerated and assigned; see hunk-wbs.tsv; implementation and behavioral verification remain TODO
01.002/000676	DONE	app/display/gimpdisplayshell-tool-events.c	36	text	-935,0 -> 1255	application-or-library	Perspective lazy snap and paint-event ordering	23.012,26.007,26.008,26.009,23.014	Enumerated and assigned; see hunk-wbs.tsv; implementation and behavioral verification remain TODO
01.002/000677	DONE	app/display/gimpdisplayshell-tool-events.c	37	text	-946,10 -> 1266,7	application-or-library	Perspective lazy snap and paint-event ordering	23.012,26.007,26.008,26.009,23.014	Enumerated and assigned; see hunk-wbs.tsv; implementation and behavioral verification remain TODO
01.002/000678	DONE	app/display/gimpdisplayshell-tool-events.c	38	text	-956,0 -> 1274,20	application-or-library	Perspective lazy snap and paint-event ordering	23.012,26.007,26.008,26.009,23.014	Enumerated and assigned; see hunk-wbs.tsv; implementation and behavioral verification remain TODO
01.002/000679	DONE	app/display/gimpdisplayshell-tool-events.c	39	text	-966,0 -> 1304,3	application-or-library	Perspective lazy snap and paint-event ordering	23.012,26.007,26.008,26.009,23.014	Enumerated and assigned; see hunk-wbs.tsv; implementation and behavioral verification remain TODO
01.002/000680	DONE	app/display/gimpdisplayshell-tool-events.c	40	text	-1036,0 -> 1377,14	application-or-library	Mirrored horizontal keyboard input	25.008/mirrored-arrow-input	Enumerated and assigned; see hunk-wbs.tsv; implementation and behavioral verification remain TODO
01.002/000681	DONE	app/display/gimpdisplayshell-tool-events.c	41	text	-1204,0 -> 1559,2	application-or-library	Canvas overlay placement and interaction	29.001,29.007,29.008,29.010,29.011,29.012,29.013,29.014,29.015,29.016,29.017,29.018,29.019	Enumerated and assigned; see hunk-wbs.tsv; implementation and behavioral verification remain TODO
01.002/000682	DONE	app/display/gimpdisplayshell-tool-events.c	42	text	-1222 -> 1578,2	application-or-library	Perspective lazy snap and paint-event ordering	23.012,26.007,26.008,26.009,23.014	Enumerated and assigned; see hunk-wbs.tsv; implementation and behavioral verification remain TODO
01.002/000683	DONE	app/display/gimpdisplayshell-tool-events.c	43	text	-1431,2 -> 1788,5	application-or-library	Drag rotate/zoom and transformed pan gestures	25.001,25.002,25.003,25.004,25.005,25.006,25.007,25.008,25.009,25.009/drag-zoom-scroll	Enumerated and assigned; see hunk-wbs.tsv; implementation and behavioral verification remain TODO
01.002/000684	DONE	app/display/gimpdisplayshell-tool-events.c	44	text	-1448,0 -> 1809,142	application-or-library	Drag rotate/zoom and transformed pan gestures	25.001,25.002,25.003,25.004,25.005,25.006,25.007,25.008,25.009,25.009/drag-zoom-scroll	Enumerated and assigned; see hunk-wbs.tsv; implementation and behavioral verification remain TODO
01.002/000685	DONE	app/display/gimpdisplayshell-tool-events.c	45	text	-1473,0 -> 1976,2	application-or-library	Drag rotate/zoom and transformed pan gestures	25.001,25.002,25.003,25.004,25.005,25.006,25.007,25.008,25.009,25.009/drag-zoom-scroll	Enumerated and assigned; see hunk-wbs.tsv; implementation and behavioral verification remain TODO
01.002/000686	DONE	app/display/gimpdisplayshell-tool-events.c	46	text	-1481 -> 1985,4	application-or-library	Drag rotate/zoom and transformed pan gestures	25.001,25.002,25.003,25.004,25.005,25.006,25.007,25.008,25.009,25.009/drag-zoom-scroll	Enumerated and assigned; see hunk-wbs.tsv; implementation and behavioral verification remain TODO
01.002/000687	DONE	app/display/gimpdisplayshell-tool-events.c	47	text	-1483 -> 1990	application-or-library	Drag rotate/zoom and transformed pan gestures	25.001,25.002,25.003,25.004,25.005,25.006,25.007,25.008,25.009,25.009/drag-zoom-scroll	Enumerated and assigned; see hunk-wbs.tsv; implementation and behavioral verification remain TODO
01.002/000688	DONE	app/display/gimpdisplayshell-tool-events.c	48	text	-1610,0 -> 2118,13	application-or-library	Tool options toolbar and compact standard controls	29.010,29.010/toolbar-ref-balance,29.010/standard-tool-options,29.011	Enumerated and assigned; see hunk-wbs.tsv; implementation and behavioral verification remain TODO
01.002/000689	DONE	app/display/gimpdisplayshell-tool-events.c	49	text	-1620,0 -> 2141,5	application-or-library	Tool options toolbar and compact standard controls	29.010,29.010/toolbar-ref-balance,29.010/standard-tool-options,29.011	Enumerated and assigned; see hunk-wbs.tsv; implementation and behavioral verification remain TODO
01.002/000690	DONE	app/display/gimpdisplayshell-tool-events.c	50	text	-1754 -> 2278,0	application-or-library	Nonfunctional/obsolete source candidate	31.018	Enumerated and assigned; see hunk-wbs.tsv; implementation and behavioral verification remain TODO
01.002/000691	DONE	app/display/gimpdisplayshell-tool-events.c	51	text	-1810,0 -> 2335	application-or-library	Ordered motion compression and event reinjection	23.009,23.014/event-compression-order	Enumerated and assigned; see hunk-wbs.tsv; implementation and behavioral verification remain TODO
01.002/000692	DONE	app/display/gimpdisplayshell-tool-events.c	52	text	-1870,0 -> 2396,46	application-or-library	Ordered motion compression and event reinjection	23.009,23.014/event-compression-order	Enumerated and assigned; see hunk-wbs.tsv; implementation and behavioral verification remain TODO
01.002/000693	DONE	app/display/gimpdisplayshell-transform.c	1	text	-34,0 -> 35	application-or-library	Canvas transform and clipping support	25.009,26.005,29.017	Enumerated and assigned; see hunk-wbs.tsv; implementation and behavioral verification remain TODO
01.002/000694	DONE	app/display/gimpdisplayshell-transform.c	2	text	-62,0 -> 64,10	application-or-library	Canvas transform and clipping support	25.009,26.005,29.017	Enumerated and assigned; see hunk-wbs.tsv; implementation and behavioral verification remain TODO
01.002/000695	DONE	app/display/gimpdisplayshell-transform.c	3	text	-85,2 -> 96,10	application-or-library	Canvas transform and clipping support	25.009,26.005,29.017	Enumerated and assigned; see hunk-wbs.tsv; implementation and behavioral verification remain TODO
01.002/000696	DONE	app/display/gimpdisplayshell-transform.c	4	text	-89,0 -> 109	application-or-library	Canvas transform and clipping support	25.009,26.005,29.017	Enumerated and assigned; see hunk-wbs.tsv; implementation and behavioral verification remain TODO
01.002/000697	DONE	app/display/gimpdisplayshell-transform.c	5	text	-109,2 -> 129	application-or-library	Canvas transform and clipping support	25.009,26.005,29.017	Enumerated and assigned; see hunk-wbs.tsv; implementation and behavioral verification remain TODO
01.002/000698	DONE	app/display/gimpdisplayshell-transform.c	6	text	-116,6 -> 135,16	application-or-library	Canvas transform and clipping support	25.009,26.005,29.017	Enumerated and assigned; see hunk-wbs.tsv; implementation and behavioral verification remain TODO
01.002/000699	DONE	app/display/gimpdisplayshell-transform.c	7	text	-124,2 -> 153,2	application-or-library	Canvas transform and clipping support	25.009,26.005,29.017	Enumerated and assigned; see hunk-wbs.tsv; implementation and behavioral verification remain TODO
01.002/000700	DONE	app/display/gimpdisplayshell-transform.c	8	text	-156,0 -> 186,13	application-or-library	Canvas transform and clipping support	25.009,26.005,29.017	Enumerated and assigned; see hunk-wbs.tsv; implementation and behavioral verification remain TODO
01.002/000701	DONE	app/display/gimpdisplayshell-transform.c	9	text	-196,0 -> 239,11	application-or-library	Canvas transform and clipping support	25.009,26.005,29.017	Enumerated and assigned; see hunk-wbs.tsv; implementation and behavioral verification remain TODO
01.002/000702	DONE	app/display/gimpdisplayshell-transform.c	10	text	-221,0 -> 275,7	application-or-library	Canvas transform and clipping support	25.009,26.005,29.017	Enumerated and assigned; see hunk-wbs.tsv; implementation and behavioral verification remain TODO
01.002/000703	DONE	app/display/gimpdisplayshell-transform.c	11	text	-225,0 -> 286,53	application-or-library	Canvas transform and clipping support	25.009,26.005,29.017	Enumerated and assigned; see hunk-wbs.tsv; implementation and behavioral verification remain TODO
01.002/000704	DONE	app/display/gimpdisplayshell-transform.c	12	text	-244,0 -> 358	application-or-library	Canvas transform and clipping support	25.009,26.005,29.017	Enumerated and assigned; see hunk-wbs.tsv; implementation and behavioral verification remain TODO
01.002/000705	DONE	app/display/gimpdisplayshell-transform.c	13	text	-247,0 -> 362,8	application-or-library	Canvas transform and clipping support	25.009,26.005,29.017	Enumerated and assigned; see hunk-wbs.tsv; implementation and behavioral verification remain TODO
01.002/000706	DONE	app/display/gimpdisplayshell-transform.c	14	text	-258,4 -> 380,13	application-or-library	Canvas transform and clipping support	25.009,26.005,29.017	Enumerated and assigned; see hunk-wbs.tsv; implementation and behavioral verification remain TODO
01.002/000707	DONE	app/display/gimpdisplayshell-transform.c	15	text	-262,0 -> 394,3	application-or-library	Canvas transform and clipping support	25.009,26.005,29.017	Enumerated and assigned; see hunk-wbs.tsv; implementation and behavioral verification remain TODO
01.002/000708	DONE	app/display/gimpdisplayshell-transform.h	1	text	-28 -> 28,10	application-or-library	Canvas transform and clipping support	25.009,26.005,29.017	Enumerated and assigned; see hunk-wbs.tsv; implementation and behavioral verification remain TODO
01.002/000709	DONE	app/display/gimpdisplayshell.c	1	text	-23,0 -> 24	application-or-library	Canvas overlay placement and interaction	29.001,29.007,29.008,29.010,29.011,29.012,29.013,29.014,29.015,29.016,29.017,29.018,29.019	Enumerated and assigned; see hunk-wbs.tsv; implementation and behavioral verification remain TODO
01.002/000710	DONE	app/display/gimpdisplayshell.c	2	text	-52,0 -> 54,4	application-or-library	Canvas overlay placement and interaction	29.001,29.007,29.008,29.010,29.011,29.012,29.013,29.014,29.015,29.016,29.017,29.018,29.019	Enumerated and assigned; see hunk-wbs.tsv; implementation and behavioral verification remain TODO
01.002/000711	DONE	app/display/gimpdisplayshell.c	3	text	-53,0 -> 59	application-or-library	Canvas overlay placement and interaction	29.001,29.007,29.008,29.010,29.011,29.012,29.013,29.014,29.015,29.016,29.017,29.018,29.019	Enumerated and assigned; see hunk-wbs.tsv; implementation and behavioral verification remain TODO
01.002/000712	DONE	app/display/gimpdisplayshell.c	4	text	-100,0 -> 107,2	application-or-library	Canvas overlay placement and interaction	29.001,29.007,29.008,29.010,29.011,29.012,29.013,29.014,29.015,29.016,29.017,29.018,29.019	Enumerated and assigned; see hunk-wbs.tsv; implementation and behavioral verification remain TODO
01.002/000713	DONE	app/display/gimpdisplayshell.c	5	text	-216,0 -> 225,18	application-or-library	Canvas overlay placement and interaction	29.001,29.007,29.008,29.010,29.011,29.012,29.013,29.014,29.015,29.016,29.017,29.018,29.019	Enumerated and assigned; see hunk-wbs.tsv; implementation and behavioral verification remain TODO
01.002/000714	DONE	app/display/gimpdisplayshell.c	6	text	-229,0 -> 256,2	application-or-library	Canvas overlay placement and interaction	29.001,29.007,29.008,29.010,29.011,29.012,29.013,29.014,29.015,29.016,29.017,29.018,29.019	Enumerated and assigned; see hunk-wbs.tsv; implementation and behavioral verification remain TODO
01.002/000715	DONE	app/display/gimpdisplayshell.c	7	text	-289,0 -> 318,3	application-or-library	Canvas overlay placement and interaction	29.001,29.007,29.008,29.010,29.011,29.012,29.013,29.014,29.015,29.016,29.017,29.018,29.019	Enumerated and assigned; see hunk-wbs.tsv; implementation and behavioral verification remain TODO
01.002/000716	DONE	app/display/gimpdisplayshell.c	8	text	-342,0 -> 374,8	application-or-library	Canvas overlay placement and interaction	29.001,29.007,29.008,29.010,29.011,29.012,29.013,29.014,29.015,29.016,29.017,29.018,29.019	Enumerated and assigned; see hunk-wbs.tsv; implementation and behavioral verification remain TODO
01.002/000717	DONE	app/display/gimpdisplayshell.c	9	text	-1351,0 -> 1391,3	application-or-library	Canvas overlay placement and interaction	29.001,29.007,29.008,29.010,29.011,29.012,29.013,29.014,29.015,29.016,29.017,29.018,29.019	Enumerated and assigned; see hunk-wbs.tsv; implementation and behavioral verification remain TODO
01.002/000718	DONE	app/display/gimpdisplayshell.c	10	text	-1503,0 -> 1546,42	application-or-library	Canvas overlay placement and interaction	29.001,29.007,29.008,29.010,29.011,29.012,29.013,29.014,29.015,29.016,29.017,29.018,29.019	Enumerated and assigned; see hunk-wbs.tsv; implementation and behavioral verification remain TODO
01.002/000719	DONE	app/display/gimpdisplayshell.c	11	text	-1630,0 -> 1715,2	application-or-library	Canvas overlay placement and interaction	29.001,29.007,29.008,29.010,29.011,29.012,29.013,29.014,29.015,29.016,29.017,29.018,29.019	Enumerated and assigned; see hunk-wbs.tsv; implementation and behavioral verification remain TODO
01.002/000720	DONE	app/display/gimpdisplayshell.c	12	text	-1671 -> 1757,3	application-or-library	Canvas overlay placement and interaction	29.001,29.007,29.008,29.010,29.011,29.012,29.013,29.014,29.015,29.016,29.017,29.018,29.019	Enumerated and assigned; see hunk-wbs.tsv; implementation and behavioral verification remain TODO
01.002/000721	DONE	app/display/gimpdisplayshell.c	13	text	-1674,4 -> 1762,4	application-or-library	Canvas overlay placement and interaction	29.001,29.007,29.008,29.010,29.011,29.012,29.013,29.014,29.015,29.016,29.017,29.018,29.019	Enumerated and assigned; see hunk-wbs.tsv; implementation and behavioral verification remain TODO
01.002/000722	DONE	app/display/gimpdisplayshell.c	14	text	-1703,0 -> 1792	application-or-library	Canvas overlay placement and interaction	29.001,29.007,29.008,29.010,29.011,29.012,29.013,29.014,29.015,29.016,29.017,29.018,29.019	Enumerated and assigned; see hunk-wbs.tsv; implementation and behavioral verification remain TODO
01.002/000723	DONE	app/display/gimpdisplayshell.c	15	text	-1712,0 -> 1802,7	application-or-library	Canvas overlay placement and interaction	29.001,29.007,29.008,29.010,29.011,29.012,29.013,29.014,29.015,29.016,29.017,29.018,29.019	Enumerated and assigned; see hunk-wbs.tsv; implementation and behavioral verification remain TODO
01.002/000724	DONE	app/display/gimpdisplayshell.h	1	text	-67,2 -> 67,2	application-or-library	Canvas overlay placement and interaction	29.001,29.007,29.008,29.010,29.011,29.012,29.013,29.014,29.015,29.016,29.017,29.018,29.019	Enumerated and assigned; see hunk-wbs.tsv; implementation and behavioral verification remain TODO
01.002/000725	DONE	app/display/gimpdisplayshell.h	2	text	-72,0 -> 73,2	application-or-library	Canvas overlay placement and interaction	29.001,29.007,29.008,29.010,29.011,29.012,29.013,29.014,29.015,29.016,29.017,29.018,29.019	Enumerated and assigned; see hunk-wbs.tsv; implementation and behavioral verification remain TODO
01.002/000726	DONE	app/display/gimpdisplayshell.h	3	text	-115,0 -> 118,6	application-or-library	Canvas overlay placement and interaction	29.001,29.007,29.008,29.010,29.011,29.012,29.013,29.014,29.015,29.016,29.017,29.018,29.019	Enumerated and assigned; see hunk-wbs.tsv; implementation and behavioral verification remain TODO
01.002/000727	DONE	app/display/gimpdisplayshell.h	4	text	-185,2 -> 193,2	application-or-library	Canvas overlay placement and interaction	29.001,29.007,29.008,29.010,29.011,29.012,29.013,29.014,29.015,29.016,29.017,29.018,29.019	Enumerated and assigned; see hunk-wbs.tsv; implementation and behavioral verification remain TODO
01.002/000728	DONE	app/display/gimpdisplayshell.h	5	text	-187,0 -> 196,15	application-or-library	Canvas overlay placement and interaction	29.001,29.007,29.008,29.010,29.011,29.012,29.013,29.014,29.015,29.016,29.017,29.018,29.019	Enumerated and assigned; see hunk-wbs.tsv; implementation and behavioral verification remain TODO
01.002/000729	DONE	app/display/gimpdisplayshell.h	6	text	-203,0 -> 227,2	application-or-library	Canvas overlay placement and interaction	29.001,29.007,29.008,29.010,29.011,29.012,29.013,29.014,29.015,29.016,29.017,29.018,29.019	Enumerated and assigned; see hunk-wbs.tsv; implementation and behavioral verification remain TODO
01.002/000730	DONE	app/display/gimpdisplayshell.h	7	text	-245,0 -> 271,2	application-or-library	Canvas overlay placement and interaction	29.001,29.007,29.008,29.010,29.011,29.012,29.013,29.014,29.015,29.016,29.017,29.018,29.019	Enumerated and assigned; see hunk-wbs.tsv; implementation and behavioral verification remain TODO
01.002/000731	DONE	app/display/gimpdisplayshell.h	8	text	-276 -> 302,0	application-or-library	Canvas overlay placement and interaction	29.001,29.007,29.008,29.010,29.011,29.012,29.013,29.014,29.015,29.016,29.017,29.018,29.019	Enumerated and assigned; see hunk-wbs.tsv; implementation and behavioral verification remain TODO
01.002/000732	DONE	app/display/gimpimagewindow.c	1	text	-38,0 -> 39	application-or-library	Dock/window layout and restoration	29.011,29.016,30.005,30.005/shell-reparent-ref,30.016	Enumerated and assigned; see hunk-wbs.tsv; implementation and behavioral verification remain TODO
01.002/000733	DONE	app/display/gimpimagewindow.c	2	text	-52,0 -> 54	application-or-library	Dock/window layout and restoration	29.011,29.016,30.005,30.005/shell-reparent-ref,30.016	Enumerated and assigned; see hunk-wbs.tsv; implementation and behavioral verification remain TODO
01.002/000734	DONE	app/display/gimpimagewindow.c	3	text	-54,0 -> 57,3	application-or-library	Dock/window layout and restoration	29.011,29.016,30.005,30.005/shell-reparent-ref,30.016	Enumerated and assigned; see hunk-wbs.tsv; implementation and behavioral verification remain TODO
01.002/000735	DONE	app/display/gimpimagewindow.c	4	text	-57,0 -> 63	application-or-library	Dock/window layout and restoration	29.011,29.016,30.005,30.005/shell-reparent-ref,30.016	Enumerated and assigned; see hunk-wbs.tsv; implementation and behavioral verification remain TODO
01.002/000736	DONE	app/display/gimpimagewindow.c	5	text	-61,0 -> 68	application-or-library	Dock/window layout and restoration	29.011,29.016,30.005,30.005/shell-reparent-ref,30.016	Enumerated and assigned; see hunk-wbs.tsv; implementation and behavioral verification remain TODO
01.002/000737	DONE	app/display/gimpimagewindow.c	6	text	-83,0 -> 91,3	application-or-library	Dock/window layout and restoration	29.011,29.016,30.005,30.005/shell-reparent-ref,30.016	Enumerated and assigned; see hunk-wbs.tsv; implementation and behavioral verification remain TODO
01.002/000738	DONE	app/display/gimpimagewindow.c	7	text	-90,0 -> 101	application-or-library	Dock/window layout and restoration	29.011,29.016,30.005,30.005/shell-reparent-ref,30.016	Enumerated and assigned; see hunk-wbs.tsv; implementation and behavioral verification remain TODO
01.002/000739	DONE	app/display/gimpimagewindow.c	8	text	-93,0 -> 105,9	application-or-library	Dock/window layout and restoration	29.011,29.016,30.005,30.005/shell-reparent-ref,30.016	Enumerated and assigned; see hunk-wbs.tsv; implementation and behavioral verification remain TODO
01.002/000740	DONE	app/display/gimpimagewindow.c	9	text	-100,0 -> 121	application-or-library	Dock/window layout and restoration	29.011,29.016,30.005,30.005/shell-reparent-ref,30.016	Enumerated and assigned; see hunk-wbs.tsv; implementation and behavioral verification remain TODO
01.002/000741	DONE	app/display/gimpimagewindow.c	10	text	-112,0 -> 134,6	application-or-library	Dock/window layout and restoration	29.011,29.016,30.005,30.005/shell-reparent-ref,30.016	Enumerated and assigned; see hunk-wbs.tsv; implementation and behavioral verification remain TODO
01.002/000742	DONE	app/display/gimpimagewindow.c	11	text	-116,0 -> 144	application-or-library	Dock/window layout and restoration	29.011,29.016,30.005,30.005/shell-reparent-ref,30.016	Enumerated and assigned; see hunk-wbs.tsv; implementation and behavioral verification remain TODO
01.002/000743	DONE	app/display/gimpimagewindow.c	12	text	-207,0 -> 236,7	application-or-library	Dock/window layout and restoration	29.011,29.016,30.005,30.005/shell-reparent-ref,30.016	Enumerated and assigned; see hunk-wbs.tsv; implementation and behavioral verification remain TODO
01.002/000744	DONE	app/display/gimpimagewindow.c	13	text	-224,0 -> 260,2	application-or-library	Dock/window layout and restoration	29.011,29.016,30.005,30.005/shell-reparent-ref,30.016	Enumerated and assigned; see hunk-wbs.tsv; implementation and behavioral verification remain TODO
01.002/000745	DONE	app/display/gimpimagewindow.c	14	text	-225,0 -> 263,11	application-or-library	Dock/window layout and restoration	29.011,29.016,30.005,30.005/shell-reparent-ref,30.016	Enumerated and assigned; see hunk-wbs.tsv; implementation and behavioral verification remain TODO
01.002/000746	DONE	app/display/gimpimagewindow.c	15	text	-281,0 -> 330,6	application-or-library	Dock/window layout and restoration	29.011,29.016,30.005,30.005/shell-reparent-ref,30.016	Enumerated and assigned; see hunk-wbs.tsv; implementation and behavioral verification remain TODO
01.002/000747	DONE	app/display/gimpimagewindow.c	16	text	-315,0 -> 370,2	application-or-library	Dock/window layout and restoration	29.011,29.016,30.005,30.005/shell-reparent-ref,30.016	Enumerated and assigned; see hunk-wbs.tsv; implementation and behavioral verification remain TODO
01.002/000748	DONE	app/display/gimpimagewindow.c	17	text	-345,2 -> 401,3	application-or-library	Dock/window layout and restoration	29.011,29.016,30.005,30.005/shell-reparent-ref,30.016	Enumerated and assigned; see hunk-wbs.tsv; implementation and behavioral verification remain TODO
01.002/000749	DONE	app/display/gimpimagewindow.c	18	text	-347,0 -> 405	application-or-library	Dock/window layout and restoration	29.011,29.016,30.005,30.005/shell-reparent-ref,30.016	Enumerated and assigned; see hunk-wbs.tsv; implementation and behavioral verification remain TODO
01.002/000750	DONE	app/display/gimpimagewindow.c	19	text	-372,0 -> 431,14	application-or-library	Dock/window layout and restoration	29.011,29.016,30.005,30.005/shell-reparent-ref,30.016	Enumerated and assigned; see hunk-wbs.tsv; implementation and behavioral verification remain TODO
01.002/000751	DONE	app/display/gimpimagewindow.c	20	text	-400,0 -> 473,40	application-or-library	Dock/window layout and restoration	29.011,29.016,30.005,30.005/shell-reparent-ref,30.016	Enumerated and assigned; see hunk-wbs.tsv; implementation and behavioral verification remain TODO
01.002/000752	DONE	app/display/gimpimagewindow.c	21	text	-405,2 -> 517,5	application-or-library	Dock/window layout and restoration	29.011,29.016,30.005,30.005/shell-reparent-ref,30.016	Enumerated and assigned; see hunk-wbs.tsv; implementation and behavioral verification remain TODO
01.002/000753	DONE	app/display/gimpimagewindow.c	22	text	-413 -> 528,9	application-or-library	Dock/window layout and restoration	29.011,29.016,30.005,30.005/shell-reparent-ref,30.016	Enumerated and assigned; see hunk-wbs.tsv; implementation and behavioral verification remain TODO
01.002/000754	DONE	app/display/gimpimagewindow.c	23	text	-419,0 -> 543	application-or-library	Dock/window layout and restoration	29.011,29.016,30.005,30.005/shell-reparent-ref,30.016	Enumerated and assigned; see hunk-wbs.tsv; implementation and behavioral verification remain TODO
01.002/000755	DONE	app/display/gimpimagewindow.c	24	text	-430,0 -> 555,7	application-or-library	Dock/window layout and restoration	29.011,29.016,30.005,30.005/shell-reparent-ref,30.016	Enumerated and assigned; see hunk-wbs.tsv; implementation and behavioral verification remain TODO
01.002/000756	DONE	app/display/gimpimagewindow.c	25	text	-433,0 -> 565,75	application-or-library	Dock/window layout and restoration	29.011,29.016,30.005,30.005/shell-reparent-ref,30.016	Enumerated and assigned; see hunk-wbs.tsv; implementation and behavioral verification remain TODO
01.002/000757	DONE	app/display/gimpimagewindow.c	26	text	-435,0 -> 642,34	application-or-library	Dock/window layout and restoration	29.011,29.016,30.005,30.005/shell-reparent-ref,30.016	Enumerated and assigned; see hunk-wbs.tsv; implementation and behavioral verification remain TODO
01.002/000758	DONE	app/display/gimpimagewindow.c	27	text	-454,0 -> 695,4	application-or-library	Dock/window layout and restoration	29.011,29.016,30.005,30.005/shell-reparent-ref,30.016	Enumerated and assigned; see hunk-wbs.tsv; implementation and behavioral verification remain TODO
01.002/000759	DONE	app/display/gimpimagewindow.c	28	text	-499,0 -> 744,13	application-or-library	Dock/window layout and restoration	29.011,29.016,30.005,30.005/shell-reparent-ref,30.016	Enumerated and assigned; see hunk-wbs.tsv; implementation and behavioral verification remain TODO
01.002/000760	DONE	app/display/gimpimagewindow.c	29	text	-523,0 -> 781,4	application-or-library	Dock/window layout and restoration	29.011,29.016,30.005,30.005/shell-reparent-ref,30.016	Enumerated and assigned; see hunk-wbs.tsv; implementation and behavioral verification remain TODO
01.002/000761	DONE	app/display/gimpimagewindow.c	30	text	-570 -> 831,2	application-or-library	Dock/window layout and restoration	29.011,29.016,30.005,30.005/shell-reparent-ref,30.016	Enumerated and assigned; see hunk-wbs.tsv; implementation and behavioral verification remain TODO
01.002/000762	DONE	app/display/gimpimagewindow.c	31	text	-572,0 -> 835,2	application-or-library	Dock/window layout and restoration	29.011,29.016,30.005,30.005/shell-reparent-ref,30.016	Enumerated and assigned; see hunk-wbs.tsv; implementation and behavioral verification remain TODO
01.002/000763	DONE	app/display/gimpimagewindow.c	32	text	-793,0 -> 1058,5	application-or-library	Dock/window layout and restoration	29.011,29.016,30.005,30.005/shell-reparent-ref,30.016	Enumerated and assigned; see hunk-wbs.tsv; implementation and behavioral verification remain TODO
01.002/000764	DONE	app/display/gimpimagewindow.c	33	text	-1022 -> 1290,0	application-or-library	Dock/window layout and restoration	29.011,29.016,30.005,30.005/shell-reparent-ref,30.016	Enumerated and assigned; see hunk-wbs.tsv; implementation and behavioral verification remain TODO
01.002/000765	DONE	app/display/gimpimagewindow.c	34	text	-1024,0 -> 1293,5	application-or-library	Dock/window layout and restoration	29.011,29.016,30.005,30.005/shell-reparent-ref,30.016	Enumerated and assigned; see hunk-wbs.tsv; implementation and behavioral verification remain TODO
01.002/000766	DONE	app/display/gimpimagewindow.c	35	text	-1087,0 -> 1361,13	application-or-library	Dock/window layout and restoration	29.011,29.016,30.005,30.005/shell-reparent-ref,30.016	Enumerated and assigned; see hunk-wbs.tsv; implementation and behavioral verification remain TODO
01.002/000767	DONE	app/display/gimpimagewindow.c	36	text	-1117,0 -> 1404,4	application-or-library	Dock/window layout and restoration	29.011,29.016,30.005,30.005/shell-reparent-ref,30.016	Enumerated and assigned; see hunk-wbs.tsv; implementation and behavioral verification remain TODO
01.002/000768	DONE	app/display/gimpimagewindow.c	37	text	-1149,2 -> 1439,3	application-or-library	Dock/window layout and restoration	29.011,29.016,30.005,30.005/shell-reparent-ref,30.016	Enumerated and assigned; see hunk-wbs.tsv; implementation and behavioral verification remain TODO
01.002/000769	DONE	app/display/gimpimagewindow.c	38	text	-1152 -> 1443,2	application-or-library	Dock/window layout and restoration	29.011,29.016,30.005,30.005/shell-reparent-ref,30.016	Enumerated and assigned; see hunk-wbs.tsv; implementation and behavioral verification remain TODO
01.002/000770	DONE	app/display/gimpimagewindow.c	39	text	-1199 -> 1491	application-or-library	Dock/window layout and restoration	29.011,29.016,30.005,30.005/shell-reparent-ref,30.016	Enumerated and assigned; see hunk-wbs.tsv; implementation and behavioral verification remain TODO
01.002/000771	DONE	app/display/gimpimagewindow.c	40	text	-1202,0 -> 1495	application-or-library	Dock/window layout and restoration	29.011,29.016,30.005,30.005/shell-reparent-ref,30.016	Enumerated and assigned; see hunk-wbs.tsv; implementation and behavioral verification remain TODO
01.002/000772	DONE	app/display/gimpimagewindow.c	41	text	-1205 -> 1498,2	application-or-library	Dock/window layout and restoration	29.011,29.016,30.005,30.005/shell-reparent-ref,30.016	Enumerated and assigned; see hunk-wbs.tsv; implementation and behavioral verification remain TODO
01.002/000773	DONE	app/display/gimpimagewindow.c	42	text	-1433 -> 1727	application-or-library	Dock/window layout and restoration	29.011,29.016,30.005,30.005/shell-reparent-ref,30.016	Enumerated and assigned; see hunk-wbs.tsv; implementation and behavioral verification remain TODO
01.002/000774	DONE	app/display/gimpimagewindow.c	43	text	-1480,0 -> 1775,12	application-or-library	Dock/window layout and restoration	29.011,29.016,30.005,30.005/shell-reparent-ref,30.016	Enumerated and assigned; see hunk-wbs.tsv; implementation and behavioral verification remain TODO
01.002/000775	DONE	app/display/gimpimagewindow.c	44	text	-1499,2 -> 1805,2	application-or-library	Dock/window layout and restoration	29.011,29.016,30.005,30.005/shell-reparent-ref,30.016	Enumerated and assigned; see hunk-wbs.tsv; implementation and behavioral verification remain TODO
01.002/000776	DONE	app/display/gimpimagewindow.c	45	text	-1504 -> 1810	application-or-library	Dock/window layout and restoration	29.011,29.016,30.005,30.005/shell-reparent-ref,30.016	Enumerated and assigned; see hunk-wbs.tsv; implementation and behavioral verification remain TODO
01.002/000777	DONE	app/display/gimpimagewindow.c	46	text	-1511,2 -> 1817,2	application-or-library	Dock/window layout and restoration	29.011,29.016,30.005,30.005/shell-reparent-ref,30.016	Enumerated and assigned; see hunk-wbs.tsv; implementation and behavioral verification remain TODO
01.002/000778	DONE	app/display/gimpimagewindow.c	47	text	-1630,0 -> 1937	application-or-library	Dock/window layout and restoration	29.011,29.016,30.005,30.005/shell-reparent-ref,30.016	Enumerated and assigned; see hunk-wbs.tsv; implementation and behavioral verification remain TODO
01.002/000779	DONE	app/display/gimpimagewindow.c	48	text	-1653,2 -> 1960,3	application-or-library	Dock/window layout and restoration	29.011,29.016,30.005,30.005/shell-reparent-ref,30.016	Enumerated and assigned; see hunk-wbs.tsv; implementation and behavioral verification remain TODO
01.002/000780	DONE	app/display/gimpimagewindow.c	49	text	-1663,2 -> 1971,4	application-or-library	Dock/window layout and restoration	29.011,29.016,30.005,30.005/shell-reparent-ref,30.016	Enumerated and assigned; see hunk-wbs.tsv; implementation and behavioral verification remain TODO
01.002/000781	DONE	app/display/gimpimagewindow.c	50	text	-1675,0 -> 1986,8	application-or-library	Dock/window layout and restoration	29.011,29.016,30.005,30.005/shell-reparent-ref,30.016	Enumerated and assigned; see hunk-wbs.tsv; implementation and behavioral verification remain TODO
01.002/000782	DONE	app/display/gimpimagewindow.c	51	text	-1677,2 -> 1995,2	application-or-library	Dock/window layout and restoration	29.011,29.016,30.005,30.005/shell-reparent-ref,30.016	Enumerated and assigned; see hunk-wbs.tsv; implementation and behavioral verification remain TODO
01.002/000783	DONE	app/display/gimpimagewindow.c	52	text	-1697,0 -> 2016,51	application-or-library	Dock/window layout and restoration	29.011,29.016,30.005,30.005/shell-reparent-ref,30.016	Enumerated and assigned; see hunk-wbs.tsv; implementation and behavioral verification remain TODO
01.002/000784	DONE	app/display/gimpimagewindow.c	53	text	-1714 -> 2083,17	application-or-library	Dock/window layout and restoration	29.011,29.016,30.005,30.005/shell-reparent-ref,30.016	Enumerated and assigned; see hunk-wbs.tsv; implementation and behavioral verification remain TODO
01.002/000785	DONE	app/display/gimpimagewindow.c	54	text	-1716,6 -> 2101,3	application-or-library	Dock/window layout and restoration	29.011,29.016,30.005,30.005/shell-reparent-ref,30.016	Enumerated and assigned; see hunk-wbs.tsv; implementation and behavioral verification remain TODO
01.002/000786	DONE	app/display/gimpimagewindow.c	55	text	-1722,0 -> 2105	application-or-library	Dock/window layout and restoration	29.011,29.016,30.005,30.005/shell-reparent-ref,30.016	Enumerated and assigned; see hunk-wbs.tsv; implementation and behavioral verification remain TODO
01.002/000787	DONE	app/display/gimpimagewindow.c	56	text	-1725,13 -> 2108,2	application-or-library	Dock/window layout and restoration	29.011,29.016,30.005,30.005/shell-reparent-ref,30.016	Enumerated and assigned; see hunk-wbs.tsv; implementation and behavioral verification remain TODO
01.002/000788	DONE	app/display/gimpimagewindow.c	57	text	-1772 -> 2144,15	application-or-library	Dock/window layout and restoration	29.011,29.016,30.005,30.005/shell-reparent-ref,30.016	Enumerated and assigned; see hunk-wbs.tsv; implementation and behavioral verification remain TODO
01.002/000789	DONE	app/display/gimpimagewindow.c	58	text	-1774 -> 2159,0	application-or-library	Dock/window layout and restoration	29.011,29.016,30.005,30.005/shell-reparent-ref,30.016	Enumerated and assigned; see hunk-wbs.tsv; implementation and behavioral verification remain TODO
01.002/000790	DONE	app/display/gimpimagewindow.c	59	text	-1777 -> 2162	application-or-library	Dock/window layout and restoration	29.011,29.016,30.005,30.005/shell-reparent-ref,30.016	Enumerated and assigned; see hunk-wbs.tsv; implementation and behavioral verification remain TODO
01.002/000791	DONE	app/display/gimpimagewindow.c	60	text	-1780 -> 2165	application-or-library	Dock/window layout and restoration	29.011,29.016,30.005,30.005/shell-reparent-ref,30.016	Enumerated and assigned; see hunk-wbs.tsv; implementation and behavioral verification remain TODO
01.002/000792	DONE	app/display/gimpimagewindow.c	61	text	-1787 -> 2172	application-or-library	Dock/window layout and restoration	29.011,29.016,30.005,30.005/shell-reparent-ref,30.016	Enumerated and assigned; see hunk-wbs.tsv; implementation and behavioral verification remain TODO
01.002/000793	DONE	app/display/gimpimagewindow.c	62	text	-1790 -> 2175	application-or-library	Dock/window layout and restoration	29.011,29.016,30.005,30.005/shell-reparent-ref,30.016	Enumerated and assigned; see hunk-wbs.tsv; implementation and behavioral verification remain TODO
01.002/000794	DONE	app/display/gimpimagewindow.c	63	text	-1793 -> 2178	application-or-library	Dock/window layout and restoration	29.011,29.016,30.005,30.005/shell-reparent-ref,30.016	Enumerated and assigned; see hunk-wbs.tsv; implementation and behavioral verification remain TODO
01.002/000795	DONE	app/display/gimpimagewindow.c	64	text	-1795,0 -> 2181,14	application-or-library	Dock/window layout and restoration	29.011,29.016,30.005,30.005/shell-reparent-ref,30.016	Enumerated and assigned; see hunk-wbs.tsv; implementation and behavioral verification remain TODO
01.002/000796	DONE	app/display/gimpimagewindow.c	65	text	-1809,0 -> 2209	application-or-library	Dock/window layout and restoration	29.011,29.016,30.005,30.005/shell-reparent-ref,30.016	Enumerated and assigned; see hunk-wbs.tsv; implementation and behavioral verification remain TODO
01.002/000797	DONE	app/display/gimpimagewindow.c	66	text	-1810,0 -> 2211	application-or-library	Dock/window layout and restoration	29.011,29.016,30.005,30.005/shell-reparent-ref,30.016	Enumerated and assigned; see hunk-wbs.tsv; implementation and behavioral verification remain TODO
01.002/000798	DONE	app/display/gimpimagewindow.c	67	text	-1817,3 -> 2217,0	application-or-library	Dock/window layout and restoration	29.011,29.016,30.005,30.005/shell-reparent-ref,30.016	Enumerated and assigned; see hunk-wbs.tsv; implementation and behavioral verification remain TODO
01.002/000799	DONE	app/display/gimpimagewindow.c	68	text	-1821,2 -> 2219,4	application-or-library	Dock/window layout and restoration	29.011,29.016,30.005,30.005/shell-reparent-ref,30.016	Enumerated and assigned; see hunk-wbs.tsv; implementation and behavioral verification remain TODO
01.002/000800	DONE	app/display/gimpimagewindow.c	69	text	-1823,0 -> 2224,5	application-or-library	Dock/window layout and restoration	29.011,29.016,30.005,30.005/shell-reparent-ref,30.016	Enumerated and assigned; see hunk-wbs.tsv; implementation and behavioral verification remain TODO
01.002/000801	DONE	app/display/gimpimagewindow.c	70	text	-1897,0 -> 2303,2	application-or-library	Dock/window layout and restoration	29.011,29.016,30.005,30.005/shell-reparent-ref,30.016	Enumerated and assigned; see hunk-wbs.tsv; implementation and behavioral verification remain TODO
01.002/000802	DONE	app/display/gimpimagewindow.c	71	text	-1917,0 -> 2325,3	application-or-library	Dock/window layout and restoration	29.011,29.016,30.005,30.005/shell-reparent-ref,30.016	Enumerated and assigned; see hunk-wbs.tsv; implementation and behavioral verification remain TODO
01.002/000803	DONE	app/display/gimpimagewindow.c	72	text	-1926,0 -> 2337	application-or-library	Dock/window layout and restoration	29.011,29.016,30.005,30.005/shell-reparent-ref,30.016	Enumerated and assigned; see hunk-wbs.tsv; implementation and behavioral verification remain TODO
01.002/000804	DONE	app/display/gimpimagewindow.c	73	text	-1993,0 -> 2405,33	application-or-library	Dock/window layout and restoration	29.011,29.016,30.005,30.005/shell-reparent-ref,30.016	Enumerated and assigned; see hunk-wbs.tsv; implementation and behavioral verification remain TODO
01.002/000805	DONE	app/display/gimpimagewindow.c	74	text	-2041,0 -> 2486,159	application-or-library	Dock/window layout and restoration	29.011,29.016,30.005,30.005/shell-reparent-ref,30.016	Enumerated and assigned; see hunk-wbs.tsv; implementation and behavioral verification remain TODO
01.002/000806	DONE	app/display/gimpimagewindow.h	1	text	-94,0 -> 95,6	application-or-library	Dock/window layout and restoration	29.011,29.016,30.005,30.005/shell-reparent-ref,30.016	Enumerated and assigned; see hunk-wbs.tsv; implementation and behavioral verification remain TODO
01.002/000807	DONE	app/display/gimpimagewindow.h	2	text	-96,0 -> 103,6	application-or-library	Dock/window layout and restoration	29.011,29.016,30.005,30.005/shell-reparent-ref,30.016	Enumerated and assigned; see hunk-wbs.tsv; implementation and behavioral verification remain TODO
01.002/000808	DONE	app/display/gimpmotionbuffer.c	1	text	-266,0 -> 267,3	application-or-library	Motion/pressure event semantics	23.007,23.008,23.009,23.010,23.011,23.012,23.014	Enumerated and assigned; see hunk-wbs.tsv; implementation and behavioral verification remain TODO
01.002/000809	DONE	app/display/gimpmotionbuffer.c	2	text	-297,0 -> 301	application-or-library	Motion/pressure event semantics	23.007,23.008,23.009,23.010,23.011,23.012,23.014	Enumerated and assigned; see hunk-wbs.tsv; implementation and behavioral verification remain TODO
01.002/000810	DONE	app/display/gimpmotionbuffer.c	3	text	-305 -> 309,2	application-or-library	Motion/pressure event semantics	23.007,23.008,23.009,23.010,23.011,23.012,23.014	Enumerated and assigned; see hunk-wbs.tsv; implementation and behavioral verification remain TODO
01.002/000811	DONE	app/display/gimpstatusbar.c	1	text	-59,0 -> 60,3	application-or-library	Tool options toolbar and compact standard controls	29.010,29.010/toolbar-ref-balance,29.010/standard-tool-options,29.011	Enumerated and assigned; see hunk-wbs.tsv; implementation and behavioral verification remain TODO
01.002/000812	DONE	app/display/gimpstatusbar.c	2	text	-124,0 -> 128,6	application-or-library	Tool options toolbar and compact standard controls	29.010,29.010/toolbar-ref-balance,29.010/standard-tool-options,29.011	Enumerated and assigned; see hunk-wbs.tsv; implementation and behavioral verification remain TODO
01.002/000813	DONE	app/display/gimpstatusbar.c	3	text	-161,0 -> 171	application-or-library	Tool options toolbar and compact standard controls	29.010,29.010/toolbar-ref-balance,29.010/standard-tool-options,29.011	Enumerated and assigned; see hunk-wbs.tsv; implementation and behavioral verification remain TODO
01.002/000814	DONE	app/display/gimpstatusbar.c	4	text	-241,0 -> 252,50	application-or-library	Tool options toolbar and compact standard controls	29.010,29.010/toolbar-ref-balance,29.010/standard-tool-options,29.011	Enumerated and assigned; see hunk-wbs.tsv; implementation and behavioral verification remain TODO
01.002/000815	DONE	app/display/gimpstatusbar.c	5	text	-1532,0 -> 1593,60	application-or-library	Tool options toolbar and compact standard controls	29.010,29.010/toolbar-ref-balance,29.010/standard-tool-options,29.011	Enumerated and assigned; see hunk-wbs.tsv; implementation and behavioral verification remain TODO
01.002/000816	DONE	app/dummy.cpp	1	metadata-or-binary	no textual hunk	application-or-library	Nonfunctional/obsolete source candidate	31.018	Enumerated and assigned; see hunk-wbs.tsv; implementation and behavioral verification remain TODO
01.002/000817	DONE	app/file/file-open.c	1	text	-650 -> 650	application-or-library	Core public helper and object contract	08.018/core-extension-hooks	Enumerated and assigned; see hunk-wbs.tsv; implementation and behavioral verification remain TODO
01.002/000818	DONE	app/gimp-features.cpp	1	text	-0,0 -> 1,130	application-or-library	Feature initialization and lifetime	30.016,30.016/feature-entry-point	Enumerated and assigned; see hunk-wbs.tsv; implementation and behavioral verification remain TODO
01.002/000819	DONE	app/gimp-features.h	1	text	-0,0 -> 1,72	application-or-library	Feature initialization and lifetime	30.016,30.016/feature-entry-point	Enumerated and assigned; see hunk-wbs.tsv; implementation and behavioral verification remain TODO
01.002/000820	DONE	app/gui/gimpuiconfigurer.c	1	text	-28,0 -> 29	application-or-library	Dock/window layout and restoration	29.011,29.016,30.005,30.005/shell-reparent-ref,30.016	Enumerated and assigned; see hunk-wbs.tsv; implementation and behavioral verification remain TODO
01.002/000821	DONE	app/gui/gimpuiconfigurer.c	2	text	-38,0 -> 40	application-or-library	Dock/window layout and restoration	29.011,29.016,30.005,30.005/shell-reparent-ref,30.016	Enumerated and assigned; see hunk-wbs.tsv; implementation and behavioral verification remain TODO
01.002/000822	DONE	app/gui/gimpuiconfigurer.c	3	text	-375 -> 377	application-or-library	Dock/window layout and restoration	29.011,29.016,30.005,30.005/shell-reparent-ref,30.016	Enumerated and assigned; see hunk-wbs.tsv; implementation and behavioral verification remain TODO
01.002/000823	DONE	app/gui/gimpuiconfigurer.c	4	text	-416,0 -> 419	application-or-library	Dock/window layout and restoration	29.011,29.016,30.005,30.005/shell-reparent-ref,30.016	Enumerated and assigned; see hunk-wbs.tsv; implementation and behavioral verification remain TODO
01.002/000824	DONE	app/gui/gimpuiconfigurer.c	5	text	-419 -> 422	application-or-library	Dock/window layout and restoration	29.011,29.016,30.005,30.005/shell-reparent-ref,30.016	Enumerated and assigned; see hunk-wbs.tsv; implementation and behavioral verification remain TODO
01.002/000825	DONE	app/gui/gimpuiconfigurer.c	6	text	-421 -> 424	application-or-library	Dock/window layout and restoration	29.011,29.016,30.005,30.005/shell-reparent-ref,30.016	Enumerated and assigned; see hunk-wbs.tsv; implementation and behavioral verification remain TODO
01.002/000826	DONE	app/gui/gimpuiconfigurer.c	7	text	-426,5 -> 428,0	application-or-library	Dock/window layout and restoration	29.011,29.016,30.005,30.005/shell-reparent-ref,30.016	Enumerated and assigned; see hunk-wbs.tsv; implementation and behavioral verification remain TODO
01.002/000827	DONE	app/gui/gimpuiconfigurer.c	8	text	-432,14 -> 430	application-or-library	Dock/window layout and restoration	29.011,29.016,30.005,30.005/shell-reparent-ref,30.016	Enumerated and assigned; see hunk-wbs.tsv; implementation and behavioral verification remain TODO
01.002/000828	DONE	app/gui/gimpuiconfigurer.c	9	text	-447,2 -> 432,30	application-or-library	Dock/window layout and restoration	29.011,29.016,30.005,30.005/shell-reparent-ref,30.016	Enumerated and assigned; see hunk-wbs.tsv; implementation and behavioral verification remain TODO
01.002/000829	DONE	app/gui/gimpuiconfigurer.c	10	text	-450 -> 463,3	application-or-library	Dock/window layout and restoration	29.011,29.016,30.005,30.005/shell-reparent-ref,30.016	Enumerated and assigned; see hunk-wbs.tsv; implementation and behavioral verification remain TODO
01.002/000830	DONE	app/gui/gimpuiconfigurer.c	11	text	-456,0 -> 472	application-or-library	Dock/window layout and restoration	29.011,29.016,30.005,30.005/shell-reparent-ref,30.016	Enumerated and assigned; see hunk-wbs.tsv; implementation and behavioral verification remain TODO
01.002/000831	DONE	app/gui/gimpuiconfigurer.c	12	text	-468,4 -> 484,5	application-or-library	Dock/window layout and restoration	29.011,29.016,30.005,30.005/shell-reparent-ref,30.016	Enumerated and assigned; see hunk-wbs.tsv; implementation and behavioral verification remain TODO
01.002/000832	DONE	app/gui/gimpuiconfigurer.c	13	text	-473 -> 490,3	application-or-library	Dock/window layout and restoration	29.011,29.016,30.005,30.005/shell-reparent-ref,30.016	Enumerated and assigned; see hunk-wbs.tsv; implementation and behavioral verification remain TODO
01.002/000833	DONE	app/gui/gimpuiconfigurer.c	14	text	-476,0 -> 496,3	application-or-library	Dock/window layout and restoration	29.011,29.016,30.005,30.005/shell-reparent-ref,30.016	Enumerated and assigned; see hunk-wbs.tsv; implementation and behavioral verification remain TODO
01.002/000834	DONE	app/gui/gimpuiconfigurer.c	15	text	-477,0 -> 500	application-or-library	Dock/window layout and restoration	29.011,29.016,30.005,30.005/shell-reparent-ref,30.016	Enumerated and assigned; see hunk-wbs.tsv; implementation and behavioral verification remain TODO
01.002/000835	DONE	app/gui/gimpuiconfigurer.c	16	text	-490,0 -> 514	application-or-library	Dock/window layout and restoration	29.011,29.016,30.005,30.005/shell-reparent-ref,30.016	Enumerated and assigned; see hunk-wbs.tsv; implementation and behavioral verification remain TODO
01.002/000836	DONE	app/gui/gimpuiconfigurer.c	17	text	-500,0 -> 525,12	application-or-library	Dock/window layout and restoration	29.011,29.016,30.005,30.005/shell-reparent-ref,30.016	Enumerated and assigned; see hunk-wbs.tsv; implementation and behavioral verification remain TODO
01.002/000837	DONE	app/gui/gimpuiconfigurer.c	18	text	-502,0 -> 539	application-or-library	Dock/window layout and restoration	29.011,29.016,30.005,30.005/shell-reparent-ref,30.016	Enumerated and assigned; see hunk-wbs.tsv; implementation and behavioral verification remain TODO
01.002/000838	DONE	app/gui/gimpuiconfigurer.c	19	text	-519,0 -> 557	application-or-library	Dock/window layout and restoration	29.011,29.016,30.005,30.005/shell-reparent-ref,30.016	Enumerated and assigned; see hunk-wbs.tsv; implementation and behavioral verification remain TODO
01.002/000839	DONE	app/gui/gimpuiconfigurer.c	20	text	-527 -> 564,0	application-or-library	Dock/window layout and restoration	29.011,29.016,30.005,30.005/shell-reparent-ref,30.016	Enumerated and assigned; see hunk-wbs.tsv; implementation and behavioral verification remain TODO
01.002/000840	DONE	app/gui/gimpuiconfigurer.c	21	text	-528,0 -> 566,46	application-or-library	Dock/window layout and restoration	29.011,29.016,30.005,30.005/shell-reparent-ref,30.016	Enumerated and assigned; see hunk-wbs.tsv; implementation and behavioral verification remain TODO
01.002/000841	DONE	app/gui/gimpuiconfigurer.c	22	text	-529,0 -> 613,9	application-or-library	Dock/window layout and restoration	29.011,29.016,30.005,30.005/shell-reparent-ref,30.016	Enumerated and assigned; see hunk-wbs.tsv; implementation and behavioral verification remain TODO
01.002/000842	DONE	app/gui/gimpuiconfigurer.c	23	text	-543,5 -> 635,28	application-or-library	Dock/window layout and restoration	29.011,29.016,30.005,30.005/shell-reparent-ref,30.016	Enumerated and assigned; see hunk-wbs.tsv; implementation and behavioral verification remain TODO
01.002/000843	DONE	app/gui/gui-vtable.c	1	text	-37,0 -> 38	application-or-library	Dock/window layout and restoration	29.011,29.016,30.005,30.005/shell-reparent-ref,30.016	Enumerated and assigned; see hunk-wbs.tsv; implementation and behavioral verification remain TODO
01.002/000844	DONE	app/gui/gui-vtable.c	2	text	-51,0 -> 53	application-or-library	Dock/window layout and restoration	29.011,29.016,30.005,30.005/shell-reparent-ref,30.016	Enumerated and assigned; see hunk-wbs.tsv; implementation and behavioral verification remain TODO
01.002/000845	DONE	app/gui/gui-vtable.c	3	text	-67,0 -> 70	application-or-library	Dock/window layout and restoration	29.011,29.016,30.005,30.005/shell-reparent-ref,30.016	Enumerated and assigned; see hunk-wbs.tsv; implementation and behavioral verification remain TODO
01.002/000846	DONE	app/gui/gui-vtable.c	4	text	-307,0 -> 311,6	application-or-library	Dock/window layout and restoration	29.011,29.016,30.005,30.005/shell-reparent-ref,30.016	Enumerated and assigned; see hunk-wbs.tsv; implementation and behavioral verification remain TODO
01.002/000847	DONE	app/gui/gui-vtable.c	5	text	-352 -> 361	application-or-library	Dock/window layout and restoration	29.011,29.016,30.005,30.005/shell-reparent-ref,30.016	Enumerated and assigned; see hunk-wbs.tsv; implementation and behavioral verification remain TODO
01.002/000848	DONE	app/gui/gui-vtable.c	6	text	-468,0 -> 478,6	application-or-library	Dock/window layout and restoration	29.011,29.016,30.005,30.005/shell-reparent-ref,30.016	Enumerated and assigned; see hunk-wbs.tsv; implementation and behavioral verification remain TODO
01.002/000849	DONE	app/gui/gui-vtable.c	7	text	-561,0 -> 577,3	application-or-library	Dock/window layout and restoration	29.011,29.016,30.005,30.005/shell-reparent-ref,30.016	Enumerated and assigned; see hunk-wbs.tsv; implementation and behavioral verification remain TODO
01.002/000850	DONE	app/gui/gui.c	1	text	-602,0 -> 603,5	application-or-library	Dock/window layout and restoration	29.011,29.016,30.005,30.005/shell-reparent-ref,30.016	Enumerated and assigned; see hunk-wbs.tsv; implementation and behavioral verification remain TODO
01.002/000851	DONE	app/httpd/.gitignore	1	text	-0,0 -> 1,7	application-or-library	Nonfunctional/obsolete source candidate	31.018	Enumerated and assigned; see hunk-wbs.tsv; implementation and behavioral verification remain TODO
01.002/000852	DONE	app/httpd/Makefile.am	1	text	-0,0 -> 1,65	application-or-library	C/C++ module and link integration	04.002,04.008,04.009	Enumerated and assigned; see hunk-wbs.tsv; implementation and behavioral verification remain TODO
01.002/000853	DONE	app/httpd/httpd-enums.c	1	text	-0,0 -> 1,11	application-or-library	Optional HTTP/REST feature	31.001,31.002,31.003,31.004,31.005,31.006,31.007,31.008,31.008/router-lifetime	Enumerated and assigned; see hunk-wbs.tsv; implementation and behavioral verification remain TODO
01.002/000854	DONE	app/httpd/httpd-enums.h	1	text	-0,0 -> 1,37	application-or-library	Optional HTTP/REST feature	31.001,31.002,31.003,31.004,31.005,31.006,31.007,31.008,31.008/router-lifetime	Enumerated and assigned; see hunk-wbs.tsv; implementation and behavioral verification remain TODO
01.002/000855	DONE	app/httpd/httpd-features-gui.cpp	1	text	-0,0 -> 1,96	application-or-library	Optional HTTP/REST feature	31.001,31.002,31.003,31.004,31.005,31.006,31.007,31.008,31.008/router-lifetime	Enumerated and assigned; see hunk-wbs.tsv; implementation and behavioral verification remain TODO
01.002/000856	DONE	app/httpd/httpd-features-gui.h	1	text	-0,0 -> 1,28	application-or-library	Optional HTTP/REST feature	31.001,31.002,31.003,31.004,31.005,31.006,31.007,31.008,31.008/router-lifetime	Enumerated and assigned; see hunk-wbs.tsv; implementation and behavioral verification remain TODO
01.002/000857	DONE	app/httpd/httpd-features.cpp	1	text	-0,0 -> 1,88	application-or-library	Optional HTTP/REST feature	31.001,31.002,31.003,31.004,31.005,31.006,31.007,31.008,31.008/router-lifetime	Enumerated and assigned; see hunk-wbs.tsv; implementation and behavioral verification remain TODO
01.002/000858	DONE	app/httpd/httpd-features.h	1	text	-0,0 -> 1,28	application-or-library	Optional HTTP/REST feature	31.001,31.002,31.003,31.004,31.005,31.006,31.007,31.008,31.008/router-lifetime	Enumerated and assigned; see hunk-wbs.tsv; implementation and behavioral verification remain TODO
01.002/000859	DONE	app/httpd/httpd.cpp	1	text	-0,0 -> 1,164	application-or-library	Optional HTTP/REST feature	31.001,31.002,31.003,31.004,31.005,31.006,31.007,31.008,31.008/router-lifetime	Enumerated and assigned; see hunk-wbs.tsv; implementation and behavioral verification remain TODO
01.002/000860	DONE	app/httpd/httpd.h	1	text	-0,0 -> 1,130	application-or-library	Optional HTTP/REST feature	31.001,31.002,31.003,31.004,31.005,31.006,31.007,31.008,31.008/router-lifetime	Enumerated and assigned; see hunk-wbs.tsv; implementation and behavioral verification remain TODO
01.002/000861	DONE	app/httpd/navigation-guide.cpp	1	text	-0,0 -> 1,282	application-or-library	Optional HTTP/REST feature	31.001,31.002,31.003,31.004,31.005,31.006,31.007,31.008,31.008/router-lifetime	Enumerated and assigned; see hunk-wbs.tsv; implementation and behavioral verification remain TODO
01.002/000862	DONE	app/httpd/navigation-guide.h	1	text	-0,0 -> 1,18	application-or-library	Optional HTTP/REST feature	31.001,31.002,31.003,31.004,31.005,31.006,31.007,31.008,31.008/router-lifetime	Enumerated and assigned; see hunk-wbs.tsv; implementation and behavioral verification remain TODO
01.002/000863	DONE	app/httpd/rest-image-tree.cpp	1	text	-0,0 -> 1,672	application-or-library	Optional HTTP/REST feature	31.001,31.002,31.003,31.004,31.005,31.006,31.007,31.008,31.008/router-lifetime	Enumerated and assigned; see hunk-wbs.tsv; implementation and behavioral verification remain TODO
01.002/000864	DONE	app/httpd/rest-image-tree.h	1	text	-0,0 -> 1,18	application-or-library	Optional HTTP/REST feature	31.001,31.002,31.003,31.004,31.005,31.006,31.007,31.008,31.008/router-lifetime	Enumerated and assigned; see hunk-wbs.tsv; implementation and behavioral verification remain TODO
01.002/000865	DONE	app/httpd/rest-pdb.cpp	1	text	-0,0 -> 1,1099	application-or-library	Optional HTTP/REST feature	31.001,31.002,31.003,31.004,31.005,31.006,31.007,31.008,31.008/router-lifetime	Enumerated and assigned; see hunk-wbs.tsv; implementation and behavioral verification remain TODO
01.002/000866	DONE	app/httpd/rest-pdb.h	1	text	-0,0 -> 1,43	application-or-library	Optional HTTP/REST feature	31.001,31.002,31.003,31.004,31.005,31.006,31.007,31.008,31.008/router-lifetime	Enumerated and assigned; see hunk-wbs.tsv; implementation and behavioral verification remain TODO
01.002/000867	DONE	app/menus/menus.c	1	text	-211,0 -> 212,8	application-or-library	Brush/dialog menu registrations	30.001,30.005	Enumerated and assigned; see hunk-wbs.tsv; implementation and behavioral verification remain TODO
01.002/000868	DONE	app/paint-funcs/Makefile.am	1	text	-33 -> 33,2	application-or-library	Reviewed Makefile private-headers	04.005	Enumerated and assigned; see hunk-wbs.tsv; implementation and behavioral verification remain TODO
01.002/000869	DONE	app/paint-funcs/mypaint-brushmodes.hpp	1	text	-0,0 -> 1,687	application-or-library	Extended dab/color/nonincremental Surface	09.003/region-lifetime,21.001,21.002,21.002/resource-owner,21.003,21.004,21.005,21.006,21.007,21.008,21.009,21.010,21.011,21.012,21.013,21.014,21.015,21.016,21.017,22.007	Enumerated and assigned; see hunk-wbs.tsv; implementation and behavioral verification remain TODO
01.002/000870	DONE	app/paint-funcs/paint-funcs-generic.h	1	text	-304,2 -> 304	application-or-library	Custom seven-mode compositing	13.001,13.001/gegl-operation-route,13.002,13.003,13.004,13.005,13.006,13.007,13.008,13.010,13.011,13.012	Enumerated and assigned; see hunk-wbs.tsv; implementation and behavioral verification remain TODO
01.002/000871	DONE	app/paint-funcs/paint-funcs-generic.h	2	text	-307,4 -> 306	application-or-library	Custom seven-mode compositing	13.001,13.001/gegl-operation-route,13.002,13.003,13.004,13.005,13.006,13.007,13.008,13.010,13.011,13.012	Enumerated and assigned; see hunk-wbs.tsv; implementation and behavioral verification remain TODO
01.002/000872	DONE	app/paint-funcs/paint-funcs-generic.h	3	text	-312 -> 308,9	application-or-library	Custom seven-mode compositing	13.001,13.001/gegl-operation-route,13.002,13.003,13.004,13.005,13.006,13.007,13.008,13.010,13.011,13.012	Enumerated and assigned; see hunk-wbs.tsv; implementation and behavioral verification remain TODO
01.002/000873	DONE	app/paint-funcs/paint-funcs-generic.h	4	text	-314,2 -> 318,4	application-or-library	Custom seven-mode compositing	13.001,13.001/gegl-operation-route,13.002,13.003,13.004,13.005,13.006,13.007,13.008,13.010,13.011,13.012	Enumerated and assigned; see hunk-wbs.tsv; implementation and behavioral verification remain TODO
01.002/000874	DONE	app/paint-funcs/paint-funcs-generic.h	5	text	-317,2 -> 323,10	application-or-library	Custom seven-mode compositing	13.001,13.001/gegl-operation-route,13.002,13.003,13.004,13.005,13.006,13.007,13.008,13.010,13.011,13.012	Enumerated and assigned; see hunk-wbs.tsv; implementation and behavioral verification remain TODO
01.002/000875	DONE	app/paint-funcs/paint-funcs-generic.h	6	text	-320,2 -> 334,20	application-or-library	Custom seven-mode compositing	13.001,13.001/gegl-operation-route,13.002,13.003,13.004,13.005,13.006,13.007,13.008,13.010,13.011,13.012	Enumerated and assigned; see hunk-wbs.tsv; implementation and behavioral verification remain TODO
01.002/000876	DONE	app/paint-funcs/paint-funcs.c	1	text	-56,0 -> 57	application-or-library	Custom seven-mode compositing	13.001,13.001/gegl-operation-route,13.002,13.003,13.004,13.005,13.006,13.007,13.008,13.010,13.011,13.012	Enumerated and assigned; see hunk-wbs.tsv; implementation and behavioral verification remain TODO
01.002/000877	DONE	app/paint-funcs/paint-funcs.c	2	text	-64,26 -> 65,30	application-or-library	Custom seven-mode compositing	13.001,13.001/gegl-operation-route,13.002,13.003,13.004,13.005,13.006,13.007,13.008,13.010,13.011,13.012	Enumerated and assigned; see hunk-wbs.tsv; implementation and behavioral verification remain TODO
01.002/000878	DONE	app/paint-funcs/paint-funcs.c	3	text	-1950,3 -> 1955	application-or-library	Custom seven-mode compositing	13.001,13.001/gegl-operation-route,13.002,13.003,13.004,13.005,13.006,13.007,13.008,13.010,13.011,13.012	Enumerated and assigned; see hunk-wbs.tsv; implementation and behavioral verification remain TODO
01.002/000879	DONE	app/paint-funcs/paint-funcs.c	4	text	-1954 -> 1957,3	application-or-library	Custom seven-mode compositing	13.001,13.001/gegl-operation-route,13.002,13.003,13.004,13.005,13.006,13.007,13.008,13.010,13.011,13.012	Enumerated and assigned; see hunk-wbs.tsv; implementation and behavioral verification remain TODO
01.002/000880	DONE	app/paint-funcs/paint-funcs.c	5	text	-1956 -> 1961,3	application-or-library	Custom seven-mode compositing	13.001,13.001/gegl-operation-route,13.002,13.003,13.004,13.005,13.006,13.007,13.008,13.010,13.011,13.012	Enumerated and assigned; see hunk-wbs.tsv; implementation and behavioral verification remain TODO
01.002/000881	DONE	app/paint-funcs/paint-funcs.c	6	text	-1958,2 -> 1965,7	application-or-library	Custom seven-mode compositing	13.001,13.001/gegl-operation-route,13.002,13.003,13.004,13.005,13.006,13.007,13.008,13.010,13.011,13.012	Enumerated and assigned; see hunk-wbs.tsv; implementation and behavioral verification remain TODO
01.002/000882	DONE	app/paint-funcs/paint-funcs.c	7	text	-4111,5 -> 4122,0	application-or-library	Custom seven-mode compositing	13.001,13.001/gegl-operation-route,13.002,13.003,13.004,13.005,13.006,13.007,13.008,13.010,13.011,13.012	Enumerated and assigned; see hunk-wbs.tsv; implementation and behavioral verification remain TODO
01.002/000883	DONE	app/paint-funcs/paint-funcs.c	8	text	-4121,0 -> 4129,12	application-or-library	Custom seven-mode compositing	13.001,13.001/gegl-operation-route,13.002,13.003,13.004,13.005,13.006,13.007,13.008,13.010,13.011,13.012	Enumerated and assigned; see hunk-wbs.tsv; implementation and behavioral verification remain TODO
01.002/000884	DONE	app/paint-funcs/paint-funcs.h	1	text	-60,2 -> 60	application-or-library	Custom seven-mode compositing	13.001,13.001/gegl-operation-route,13.002,13.003,13.004,13.005,13.006,13.007,13.008,13.010,13.011,13.012	Enumerated and assigned; see hunk-wbs.tsv; implementation and behavioral verification remain TODO
01.002/000885	DONE	app/paint/Makefile.am	1	text	-57,0 -> 58,6	application-or-library	C/C++ module and link integration	04.002,04.008,04.009	Enumerated and assigned; see hunk-wbs.tsv; implementation and behavioral verification remain TODO
01.002/000886	DONE	app/paint/Makefile.am	2	text	-63,0 -> 70,8	application-or-library	C/C++ module and link integration	04.002,04.008,04.009	Enumerated and assigned; see hunk-wbs.tsv; implementation and behavioral verification remain TODO
01.002/000887	DONE	app/paint/Makefile.am	3	text	-81 -> 95,3	application-or-library	Reviewed Makefile private-headers	04.005	Enumerated and assigned; see hunk-wbs.tsv; implementation and behavioral verification remain TODO
01.002/000888	DONE	app/paint/gimp-paint.c	1	text	-45 -> 45	application-or-library	Feature initialization and lifetime	30.016,30.016/feature-entry-point	Enumerated and assigned; see hunk-wbs.tsv; implementation and behavioral verification remain TODO
01.002/000889	DONE	app/paint/gimp-paint.c	2	text	-85 -> 85	application-or-library	Feature initialization and lifetime	30.016,30.016/feature-entry-point	Enumerated and assigned; see hunk-wbs.tsv; implementation and behavioral verification remain TODO
01.002/000890	DONE	app/paint/gimp-paint.c	3	text	-107,0 -> 108,10	application-or-library	Feature initialization and lifetime	30.016,30.016/feature-entry-point	Enumerated and assigned; see hunk-wbs.tsv; implementation and behavioral verification remain TODO
01.002/000891	DONE	app/paint/gimp-paint.c	4	text	-111 -> 121	application-or-library	Feature initialization and lifetime	30.016,30.016/feature-entry-point	Enumerated and assigned; see hunk-wbs.tsv; implementation and behavioral verification remain TODO
01.002/000892	DONE	app/paint/gimp-paint.h	1	text	-23,0 -> 24	application-or-library	Feature initialization and lifetime	30.016,30.016/feature-entry-point	Enumerated and assigned; see hunk-wbs.tsv; implementation and behavioral verification remain TODO
01.002/000893	DONE	app/paint/gimpbrushcore.c	1	text	-40 -> 40,2	application-or-library	Standard paintbrush/dynamics paper	22.001,22.002,22.003,22.005,22.006,22.008,22.009,30.007	Enumerated and assigned; see hunk-wbs.tsv; implementation and behavioral verification remain TODO
01.002/000894	DONE	app/paint/gimpbrushcore.c	2	text	-54,0 -> 56	application-or-library	Standard paintbrush/dynamics paper	22.001,22.002,22.003,22.005,22.006,22.008,22.009,30.007	Enumerated and assigned; see hunk-wbs.tsv; implementation and behavioral verification remain TODO
01.002/000895	DONE	app/paint/gimpbrushcore.c	3	text	-67,0 -> 70,6	application-or-library	Nonfunctional/obsolete source candidate	31.018	Enumerated and assigned; see hunk-wbs.tsv; implementation and behavioral verification remain TODO
01.002/000896	DONE	app/paint/gimpbrushcore.c	4	text	-87 -> 94,0	application-or-library	Nonfunctional/obsolete source candidate	31.018	Enumerated and assigned; see hunk-wbs.tsv; implementation and behavioral verification remain TODO
01.002/000897	DONE	app/paint/gimpbrushcore.c	5	text	-92 -> 99,3	application-or-library	Standard paintbrush/dynamics paper	22.001,22.002,22.003,22.005,22.006,22.008,22.009,30.007	Enumerated and assigned; see hunk-wbs.tsv; implementation and behavioral verification remain TODO
01.002/000898	DONE	app/paint/gimpbrushcore.c	6	text	-101,0 -> 111,5	application-or-library	Standard paintbrush/dynamics paper	22.001,22.002,22.003,22.005,22.006,22.008,22.009,30.007	Enumerated and assigned; see hunk-wbs.tsv; implementation and behavioral verification remain TODO
01.002/000899	DONE	app/paint/gimpbrushcore.c	7	text	-112,0 -> 127,6	application-or-library	Nonfunctional/obsolete source candidate	31.018	Enumerated and assigned; see hunk-wbs.tsv; implementation and behavioral verification remain TODO
01.002/000900	DONE	app/paint/gimpbrushcore.c	8	text	-159,0 -> 180,10	application-or-library	Standard paintbrush/dynamics paper	22.001,22.002,22.003,22.005,22.006,22.008,22.009,30.007	Enumerated and assigned; see hunk-wbs.tsv; implementation and behavioral verification remain TODO
01.002/000901	DONE	app/paint/gimpbrushcore.c	9	text	-173,0 -> 204	application-or-library	Standard paintbrush/dynamics paper	22.001,22.002,22.003,22.005,22.006,22.008,22.009,30.007	Enumerated and assigned; see hunk-wbs.tsv; implementation and behavioral verification remain TODO
01.002/000902	DONE	app/paint/gimpbrushcore.c	10	text	-183,0 -> 215	application-or-library	Standard paintbrush/dynamics paper	22.001,22.002,22.003,22.005,22.006,22.008,22.009,30.007	Enumerated and assigned; see hunk-wbs.tsv; implementation and behavioral verification remain TODO
01.002/000903	DONE	app/paint/gimpbrushcore.c	11	text	-199,0 -> 232,2	application-or-library	Standard paintbrush/dynamics paper	22.001,22.002,22.003,22.005,22.006,22.008,22.009,30.007	Enumerated and assigned; see hunk-wbs.tsv; implementation and behavioral verification remain TODO
01.002/000904	DONE	app/paint/gimpbrushcore.c	12	text	-201,0 -> 236,2	application-or-library	Independent Smudge accumulation and blending	23.001,23.002,23.003,23.004,23.005	Enumerated and assigned; see hunk-wbs.tsv; implementation and behavioral verification remain TODO
01.002/000905	DONE	app/paint/gimpbrushcore.c	13	text	-250,0 -> 287,19	application-or-library	Standard paintbrush/dynamics paper	22.001,22.002,22.003,22.005,22.006,22.008,22.009,30.007	Enumerated and assigned; see hunk-wbs.tsv; implementation and behavioral verification remain TODO
01.002/000906	DONE	app/paint/gimpbrushcore.c	14	text	-279,0 -> 335,6	application-or-library	Standard paintbrush/dynamics paper	22.001,22.002,22.003,22.005,22.006,22.008,22.009,30.007	Enumerated and assigned; see hunk-wbs.tsv; implementation and behavioral verification remain TODO
01.002/000907	DONE	app/paint/gimpbrushcore.c	15	text	-363 -> 424	application-or-library	Nonfunctional/obsolete source candidate	31.018	Enumerated and assigned; see hunk-wbs.tsv; implementation and behavioral verification remain TODO
01.002/000908	DONE	app/paint/gimpbrushcore.c	16	text	-378,0 -> 440,5	application-or-library	Standard paintbrush/dynamics paper	22.001,22.002,22.003,22.005,22.006,22.008,22.009,30.007	Enumerated and assigned; see hunk-wbs.tsv; implementation and behavioral verification remain TODO
01.002/000909	DONE	app/paint/gimpbrushcore.c	17	text	-383,0 -> 450,11	application-or-library	Standard paintbrush/dynamics paper	22.001,22.002,22.003,22.005,22.006,22.008,22.009,30.007	Enumerated and assigned; see hunk-wbs.tsv; implementation and behavioral verification remain TODO
01.002/000910	DONE	app/paint/gimpbrushcore.c	18	text	-478,0 -> 556,7	application-or-library	Motion/pressure event semantics	23.007,23.008,23.009,23.010,23.011,23.012,23.014	Enumerated and assigned; see hunk-wbs.tsv; implementation and behavioral verification remain TODO
01.002/000911	DONE	app/paint/gimpbrushcore.c	19	text	-479,0 -> 564,5	application-or-library	Motion/pressure event semantics	23.007,23.008,23.009,23.010,23.011,23.012,23.014	Enumerated and assigned; see hunk-wbs.tsv; implementation and behavioral verification remain TODO
01.002/000912	DONE	app/paint/gimpbrushcore.c	20	text	-506,0 -> 596	application-or-library	Motion/pressure event semantics	23.007,23.008,23.009,23.010,23.011,23.012,23.014	Enumerated and assigned; see hunk-wbs.tsv; implementation and behavioral verification remain TODO
01.002/000913	DONE	app/paint/gimpbrushcore.c	21	text	-886,0 -> 977,13	application-or-library	Standard paintbrush/dynamics paper	22.001,22.002,22.003,22.005,22.006,22.008,22.009,30.007	Enumerated and assigned; see hunk-wbs.tsv; implementation and behavioral verification remain TODO
01.002/000914	DONE	app/paint/gimpbrushcore.c	22	text	-908,0 -> 1012,159	application-or-library	Standard paintbrush/dynamics paper	22.001,22.002,22.003,22.005,22.006,22.008,22.009,30.007	Enumerated and assigned; see hunk-wbs.tsv; implementation and behavioral verification remain TODO
01.002/000915	DONE	app/paint/gimpbrushcore.c	23	text	-1405,0 -> 1668,55	application-or-library	Standard paintbrush/dynamics paper	22.001,22.002,22.003,22.005,22.006,22.008,22.009,30.007	Enumerated and assigned; see hunk-wbs.tsv; implementation and behavioral verification remain TODO
01.002/000916	DONE	app/paint/gimpbrushcore.c	24	text	-1412,0 -> 1730	application-or-library	Standard paintbrush/dynamics paper	22.001,22.002,22.003,22.005,22.006,22.008,22.009,30.007	Enumerated and assigned; see hunk-wbs.tsv; implementation and behavioral verification remain TODO
01.002/000917	DONE	app/paint/gimpbrushcore.c	25	text	-1422 -> 1740	application-or-library	Standard paintbrush/dynamics paper	22.001,22.002,22.003,22.005,22.006,22.008,22.009,30.007	Enumerated and assigned; see hunk-wbs.tsv; implementation and behavioral verification remain TODO
01.002/000918	DONE	app/paint/gimpbrushcore.c	26	text	-1428 -> 1746	application-or-library	Standard paintbrush/dynamics paper	22.001,22.002,22.003,22.005,22.006,22.008,22.009,30.007	Enumerated and assigned; see hunk-wbs.tsv; implementation and behavioral verification remain TODO
01.002/000919	DONE	app/paint/gimpbrushcore.c	27	text	-1434 -> 1752	application-or-library	Standard paintbrush/dynamics paper	22.001,22.002,22.003,22.005,22.006,22.008,22.009,30.007	Enumerated and assigned; see hunk-wbs.tsv; implementation and behavioral verification remain TODO
01.002/000920	DONE	app/paint/gimpbrushcore.c	28	text	-1440,0 -> 1759,3	application-or-library	Standard paintbrush/dynamics paper	22.001,22.002,22.003,22.005,22.006,22.008,22.009,30.007	Enumerated and assigned; see hunk-wbs.tsv; implementation and behavioral verification remain TODO
01.002/000921	DONE	app/paint/gimpbrushcore.c	29	text	-1480,4 -> 1801,5	application-or-library	Independent Smudge accumulation and blending	23.001,23.002,23.003,23.004,23.005	Enumerated and assigned; see hunk-wbs.tsv; implementation and behavioral verification remain TODO
01.002/000922	DONE	app/paint/gimpbrushcore.h	1	text	-45,0 -> 46	application-or-library	Standard paintbrush/dynamics paper	22.001,22.002,22.003,22.005,22.006,22.008,22.009,30.007	Enumerated and assigned; see hunk-wbs.tsv; implementation and behavioral verification remain TODO
01.002/000923	DONE	app/paint/gimpbrushcore.h	2	text	-69,0 -> 71,2	application-or-library	Standard paintbrush/dynamics paper	22.001,22.002,22.003,22.005,22.006,22.008,22.009,30.007	Enumerated and assigned; see hunk-wbs.tsv; implementation and behavioral verification remain TODO
01.002/000924	DONE	app/paint/gimpbrushcore.h	3	text	-71,0 -> 75,13	application-or-library	Independent Smudge accumulation and blending	23.001,23.002,23.003,23.004,23.005	Enumerated and assigned; see hunk-wbs.tsv; implementation and behavioral verification remain TODO
01.002/000925	DONE	app/paint/gimpbrushcore.h	4	text	-90,0 -> 107,2	application-or-library	Standard paintbrush/dynamics paper	22.001,22.002,22.003,22.005,22.006,22.008,22.009,30.007	Enumerated and assigned; see hunk-wbs.tsv; implementation and behavioral verification remain TODO
01.002/000926	DONE	app/paint/gimpbrushcore.h	5	text	-101,0 -> 120,13	application-or-library	Standard paintbrush/dynamics paper	22.001,22.002,22.003,22.005,22.006,22.008,22.009,30.007	Enumerated and assigned; see hunk-wbs.tsv; implementation and behavioral verification remain TODO
01.002/000927	DONE	app/paint/gimpbrushcore.h	6	text	-139,0 -> 171,6	application-or-library	C/C++ header/type adapter	04.003,04.004,08.019	Enumerated and assigned; see hunk-wbs.tsv; implementation and behavioral verification remain TODO
01.002/000928	DONE	app/paint/gimpink.c	1	text	-189,0 -> 190,2	application-or-library	Motion/pressure event semantics	23.007,23.008,23.009,23.010,23.011,23.012,23.014	Enumerated and assigned; see hunk-wbs.tsv; implementation and behavioral verification remain TODO
01.002/000929	DONE	app/paint/gimpink.c	2	text	-259,0 -> 262,4	application-or-library	Motion/pressure event semantics	23.007,23.008,23.009,23.010,23.011,23.012,23.014	Enumerated and assigned; see hunk-wbs.tsv; implementation and behavioral verification remain TODO
01.002/000930	DONE	app/paint/gimpink.h	1	text	-23,0 -> 24	application-or-library	Motion/pressure event semantics	23.007,23.008,23.009,23.010,23.011,23.012,23.014	Enumerated and assigned; see hunk-wbs.tsv; implementation and behavioral verification remain TODO
01.002/000931	DONE	app/paint/gimpink.h	2	text	-43,0 -> 45	application-or-library	Motion/pressure event semantics	23.007,23.008,23.009,23.010,23.011,23.012,23.014	Enumerated and assigned; see hunk-wbs.tsv; implementation and behavioral verification remain TODO
01.002/000932	DONE	app/paint/gimpmypaintcore-brushfeature.hpp	1	text	-0,0 -> 1,681	application-or-library	GIMP shape transform and sampling	21.002,21.002/resource-owner,21.003,21.004,21.005,21.006,22.003,22.005	Enumerated and assigned; see hunk-wbs.tsv; implementation and behavioral verification remain TODO
01.002/000933	DONE	app/paint/gimpmypaintcore-drawablefeature.hpp	1	text	-0,0 -> 1,429	application-or-library	MyPaint drawable backend and snapshots	09.003,09.003/region-lifetime,09.004,09.006,09.007,09.008,09.009,09.010,09.011,09.012,09.013,21.010,21.011	Enumerated and assigned; see hunk-wbs.tsv; implementation and behavioral verification remain TODO
01.002/000934	DONE	app/paint/gimpmypaintcore-surface.cpp	1	text	-0,0 -> 1,619	application-or-library	Extended dab/color/nonincremental Surface	09.003/region-lifetime,21.001,21.002,21.002/resource-owner,21.003,21.004,21.005,21.006,21.007,21.008,21.009,21.010,21.011,21.012,21.013,21.014,21.015,21.016,21.017,22.007	Enumerated and assigned; see hunk-wbs.tsv; implementation and behavioral verification remain TODO
01.002/000935	DONE	app/paint/gimpmypaintcore-surface.hpp	1	text	-0,0 -> 1,57	application-or-library	Extended dab/color/nonincremental Surface	09.003/region-lifetime,21.001,21.002,21.002/resource-owner,21.003,21.004,21.005,21.006,21.007,21.008,21.009,21.010,21.011,21.012,21.013,21.014,21.015,21.016,21.017,22.007	Enumerated and assigned; see hunk-wbs.tsv; implementation and behavioral verification remain TODO
01.002/000936	DONE	app/paint/gimpmypaintcore.cpp	1	text	-0,0 -> 1,471	application-or-library	MyPaint core stroke integration	08.006,08.006/core-options-init,20.017,21.014,21.015,21.016	Enumerated and assigned; see hunk-wbs.tsv; implementation and behavioral verification remain TODO
01.002/000937	DONE	app/paint/gimpmypaintcore.h.bak	1	text	-0,0 -> 1,162	application-or-library	Nonfunctional/obsolete source candidate	31.018	Enumerated and assigned; see hunk-wbs.tsv; implementation and behavioral verification remain TODO
01.002/000938	DONE	app/paint/gimpmypaintcore.hpp	1	text	-0,0 -> 1,67	application-or-library	MyPaint core stroke integration	08.006,08.006/core-options-init,20.017,21.014,21.015,21.016	Enumerated and assigned; see hunk-wbs.tsv; implementation and behavioral verification remain TODO
01.002/000939	DONE	app/paint/gimpmypaintcoreundo.cpp	1	text	-0,0 -> 1,164	application-or-library	MyPaint stroke Undo ownership	09.011/mypaint-undo-stroke,21.014	Enumerated and assigned; see hunk-wbs.tsv; implementation and behavioral verification remain TODO
01.002/000940	DONE	app/paint/gimpmypaintcoreundo.h	1	text	-0,0 -> 1,50	application-or-library	MyPaint stroke Undo ownership	09.011/mypaint-undo-stroke,21.014	Enumerated and assigned; see hunk-wbs.tsv; implementation and behavioral verification remain TODO
01.002/000941	DONE	app/paint/gimpmypaintoptions-history.cpp	1	text	-0,0 -> 1,96	application-or-library	Brush history and live-state restoration	24.010,24.011	Enumerated and assigned; see hunk-wbs.tsv; implementation and behavioral verification remain TODO
01.002/000942	DONE	app/paint/gimpmypaintoptions-history.hpp	1	text	-0,0 -> 1,34	application-or-library	Brush history and live-state restoration	24.010,24.011	Enumerated and assigned; see hunk-wbs.tsv; implementation and behavioral verification remain TODO
01.002/000943	DONE	app/paint/gimpmypaintoptions.cpp	1	text	-0,0 -> 1,611	application-or-library	Extended MyPaint option model	08.007,08.007/dict-owner,19.016,24.001,30.007	Enumerated and assigned; see hunk-wbs.tsv; implementation and behavioral verification remain TODO
01.002/000944	DONE	app/paint/gimpmypaintoptions.h	1	text	-0,0 -> 1,98	application-or-library	Extended MyPaint option model	08.007,08.007/dict-owner,19.016,24.001,30.007	Enumerated and assigned; see hunk-wbs.tsv; implementation and behavioral verification remain TODO
01.002/000945	DONE	app/paint/gimppaintcore.c	1	text	-362 -> 362	application-or-library	Nonfunctional/obsolete source candidate	31.018	Enumerated and assigned; see hunk-wbs.tsv; implementation and behavioral verification remain TODO
01.002/000946	DONE	app/paint/gimppaintcore.c	2	text	-442 -> 442	application-or-library	Nonfunctional/obsolete source candidate	31.018	Enumerated and assigned; see hunk-wbs.tsv; implementation and behavioral verification remain TODO
01.002/000947	DONE	app/paint/gimppaintcore.h	1	text	-22,0 -> 23	application-or-library	Motion/pressure event semantics	23.007,23.008,23.009,23.010,23.011,23.012,23.014	Enumerated and assigned; see hunk-wbs.tsv; implementation and behavioral verification remain TODO
01.002/000948	DONE	app/paint/gimppaintcore.h	2	text	-209 -> 210,6	application-or-library	C/C++ header/type adapter	04.003,04.004,08.019	Enumerated and assigned; see hunk-wbs.tsv; implementation and behavioral verification remain TODO
01.002/000949	DONE	app/paint/gimppaintoptions.c	1	text	-39,0 -> 40,48	application-or-library	Motion/pressure event semantics	23.007,23.008,23.009,23.010,23.011,23.012,23.014	Enumerated and assigned; see hunk-wbs.tsv; implementation and behavioral verification remain TODO
01.002/000950	DONE	app/paint/gimppaintoptions.c	2	text	-106 -> 154,3	application-or-library	Standard paintbrush/dynamics paper	22.001,22.002,22.003,22.005,22.006,22.008,22.009,30.007	Enumerated and assigned; see hunk-wbs.tsv; implementation and behavioral verification remain TODO
01.002/000951	DONE	app/paint/gimppaintoptions.c	3	text	-270,0 -> 321,4	application-or-library	Standard paintbrush/dynamics paper	22.001,22.002,22.003,22.005,22.006,22.008,22.009,30.007	Enumerated and assigned; see hunk-wbs.tsv; implementation and behavioral verification remain TODO
01.002/000952	DONE	app/paint/gimppaintoptions.c	4	text	-281,0 -> 336	application-or-library	Standard paintbrush/dynamics paper	22.001,22.002,22.003,22.005,22.006,22.008,22.009,30.007	Enumerated and assigned; see hunk-wbs.tsv; implementation and behavioral verification remain TODO
01.002/000953	DONE	app/paint/gimppaintoptions.c	5	text	-321,0 -> 377	application-or-library	Standard paintbrush/dynamics paper	22.001,22.002,22.003,22.005,22.006,22.008,22.009,30.007	Enumerated and assigned; see hunk-wbs.tsv; implementation and behavioral verification remain TODO
01.002/000954	DONE	app/paint/gimppaintoptions.c	6	text	-424,0 -> 481,4	application-or-library	Standard paintbrush/dynamics paper	22.001,22.002,22.003,22.005,22.006,22.008,22.009,30.007	Enumerated and assigned; see hunk-wbs.tsv; implementation and behavioral verification remain TODO
01.002/000955	DONE	app/paint/gimppaintoptions.c	7	text	-441,0 -> 502	application-or-library	Standard paintbrush/dynamics paper	22.001,22.002,22.003,22.005,22.006,22.008,22.009,30.007	Enumerated and assigned; see hunk-wbs.tsv; implementation and behavioral verification remain TODO
01.002/000956	DONE	app/paint/gimppaintoptions.c	8	text	-532 -> 593	application-or-library	Nonfunctional/obsolete source candidate	31.018	Enumerated and assigned; see hunk-wbs.tsv; implementation and behavioral verification remain TODO
01.002/000957	DONE	app/paint/gimppaintoptions.c	9	text	-544,0 -> 606,4	application-or-library	Standard paintbrush/dynamics paper	22.001,22.002,22.003,22.005,22.006,22.008,22.009,30.007	Enumerated and assigned; see hunk-wbs.tsv; implementation and behavioral verification remain TODO
01.002/000958	DONE	app/paint/gimppaintoptions.h	1	text	-32,0 -> 33,19	application-or-library	Motion/pressure event semantics	23.007,23.008,23.009,23.010,23.011,23.012,23.014	Enumerated and assigned; see hunk-wbs.tsv; implementation and behavioral verification remain TODO
01.002/000959	DONE	app/paint/gimppaintoptions.h	2	text	-37,0 -> 57	application-or-library	Standard paintbrush/dynamics paper	22.001,22.002,22.003,22.005,22.006,22.008,22.009,30.007	Enumerated and assigned; see hunk-wbs.tsv; implementation and behavioral verification remain TODO
01.002/000960	DONE	app/paint/gimppaintoptions.h	3	text	-65,0 -> 86,4	application-or-library	Standard paintbrush/dynamics paper	22.001,22.002,22.003,22.005,22.006,22.008,22.009,30.007	Enumerated and assigned; see hunk-wbs.tsv; implementation and behavioral verification remain TODO
01.002/000961	DONE	app/paint/gimppaintoptions.h	4	text	-97,0 -> 122	application-or-library	Standard paintbrush/dynamics paper	22.001,22.002,22.003,22.005,22.006,22.008,22.009,30.007	Enumerated and assigned; see hunk-wbs.tsv; implementation and behavioral verification remain TODO
01.002/000962	DONE	app/paint/gimppaintoptions.h	5	text	-131,0 -> 157,4	application-or-library	Motion/pressure event semantics	23.007,23.008,23.009,23.010,23.011,23.012,23.014	Enumerated and assigned; see hunk-wbs.tsv; implementation and behavioral verification remain TODO
01.002/000963	DONE	app/paint/gimppaintoptions.h	6	text	-145 -> 174,6	application-or-library	C/C++ header/type adapter	04.003,04.004,08.019	Enumerated and assigned; see hunk-wbs.tsv; implementation and behavioral verification remain TODO
01.002/000964	DONE	app/paint/gimpsmudge.c	1	text	-61,0 -> 62,8	application-or-library	Independent Smudge accumulation and blending	23.001,23.002,23.003,23.004,23.005	Enumerated and assigned; see hunk-wbs.tsv; implementation and behavioral verification remain TODO
01.002/000965	DONE	app/paint/gimpsmudge.c	2	text	-68,0 -> 77	application-or-library	Independent Smudge accumulation and blending	23.001,23.002,23.003,23.004,23.005	Enumerated and assigned; see hunk-wbs.tsv; implementation and behavioral verification remain TODO
01.002/000966	DONE	app/paint/gimpsmudge.c	3	text	-108,0 -> 118,2	application-or-library	Independent Smudge accumulation and blending	23.001,23.002,23.003,23.004,23.005	Enumerated and assigned; see hunk-wbs.tsv; implementation and behavioral verification remain TODO
01.002/000967	DONE	app/paint/gimpsmudge.c	4	text	-109,0 -> 121	application-or-library	Independent Smudge accumulation and blending	23.001,23.002,23.003,23.004,23.005	Enumerated and assigned; see hunk-wbs.tsv; implementation and behavioral verification remain TODO
01.002/000968	DONE	app/paint/gimpsmudge.c	5	text	-121,0 -> 134,7	application-or-library	Independent Smudge accumulation and blending	23.001,23.002,23.003,23.004,23.005	Enumerated and assigned; see hunk-wbs.tsv; implementation and behavioral verification remain TODO
01.002/000969	DONE	app/paint/gimpsmudge.c	6	text	-122,0 -> 142	application-or-library	Independent Smudge accumulation and blending	23.001,23.002,23.003,23.004,23.005	Enumerated and assigned; see hunk-wbs.tsv; implementation and behavioral verification remain TODO
01.002/000970	DONE	app/paint/gimpsmudge.c	7	text	-123,0 -> 144	application-or-library	Independent Smudge accumulation and blending	23.001,23.002,23.003,23.004,23.005	Enumerated and assigned; see hunk-wbs.tsv; implementation and behavioral verification remain TODO
01.002/000971	DONE	app/paint/gimpsmudge.c	8	text	-155,0 -> 177,5	application-or-library	Independent Smudge accumulation and blending	23.001,23.002,23.003,23.004,23.005	Enumerated and assigned; see hunk-wbs.tsv; implementation and behavioral verification remain TODO
01.002/000972	DONE	app/paint/gimpsmudge.c	9	text	-169,0 -> 196,8	application-or-library	Independent Smudge accumulation and blending	23.001,23.002,23.003,23.004,23.005	Enumerated and assigned; see hunk-wbs.tsv; implementation and behavioral verification remain TODO
01.002/000973	DONE	app/paint/gimpsmudge.c	10	text	-173,0 -> 208,4	application-or-library	Independent Smudge accumulation and blending	23.001,23.002,23.003,23.004,23.005	Enumerated and assigned; see hunk-wbs.tsv; implementation and behavioral verification remain TODO
01.002/000974	DONE	app/paint/gimpsmudge.c	11	text	-174,0 -> 213	application-or-library	Independent Smudge accumulation and blending	23.001,23.002,23.003,23.004,23.005	Enumerated and assigned; see hunk-wbs.tsv; implementation and behavioral verification remain TODO
01.002/000975	DONE	app/paint/gimpsmudge.c	12	text	-179 -> 218,3	application-or-library	Independent Smudge accumulation and blending	23.001,23.002,23.003,23.004,23.005	Enumerated and assigned; see hunk-wbs.tsv; implementation and behavioral verification remain TODO
01.002/000976	DONE	app/paint/gimpsmudge.c	13	text	-183,0 -> 225,12	application-or-library	Independent Smudge accumulation and blending	23.001,23.002,23.003,23.004,23.005	Enumerated and assigned; see hunk-wbs.tsv; implementation and behavioral verification remain TODO
01.002/000977	DONE	app/paint/gimpsmudge.c	14	text	-193,0 -> 247	application-or-library	Independent Smudge accumulation and blending	23.001,23.002,23.003,23.004,23.005	Enumerated and assigned; see hunk-wbs.tsv; implementation and behavioral verification remain TODO
01.002/000978	DONE	app/paint/gimpsmudge.c	15	text	-200,2 -> 254,2	application-or-library	Independent Smudge accumulation and blending	23.001,23.002,23.003,23.004,23.005	Enumerated and assigned; see hunk-wbs.tsv; implementation and behavioral verification remain TODO
01.002/000979	DONE	app/paint/gimpsmudge.c	16	text	-215,2 -> 269,2	application-or-library	Independent Smudge accumulation and blending	23.001,23.002,23.003,23.004,23.005	Enumerated and assigned; see hunk-wbs.tsv; implementation and behavioral verification remain TODO
01.002/000980	DONE	app/paint/gimpsmudge.c	17	text	-225 -> 279	application-or-library	Independent Smudge accumulation and blending	23.001,23.002,23.003,23.004,23.005	Enumerated and assigned; see hunk-wbs.tsv; implementation and behavioral verification remain TODO
01.002/000981	DONE	app/paint/gimpsmudge.c	18	text	-235,5 -> 289,7	application-or-library	Independent Smudge accumulation and blending	23.001,23.002,23.003,23.004,23.005	Enumerated and assigned; see hunk-wbs.tsv; implementation and behavioral verification remain TODO
01.002/000982	DONE	app/paint/gimpsmudge.c	19	text	-256,0 -> 313	application-or-library	Independent Smudge accumulation and blending	23.001,23.002,23.003,23.004,23.005	Enumerated and assigned; see hunk-wbs.tsv; implementation and behavioral verification remain TODO
01.002/000983	DONE	app/paint/gimpsmudge.c	20	text	-264 -> 321	application-or-library	Independent Smudge accumulation and blending	23.001,23.002,23.003,23.004,23.005	Enumerated and assigned; see hunk-wbs.tsv; implementation and behavioral verification remain TODO
01.002/000984	DONE	app/paint/gimpsmudge.c	21	text	-265,0 -> 323,2	application-or-library	Independent Smudge accumulation and blending	23.001,23.002,23.003,23.004,23.005	Enumerated and assigned; see hunk-wbs.tsv; implementation and behavioral verification remain TODO
01.002/000985	DONE	app/paint/gimpsmudge.c	22	text	-284,0 -> 344,2	application-or-library	Independent Smudge accumulation and blending	23.001,23.002,23.003,23.004,23.005	Enumerated and assigned; see hunk-wbs.tsv; implementation and behavioral verification remain TODO
01.002/000986	DONE	app/paint/gimpsmudge.c	23	text	-289,0 -> 351,5	application-or-library	Independent Smudge accumulation and blending	23.001,23.002,23.003,23.004,23.005	Enumerated and assigned; see hunk-wbs.tsv; implementation and behavioral verification remain TODO
01.002/000987	DONE	app/paint/gimpsmudge.c	24	text	-291,0 -> 358	application-or-library	Independent Smudge accumulation and blending	23.001,23.002,23.003,23.004,23.005	Enumerated and assigned; see hunk-wbs.tsv; implementation and behavioral verification remain TODO
01.002/000988	DONE	app/paint/gimpsmudge.c	25	text	-320 -> 387	application-or-library	Independent Smudge accumulation and blending	23.001,23.002,23.003,23.004,23.005	Enumerated and assigned; see hunk-wbs.tsv; implementation and behavioral verification remain TODO
01.002/000989	DONE	app/paint/gimpsmudge.c	26	text	-339,0 -> 407,36	application-or-library	Independent Smudge accumulation and blending	23.001,23.002,23.003,23.004,23.005	Enumerated and assigned; see hunk-wbs.tsv; implementation and behavioral verification remain TODO
01.002/000990	DONE	app/paint/gimpsmudge.c	27	text	-344,0 -> 448,50	application-or-library	Independent Smudge accumulation and blending	23.001,23.002,23.003,23.004,23.005	Enumerated and assigned; see hunk-wbs.tsv; implementation and behavioral verification remain TODO
01.002/000991	DONE	app/paint/gimpsmudge.c	28	text	-359,0 -> 513,2	application-or-library	Independent Smudge accumulation and blending	23.001,23.002,23.003,23.004,23.005	Enumerated and assigned; see hunk-wbs.tsv; implementation and behavioral verification remain TODO
01.002/000992	DONE	app/paint/gimpsmudge.c	29	text	-361,0 -> 517,41	application-or-library	Independent Smudge accumulation and blending	23.001,23.002,23.003,23.004,23.005	Enumerated and assigned; see hunk-wbs.tsv; implementation and behavioral verification remain TODO
01.002/000993	DONE	app/paint/gimpsmudge.c	30	text	-382,0 -> 579	application-or-library	Independent Smudge accumulation and blending	23.001,23.002,23.003,23.004,23.005	Enumerated and assigned; see hunk-wbs.tsv; implementation and behavioral verification remain TODO
01.002/000994	DONE	app/paint/gimpsmudge.h	1	text	-43,0 -> 44,3	application-or-library	Independent Smudge accumulation and blending	23.001,23.002,23.003,23.004,23.005	Enumerated and assigned; see hunk-wbs.tsv; implementation and behavioral verification remain TODO
01.002/000995	DONE	app/paint/gimpsmudge.h	2	text	-44,0 -> 48	application-or-library	Independent Smudge accumulation and blending	23.001,23.002,23.003,23.004,23.005	Enumerated and assigned; see hunk-wbs.tsv; implementation and behavioral verification remain TODO
01.002/000996	DONE	app/paint/gimpsmudgeoptions.c	1	text	-29,0 -> 30	application-or-library	Independent Smudge accumulation and blending	23.001,23.002,23.003,23.004,23.005	Enumerated and assigned; see hunk-wbs.tsv; implementation and behavioral verification remain TODO
01.002/000997	DONE	app/paint/gimpsmudgeoptions.c	2	text	-35 -> 36,2	application-or-library	Independent Smudge accumulation and blending	23.001,23.002,23.003,23.004,23.005	Enumerated and assigned; see hunk-wbs.tsv; implementation and behavioral verification remain TODO
01.002/000998	DONE	app/paint/gimpsmudgeoptions.c	3	text	-64,0 -> 67,5	application-or-library	Independent Smudge accumulation and blending	23.001,23.002,23.003,23.004,23.005	Enumerated and assigned; see hunk-wbs.tsv; implementation and behavioral verification remain TODO
01.002/000999	DONE	app/paint/gimpsmudgeoptions.c	4	text	-84,0 -> 92,5	application-or-library	Independent Smudge accumulation and blending	23.001,23.002,23.003,23.004,23.005	Enumerated and assigned; see hunk-wbs.tsv; implementation and behavioral verification remain TODO
01.002/001000	DONE	app/paint/gimpsmudgeoptions.c	5	text	-103,0 -> 116,5	application-or-library	Independent Smudge accumulation and blending	23.001,23.002,23.003,23.004,23.005	Enumerated and assigned; see hunk-wbs.tsv; implementation and behavioral verification remain TODO
01.002/001001	DONE	app/paint/gimpsmudgeoptions.h	1	text	-39,0 -> 40	application-or-library	Independent Smudge accumulation and blending	23.001,23.002,23.003,23.004,23.005	Enumerated and assigned; see hunk-wbs.tsv; implementation and behavioral verification remain TODO
01.002/001002	DONE	app/paint/mypaintbrush-brush.hpp	1	text	-0,0 -> 1,934	application-or-library	Extended MyPaint evaluation and stroke state	20.001,20.002,20.003,20.004,20.005,20.006,20.007,20.008,20.009,20.010,20.011,20.012,20.013,20.014,20.015,20.016,20.017	Enumerated and assigned; see hunk-wbs.tsv; implementation and behavioral verification remain TODO
01.002/001003	DONE	app/paint/mypaintbrush-stroke.cpp	1	text	-0,0 -> 1,106	application-or-library	Extended MyPaint evaluation and stroke state	20.001,20.002,20.003,20.004,20.005,20.006,20.007,20.008,20.009,20.010,20.011,20.012,20.013,20.014,20.015,20.016,20.017	Enumerated and assigned; see hunk-wbs.tsv; implementation and behavioral verification remain TODO
01.002/001004	DONE	app/paint/mypaintbrush-stroke.hpp	1	text	-0,0 -> 1,35	application-or-library	Extended MyPaint evaluation and stroke state	20.001,20.002,20.003,20.004,20.005,20.006,20.007,20.008,20.009,20.010,20.011,20.012,20.013,20.014,20.015,20.016,20.017	Enumerated and assigned; see hunk-wbs.tsv; implementation and behavioral verification remain TODO
01.002/001005	DONE	app/paint/mypaintbrush-surface.hpp	1	text	-0,0 -> 1,49	application-or-library	Extended MyPaint evaluation and stroke state	20.001,20.002,20.003,20.004,20.005,20.006,20.007,20.008,20.009,20.010,20.011,20.012,20.013,20.014,20.015,20.016,20.017	Enumerated and assigned; see hunk-wbs.tsv; implementation and behavioral verification remain TODO
01.002/001006	DONE	app/paint/paint-types.h	1	text	-47,0 -> 48	application-or-library	Feature initialization and lifetime	30.016,30.016/feature-entry-point	Enumerated and assigned; see hunk-wbs.tsv; implementation and behavioral verification remain TODO
01.002/001007	DONE	app/paint/paint-types.h	2	text	-63,0 -> 65	application-or-library	Feature initialization and lifetime	30.016,30.016/feature-entry-point	Enumerated and assigned; see hunk-wbs.tsv; implementation and behavioral verification remain TODO
01.002/001008	DONE	app/pdb/Makefile.am	1	text	-32,0 -> 33,2	application-or-library	C/C++ module and link integration	04.002,04.008,04.009	Enumerated and assigned; see hunk-wbs.tsv; implementation and behavioral verification remain TODO
01.002/001009	DONE	app/pdb/Makefile.am	2	text	-40,0 -> 43	application-or-library	Reviewed Makefile pdb-generated-registration	30.012,30.013	Enumerated and assigned; see hunk-wbs.tsv; implementation and behavioral verification remain TODO
01.002/001010	DONE	app/pdb/gimp-pdb-compat.c	1	text	-34,0 -> 35,5	application-or-library	Procedure execution and cancellation	16.002,16.003,16.005,16.006,16.007,16.008,16.009,16.010,16.011,16.012,16.013,16.014,16.015,16.016,16.017,16.018,16.019,16.020,16.021	Enumerated and assigned; see hunk-wbs.tsv; implementation and behavioral verification remain TODO
01.002/001011	DONE	app/pdb/gimp-pdb-compat.c	2	text	-41 -> 46,2	application-or-library	Procedure execution and cancellation	16.002,16.003,16.005,16.006,16.007,16.008,16.009,16.010,16.011,16.012,16.013,16.014,16.015,16.016,16.017,16.018,16.019,16.020,16.021	Enumerated and assigned; see hunk-wbs.tsv; implementation and behavioral verification remain TODO
01.002/001012	DONE	app/pdb/gimp-pdb-compat.c	3	text	-43,0 -> 50	application-or-library	Procedure execution and cancellation	16.002,16.003,16.005,16.006,16.007,16.008,16.009,16.010,16.011,16.012,16.013,16.014,16.015,16.016,16.017,16.018,16.019,16.020,16.021	Enumerated and assigned; see hunk-wbs.tsv; implementation and behavioral verification remain TODO
01.002/001013	DONE	app/pdb/gimp-pdb-compat.c	4	text	-47,0 -> 55,4	application-or-library	Procedure execution and cancellation	16.002,16.003,16.005,16.006,16.007,16.008,16.009,16.010,16.011,16.012,16.013,16.014,16.015,16.016,16.017,16.018,16.019,16.020,16.021	Enumerated and assigned; see hunk-wbs.tsv; implementation and behavioral verification remain TODO
01.002/001014	DONE	app/pdb/gimp-pdb-compat.c	5	text	-51 -> 62	application-or-library	Procedure execution and cancellation	16.002,16.003,16.005,16.006,16.007,16.008,16.009,16.010,16.011,16.012,16.013,16.014,16.015,16.016,16.017,16.018,16.019,16.020,16.021	Enumerated and assigned; see hunk-wbs.tsv; implementation and behavioral verification remain TODO
01.002/001015	DONE	app/pdb/gimp-pdb-compat.c	6	text	-57 -> 68	application-or-library	Procedure execution and cancellation	16.002,16.003,16.005,16.006,16.007,16.008,16.009,16.010,16.011,16.012,16.013,16.014,16.015,16.016,16.017,16.018,16.019,16.020,16.021	Enumerated and assigned; see hunk-wbs.tsv; implementation and behavioral verification remain TODO
01.002/001016	DONE	app/pdb/gimp-pdb-compat.c	7	text	-63 -> 74	application-or-library	Procedure execution and cancellation	16.002,16.003,16.005,16.006,16.007,16.008,16.009,16.010,16.011,16.012,16.013,16.014,16.015,16.016,16.017,16.018,16.019,16.020,16.021	Enumerated and assigned; see hunk-wbs.tsv; implementation and behavioral verification remain TODO
01.002/001017	DONE	app/pdb/gimp-pdb-compat.c	8	text	-69 -> 80	application-or-library	Procedure execution and cancellation	16.002,16.003,16.005,16.006,16.007,16.008,16.009,16.010,16.011,16.012,16.013,16.014,16.015,16.016,16.017,16.018,16.019,16.020,16.021	Enumerated and assigned; see hunk-wbs.tsv; implementation and behavioral verification remain TODO
01.002/001018	DONE	app/pdb/gimp-pdb-compat.c	9	text	-75 -> 86	application-or-library	Procedure execution and cancellation	16.002,16.003,16.005,16.006,16.007,16.008,16.009,16.010,16.011,16.012,16.013,16.014,16.015,16.016,16.017,16.018,16.019,16.020,16.021	Enumerated and assigned; see hunk-wbs.tsv; implementation and behavioral verification remain TODO
01.002/001019	DONE	app/pdb/gimp-pdb-compat.c	10	text	-82 -> 93	application-or-library	Procedure execution and cancellation	16.002,16.003,16.005,16.006,16.007,16.008,16.009,16.010,16.011,16.012,16.013,16.014,16.015,16.016,16.017,16.018,16.019,16.020,16.021	Enumerated and assigned; see hunk-wbs.tsv; implementation and behavioral verification remain TODO
01.002/001020	DONE	app/pdb/gimp-pdb-compat.c	11	text	-87 -> 98	application-or-library	Procedure execution and cancellation	16.002,16.003,16.005,16.006,16.007,16.008,16.009,16.010,16.011,16.012,16.013,16.014,16.015,16.016,16.017,16.018,16.019,16.020,16.021	Enumerated and assigned; see hunk-wbs.tsv; implementation and behavioral verification remain TODO
01.002/001021	DONE	app/pdb/gimp-pdb-compat.c	12	text	-92 -> 103	application-or-library	Procedure execution and cancellation	16.002,16.003,16.005,16.006,16.007,16.008,16.009,16.010,16.011,16.012,16.013,16.014,16.015,16.016,16.017,16.018,16.019,16.020,16.021	Enumerated and assigned; see hunk-wbs.tsv; implementation and behavioral verification remain TODO
01.002/001022	DONE	app/pdb/gimp-pdb-compat.c	13	text	-97 -> 108	application-or-library	Procedure execution and cancellation	16.002,16.003,16.005,16.006,16.007,16.008,16.009,16.010,16.011,16.012,16.013,16.014,16.015,16.016,16.017,16.018,16.019,16.020,16.021	Enumerated and assigned; see hunk-wbs.tsv; implementation and behavioral verification remain TODO
01.002/001023	DONE	app/pdb/gimp-pdb-compat.c	14	text	-102 -> 113	application-or-library	Procedure execution and cancellation	16.002,16.003,16.005,16.006,16.007,16.008,16.009,16.010,16.011,16.012,16.013,16.014,16.015,16.016,16.017,16.018,16.019,16.020,16.021	Enumerated and assigned; see hunk-wbs.tsv; implementation and behavioral verification remain TODO
01.002/001024	DONE	app/pdb/gimp-pdb-compat.c	15	text	-107 -> 118	application-or-library	Procedure execution and cancellation	16.002,16.003,16.005,16.006,16.007,16.008,16.009,16.010,16.011,16.012,16.013,16.014,16.015,16.016,16.017,16.018,16.019,16.020,16.021	Enumerated and assigned; see hunk-wbs.tsv; implementation and behavioral verification remain TODO
01.002/001025	DONE	app/pdb/gimp-pdb-compat.c	16	text	-113 -> 124	application-or-library	Procedure execution and cancellation	16.002,16.003,16.005,16.006,16.007,16.008,16.009,16.010,16.011,16.012,16.013,16.014,16.015,16.016,16.017,16.018,16.019,16.020,16.021	Enumerated and assigned; see hunk-wbs.tsv; implementation and behavioral verification remain TODO
01.002/001026	DONE	app/pdb/gimp-pdb-compat.c	17	text	-119 -> 130	application-or-library	Procedure execution and cancellation	16.002,16.003,16.005,16.006,16.007,16.008,16.009,16.010,16.011,16.012,16.013,16.014,16.015,16.016,16.017,16.018,16.019,16.020,16.021	Enumerated and assigned; see hunk-wbs.tsv; implementation and behavioral verification remain TODO
01.002/001027	DONE	app/pdb/gimp-pdb-compat.c	18	text	-125 -> 136	application-or-library	Procedure execution and cancellation	16.002,16.003,16.005,16.006,16.007,16.008,16.009,16.010,16.011,16.012,16.013,16.014,16.015,16.016,16.017,16.018,16.019,16.020,16.021	Enumerated and assigned; see hunk-wbs.tsv; implementation and behavioral verification remain TODO
01.002/001028	DONE	app/pdb/gimp-pdb-compat.c	19	text	-131 -> 142	application-or-library	Procedure execution and cancellation	16.002,16.003,16.005,16.006,16.007,16.008,16.009,16.010,16.011,16.012,16.013,16.014,16.015,16.016,16.017,16.018,16.019,16.020,16.021	Enumerated and assigned; see hunk-wbs.tsv; implementation and behavioral verification remain TODO
01.002/001029	DONE	app/pdb/gimp-pdb-compat.c	20	text	-137 -> 148	application-or-library	Procedure execution and cancellation	16.002,16.003,16.005,16.006,16.007,16.008,16.009,16.010,16.011,16.012,16.013,16.014,16.015,16.016,16.017,16.018,16.019,16.020,16.021	Enumerated and assigned; see hunk-wbs.tsv; implementation and behavioral verification remain TODO
01.002/001030	DONE	app/pdb/gimp-pdb-compat.c	21	text	-143 -> 154	application-or-library	Procedure execution and cancellation	16.002,16.003,16.005,16.006,16.007,16.008,16.009,16.010,16.011,16.012,16.013,16.014,16.015,16.016,16.017,16.018,16.019,16.020,16.021	Enumerated and assigned; see hunk-wbs.tsv; implementation and behavioral verification remain TODO
01.002/001031	DONE	app/pdb/gimp-pdb-compat.c	22	text	-149 -> 160	application-or-library	Procedure execution and cancellation	16.002,16.003,16.005,16.006,16.007,16.008,16.009,16.010,16.011,16.012,16.013,16.014,16.015,16.016,16.017,16.018,16.019,16.020,16.021	Enumerated and assigned; see hunk-wbs.tsv; implementation and behavioral verification remain TODO
01.002/001032	DONE	app/pdb/gimp-pdb-compat.c	23	text	-155 -> 166	application-or-library	Procedure execution and cancellation	16.002,16.003,16.005,16.006,16.007,16.008,16.009,16.010,16.011,16.012,16.013,16.014,16.015,16.016,16.017,16.018,16.019,16.020,16.021	Enumerated and assigned; see hunk-wbs.tsv; implementation and behavioral verification remain TODO
01.002/001033	DONE	app/pdb/gimp-pdb-compat.c	24	text	-160 -> 171	application-or-library	Procedure execution and cancellation	16.002,16.003,16.005,16.006,16.007,16.008,16.009,16.010,16.011,16.012,16.013,16.014,16.015,16.016,16.017,16.018,16.019,16.020,16.021	Enumerated and assigned; see hunk-wbs.tsv; implementation and behavioral verification remain TODO
01.002/001034	DONE	app/pdb/gimp-pdb-compat.c	25	text	-166 -> 177	application-or-library	Procedure execution and cancellation	16.002,16.003,16.005,16.006,16.007,16.008,16.009,16.010,16.011,16.012,16.013,16.014,16.015,16.016,16.017,16.018,16.019,16.020,16.021	Enumerated and assigned; see hunk-wbs.tsv; implementation and behavioral verification remain TODO
01.002/001035	DONE	app/pdb/gimp-pdb-compat.c	26	text	-171 -> 182	application-or-library	Procedure execution and cancellation	16.002,16.003,16.005,16.006,16.007,16.008,16.009,16.010,16.011,16.012,16.013,16.014,16.015,16.016,16.017,16.018,16.019,16.020,16.021	Enumerated and assigned; see hunk-wbs.tsv; implementation and behavioral verification remain TODO
01.002/001036	DONE	app/pdb/gimp-pdb-compat.c	27	text	-182,2 -> 193,8	application-or-library	Procedure execution and cancellation	16.002,16.003,16.005,16.006,16.007,16.008,16.009,16.010,16.011,16.012,16.013,16.014,16.015,16.016,16.017,16.018,16.019,16.020,16.021	Enumerated and assigned; see hunk-wbs.tsv; implementation and behavioral verification remain TODO
01.002/001037	DONE	app/pdb/gimp-pdb-compat.c	28	text	-498,0 -> 516,42	application-or-library	Procedure execution and cancellation	16.002,16.003,16.005,16.006,16.007,16.008,16.009,16.010,16.011,16.012,16.013,16.014,16.015,16.016,16.017,16.018,16.019,16.020,16.021	Enumerated and assigned; see hunk-wbs.tsv; implementation and behavioral verification remain TODO
01.002/001038	DONE	app/pdb/gimp-pdb-compat.h	1	text	-25 -> 25,2	application-or-library	Procedure execution and cancellation	16.002,16.003,16.005,16.006,16.007,16.008,16.009,16.010,16.011,16.012,16.013,16.014,16.015,16.016,16.017,16.018,16.019,16.020,16.021	Enumerated and assigned; see hunk-wbs.tsv; implementation and behavioral verification remain TODO
01.002/001039	DONE	app/pdb/gimpprocedure.h	1	text	-145,2 -> 145,6	application-or-library	C/C++ header/type adapter	04.003,04.004,08.019	Enumerated and assigned; see hunk-wbs.tsv; implementation and behavioral verification remain TODO
01.002/001040	DONE	app/pdb/internal-procs.c	1	text	-31 -> 31	application-or-library	MyPaint selection PDB	30.012,30.013,24.007	Enumerated and assigned; see hunk-wbs.tsv; implementation and behavioral verification remain TODO
01.002/001041	DONE	app/pdb/internal-procs.c	2	text	-87,0 -> 88	application-or-library	MyPaint selection PDB	30.012,30.013,24.007	Enumerated and assigned; see hunk-wbs.tsv; implementation and behavioral verification remain TODO
01.002/001042	DONE	app/pdb/internal-procs.h	1	text	-23 -> 23	application-or-library	MyPaint selection PDB	30.012,30.013,24.007	Enumerated and assigned; see hunk-wbs.tsv; implementation and behavioral verification remain TODO
01.002/001043	DONE	app/pdb/internal-procs.h	2	text	-27,50 -> 27,51	application-or-library	MyPaint selection PDB	30.012,30.013,24.007	Enumerated and assigned; see hunk-wbs.tsv; implementation and behavioral verification remain TODO
01.002/001044	DONE	app/pdb/mypaint-brush-select-cmds.c	1	text	-0,0 -> 1,219	application-or-library	MyPaint selection PDB	30.012,30.013,24.007	Enumerated and assigned; see hunk-wbs.tsv; implementation and behavioral verification remain TODO
01.002/001045	DONE	app/pdb/pdb-cxx-utils.cpp	1	text	-0,0 -> 1,10	application-or-library	Procedure execution and cancellation	16.002,16.003,16.005,16.006,16.007,16.008,16.009,16.010,16.011,16.012,16.013,16.014,16.015,16.016,16.017,16.018,16.019,16.020,16.021	Enumerated and assigned; see hunk-wbs.tsv; implementation and behavioral verification remain TODO
01.002/001046	DONE	app/pdb/pdb-cxx-utils.hpp	1	text	-0,0 -> 1,287	application-or-library	Procedure execution and cancellation	16.002,16.003,16.005,16.006,16.007,16.008,16.009,16.010,16.011,16.012,16.013,16.014,16.015,16.016,16.017,16.018,16.019,16.020,16.021	Enumerated and assigned; see hunk-wbs.tsv; implementation and behavioral verification remain TODO
01.002/001047	DONE	app/plug-in/gimpplugin-message.c	1	text	-811,5 -> 811,7	application-or-library	Procedure execution and cancellation	16.002,16.003,16.005,16.006,16.007,16.008,16.009,16.010,16.011,16.012,16.013,16.014,16.015,16.016,16.017,16.018,16.019,16.020,16.021	Enumerated and assigned; see hunk-wbs.tsv; implementation and behavioral verification remain TODO
01.002/001048	DONE	app/plug-in/gimpplugin-message.c	2	text	-817,0 -> 820,37	application-or-library	Procedure execution and cancellation	16.002,16.003,16.005,16.006,16.007,16.008,16.009,16.010,16.011,16.012,16.013,16.014,16.015,16.016,16.017,16.018,16.019,16.020,16.021	Enumerated and assigned; see hunk-wbs.tsv; implementation and behavioral verification remain TODO
01.002/001049	DONE	app/plug-in/gimpplugin-message.c	3	text	-822,5 -> 861,7	application-or-library	Procedure execution and cancellation	16.002,16.003,16.005,16.006,16.007,16.008,16.009,16.010,16.011,16.012,16.013,16.014,16.015,16.016,16.017,16.018,16.019,16.020,16.021	Enumerated and assigned; see hunk-wbs.tsv; implementation and behavioral verification remain TODO
01.002/001050	DONE	app/plug-in/gimpplugin-message.c	4	text	-828,0 -> 870,38	application-or-library	Procedure execution and cancellation	16.002,16.003,16.005,16.006,16.007,16.008,16.009,16.010,16.011,16.012,16.013,16.014,16.015,16.016,16.017,16.018,16.019,16.020,16.021	Enumerated and assigned; see hunk-wbs.tsv; implementation and behavioral verification remain TODO
01.002/001051	DONE	app/plug-in/gimpplugin.c	1	text	-784 -> 784	application-or-library	Procedure execution and cancellation	16.002,16.003,16.005,16.006,16.007,16.008,16.009,16.010,16.011,16.012,16.013,16.014,16.015,16.016,16.017,16.018,16.019,16.020,16.021	Enumerated and assigned; see hunk-wbs.tsv; implementation and behavioral verification remain TODO
01.002/001052	DONE	app/plug-in/gimppluginmanager-call.c	1	text	-156,0 -> 157,15	application-or-library	Procedure execution and cancellation	16.002,16.003,16.005,16.006,16.007,16.008,16.009,16.010,16.011,16.012,16.013,16.014,16.015,16.016,16.017,16.018,16.019,16.020,16.021	Enumerated and assigned; see hunk-wbs.tsv; implementation and behavioral verification remain TODO
01.002/001053	DONE	app/plug-in/gimppluginmanager-call.c	2	text	-169,0 -> 185,2	application-or-library	Procedure execution and cancellation	16.002,16.003,16.005,16.006,16.007,16.008,16.009,16.010,16.011,16.012,16.013,16.014,16.015,16.016,16.017,16.018,16.019,16.020,16.021	Enumerated and assigned; see hunk-wbs.tsv; implementation and behavioral verification remain TODO
01.002/001054	DONE	app/plug-in/gimppluginmanager-call.c	3	text	-178,0 -> 196,6	application-or-library	Procedure execution and cancellation	16.002,16.003,16.005,16.006,16.007,16.008,16.009,16.010,16.011,16.012,16.013,16.014,16.015,16.016,16.017,16.018,16.019,16.020,16.021	Enumerated and assigned; see hunk-wbs.tsv; implementation and behavioral verification remain TODO
01.002/001055	DONE	app/plug-in/gimppluginmanager-call.h	1	text	-49,0 -> 50,9	application-or-library	Procedure execution and cancellation	16.002,16.003,16.005,16.006,16.007,16.008,16.009,16.010,16.011,16.012,16.013,16.014,16.015,16.016,16.017,16.018,16.019,16.020,16.021	Enumerated and assigned; see hunk-wbs.tsv; implementation and behavioral verification remain TODO
01.002/001056	DONE	app/plug-in/gimppluginprocedure.c	1	text	-35,0 -> 36	application-or-library	Procedure execution and cancellation	16.002,16.003,16.005,16.006,16.007,16.008,16.009,16.010,16.011,16.012,16.013,16.014,16.015,16.016,16.017,16.018,16.019,16.020,16.021	Enumerated and assigned; see hunk-wbs.tsv; implementation and behavioral verification remain TODO
01.002/001057	DONE	app/plug-in/gimppluginprocedure.c	2	text	-117,0 -> 119	application-or-library	Procedure execution and cancellation	16.002,16.003,16.005,16.006,16.007,16.008,16.009,16.010,16.011,16.012,16.013,16.014,16.015,16.016,16.017,16.018,16.019,16.020,16.021	Enumerated and assigned; see hunk-wbs.tsv; implementation and behavioral verification remain TODO
01.002/001058	DONE	app/plug-in/gimppluginprocedure.c	3	text	-225,4 -> 227,5	application-or-library	Procedure execution and cancellation	16.002,16.003,16.005,16.006,16.007,16.008,16.009,16.010,16.011,16.012,16.013,16.014,16.015,16.016,16.017,16.018,16.019,16.020,16.021	Enumerated and assigned; see hunk-wbs.tsv; implementation and behavioral verification remain TODO
01.002/001059	DONE	app/plug-in/gimppluginprocedure.h	1	text	-68,0 -> 69,2	application-or-library	Procedure execution and cancellation	16.002,16.003,16.005,16.006,16.007,16.008,16.009,16.010,16.011,16.012,16.013,16.014,16.015,16.016,16.017,16.018,16.019,16.020,16.021	Enumerated and assigned; see hunk-wbs.tsv; implementation and behavioral verification remain TODO
01.002/001060	DONE	app/plug-in/gimppluginprocedure.h	2	text	-137,0 -> 140,7	application-or-library	Procedure execution and cancellation	16.002,16.003,16.005,16.006,16.007,16.008,16.009,16.010,16.011,16.012,16.013,16.014,16.015,16.016,16.017,16.018,16.019,16.020,16.021	Enumerated and assigned; see hunk-wbs.tsv; implementation and behavioral verification remain TODO
01.002/001061	DONE	app/plug-in/gimppluginprocframe.c	1	text	-83,0 -> 84,5	application-or-library	Procedure execution and cancellation	16.002,16.003,16.005,16.006,16.007,16.008,16.009,16.010,16.011,16.012,16.013,16.014,16.015,16.016,16.017,16.018,16.019,16.020,16.021	Enumerated and assigned; see hunk-wbs.tsv; implementation and behavioral verification remain TODO
01.002/001062	DONE	app/plug-in/gimppluginprocframe.h	1	text	-44,0 -> 45	application-or-library	Procedure execution and cancellation	16.002,16.003,16.005,16.006,16.007,16.008,16.009,16.010,16.011,16.012,16.013,16.014,16.015,16.016,16.017,16.018,16.019,16.020,16.021	Enumerated and assigned; see hunk-wbs.tsv; implementation and behavioral verification remain TODO
01.002/001063	DONE	app/plug-in/plug-in-rc.c	1	text	-674 -> 674	application-or-library	Procedure execution and cancellation	16.002,16.003,16.005,16.006,16.007,16.008,16.009,16.010,16.011,16.012,16.013,16.014,16.015,16.016,16.017,16.018,16.019,16.020,16.021	Enumerated and assigned; see hunk-wbs.tsv; implementation and behavioral verification remain TODO
01.002/001064	DONE	app/presets/.gitignore	1	text	-0,0 -> 1,7	application-or-library	Nonfunctional/obsolete source candidate	31.018	Enumerated and assigned; see hunk-wbs.tsv; implementation and behavioral verification remain TODO
01.002/001065	DONE	app/presets/Makefile.am	1	text	-0,0 -> 1,62	application-or-library	C/C++ module and link integration	04.002,04.008,04.009	Enumerated and assigned; see hunk-wbs.tsv; implementation and behavioral verification remain TODO
01.002/001066	DONE	app/presets/gimpjsonresource.cpp	1	text	-0,0 -> 1,222	application-or-library	Layer-preset JSON resource/factory	28.001,28.002,28.003	Enumerated and assigned; see hunk-wbs.tsv; implementation and behavioral verification remain TODO
01.002/001067	DONE	app/presets/gimpjsonresource.h	1	text	-0,0 -> 1,91	application-or-library	Layer-preset JSON resource/factory	28.001,28.002,28.003	Enumerated and assigned; see hunk-wbs.tsv; implementation and behavioral verification remain TODO
01.002/001068	DONE	app/presets/layer-preset-gui.cpp	1	text	-0,0 -> 1,257	application-or-library	Layer-preset actions and preferences	28.014,28.014/applier-owner,28.014/preset-preferences,28.014/preset-dialog-actions,28.014/preset-action-group	Enumerated and assigned; see hunk-wbs.tsv; implementation and behavioral verification remain TODO
01.002/001069	DONE	app/presets/layer-preset-gui.h	1	text	-0,0 -> 1,45	application-or-library	Layer-preset actions and preferences	28.014,28.014/applier-owner,28.014/preset-preferences,28.014/preset-dialog-actions,28.014/preset-action-group	Enumerated and assigned; see hunk-wbs.tsv; implementation and behavioral verification remain TODO
01.002/001070	DONE	app/presets/layer-preset.cpp	1	text	-0,0 -> 1,751	application-or-library	Layer-preset structure application	28.004,28.005,28.006,28.007,28.008,28.009,28.010,28.014/applier-owner	Enumerated and assigned; see hunk-wbs.tsv; implementation and behavioral verification remain TODO
01.002/001071	DONE	app/presets/layer-preset.h	1	text	-0,0 -> 1,50	application-or-library	Layer-preset structure application	28.004,28.005,28.006,28.007,28.008,28.009,28.010,28.014/applier-owner	Enumerated and assigned; see hunk-wbs.tsv; implementation and behavioral verification remain TODO
01.002/001072	DONE	app/presets/preset-factory-gui.cpp	1	text	-0,0 -> 1,250	application-or-library	Layer-preset actions and preferences	28.014,28.014/applier-owner,28.014/preset-preferences,28.014/preset-dialog-actions,28.014/preset-action-group	Enumerated and assigned; see hunk-wbs.tsv; implementation and behavioral verification remain TODO
01.002/001073	DONE	app/presets/preset-factory-gui.h	1	text	-0,0 -> 1,126	application-or-library	Layer-preset actions and preferences	28.014,28.014/applier-owner,28.014/preset-preferences,28.014/preset-dialog-actions,28.014/preset-action-group	Enumerated and assigned; see hunk-wbs.tsv; implementation and behavioral verification remain TODO
01.002/001074	DONE	app/presets/preset-factory.cpp	1	text	-0,0 -> 1,274	application-or-library	Layer-preset JSON resource/factory	28.001,28.002,28.003	Enumerated and assigned; see hunk-wbs.tsv; implementation and behavioral verification remain TODO
01.002/001075	DONE	app/presets/preset-factory.h	1	text	-0,0 -> 1,124	application-or-library	Layer-preset JSON resource/factory	28.001,28.002,28.003	Enumerated and assigned; see hunk-wbs.tsv; implementation and behavioral verification remain TODO
01.002/001076	DONE	app/presets/presets-enums.c	1	text	-0,0 -> 1,11	application-or-library	Layer-preset JSON resource/factory	28.001,28.002,28.003	Enumerated and assigned; see hunk-wbs.tsv; implementation and behavioral verification remain TODO
01.002/001077	DONE	app/presets/presets-enums.h	1	text	-0,0 -> 1,48	application-or-library	Layer-preset JSON resource/factory	28.001,28.002,28.003	Enumerated and assigned; see hunk-wbs.tsv; implementation and behavioral verification remain TODO
01.002/001078	DONE	app/sanity.c	1	text	-354 -> 354	application-or-library	Core public helper and object contract	08.018/core-extension-hooks	Enumerated and assigned; see hunk-wbs.tsv; implementation and behavioral verification remain TODO
01.002/001079	DONE	app/sanity.c	2	text	-391 -> 391	application-or-library	Core public helper and object contract	08.018/core-extension-hooks	Enumerated and assigned; see hunk-wbs.tsv; implementation and behavioral verification remain TODO
01.002/001080	DONE	app/signals.c	1	text	-88,0 -> 89,6	application-or-library	Core public helper and object contract	08.018/core-extension-hooks	Enumerated and assigned; see hunk-wbs.tsv; implementation and behavioral verification remain TODO
01.002/001081	DONE	app/tools/Makefile.am	1	text	-26,0 -> 27,2	application-or-library	Reviewed Makefile c-feature-registration	29.010	Enumerated and assigned; see hunk-wbs.tsv; implementation and behavioral verification remain TODO
01.002/001082	DONE	app/tools/Makefile.am	2	text	-42,0 -> 45,2	application-or-library	C/C++ module and link integration	04.002,04.008,04.009	Enumerated and assigned; see hunk-wbs.tsv; implementation and behavioral verification remain TODO
01.002/001083	DONE	app/tools/Makefile.am	3	text	-76,0 -> 81,2	application-or-library	Reviewed Makefile c-feature-registration	29.010	Enumerated and assigned; see hunk-wbs.tsv; implementation and behavioral verification remain TODO
01.002/001084	DONE	app/tools/Makefile.am	4	text	-104,0 -> 111,2	application-or-library	Reviewed Makefile placeholder-registration	31.011,31.012	Enumerated and assigned; see hunk-wbs.tsv; implementation and behavioral verification remain TODO
01.002/001085	DONE	app/tools/Makefile.am	5	text	-144,0 -> 153,2	application-or-library	C/C++ module and link integration	04.002,04.008,04.009	Enumerated and assigned; see hunk-wbs.tsv; implementation and behavioral verification remain TODO
01.002/001086	DONE	app/tools/Makefile.am	6	text	-198 -> 208,13	application-or-library	C/C++ module and link integration	04.002,04.008,04.009	Enumerated and assigned; see hunk-wbs.tsv; implementation and behavioral verification remain TODO
01.002/001087	DONE	app/tools/gimp-tools.c	1	text	-33,0 -> 34	application-or-library	Tool grouping/configuration	30.001/tool-group-state,29.009,30.004,30.008	Enumerated and assigned; see hunk-wbs.tsv; implementation and behavioral verification remain TODO
01.002/001088	DONE	app/tools/gimp-tools.c	2	text	-34,0 -> 36	application-or-library	Tool grouping/configuration	30.001/tool-group-state,29.009,30.004,30.008	Enumerated and assigned; see hunk-wbs.tsv; implementation and behavioral verification remain TODO
01.002/001089	DONE	app/tools/gimp-tools.c	3	text	-45,0 -> 48	application-or-library	Bounded brush flood fill and selection	08.011,08.012,27.001,27.001/snapshot-contract,27.002,27.003,27.004/gegl-bounded-search,27.005/selection-barrier,27.006,27.007/paintcore-gegl-compose,27.008,27.009/stroke-lifecycle,27.010,27.011,27.012	Enumerated and assigned; see hunk-wbs.tsv; implementation and behavioral verification remain TODO
01.002/001090	DONE	app/tools/gimp-tools.c	4	text	-65,0 -> 69	application-or-library	ImageGenerator placeholder dependency	31.011,31.012	Enumerated and assigned; see hunk-wbs.tsv; implementation and behavioral verification remain TODO
01.002/001091	DONE	app/tools/gimp-tools.c	5	text	-74,0 -> 79	application-or-library	Perspective guide model and editing	08.009,08.009/removed-signal,08.009/guide-owner,08.010,26.001,26.002,26.003,26.004,26.005,26.006,26.007,26.008,26.009,26.010,26.011,26.012	Enumerated and assigned; see hunk-wbs.tsv; implementation and behavioral verification remain TODO
01.002/001092	DONE	app/tools/gimp-tools.c	6	text	-84,0 -> 90,2	application-or-library	MyPaint tool and input lifecycle	08.008,08.008/tool-core-lifetime,23.007,23.008,23.009,23.012,23.014	Enumerated and assigned; see hunk-wbs.tsv; implementation and behavioral verification remain TODO
01.002/001093	DONE	app/tools/gimp-tools.c	7	text	-88,0 -> 96,3	application-or-library	Tool grouping/configuration	30.001/tool-group-state,29.009,30.004,30.008	Enumerated and assigned; see hunk-wbs.tsv; implementation and behavioral verification remain TODO
01.002/001094	DONE	app/tools/gimp-tools.c	8	text	-91 -> 101	application-or-library	Tool grouping/configuration	30.001/tool-group-state,29.009,30.004,30.008	Enumerated and assigned; see hunk-wbs.tsv; implementation and behavioral verification remain TODO
01.002/001095	DONE	app/tools/gimp-tools.c	9	text	-93,0 -> 104	application-or-library	Tool options toolbar and compact standard controls	29.010,29.010/toolbar-ref-balance,29.010/standard-tool-options,29.011	Enumerated and assigned; see hunk-wbs.tsv; implementation and behavioral verification remain TODO
01.002/001096	DONE	app/tools/gimp-tools.c	10	text	-105,0 -> 117,6	application-or-library	Tool grouping/configuration	30.001/tool-group-state,29.009,30.004,30.008	Enumerated and assigned; see hunk-wbs.tsv; implementation and behavioral verification remain TODO
01.002/001097	DONE	app/tools/gimp-tools.c	11	text	-147,0 -> 165,2	application-or-library	Custom tool registration in the shared manager	08.008,08.010,08.012,30.003,30.004	Enumerated and assigned; see hunk-wbs.tsv; implementation and behavioral verification remain TODO
01.002/001098	DONE	app/tools/gimp-tools.c	12	text	-170,0 -> 190,4	application-or-library	Custom tool registration in the shared manager	08.008,08.010,08.012,30.003,30.004	Enumerated and assigned; see hunk-wbs.tsv; implementation and behavioral verification remain TODO
01.002/001099	DONE	app/tools/gimp-tools.c	13	text	-179 -> 202,4	application-or-library	ImageGenerator placeholder dependency	31.011,31.012	Enumerated and assigned; see hunk-wbs.tsv; implementation and behavioral verification remain TODO
01.002/001100	DONE	app/tools/gimp-tools.c	14	text	-182,3 -> 208	application-or-library	Tool grouping/configuration	30.001/tool-group-state,29.009,30.004,30.008	Enumerated and assigned; see hunk-wbs.tsv; implementation and behavioral verification remain TODO
01.002/001101	DONE	app/tools/gimp-tools.c	15	text	-196 -> 220	application-or-library	Tool grouping/configuration	30.001/tool-group-state,29.009,30.004,30.008	Enumerated and assigned; see hunk-wbs.tsv; implementation and behavioral verification remain TODO
01.002/001102	DONE	app/tools/gimp-tools.c	16	text	-200,14 -> 223,0	application-or-library	Tool grouping/configuration	30.001/tool-group-state,29.009,30.004,30.008	Enumerated and assigned; see hunk-wbs.tsv; implementation and behavioral verification remain TODO
01.002/001103	DONE	app/tools/gimp-tools.c	17	text	-219 -> 228,0	application-or-library	Tool grouping/configuration	30.001/tool-group-state,29.009,30.004,30.008	Enumerated and assigned; see hunk-wbs.tsv; implementation and behavioral verification remain TODO
01.002/001104	DONE	app/tools/gimp-tools.c	18	text	-224,7 -> 232,0	application-or-library	Tool grouping/configuration	30.001/tool-group-state,29.009,30.004,30.008	Enumerated and assigned; see hunk-wbs.tsv; implementation and behavioral verification remain TODO
01.002/001105	DONE	app/tools/gimp-tools.c	19	text	-236,0 -> 239	application-or-library	Tool options toolbar and compact standard controls	29.010,29.010/toolbar-ref-balance,29.010/standard-tool-options,29.011	Enumerated and assigned; see hunk-wbs.tsv; implementation and behavioral verification remain TODO
01.002/001106	DONE	app/tools/gimp-tools.c	20	text	-238,0 -> 242,3	application-or-library	Tool options toolbar and compact standard controls	29.010,29.010/toolbar-ref-balance,29.010/standard-tool-options,29.011	Enumerated and assigned; see hunk-wbs.tsv; implementation and behavioral verification remain TODO
01.002/001107	DONE	app/tools/gimp-tools.c	21	text	-239,0 -> 246,2	application-or-library	Tool options toolbar and compact standard controls	29.010,29.010/toolbar-ref-balance,29.010/standard-tool-options,29.011	Enumerated and assigned; see hunk-wbs.tsv; implementation and behavioral verification remain TODO
01.002/001108	DONE	app/tools/gimp-tools.c	22	text	-240,0 -> 249,2	application-or-library	Tool options toolbar and compact standard controls	29.010,29.010/toolbar-ref-balance,29.010/standard-tool-options,29.011	Enumerated and assigned; see hunk-wbs.tsv; implementation and behavioral verification remain TODO
01.002/001109	DONE	app/tools/gimp-tools.c	23	text	-249,4 -> 259,6	application-or-library	Tool grouping/configuration	30.001/tool-group-state,29.009,30.004,30.008	Enumerated and assigned; see hunk-wbs.tsv; implementation and behavioral verification remain TODO
01.002/001110	DONE	app/tools/gimp-tools.c	24	text	-255 -> 267	application-or-library	Tool grouping/configuration	30.001/tool-group-state,29.009,30.004,30.008	Enumerated and assigned; see hunk-wbs.tsv; implementation and behavioral verification remain TODO
01.002/001111	DONE	app/tools/gimp-tools.c	25	text	-284,0 -> 297,2	application-or-library	Tool grouping/configuration	30.001/tool-group-state,29.009,30.004,30.008	Enumerated and assigned; see hunk-wbs.tsv; implementation and behavioral verification remain TODO
01.002/001112	DONE	app/tools/gimp-tools.c	26	text	-286 -> 300	application-or-library	Tool grouping/configuration	30.001/tool-group-state,29.009,30.004,30.008	Enumerated and assigned; see hunk-wbs.tsv; implementation and behavioral verification remain TODO
01.002/001113	DONE	app/tools/gimp-tools.c	27	text	-296,0 -> 311,3	application-or-library	Tool grouping/configuration	30.001/tool-group-state,29.009,30.004,30.008	Enumerated and assigned; see hunk-wbs.tsv; implementation and behavioral verification remain TODO
01.002/001114	DONE	app/tools/gimp-tools.c	28	text	-319,0 -> 337	application-or-library	Tool options toolbar and compact standard controls	29.010,29.010/toolbar-ref-balance,29.010/standard-tool-options,29.011	Enumerated and assigned; see hunk-wbs.tsv; implementation and behavioral verification remain TODO
01.002/001115	DONE	app/tools/gimp-tools.c	29	text	-320,0 -> 339	application-or-library	Tool options toolbar and compact standard controls	29.010,29.010/toolbar-ref-balance,29.010/standard-tool-options,29.011	Enumerated and assigned; see hunk-wbs.tsv; implementation and behavioral verification remain TODO
01.002/001116	DONE	app/tools/gimp-tools.c	30	text	-361,0 -> 381,29	application-or-library	Tool options toolbar and compact standard controls	29.010,29.010/toolbar-ref-balance,29.010/standard-tool-options,29.011	Enumerated and assigned; see hunk-wbs.tsv; implementation and behavioral verification remain TODO
01.002/001117	DONE	app/tools/gimp-tools.c	31	text	-370 -> 418,2	application-or-library	Tool grouping/configuration	30.001/tool-group-state,29.009,30.004,30.008	Enumerated and assigned; see hunk-wbs.tsv; implementation and behavioral verification remain TODO
01.002/001118	DONE	app/tools/gimp-tools.c	32	text	-402 -> 451	application-or-library	Tool grouping/configuration	30.001/tool-group-state,29.009,30.004,30.008	Enumerated and assigned; see hunk-wbs.tsv; implementation and behavioral verification remain TODO
01.002/001119	DONE	app/tools/gimp-tools.c	33	text	-407,0 -> 457,11	application-or-library	Tool grouping/configuration	30.001/tool-group-state,29.009,30.004,30.008	Enumerated and assigned; see hunk-wbs.tsv; implementation and behavioral verification remain TODO
01.002/001120	DONE	app/tools/gimp-tools.c	34	text	-438,2 -> 498,4	application-or-library	Tool grouping/configuration	30.001/tool-group-state,29.009,30.004,30.008	Enumerated and assigned; see hunk-wbs.tsv; implementation and behavioral verification remain TODO
01.002/001121	DONE	app/tools/gimp-tools.c	35	text	-441 -> 503,202	application-or-library	Tool grouping/configuration	30.001/tool-group-state,29.009,30.004,30.008	Enumerated and assigned; see hunk-wbs.tsv; implementation and behavioral verification remain TODO
01.002/001122	DONE	app/tools/gimp-tools.c	36	text	-443,2 -> 705,0	application-or-library	Tool grouping/configuration	30.001/tool-group-state,29.009,30.004,30.008	Enumerated and assigned; see hunk-wbs.tsv; implementation and behavioral verification remain TODO
01.002/001123	DONE	app/tools/gimp-tools.c	37	text	-451 -> 712	application-or-library	Tool grouping/configuration	30.001/tool-group-state,29.009,30.004,30.008	Enumerated and assigned; see hunk-wbs.tsv; implementation and behavioral verification remain TODO
01.002/001124	DONE	app/tools/gimp-tools.c	38	text	-453,0 -> 715	application-or-library	Tool options toolbar and compact standard controls	29.010,29.010/toolbar-ref-balance,29.010/standard-tool-options,29.011	Enumerated and assigned; see hunk-wbs.tsv; implementation and behavioral verification remain TODO
01.002/001125	DONE	app/tools/gimp-tools.c	39	text	-543,3 -> 805	application-or-library	Tool grouping/configuration	30.001/tool-group-state,29.009,30.004,30.008	Enumerated and assigned; see hunk-wbs.tsv; implementation and behavioral verification remain TODO
01.002/001126	DONE	app/tools/gimp-tools.c	40	text	-549,0 -> 810,3	application-or-library	Tool options toolbar and compact standard controls	29.010,29.010/toolbar-ref-balance,29.010/standard-tool-options,29.011	Enumerated and assigned; see hunk-wbs.tsv; implementation and behavioral verification remain TODO
01.002/001127	DONE	app/tools/gimp-tools.c	41	text	-555,0 -> 819,52	application-or-library	Tool grouping/configuration	30.001/tool-group-state,29.009,30.004,30.008	Enumerated and assigned; see hunk-wbs.tsv; implementation and behavioral verification remain TODO
01.002/001128	DONE	app/tools/gimp-tools.h	1	text	-22,12 -> 22,24	application-or-library	Tool grouping/configuration	30.001/tool-group-state,29.009,30.004,30.008	Enumerated and assigned; see hunk-wbs.tsv; implementation and behavioral verification remain TODO
01.002/001129	DONE	app/tools/gimpairbrushtool.c	1	text	-31,0 -> 32	application-or-library	Tool options toolbar and compact standard controls	29.010,29.010/toolbar-ref-balance,29.010/standard-tool-options,29.011	Enumerated and assigned; see hunk-wbs.tsv; implementation and behavioral verification remain TODO
01.002/001130	DONE	app/tools/gimpairbrushtool.c	2	text	-38 -> 39,3	application-or-library	Tool options toolbar and compact standard controls	29.010,29.010/toolbar-ref-balance,29.010/standard-tool-options,29.011	Enumerated and assigned; see hunk-wbs.tsv; implementation and behavioral verification remain TODO
01.002/001131	DONE	app/tools/gimpairbrushtool.c	3	text	-50,0 -> 54	application-or-library	Tool options toolbar and compact standard controls	29.010,29.010/toolbar-ref-balance,29.010/standard-tool-options,29.011	Enumerated and assigned; see hunk-wbs.tsv; implementation and behavioral verification remain TODO
01.002/001132	DONE	app/tools/gimpairbrushtool.c	4	text	-79,0 -> 84,12	application-or-library	Tool options toolbar and compact standard controls	29.010,29.010/toolbar-ref-balance,29.010/standard-tool-options,29.011	Enumerated and assigned; see hunk-wbs.tsv; implementation and behavioral verification remain TODO
01.002/001133	DONE	app/tools/gimpairbrushtool.c	5	text	-82,2 -> 98,4	application-or-library	Tool options toolbar and compact standard controls	29.010,29.010/toolbar-ref-balance,29.010/standard-tool-options,29.011	Enumerated and assigned; see hunk-wbs.tsv; implementation and behavioral verification remain TODO
01.002/001134	DONE	app/tools/gimpairbrushtool.c	6	text	-84,0 -> 103,2	application-or-library	Tool options toolbar and compact standard controls	29.010,29.010/toolbar-ref-balance,29.010/standard-tool-options,29.011	Enumerated and assigned; see hunk-wbs.tsv; implementation and behavioral verification remain TODO
01.002/001135	DONE	app/tools/gimpairbrushtool.c	7	text	-101,0 -> 122,27	application-or-library	Tool options toolbar and compact standard controls	29.010,29.010/toolbar-ref-balance,29.010/standard-tool-options,29.011	Enumerated and assigned; see hunk-wbs.tsv; implementation and behavioral verification remain TODO
01.002/001136	DONE	app/tools/gimpalignoptions.c	1	text	-59 -> 59	application-or-library	Tool options toolbar and compact standard controls	29.010,29.010/toolbar-ref-balance,29.010/standard-tool-options,29.011	Enumerated and assigned; see hunk-wbs.tsv; implementation and behavioral verification remain TODO
01.002/001137	DONE	app/tools/gimpalignoptions.c	2	text	-259,0 -> 260,12	application-or-library	Tool options toolbar and compact standard controls	29.010,29.010/toolbar-ref-balance,29.010/standard-tool-options,29.011	Enumerated and assigned; see hunk-wbs.tsv; implementation and behavioral verification remain TODO
01.002/001138	DONE	app/tools/gimpalignoptions.c	3	text	-263 -> 275	application-or-library	Tool options toolbar and compact standard controls	29.010,29.010/toolbar-ref-balance,29.010/standard-tool-options,29.011	Enumerated and assigned; see hunk-wbs.tsv; implementation and behavioral verification remain TODO
01.002/001139	DONE	app/tools/gimpalignoptions.c	4	text	-276 -> 288	application-or-library	Tool options toolbar and compact standard controls	29.010,29.010/toolbar-ref-balance,29.010/standard-tool-options,29.011	Enumerated and assigned; see hunk-wbs.tsv; implementation and behavioral verification remain TODO
01.002/001140	DONE	app/tools/gimpalignoptions.c	5	text	-284,3 -> 296,3	application-or-library	Tool options toolbar and compact standard controls	29.010,29.010/toolbar-ref-balance,29.010/standard-tool-options,29.011	Enumerated and assigned; see hunk-wbs.tsv; implementation and behavioral verification remain TODO
01.002/001141	DONE	app/tools/gimpalignoptions.c	6	text	-289 -> 301	application-or-library	Tool options toolbar and compact standard controls	29.010,29.010/toolbar-ref-balance,29.010/standard-tool-options,29.011	Enumerated and assigned; see hunk-wbs.tsv; implementation and behavioral verification remain TODO
01.002/001142	DONE	app/tools/gimpalignoptions.c	7	text	-328 -> 340	application-or-library	Tool options toolbar and compact standard controls	29.010,29.010/toolbar-ref-balance,29.010/standard-tool-options,29.011	Enumerated and assigned; see hunk-wbs.tsv; implementation and behavioral verification remain TODO
01.002/001143	DONE	app/tools/gimpalignoptions.h	1	text	-61 -> 61,2	application-or-library	Tool options toolbar and compact standard controls	29.010,29.010/toolbar-ref-balance,29.010/standard-tool-options,29.011	Enumerated and assigned; see hunk-wbs.tsv; implementation and behavioral verification remain TODO
01.002/001144	DONE	app/tools/gimpaligntool.c	1	text	-121,0 -> 122	application-or-library	Tool options toolbar and compact standard controls	29.010,29.010/toolbar-ref-balance,29.010/standard-tool-options,29.011	Enumerated and assigned; see hunk-wbs.tsv; implementation and behavioral verification remain TODO
01.002/001145	DONE	app/tools/gimpblendoptions.c	1	text	-27,0 -> 28	application-or-library	Tool options toolbar and compact standard controls	29.010,29.010/toolbar-ref-balance,29.010/standard-tool-options,29.011	Enumerated and assigned; see hunk-wbs.tsv; implementation and behavioral verification remain TODO
01.002/001146	DONE	app/tools/gimpblendoptions.c	2	text	-33,0 -> 35	application-or-library	Tool options toolbar and compact standard controls	29.010,29.010/toolbar-ref-balance,29.010/standard-tool-options,29.011	Enumerated and assigned; see hunk-wbs.tsv; implementation and behavioral verification remain TODO
01.002/001147	DONE	app/tools/gimpblendoptions.c	3	text	-63,0 -> 66,2	application-or-library	Tool options toolbar and compact standard controls	29.010,29.010/toolbar-ref-balance,29.010/standard-tool-options,29.011	Enumerated and assigned; see hunk-wbs.tsv; implementation and behavioral verification remain TODO
01.002/001148	DONE	app/tools/gimpblendoptions.c	4	text	-198,0 -> 203,12	application-or-library	Tool options toolbar and compact standard controls	29.010,29.010/toolbar-ref-balance,29.010/standard-tool-options,29.011	Enumerated and assigned; see hunk-wbs.tsv; implementation and behavioral verification remain TODO
01.002/001149	DONE	app/tools/gimpblendoptions.c	5	text	-201 -> 217	application-or-library	Tool options toolbar and compact standard controls	29.010,29.010/toolbar-ref-balance,29.010/standard-tool-options,29.011	Enumerated and assigned; see hunk-wbs.tsv; implementation and behavioral verification remain TODO
01.002/001150	DONE	app/tools/gimpblendoptions.c	6	text	-207,0 -> 224,2	application-or-library	Tool options toolbar and compact standard controls	29.010,29.010/toolbar-ref-balance,29.010/standard-tool-options,29.011	Enumerated and assigned; see hunk-wbs.tsv; implementation and behavioral verification remain TODO
01.002/001151	DONE	app/tools/gimpblendoptions.c	7	text	-219 -> 237	application-or-library	Tool options toolbar and compact standard controls	29.010,29.010/toolbar-ref-balance,29.010/standard-tool-options,29.011	Enumerated and assigned; see hunk-wbs.tsv; implementation and behavioral verification remain TODO
01.002/001152	DONE	app/tools/gimpblendoptions.c	8	text	-223,0 -> 242,10	application-or-library	Tool options toolbar and compact standard controls	29.010,29.010/toolbar-ref-balance,29.010/standard-tool-options,29.011	Enumerated and assigned; see hunk-wbs.tsv; implementation and behavioral verification remain TODO
01.002/001153	DONE	app/tools/gimpblendoptions.c	9	text	-230 -> 258,3	application-or-library	Tool options toolbar and compact standard controls	29.010,29.010/toolbar-ref-balance,29.010/standard-tool-options,29.011	Enumerated and assigned; see hunk-wbs.tsv; implementation and behavioral verification remain TODO
01.002/001154	DONE	app/tools/gimpblendoptions.c	10	text	-232,0 -> 263	application-or-library	Tool options toolbar and compact standard controls	29.010,29.010/toolbar-ref-balance,29.010/standard-tool-options,29.011	Enumerated and assigned; see hunk-wbs.tsv; implementation and behavioral verification remain TODO
01.002/001155	DONE	app/tools/gimpblendoptions.c	11	text	-237 -> 268,3	application-or-library	Tool options toolbar and compact standard controls	29.010,29.010/toolbar-ref-balance,29.010/standard-tool-options,29.011	Enumerated and assigned; see hunk-wbs.tsv; implementation and behavioral verification remain TODO
01.002/001156	DONE	app/tools/gimpblendoptions.c	12	text	-239,0 -> 273	application-or-library	Tool options toolbar and compact standard controls	29.010,29.010/toolbar-ref-balance,29.010/standard-tool-options,29.011	Enumerated and assigned; see hunk-wbs.tsv; implementation and behavioral verification remain TODO
01.002/001157	DONE	app/tools/gimpblendoptions.c	13	text	-262,0 -> 297,5	application-or-library	Tool options toolbar and compact standard controls	29.010,29.010/toolbar-ref-balance,29.010/standard-tool-options,29.011	Enumerated and assigned; see hunk-wbs.tsv; implementation and behavioral verification remain TODO
01.002/001158	DONE	app/tools/gimpblendoptions.c	14	text	-265,0 -> 305,20	application-or-library	Tool options toolbar and compact standard controls	29.010,29.010/toolbar-ref-balance,29.010/standard-tool-options,29.011	Enumerated and assigned; see hunk-wbs.tsv; implementation and behavioral verification remain TODO
01.002/001159	DONE	app/tools/gimpblendoptions.c	15	text	-280 -> 339,4	application-or-library	Tool options toolbar and compact standard controls	29.010,29.010/toolbar-ref-balance,29.010/standard-tool-options,29.011	Enumerated and assigned; see hunk-wbs.tsv; implementation and behavioral verification remain TODO
01.002/001160	DONE	app/tools/gimpblendoptions.h	1	text	-53 -> 53,2	application-or-library	Tool options toolbar and compact standard controls	29.010,29.010/toolbar-ref-balance,29.010/standard-tool-options,29.011	Enumerated and assigned; see hunk-wbs.tsv; implementation and behavioral verification remain TODO
01.002/001161	DONE	app/tools/gimpblendtool.c	1	text	-102,0 -> 103	application-or-library	Tool options toolbar and compact standard controls	29.010,29.010/toolbar-ref-balance,29.010/standard-tool-options,29.011	Enumerated and assigned; see hunk-wbs.tsv; implementation and behavioral verification remain TODO
01.002/001162	DONE	app/tools/gimpblendtool.c	2	text	-170 -> 171	application-or-library	Tool options toolbar and compact standard controls	29.010,29.010/toolbar-ref-balance,29.010/standard-tool-options,29.011	Enumerated and assigned; see hunk-wbs.tsv; implementation and behavioral verification remain TODO
01.002/001163	DONE	app/tools/gimpblendtool.c	3	text	-173 -> 174	application-or-library	Tool options toolbar and compact standard controls	29.010,29.010/toolbar-ref-balance,29.010/standard-tool-options,29.011	Enumerated and assigned; see hunk-wbs.tsv; implementation and behavioral verification remain TODO
01.002/001164	DONE	app/tools/gimpblendtool.c	4	text	-373 -> 374	application-or-library	Tool options toolbar and compact standard controls	29.010,29.010/toolbar-ref-balance,29.010/standard-tool-options,29.011	Enumerated and assigned; see hunk-wbs.tsv; implementation and behavioral verification remain TODO
01.002/001165	DONE	app/tools/gimpbrightnesscontrasttool.c	1	text	-108 -> 108	application-or-library	Tool options toolbar and compact standard controls	29.010,29.010/toolbar-ref-balance,29.010/standard-tool-options,29.011	Enumerated and assigned; see hunk-wbs.tsv; implementation and behavioral verification remain TODO
01.002/001166	DONE	app/tools/gimpbrushoptions-gui.c	1	text	-0,0 -> 1,771	application-or-library	Tool options toolbar and compact standard controls	29.010,29.010/toolbar-ref-balance,29.010/standard-tool-options,29.011	Enumerated and assigned; see hunk-wbs.tsv; implementation and behavioral verification remain TODO
01.002/001167	DONE	app/tools/gimpbrushoptions-gui.h	1	text	-0,0 -> 1,23	application-or-library	Tool options toolbar and compact standard controls	29.010,29.010/toolbar-ref-balance,29.010/standard-tool-options,29.011	Enumerated and assigned; see hunk-wbs.tsv; implementation and behavioral verification remain TODO
01.002/001168	DONE	app/tools/gimpbrushtool.c	1	text	-43,0 -> 44	application-or-library	Tool options toolbar and compact standard controls	29.010,29.010/toolbar-ref-balance,29.010/standard-tool-options,29.011	Enumerated and assigned; see hunk-wbs.tsv; implementation and behavioral verification remain TODO
01.002/001169	DONE	app/tools/gimpbucketfillbrushtool.cpp	1	text	-0,0 -> 1,586	application-or-library	Bounded brush flood fill and selection	08.011,08.012,27.001,27.001/snapshot-contract,27.002,27.003,27.004/gegl-bounded-search,27.005/selection-barrier,27.006,27.007/paintcore-gegl-compose,27.008,27.009/stroke-lifecycle,27.010,27.011,27.012	Enumerated and assigned; see hunk-wbs.tsv; implementation and behavioral verification remain TODO
01.002/001170	DONE	app/tools/gimpbucketfillbrushtool.h	1	text	-0,0 -> 1,59	application-or-library	Bounded brush flood fill and selection	08.011,08.012,27.001,27.001/snapshot-contract,27.002,27.003,27.004/gegl-bounded-search,27.005/selection-barrier,27.006,27.007/paintcore-gegl-compose,27.008,27.009/stroke-lifecycle,27.010,27.011,27.012	Enumerated and assigned; see hunk-wbs.tsv; implementation and behavioral verification remain TODO
01.002/001171	DONE	app/tools/gimpbucketfilloptions.c	1	text	-39,0 -> 40	application-or-library	Tool options toolbar and compact standard controls	29.010,29.010/toolbar-ref-balance,29.010/standard-tool-options,29.011	Enumerated and assigned; see hunk-wbs.tsv; implementation and behavioral verification remain TODO
01.002/001172	DONE	app/tools/gimpbucketfilloptions.c	2	text	-67,0 -> 69,6	application-or-library	Tool options toolbar and compact standard controls	29.010,29.010/toolbar-ref-balance,29.010/standard-tool-options,29.011	Enumerated and assigned; see hunk-wbs.tsv; implementation and behavioral verification remain TODO
01.002/001173	DONE	app/tools/gimpbucketfilloptions.c	3	text	-213,0 -> 221,33	application-or-library	Tool options toolbar and compact standard controls	29.010,29.010/toolbar-ref-balance,29.010/standard-tool-options,29.011	Enumerated and assigned; see hunk-wbs.tsv; implementation and behavioral verification remain TODO
01.002/001174	DONE	app/tools/gimpbucketfilloptions.c	4	text	-215,0 -> 256	application-or-library	Tool options toolbar and compact standard controls	29.010,29.010/toolbar-ref-balance,29.010/standard-tool-options,29.011	Enumerated and assigned; see hunk-wbs.tsv; implementation and behavioral verification remain TODO
01.002/001175	DONE	app/tools/gimpbucketfilloptions.c	5	text	-301 -> 342	application-or-library	Tool options toolbar and compact standard controls	29.010,29.010/toolbar-ref-balance,29.010/standard-tool-options,29.011	Enumerated and assigned; see hunk-wbs.tsv; implementation and behavioral verification remain TODO
01.002/001176	DONE	app/tools/gimpbucketfilloptions.h	1	text	-51 -> 51,2	application-or-library	Tool options toolbar and compact standard controls	29.010,29.010/toolbar-ref-balance,29.010/standard-tool-options,29.011	Enumerated and assigned; see hunk-wbs.tsv; implementation and behavioral verification remain TODO
01.002/001177	DONE	app/tools/gimpbucketfilltool.c	1	text	-79,0 -> 80	application-or-library	Tool options toolbar and compact standard controls	29.010,29.010/toolbar-ref-balance,29.010/standard-tool-options,29.011	Enumerated and assigned; see hunk-wbs.tsv; implementation and behavioral verification remain TODO
01.002/001178	DONE	app/tools/gimpbucketfilltool.c	2	text	-133 -> 134	application-or-library	Tool options toolbar and compact standard controls	29.010,29.010/toolbar-ref-balance,29.010/standard-tool-options,29.011	Enumerated and assigned; see hunk-wbs.tsv; implementation and behavioral verification remain TODO
01.002/001179	DONE	app/tools/gimpbucketfilltool.c	3	text	-136 -> 137	application-or-library	Tool options toolbar and compact standard controls	29.010,29.010/toolbar-ref-balance,29.010/standard-tool-options,29.011	Enumerated and assigned; see hunk-wbs.tsv; implementation and behavioral verification remain TODO
01.002/001180	DONE	app/tools/gimpbucketfilltool.c	4	text	-259 -> 260	application-or-library	Tool options toolbar and compact standard controls	29.010,29.010/toolbar-ref-balance,29.010/standard-tool-options,29.011	Enumerated and assigned; see hunk-wbs.tsv; implementation and behavioral verification remain TODO
01.002/001181	DONE	app/tools/gimpbycolorselecttool.c	1	text	-64,0 -> 65	application-or-library	Tool options toolbar and compact standard controls	29.010,29.010/toolbar-ref-balance,29.010/standard-tool-options,29.011	Enumerated and assigned; see hunk-wbs.tsv; implementation and behavioral verification remain TODO
01.002/001182	DONE	app/tools/gimpcageoptions.c	1	text	-51,0 -> 52	application-or-library	Tool options toolbar and compact standard controls	29.010,29.010/toolbar-ref-balance,29.010/standard-tool-options,29.011	Enumerated and assigned; see hunk-wbs.tsv; implementation and behavioral verification remain TODO
01.002/001183	DONE	app/tools/gimpcageoptions.c	2	text	-132,0 -> 134,12	application-or-library	Tool options toolbar and compact standard controls	29.010,29.010/toolbar-ref-balance,29.010/standard-tool-options,29.011	Enumerated and assigned; see hunk-wbs.tsv; implementation and behavioral verification remain TODO
01.002/001184	DONE	app/tools/gimpcageoptions.c	3	text	-135 -> 148	application-or-library	Tool options toolbar and compact standard controls	29.010,29.010/toolbar-ref-balance,29.010/standard-tool-options,29.011	Enumerated and assigned; see hunk-wbs.tsv; implementation and behavioral verification remain TODO
01.002/001185	DONE	app/tools/gimpcageoptions.c	4	text	-139 -> 152,5	application-or-library	Tool options toolbar and compact standard controls	29.010,29.010/toolbar-ref-balance,29.010/standard-tool-options,29.011	Enumerated and assigned; see hunk-wbs.tsv; implementation and behavioral verification remain TODO
01.002/001186	DONE	app/tools/gimpcageoptions.h	1	text	-54 -> 54,2	application-or-library	Tool options toolbar and compact standard controls	29.010,29.010/toolbar-ref-balance,29.010/standard-tool-options,29.011	Enumerated and assigned; see hunk-wbs.tsv; implementation and behavioral verification remain TODO
01.002/001187	DONE	app/tools/gimpcagetool.c	1	text	-155,0 -> 156	application-or-library	Tool options toolbar and compact standard controls	29.010,29.010/toolbar-ref-balance,29.010/standard-tool-options,29.011	Enumerated and assigned; see hunk-wbs.tsv; implementation and behavioral verification remain TODO
01.002/001188	DONE	app/tools/gimpclonetool.c	1	text	-35,0 -> 36	application-or-library	Tool options toolbar and compact standard controls	29.010,29.010/toolbar-ref-balance,29.010/standard-tool-options,29.011	Enumerated and assigned; see hunk-wbs.tsv; implementation and behavioral verification remain TODO
01.002/001189	DONE	app/tools/gimpclonetool.c	2	text	-42,2 -> 43,7	application-or-library	Tool options toolbar and compact standard controls	29.010,29.010/toolbar-ref-balance,29.010/standard-tool-options,29.011	Enumerated and assigned; see hunk-wbs.tsv; implementation and behavioral verification remain TODO
01.002/001190	DONE	app/tools/gimpclonetool.c	3	text	-56,0 -> 63	application-or-library	Tool options toolbar and compact standard controls	29.010,29.010/toolbar-ref-balance,29.010/standard-tool-options,29.011	Enumerated and assigned; see hunk-wbs.tsv; implementation and behavioral verification remain TODO
01.002/001191	DONE	app/tools/gimpclonetool.c	4	text	-98 -> 105	application-or-library	Tool options toolbar and compact standard controls	29.010,29.010/toolbar-ref-balance,29.010/standard-tool-options,29.011	Enumerated and assigned; see hunk-wbs.tsv; implementation and behavioral verification remain TODO
01.002/001192	DONE	app/tools/gimpclonetool.c	5	text	-100,2 -> 107	application-or-library	Tool options toolbar and compact standard controls	29.010,29.010/toolbar-ref-balance,29.010/standard-tool-options,29.011	Enumerated and assigned; see hunk-wbs.tsv; implementation and behavioral verification remain TODO
01.002/001193	DONE	app/tools/gimpclonetool.c	6	text	-102,0 -> 109,31	application-or-library	Tool options toolbar and compact standard controls	29.010,29.010/toolbar-ref-balance,29.010/standard-tool-options,29.011	Enumerated and assigned; see hunk-wbs.tsv; implementation and behavioral verification remain TODO
01.002/001194	DONE	app/tools/gimpclonetool.c	7	text	-106,0 -> 144	application-or-library	Tool options toolbar and compact standard controls	29.010,29.010/toolbar-ref-balance,29.010/standard-tool-options,29.011	Enumerated and assigned; see hunk-wbs.tsv; implementation and behavioral verification remain TODO
01.002/001195	DONE	app/tools/gimpclonetool.c	8	text	-132,0 -> 171,6	application-or-library	Tool options toolbar and compact standard controls	29.010,29.010/toolbar-ref-balance,29.010/standard-tool-options,29.011	Enumerated and assigned; see hunk-wbs.tsv; implementation and behavioral verification remain TODO
01.002/001196	DONE	app/tools/gimpclonetool.c	9	text	-134,0 -> 179	application-or-library	Tool options toolbar and compact standard controls	29.010,29.010/toolbar-ref-balance,29.010/standard-tool-options,29.011	Enumerated and assigned; see hunk-wbs.tsv; implementation and behavioral verification remain TODO
01.002/001197	DONE	app/tools/gimpclonetool.c	10	text	-136 -> 181,10	application-or-library	Tool options toolbar and compact standard controls	29.010,29.010/toolbar-ref-balance,29.010/standard-tool-options,29.011	Enumerated and assigned; see hunk-wbs.tsv; implementation and behavioral verification remain TODO
01.002/001198	DONE	app/tools/gimpcolorbalancetool.c	1	text	-91 -> 91	application-or-library	Tool options toolbar and compact standard controls	29.010,29.010/toolbar-ref-balance,29.010/standard-tool-options,29.011	Enumerated and assigned; see hunk-wbs.tsv; implementation and behavioral verification remain TODO
01.002/001199	DONE	app/tools/gimpcolorizetool.c	1	text	-87 -> 87	application-or-library	Tool options toolbar and compact standard controls	29.010,29.010/toolbar-ref-balance,29.010/standard-tool-options,29.011	Enumerated and assigned; see hunk-wbs.tsv; implementation and behavioral verification remain TODO
01.002/001200	DONE	app/tools/gimpcoloroptions.c	1	text	-52,0 -> 53,3	application-or-library	Tool options toolbar and compact standard controls	29.010,29.010/toolbar-ref-balance,29.010/standard-tool-options,29.011	Enumerated and assigned; see hunk-wbs.tsv; implementation and behavioral verification remain TODO
01.002/001201	DONE	app/tools/gimpcoloroptions.c	2	text	-138 -> 141	application-or-library	Tool options toolbar and compact standard controls	29.010,29.010/toolbar-ref-balance,29.010/standard-tool-options,29.011	Enumerated and assigned; see hunk-wbs.tsv; implementation and behavioral verification remain TODO
01.002/001202	DONE	app/tools/gimpcoloroptions.c	3	text	-142,0 -> 146	application-or-library	Tool options toolbar and compact standard controls	29.010,29.010/toolbar-ref-balance,29.010/standard-tool-options,29.011	Enumerated and assigned; see hunk-wbs.tsv; implementation and behavioral verification remain TODO
01.002/001203	DONE	app/tools/gimpcoloroptions.c	4	text	-144,6 -> 148,8	application-or-library	Tool options toolbar and compact standard controls	29.010,29.010/toolbar-ref-balance,29.010/standard-tool-options,29.011	Enumerated and assigned; see hunk-wbs.tsv; implementation and behavioral verification remain TODO
01.002/001204	DONE	app/tools/gimpcoloroptions.c	5	text	-151,0 -> 158	application-or-library	Tool options toolbar and compact standard controls	29.010,29.010/toolbar-ref-balance,29.010/standard-tool-options,29.011	Enumerated and assigned; see hunk-wbs.tsv; implementation and behavioral verification remain TODO
01.002/001205	DONE	app/tools/gimpcoloroptions.c	6	text	-166,0 -> 174,12	application-or-library	Tool options toolbar and compact standard controls	29.010,29.010/toolbar-ref-balance,29.010/standard-tool-options,29.011	Enumerated and assigned; see hunk-wbs.tsv; implementation and behavioral verification remain TODO
01.002/001206	DONE	app/tools/gimpcoloroptions.c	7	text	-169,0 -> 189	application-or-library	Tool options toolbar and compact standard controls	29.010,29.010/toolbar-ref-balance,29.010/standard-tool-options,29.011	Enumerated and assigned; see hunk-wbs.tsv; implementation and behavioral verification remain TODO
01.002/001207	DONE	app/tools/gimpcoloroptions.c	8	text	-172,0 -> 193,33	application-or-library	Tool options toolbar and compact standard controls	29.010,29.010/toolbar-ref-balance,29.010/standard-tool-options,29.011	Enumerated and assigned; see hunk-wbs.tsv; implementation and behavioral verification remain TODO
01.002/001208	DONE	app/tools/gimpcoloroptions.h	1	text	-47 -> 47,4	application-or-library	Tool options toolbar and compact standard controls	29.010,29.010/toolbar-ref-balance,29.010/standard-tool-options,29.011	Enumerated and assigned; see hunk-wbs.tsv; implementation and behavioral verification remain TODO
01.002/001209	DONE	app/tools/gimpcolorpickeroptions.c	1	text	-144,2 -> 144,2	application-or-library	Tool options toolbar and compact standard controls	29.010,29.010/toolbar-ref-balance,29.010/standard-tool-options,29.011	Enumerated and assigned; see hunk-wbs.tsv; implementation and behavioral verification remain TODO
01.002/001210	DONE	app/tools/gimpcolorpickeroptions.c	2	text	-148 -> 148	application-or-library	Tool options toolbar and compact standard controls	29.010,29.010/toolbar-ref-balance,29.010/standard-tool-options,29.011	Enumerated and assigned; see hunk-wbs.tsv; implementation and behavioral verification remain TODO
01.002/001211	DONE	app/tools/gimpcolorpickeroptions.c	3	text	-164,0 -> 165,5	application-or-library	Tool options toolbar and compact standard controls	29.010,29.010/toolbar-ref-balance,29.010/standard-tool-options,29.011	Enumerated and assigned; see hunk-wbs.tsv; implementation and behavioral verification remain TODO
01.002/001212	DONE	app/tools/gimpcolorpickeroptions.c	4	text	-165,0 -> 171	application-or-library	Tool options toolbar and compact standard controls	29.010,29.010/toolbar-ref-balance,29.010/standard-tool-options,29.011	Enumerated and assigned; see hunk-wbs.tsv; implementation and behavioral verification remain TODO
01.002/001213	DONE	app/tools/gimpcolorpickeroptions.c	5	text	-181,0 -> 188,12	application-or-library	Tool options toolbar and compact standard controls	29.010,29.010/toolbar-ref-balance,29.010/standard-tool-options,29.011	Enumerated and assigned; see hunk-wbs.tsv; implementation and behavioral verification remain TODO
01.002/001214	DONE	app/tools/gimpcolorpickeroptions.h	1	text	-47 -> 47,2	application-or-library	Tool options toolbar and compact standard controls	29.010,29.010/toolbar-ref-balance,29.010/standard-tool-options,29.011	Enumerated and assigned; see hunk-wbs.tsv; implementation and behavioral verification remain TODO
01.002/001215	DONE	app/tools/gimpcolorpickertool.c	1	text	-90,0 -> 91	application-or-library	Tool options toolbar and compact standard controls	29.010,29.010/toolbar-ref-balance,29.010/standard-tool-options,29.011	Enumerated and assigned; see hunk-wbs.tsv; implementation and behavioral verification remain TODO
01.002/001216	DONE	app/tools/gimpconvolvetool.c	1	text	-32,0 -> 33	application-or-library	Tool options toolbar and compact standard controls	29.010,29.010/toolbar-ref-balance,29.010/standard-tool-options,29.011	Enumerated and assigned; see hunk-wbs.tsv; implementation and behavioral verification remain TODO
01.002/001217	DONE	app/tools/gimpconvolvetool.c	2	text	-56 -> 57,6	application-or-library	Tool options toolbar and compact standard controls	29.010,29.010/toolbar-ref-balance,29.010/standard-tool-options,29.011	Enumerated and assigned; see hunk-wbs.tsv; implementation and behavioral verification remain TODO
01.002/001218	DONE	app/tools/gimpconvolvetool.c	3	text	-70,0 -> 77	application-or-library	Tool options toolbar and compact standard controls	29.010,29.010/toolbar-ref-balance,29.010/standard-tool-options,29.011	Enumerated and assigned; see hunk-wbs.tsv; implementation and behavioral verification remain TODO
01.002/001219	DONE	app/tools/gimpconvolvetool.c	4	text	-204 -> 211	application-or-library	Tool options toolbar and compact standard controls	29.010,29.010/toolbar-ref-balance,29.010/standard-tool-options,29.011	Enumerated and assigned; see hunk-wbs.tsv; implementation and behavioral verification remain TODO
01.002/001220	DONE	app/tools/gimpconvolvetool.c	5	text	-207 -> 214,19	application-or-library	Tool options toolbar and compact standard controls	29.010,29.010/toolbar-ref-balance,29.010/standard-tool-options,29.011	Enumerated and assigned; see hunk-wbs.tsv; implementation and behavioral verification remain TODO
01.002/001221	DONE	app/tools/gimpconvolvetool.c	6	text	-208,0 -> 234	application-or-library	Tool options toolbar and compact standard controls	29.010,29.010/toolbar-ref-balance,29.010/standard-tool-options,29.011	Enumerated and assigned; see hunk-wbs.tsv; implementation and behavioral verification remain TODO
01.002/001222	DONE	app/tools/gimpconvolvetool.c	7	text	-233 -> 259,13	application-or-library	Tool options toolbar and compact standard controls	29.010,29.010/toolbar-ref-balance,29.010/standard-tool-options,29.011	Enumerated and assigned; see hunk-wbs.tsv; implementation and behavioral verification remain TODO
01.002/001223	DONE	app/tools/gimpcropoptions.c	1	text	-154,2 -> 154,2	application-or-library	Tool options toolbar and compact standard controls	29.010,29.010/toolbar-ref-balance,29.010/standard-tool-options,29.011	Enumerated and assigned; see hunk-wbs.tsv; implementation and behavioral verification remain TODO
01.002/001224	DONE	app/tools/gimpcropoptions.c	2	text	-158 -> 158	application-or-library	Tool options toolbar and compact standard controls	29.010,29.010/toolbar-ref-balance,29.010/standard-tool-options,29.011	Enumerated and assigned; see hunk-wbs.tsv; implementation and behavioral verification remain TODO
01.002/001225	DONE	app/tools/gimpcropoptions.c	3	text	-175 -> 175	application-or-library	Tool options toolbar and compact standard controls	29.010,29.010/toolbar-ref-balance,29.010/standard-tool-options,29.011	Enumerated and assigned; see hunk-wbs.tsv; implementation and behavioral verification remain TODO
01.002/001226	DONE	app/tools/gimpcropoptions.c	4	text	-180,0 -> 181,12	application-or-library	Tool options toolbar and compact standard controls	29.010,29.010/toolbar-ref-balance,29.010/standard-tool-options,29.011	Enumerated and assigned; see hunk-wbs.tsv; implementation and behavioral verification remain TODO
01.002/001227	DONE	app/tools/gimpcropoptions.h	1	text	-50 -> 50	application-or-library	Tool options toolbar and compact standard controls	29.010,29.010/toolbar-ref-balance,29.010/standard-tool-options,29.011	Enumerated and assigned; see hunk-wbs.tsv; implementation and behavioral verification remain TODO
01.002/001228	DONE	app/tools/gimpcropoptions.h	2	text	-52 -> 52,2	application-or-library	Tool options toolbar and compact standard controls	29.010,29.010/toolbar-ref-balance,29.010/standard-tool-options,29.011	Enumerated and assigned; see hunk-wbs.tsv; implementation and behavioral verification remain TODO
01.002/001229	DONE	app/tools/gimpcroptool.c	1	text	-114,0 -> 115	application-or-library	Tool options toolbar and compact standard controls	29.010,29.010/toolbar-ref-balance,29.010/standard-tool-options,29.011	Enumerated and assigned; see hunk-wbs.tsv; implementation and behavioral verification remain TODO
01.002/001230	DONE	app/tools/gimpcurvestool.c	1	text	-142,0 -> 143	application-or-library	Tool options toolbar and compact standard controls	29.010,29.010/toolbar-ref-balance,29.010/standard-tool-options,29.011	Enumerated and assigned; see hunk-wbs.tsv; implementation and behavioral verification remain TODO
01.002/001231	DONE	app/tools/gimpdesaturatetool.c	1	text	-74 -> 74	application-or-library	Tool options toolbar and compact standard controls	29.010,29.010/toolbar-ref-balance,29.010/standard-tool-options,29.011	Enumerated and assigned; see hunk-wbs.tsv; implementation and behavioral verification remain TODO
01.002/001232	DONE	app/tools/gimpdodgeburntool.c	1	text	-32,0 -> 33	application-or-library	Tool options toolbar and compact standard controls	29.010,29.010/toolbar-ref-balance,29.010/standard-tool-options,29.011	Enumerated and assigned; see hunk-wbs.tsv; implementation and behavioral verification remain TODO
01.002/001233	DONE	app/tools/gimpdodgeburntool.c	2	text	-56 -> 57,7	application-or-library	Tool options toolbar and compact standard controls	29.010,29.010/toolbar-ref-balance,29.010/standard-tool-options,29.011	Enumerated and assigned; see hunk-wbs.tsv; implementation and behavioral verification remain TODO
01.002/001234	DONE	app/tools/gimpdodgeburntool.c	3	text	-70,0 -> 78	application-or-library	Tool options toolbar and compact standard controls	29.010,29.010/toolbar-ref-balance,29.010/standard-tool-options,29.011	Enumerated and assigned; see hunk-wbs.tsv; implementation and behavioral verification remain TODO
01.002/001235	DONE	app/tools/gimpdodgeburntool.c	4	text	-207 -> 215	application-or-library	Tool options toolbar and compact standard controls	29.010,29.010/toolbar-ref-balance,29.010/standard-tool-options,29.011	Enumerated and assigned; see hunk-wbs.tsv; implementation and behavioral verification remain TODO
01.002/001236	DONE	app/tools/gimpdodgeburntool.c	5	text	-210 -> 218,2	application-or-library	Tool options toolbar and compact standard controls	29.010,29.010/toolbar-ref-balance,29.010/standard-tool-options,29.011	Enumerated and assigned; see hunk-wbs.tsv; implementation and behavioral verification remain TODO
01.002/001237	DONE	app/tools/gimpdodgeburntool.c	6	text	-211,0 -> 221,15	application-or-library	Tool options toolbar and compact standard controls	29.010,29.010/toolbar-ref-balance,29.010/standard-tool-options,29.011	Enumerated and assigned; see hunk-wbs.tsv; implementation and behavioral verification remain TODO
01.002/001238	DONE	app/tools/gimpdodgeburntool.c	7	text	-212,0 -> 237	application-or-library	Tool options toolbar and compact standard controls	29.010,29.010/toolbar-ref-balance,29.010/standard-tool-options,29.011	Enumerated and assigned; see hunk-wbs.tsv; implementation and behavioral verification remain TODO
01.002/001239	DONE	app/tools/gimpdodgeburntool.c	8	text	-241 -> 266,13	application-or-library	Tool options toolbar and compact standard controls	29.010,29.010/toolbar-ref-balance,29.010/standard-tool-options,29.011	Enumerated and assigned; see hunk-wbs.tsv; implementation and behavioral verification remain TODO
01.002/001240	DONE	app/tools/gimpdrawtool.c	1	text	-1012,6 -> 1012,6	application-or-library	Perspective guide model and editing	08.009,08.009/removed-signal,08.009/guide-owner,08.010,26.001,26.002,26.003,26.004,26.005,26.006,26.007,26.008,26.009,26.010,26.011,26.012	Enumerated and assigned; see hunk-wbs.tsv; implementation and behavioral verification remain TODO
01.002/001241	DONE	app/tools/gimpdrawtool.h	1	text	-257 -> 257,3	application-or-library	C/C++ header/type adapter	04.003,04.004,08.019	Enumerated and assigned; see hunk-wbs.tsv; implementation and behavioral verification remain TODO
01.002/001242	DONE	app/tools/gimpdynamicsoptions-gui.c	1	text	-0,0 -> 1,384	application-or-library	Tool options toolbar and compact standard controls	29.010,29.010/toolbar-ref-balance,29.010/standard-tool-options,29.011	Enumerated and assigned; see hunk-wbs.tsv; implementation and behavioral verification remain TODO
01.002/001243	DONE	app/tools/gimpdynamicsoptions-gui.h	1	text	-0,0 -> 1,23	application-or-library	Tool options toolbar and compact standard controls	29.010,29.010/toolbar-ref-balance,29.010/standard-tool-options,29.011	Enumerated and assigned; see hunk-wbs.tsv; implementation and behavioral verification remain TODO
01.002/001244	DONE	app/tools/gimpellipseselecttool.c	1	text	-63,0 -> 64	application-or-library	Tool options toolbar and compact standard controls	29.010,29.010/toolbar-ref-balance,29.010/standard-tool-options,29.011	Enumerated and assigned; see hunk-wbs.tsv; implementation and behavioral verification remain TODO
01.002/001245	DONE	app/tools/gimperasertool.c	1	text	-48 -> 48,3	application-or-library	Tool options toolbar and compact standard controls	29.010,29.010/toolbar-ref-balance,29.010/standard-tool-options,29.011	Enumerated and assigned; see hunk-wbs.tsv; implementation and behavioral verification remain TODO
01.002/001246	DONE	app/tools/gimperasertool.c	2	text	-62,0 -> 65	application-or-library	Tool options toolbar and compact standard controls	29.010,29.010/toolbar-ref-balance,29.010/standard-tool-options,29.011	Enumerated and assigned; see hunk-wbs.tsv; implementation and behavioral verification remain TODO
01.002/001247	DONE	app/tools/gimperasertool.c	3	text	-137 -> 140	application-or-library	Tool options toolbar and compact standard controls	29.010,29.010/toolbar-ref-balance,29.010/standard-tool-options,29.011	Enumerated and assigned; see hunk-wbs.tsv; implementation and behavioral verification remain TODO
01.002/001248	DONE	app/tools/gimperasertool.c	4	text	-140 -> 143	application-or-library	Tool options toolbar and compact standard controls	29.010,29.010/toolbar-ref-balance,29.010/standard-tool-options,29.011	Enumerated and assigned; see hunk-wbs.tsv; implementation and behavioral verification remain TODO
01.002/001249	DONE	app/tools/gimperasertool.c	5	text	-155,0 -> 159,13	application-or-library	Tool options toolbar and compact standard controls	29.010,29.010/toolbar-ref-balance,29.010/standard-tool-options,29.011	Enumerated and assigned; see hunk-wbs.tsv; implementation and behavioral verification remain TODO
01.002/001250	DONE	app/tools/gimpflipoptions.c	1	text	-115,2 -> 115,2	application-or-library	Tool options toolbar and compact standard controls	29.010,29.010/toolbar-ref-balance,29.010/standard-tool-options,29.011	Enumerated and assigned; see hunk-wbs.tsv; implementation and behavioral verification remain TODO
01.002/001251	DONE	app/tools/gimpflipoptions.c	2	text	-119 -> 119	application-or-library	Tool options toolbar and compact standard controls	29.010,29.010/toolbar-ref-balance,29.010/standard-tool-options,29.011	Enumerated and assigned; see hunk-wbs.tsv; implementation and behavioral verification remain TODO
01.002/001252	DONE	app/tools/gimpflipoptions.c	3	text	-145,4 -> 145,6	application-or-library	Tool options toolbar and compact standard controls	29.010,29.010/toolbar-ref-balance,29.010/standard-tool-options,29.011	Enumerated and assigned; see hunk-wbs.tsv; implementation and behavioral verification remain TODO
01.002/001253	DONE	app/tools/gimpflipoptions.c	4	text	-155,0 -> 158,12	application-or-library	Tool options toolbar and compact standard controls	29.010,29.010/toolbar-ref-balance,29.010/standard-tool-options,29.011	Enumerated and assigned; see hunk-wbs.tsv; implementation and behavioral verification remain TODO
01.002/001254	DONE	app/tools/gimpflipoptions.h	1	text	-46 -> 46,2	application-or-library	Tool options toolbar and compact standard controls	29.010,29.010/toolbar-ref-balance,29.010/standard-tool-options,29.011	Enumerated and assigned; see hunk-wbs.tsv; implementation and behavioral verification remain TODO
01.002/001255	DONE	app/tools/gimpfliptool.c	1	text	-81,0 -> 82	application-or-library	Tool options toolbar and compact standard controls	29.010,29.010/toolbar-ref-balance,29.010/standard-tool-options,29.011	Enumerated and assigned; see hunk-wbs.tsv; implementation and behavioral verification remain TODO
01.002/001256	DONE	app/tools/gimpforegroundselectoptions.c	1	text	-54,8 -> 54,11	application-or-library	Tool options toolbar and compact standard controls	29.010,29.010/toolbar-ref-balance,29.010/standard-tool-options,29.011	Enumerated and assigned; see hunk-wbs.tsv; implementation and behavioral verification remain TODO
01.002/001257	DONE	app/tools/gimpforegroundselectoptions.c	2	text	-258,2 -> 261,3	application-or-library	Tool options toolbar and compact standard controls	29.010,29.010/toolbar-ref-balance,29.010/standard-tool-options,29.011	Enumerated and assigned; see hunk-wbs.tsv; implementation and behavioral verification remain TODO
01.002/001258	DONE	app/tools/gimpforegroundselectoptions.c	3	text	-262 -> 266,2	application-or-library	Tool options toolbar and compact standard controls	29.010,29.010/toolbar-ref-balance,29.010/standard-tool-options,29.011	Enumerated and assigned; see hunk-wbs.tsv; implementation and behavioral verification remain TODO
01.002/001259	DONE	app/tools/gimpforegroundselectoptions.c	4	text	-273,3 -> 277,0	application-or-library	Tool options toolbar and compact standard controls	29.010,29.010/toolbar-ref-balance,29.010/standard-tool-options,29.011	Enumerated and assigned; see hunk-wbs.tsv; implementation and behavioral verification remain TODO
01.002/001260	DONE	app/tools/gimpforegroundselectoptions.c	5	text	-284,0 -> 287,29	application-or-library	Tool options toolbar and compact standard controls	29.010,29.010/toolbar-ref-balance,29.010/standard-tool-options,29.011	Enumerated and assigned; see hunk-wbs.tsv; implementation and behavioral verification remain TODO
01.002/001261	DONE	app/tools/gimpforegroundselectoptions.c	6	text	-370 -> 401,13	application-or-library	Tool options toolbar and compact standard controls	29.010,29.010/toolbar-ref-balance,29.010/standard-tool-options,29.011	Enumerated and assigned; see hunk-wbs.tsv; implementation and behavioral verification remain TODO
01.002/001262	DONE	app/tools/gimpforegroundselectoptions.h	1	text	-52,0 -> 53	application-or-library	Tool options toolbar and compact standard controls	29.010,29.010/toolbar-ref-balance,29.010/standard-tool-options,29.011	Enumerated and assigned; see hunk-wbs.tsv; implementation and behavioral verification remain TODO
01.002/001263	DONE	app/tools/gimpforegroundselecttool.c	1	text	-141,0 -> 142	application-or-library	Tool options toolbar and compact standard controls	29.010,29.010/toolbar-ref-balance,29.010/standard-tool-options,29.011	Enumerated and assigned; see hunk-wbs.tsv; implementation and behavioral verification remain TODO
01.002/001264	DONE	app/tools/gimpfreeselecttool.c	1	text	-193,0 -> 194	application-or-library	Tool options toolbar and compact standard controls	29.010,29.010/toolbar-ref-balance,29.010/standard-tool-options,29.011	Enumerated and assigned; see hunk-wbs.tsv; implementation and behavioral verification remain TODO
01.002/001265	DONE	app/tools/gimpfuzzyselecttool.c	1	text	-62,0 -> 63	application-or-library	Tool options toolbar and compact standard controls	29.010,29.010/toolbar-ref-balance,29.010/standard-tool-options,29.011	Enumerated and assigned; see hunk-wbs.tsv; implementation and behavioral verification remain TODO
01.002/001266	DONE	app/tools/gimpgegltool.c	1	text	-90 -> 90	application-or-library	Tool options toolbar and compact standard controls	29.010,29.010/toolbar-ref-balance,29.010/standard-tool-options,29.011	Enumerated and assigned; see hunk-wbs.tsv; implementation and behavioral verification remain TODO
01.002/001267	DONE	app/tools/gimphealtool.c	1	text	-37 -> 37,4	application-or-library	Tool options toolbar and compact standard controls	29.010,29.010/toolbar-ref-balance,29.010/standard-tool-options,29.011	Enumerated and assigned; see hunk-wbs.tsv; implementation and behavioral verification remain TODO
01.002/001268	DONE	app/tools/gimphealtool.c	2	text	-49,0 -> 53	application-or-library	Tool options toolbar and compact standard controls	29.010,29.010/toolbar-ref-balance,29.010/standard-tool-options,29.011	Enumerated and assigned; see hunk-wbs.tsv; implementation and behavioral verification remain TODO
01.002/001269	DONE	app/tools/gimphealtool.c	3	text	-89 -> 93	application-or-library	Tool options toolbar and compact standard controls	29.010,29.010/toolbar-ref-balance,29.010/standard-tool-options,29.011	Enumerated and assigned; see hunk-wbs.tsv; implementation and behavioral verification remain TODO
01.002/001270	DONE	app/tools/gimphealtool.c	4	text	-92 -> 96	application-or-library	Tool options toolbar and compact standard controls	29.010,29.010/toolbar-ref-balance,29.010/standard-tool-options,29.011	Enumerated and assigned; see hunk-wbs.tsv; implementation and behavioral verification remain TODO
01.002/001271	DONE	app/tools/gimphealtool.c	5	text	-118,0 -> 123,12	application-or-library	Tool options toolbar and compact standard controls	29.010,29.010/toolbar-ref-balance,29.010/standard-tool-options,29.011	Enumerated and assigned; see hunk-wbs.tsv; implementation and behavioral verification remain TODO
01.002/001272	DONE	app/tools/gimphistogramoptions.c	1	text	-51,0 -> 52	application-or-library	Tool options toolbar and compact standard controls	29.010,29.010/toolbar-ref-balance,29.010/standard-tool-options,29.011	Enumerated and assigned; see hunk-wbs.tsv; implementation and behavioral verification remain TODO
01.002/001273	DONE	app/tools/gimphistogramoptions.c	2	text	-119,0 -> 121,12	application-or-library	Tool options toolbar and compact standard controls	29.010,29.010/toolbar-ref-balance,29.010/standard-tool-options,29.011	Enumerated and assigned; see hunk-wbs.tsv; implementation and behavioral verification remain TODO
01.002/001274	DONE	app/tools/gimphistogramoptions.c	3	text	-122 -> 135	application-or-library	Tool options toolbar and compact standard controls	29.010,29.010/toolbar-ref-balance,29.010/standard-tool-options,29.011	Enumerated and assigned; see hunk-wbs.tsv; implementation and behavioral verification remain TODO
01.002/001275	DONE	app/tools/gimphistogramoptions.c	4	text	-125,2 -> 138,3	application-or-library	Tool options toolbar and compact standard controls	29.010,29.010/toolbar-ref-balance,29.010/standard-tool-options,29.011	Enumerated and assigned; see hunk-wbs.tsv; implementation and behavioral verification remain TODO
01.002/001276	DONE	app/tools/gimphistogramoptions.h	1	text	-46,0 -> 47	application-or-library	Tool options toolbar and compact standard controls	29.010,29.010/toolbar-ref-balance,29.010/standard-tool-options,29.011	Enumerated and assigned; see hunk-wbs.tsv; implementation and behavioral verification remain TODO
01.002/001277	DONE	app/tools/gimphuesaturationtool.c	1	text	-99 -> 99	application-or-library	Tool options toolbar and compact standard controls	29.010,29.010/toolbar-ref-balance,29.010/standard-tool-options,29.011	Enumerated and assigned; see hunk-wbs.tsv; implementation and behavioral verification remain TODO
01.002/001278	DONE	app/tools/gimpimagegeneratortool.cpp	1	text	-0,0 -> 1,477	application-or-library	ImageGenerator placeholder dependency	31.011,31.012	Enumerated and assigned; see hunk-wbs.tsv; implementation and behavioral verification remain TODO
01.002/001279	DONE	app/tools/gimpimagegeneratortool.h	1	text	-0,0 -> 1,59	application-or-library	ImageGenerator placeholder dependency	31.011,31.012	Enumerated and assigned; see hunk-wbs.tsv; implementation and behavioral verification remain TODO
01.002/001280	DONE	app/tools/gimpimagemaptool.c	1	text	-277 -> 277	application-or-library	Tool options toolbar and compact standard controls	29.010,29.010/toolbar-ref-balance,29.010/standard-tool-options,29.011	Enumerated and assigned; see hunk-wbs.tsv; implementation and behavioral verification remain TODO
01.002/001281	DONE	app/tools/gimpimagemaptool.c	2	text	-280 -> 280	application-or-library	Tool options toolbar and compact standard controls	29.010,29.010/toolbar-ref-balance,29.010/standard-tool-options,29.011	Enumerated and assigned; see hunk-wbs.tsv; implementation and behavioral verification remain TODO
01.002/001282	DONE	app/tools/gimpinkoptions-gui.c	1	text	-33,0 -> 34	application-or-library	Tool options toolbar and compact standard controls	29.010,29.010/toolbar-ref-balance,29.010/standard-tool-options,29.011	Enumerated and assigned; see hunk-wbs.tsv; implementation and behavioral verification remain TODO
01.002/001283	DONE	app/tools/gimpinkoptions-gui.c	2	text	-38,0 -> 40,4	application-or-library	Tool options toolbar and compact standard controls	29.010,29.010/toolbar-ref-balance,29.010/standard-tool-options,29.011	Enumerated and assigned; see hunk-wbs.tsv; implementation and behavioral verification remain TODO
01.002/001284	DONE	app/tools/gimpinkoptions-gui.c	3	text	-40,0 -> 46,12	application-or-library	Tool options toolbar and compact standard controls	29.010,29.010/toolbar-ref-balance,29.010/standard-tool-options,29.011	Enumerated and assigned; see hunk-wbs.tsv; implementation and behavioral verification remain TODO
01.002/001285	DONE	app/tools/gimpinkoptions-gui.c	4	text	-43,2 -> 60	application-or-library	Tool options toolbar and compact standard controls	29.010,29.010/toolbar-ref-balance,29.010/standard-tool-options,29.011	Enumerated and assigned; see hunk-wbs.tsv; implementation and behavioral verification remain TODO
01.002/001286	DONE	app/tools/gimpinkoptions-gui.c	5	text	-48,4 -> 64,3	application-or-library	Tool options toolbar and compact standard controls	29.010,29.010/toolbar-ref-balance,29.010/standard-tool-options,29.011	Enumerated and assigned; see hunk-wbs.tsv; implementation and behavioral verification remain TODO
01.002/001287	DONE	app/tools/gimpinkoptions-gui.c	6	text	-54,3 -> 68,0	application-or-library	Tool options toolbar and compact standard controls	29.010,29.010/toolbar-ref-balance,29.010/standard-tool-options,29.011	Enumerated and assigned; see hunk-wbs.tsv; implementation and behavioral verification remain TODO
01.002/001288	DONE	app/tools/gimpinkoptions-gui.c	7	text	-58,3 -> 70,13	application-or-library	Tool options toolbar and compact standard controls	29.010,29.010/toolbar-ref-balance,29.010/standard-tool-options,29.011	Enumerated and assigned; see hunk-wbs.tsv; implementation and behavioral verification remain TODO
01.002/001289	DONE	app/tools/gimpinkoptions-gui.c	8	text	-77,3 -> 99,28	application-or-library	Tool options toolbar and compact standard controls	29.010,29.010/toolbar-ref-balance,29.010/standard-tool-options,29.011	Enumerated and assigned; see hunk-wbs.tsv; implementation and behavioral verification remain TODO
01.002/001290	DONE	app/tools/gimpinkoptions-gui.c	9	text	-82 -> 129	application-or-library	Tool options toolbar and compact standard controls	29.010,29.010/toolbar-ref-balance,29.010/standard-tool-options,29.011	Enumerated and assigned; see hunk-wbs.tsv; implementation and behavioral verification remain TODO
01.002/001291	DONE	app/tools/gimpinkoptions-gui.c	10	text	-106,4 -> 152,0	application-or-library	Tool options toolbar and compact standard controls	29.010,29.010/toolbar-ref-balance,29.010/standard-tool-options,29.011	Enumerated and assigned; see hunk-wbs.tsv; implementation and behavioral verification remain TODO
01.002/001292	DONE	app/tools/gimpinkoptions-gui.c	11	text	-110,0 -> 154,16	application-or-library	Tool options toolbar and compact standard controls	29.010,29.010/toolbar-ref-balance,29.010/standard-tool-options,29.011	Enumerated and assigned; see hunk-wbs.tsv; implementation and behavioral verification remain TODO
01.002/001293	DONE	app/tools/gimpinkoptions-gui.c	12	text	-112 -> 171	application-or-library	Tool options toolbar and compact standard controls	29.010,29.010/toolbar-ref-balance,29.010/standard-tool-options,29.011	Enumerated and assigned; see hunk-wbs.tsv; implementation and behavioral verification remain TODO
01.002/001294	DONE	app/tools/gimpinkoptions-gui.c	13	text	-115,2 -> 173,0	application-or-library	Tool options toolbar and compact standard controls	29.010,29.010/toolbar-ref-balance,29.010/standard-tool-options,29.011	Enumerated and assigned; see hunk-wbs.tsv; implementation and behavioral verification remain TODO
01.002/001295	DONE	app/tools/gimpinkoptions-gui.c	14	text	-124,0 -> 182	application-or-library	Tool options toolbar and compact standard controls	29.010,29.010/toolbar-ref-balance,29.010/standard-tool-options,29.011	Enumerated and assigned; see hunk-wbs.tsv; implementation and behavioral verification remain TODO
01.002/001296	DONE	app/tools/gimpinkoptions-gui.c	15	text	-126,0 -> 185	application-or-library	Tool options toolbar and compact standard controls	29.010,29.010/toolbar-ref-balance,29.010/standard-tool-options,29.011	Enumerated and assigned; see hunk-wbs.tsv; implementation and behavioral verification remain TODO
01.002/001297	DONE	app/tools/gimpinkoptions-gui.c	16	text	-129 -> 188	application-or-library	Tool options toolbar and compact standard controls	29.010,29.010/toolbar-ref-balance,29.010/standard-tool-options,29.011	Enumerated and assigned; see hunk-wbs.tsv; implementation and behavioral verification remain TODO
01.002/001298	DONE	app/tools/gimpinkoptions-gui.c	17	text	-134,2 -> 192,0	application-or-library	Tool options toolbar and compact standard controls	29.010,29.010/toolbar-ref-balance,29.010/standard-tool-options,29.011	Enumerated and assigned; see hunk-wbs.tsv; implementation and behavioral verification remain TODO
01.002/001299	DONE	app/tools/gimpinkoptions-gui.c	18	text	-138,0 -> 196	application-or-library	Tool options toolbar and compact standard controls	29.010,29.010/toolbar-ref-balance,29.010/standard-tool-options,29.011	Enumerated and assigned; see hunk-wbs.tsv; implementation and behavioral verification remain TODO
01.002/001300	DONE	app/tools/gimpinkoptions-gui.c	19	text	-145,2 -> 203	application-or-library	Tool options toolbar and compact standard controls	29.010,29.010/toolbar-ref-balance,29.010/standard-tool-options,29.011	Enumerated and assigned; see hunk-wbs.tsv; implementation and behavioral verification remain TODO
01.002/001301	DONE	app/tools/gimpinkoptions-gui.h	1	text	-22,0 -> 23	application-or-library	Tool options toolbar and compact standard controls	29.010,29.010/toolbar-ref-balance,29.010/standard-tool-options,29.011	Enumerated and assigned; see hunk-wbs.tsv; implementation and behavioral verification remain TODO
01.002/001302	DONE	app/tools/gimpinktool.c	1	text	-48,0 -> 49	application-or-library	Tool options toolbar and compact standard controls	29.010,29.010/toolbar-ref-balance,29.010/standard-tool-options,29.011	Enumerated and assigned; see hunk-wbs.tsv; implementation and behavioral verification remain TODO
01.002/001303	DONE	app/tools/gimpiscissorsoptions.c	1	text	-119,2 -> 119,2	application-or-library	Tool options toolbar and compact standard controls	29.010,29.010/toolbar-ref-balance,29.010/standard-tool-options,29.011	Enumerated and assigned; see hunk-wbs.tsv; implementation and behavioral verification remain TODO
01.002/001304	DONE	app/tools/gimpiscissorsoptions.c	2	text	-123 -> 123	application-or-library	Tool options toolbar and compact standard controls	29.010,29.010/toolbar-ref-balance,29.010/standard-tool-options,29.011	Enumerated and assigned; see hunk-wbs.tsv; implementation and behavioral verification remain TODO
01.002/001305	DONE	app/tools/gimpiscissorsoptions.c	3	text	-132,0 -> 133,13	application-or-library	Tool options toolbar and compact standard controls	29.010,29.010/toolbar-ref-balance,29.010/standard-tool-options,29.011	Enumerated and assigned; see hunk-wbs.tsv; implementation and behavioral verification remain TODO
01.002/001306	DONE	app/tools/gimpiscissorsoptions.h	1	text	-44 -> 44	application-or-library	Tool options toolbar and compact standard controls	29.010,29.010/toolbar-ref-balance,29.010/standard-tool-options,29.011	Enumerated and assigned; see hunk-wbs.tsv; implementation and behavioral verification remain TODO
01.002/001307	DONE	app/tools/gimpiscissorsoptions.h	2	text	-46 -> 46,2	application-or-library	Tool options toolbar and compact standard controls	29.010,29.010/toolbar-ref-balance,29.010/standard-tool-options,29.011	Enumerated and assigned; see hunk-wbs.tsv; implementation and behavioral verification remain TODO
01.002/001308	DONE	app/tools/gimpiscissorstool.c	1	text	-272,0 -> 273	application-or-library	Tool options toolbar and compact standard controls	29.010,29.010/toolbar-ref-balance,29.010/standard-tool-options,29.011	Enumerated and assigned; see hunk-wbs.tsv; implementation and behavioral verification remain TODO
01.002/001309	DONE	app/tools/gimplevelstool.c	1	text	-147,0 -> 148	application-or-library	Tool options toolbar and compact standard controls	29.010,29.010/toolbar-ref-balance,29.010/standard-tool-options,29.011	Enumerated and assigned; see hunk-wbs.tsv; implementation and behavioral verification remain TODO
01.002/001310	DONE	app/tools/gimpmagnifyoptions.c	1	text	-158,2 -> 158,2	application-or-library	Tool options toolbar and compact standard controls	29.010,29.010/toolbar-ref-balance,29.010/standard-tool-options,29.011	Enumerated and assigned; see hunk-wbs.tsv; implementation and behavioral verification remain TODO
01.002/001311	DONE	app/tools/gimpmagnifyoptions.c	2	text	-162 -> 162	application-or-library	Tool options toolbar and compact standard controls	29.010,29.010/toolbar-ref-balance,29.010/standard-tool-options,29.011	Enumerated and assigned; see hunk-wbs.tsv; implementation and behavioral verification remain TODO
01.002/001312	DONE	app/tools/gimpmagnifyoptions.c	3	text	-180,2 -> 180,5	application-or-library	Tool options toolbar and compact standard controls	29.010,29.010/toolbar-ref-balance,29.010/standard-tool-options,29.011	Enumerated and assigned; see hunk-wbs.tsv; implementation and behavioral verification remain TODO
01.002/001313	DONE	app/tools/gimpmagnifyoptions.c	4	text	-188,0 -> 192,12	application-or-library	Tool options toolbar and compact standard controls	29.010,29.010/toolbar-ref-balance,29.010/standard-tool-options,29.011	Enumerated and assigned; see hunk-wbs.tsv; implementation and behavioral verification remain TODO
01.002/001314	DONE	app/tools/gimpmagnifyoptions.h	1	text	-45 -> 45	application-or-library	Tool options toolbar and compact standard controls	29.010,29.010/toolbar-ref-balance,29.010/standard-tool-options,29.011	Enumerated and assigned; see hunk-wbs.tsv; implementation and behavioral verification remain TODO
01.002/001315	DONE	app/tools/gimpmagnifyoptions.h	2	text	-47 -> 47,2	application-or-library	Tool options toolbar and compact standard controls	29.010,29.010/toolbar-ref-balance,29.010/standard-tool-options,29.011	Enumerated and assigned; see hunk-wbs.tsv; implementation and behavioral verification remain TODO
01.002/001316	DONE	app/tools/gimpmagnifytool.c	1	text	-88,0 -> 89	application-or-library	Tool options toolbar and compact standard controls	29.010,29.010/toolbar-ref-balance,29.010/standard-tool-options,29.011	Enumerated and assigned; see hunk-wbs.tsv; implementation and behavioral verification remain TODO
01.002/001317	DONE	app/tools/gimpmeasureoptions.c	1	text	-116,2 -> 116,2	application-or-library	Tool options toolbar and compact standard controls	29.010,29.010/toolbar-ref-balance,29.010/standard-tool-options,29.011	Enumerated and assigned; see hunk-wbs.tsv; implementation and behavioral verification remain TODO
01.002/001318	DONE	app/tools/gimpmeasureoptions.c	2	text	-120 -> 120	application-or-library	Tool options toolbar and compact standard controls	29.010,29.010/toolbar-ref-balance,29.010/standard-tool-options,29.011	Enumerated and assigned; see hunk-wbs.tsv; implementation and behavioral verification remain TODO
01.002/001319	DONE	app/tools/gimpmeasureoptions.c	3	text	-130,0 -> 131,13	application-or-library	Tool options toolbar and compact standard controls	29.010,29.010/toolbar-ref-balance,29.010/standard-tool-options,29.011	Enumerated and assigned; see hunk-wbs.tsv; implementation and behavioral verification remain TODO
01.002/001320	DONE	app/tools/gimpmeasureoptions.h	1	text	-44 -> 44	application-or-library	Tool options toolbar and compact standard controls	29.010,29.010/toolbar-ref-balance,29.010/standard-tool-options,29.011	Enumerated and assigned; see hunk-wbs.tsv; implementation and behavioral verification remain TODO
01.002/001321	DONE	app/tools/gimpmeasureoptions.h	2	text	-46 -> 46,2	application-or-library	Tool options toolbar and compact standard controls	29.010,29.010/toolbar-ref-balance,29.010/standard-tool-options,29.011	Enumerated and assigned; see hunk-wbs.tsv; implementation and behavioral verification remain TODO
01.002/001322	DONE	app/tools/gimpmeasuretool.c	1	text	-124,0 -> 125	application-or-library	Tool options toolbar and compact standard controls	29.010,29.010/toolbar-ref-balance,29.010/standard-tool-options,29.011	Enumerated and assigned; see hunk-wbs.tsv; implementation and behavioral verification remain TODO
01.002/001323	DONE	app/tools/gimpmoveoptions.c	1	text	-163,2 -> 163,2	application-or-library	Tool options toolbar and compact standard controls	29.010,29.010/toolbar-ref-balance,29.010/standard-tool-options,29.011	Enumerated and assigned; see hunk-wbs.tsv; implementation and behavioral verification remain TODO
01.002/001324	DONE	app/tools/gimpmoveoptions.c	2	text	-167 -> 167	application-or-library	Tool options toolbar and compact standard controls	29.010,29.010/toolbar-ref-balance,29.010/standard-tool-options,29.011	Enumerated and assigned; see hunk-wbs.tsv; implementation and behavioral verification remain TODO
01.002/001325	DONE	app/tools/gimpmoveoptions.c	3	text	-190,2 -> 190,5	application-or-library	Tool options toolbar and compact standard controls	29.010,29.010/toolbar-ref-balance,29.010/standard-tool-options,29.011	Enumerated and assigned; see hunk-wbs.tsv; implementation and behavioral verification remain TODO
01.002/001326	DONE	app/tools/gimpmoveoptions.c	4	text	-205,0 -> 209,12	application-or-library	Tool options toolbar and compact standard controls	29.010,29.010/toolbar-ref-balance,29.010/standard-tool-options,29.011	Enumerated and assigned; see hunk-wbs.tsv; implementation and behavioral verification remain TODO
01.002/001327	DONE	app/tools/gimpmoveoptions.h	1	text	-45,3 -> 45	application-or-library	Tool options toolbar and compact standard controls	29.010,29.010/toolbar-ref-balance,29.010/standard-tool-options,29.011	Enumerated and assigned; see hunk-wbs.tsv; implementation and behavioral verification remain TODO
01.002/001328	DONE	app/tools/gimpmoveoptions.h	2	text	-48,0 -> 47,2	application-or-library	Tool options toolbar and compact standard controls	29.010,29.010/toolbar-ref-balance,29.010/standard-tool-options,29.011	Enumerated and assigned; see hunk-wbs.tsv; implementation and behavioral verification remain TODO
01.002/001329	DONE	app/tools/gimpmovetool.c	1	text	-124,0 -> 125	application-or-library	Tool options toolbar and compact standard controls	29.010,29.010/toolbar-ref-balance,29.010/standard-tool-options,29.011	Enumerated and assigned; see hunk-wbs.tsv; implementation and behavioral verification remain TODO
01.002/001330	DONE	app/tools/gimpmypaint-gui-base.hpp	1	text	-0,0 -> 1,123	application-or-library	Extended brush editor controls	24.001,24.001/editor-context-contract,24.002,24.003,24.004,24.005,24.006,24.008,24.012,24.013,24.014,24.015,24.015/mypaint-editor-create,24.016	Enumerated and assigned; see hunk-wbs.tsv; implementation and behavioral verification remain TODO
01.002/001331	DONE	app/tools/gimpmypaintbrusheditor.cpp	1	text	-0,0 -> 1,823	application-or-library	Extended brush editor controls	24.001,24.001/editor-context-contract,24.002,24.003,24.004,24.005,24.006,24.008,24.012,24.013,24.014,24.015,24.015/mypaint-editor-create,24.016	Enumerated and assigned; see hunk-wbs.tsv; implementation and behavioral verification remain TODO
01.002/001332	DONE	app/tools/gimpmypaintbrusheditor.hpp	1	text	-0,0 -> 1,37	application-or-library	Extended brush editor controls	24.001,24.001/editor-context-contract,24.002,24.003,24.004,24.005,24.006,24.008,24.012,24.013,24.014,24.015,24.015/mypaint-editor-create,24.016	Enumerated and assigned; see hunk-wbs.tsv; implementation and behavioral verification remain TODO
01.002/001333	DONE	app/tools/gimpmypaintbrushoptions-gui.cpp	1	text	-0,0 -> 1,353	application-or-library	Extended brush editor controls	24.001,24.001/editor-context-contract,24.002,24.003,24.004,24.005,24.006,24.008,24.012,24.013,24.014,24.015,24.015/mypaint-editor-create,24.016	Enumerated and assigned; see hunk-wbs.tsv; implementation and behavioral verification remain TODO
01.002/001334	DONE	app/tools/gimpmypaintbrushoptions-gui.h	1	text	-0,0 -> 1,23	application-or-library	Extended brush editor controls	24.001,24.001/editor-context-contract,24.002,24.003,24.004,24.005,24.006,24.008,24.012,24.013,24.014,24.015,24.015/mypaint-editor-create,24.016	Enumerated and assigned; see hunk-wbs.tsv; implementation and behavioral verification remain TODO
01.002/001335	DONE	app/tools/gimpmypaintoptions-gui.cpp	1	text	-0,0 -> 1,579	application-or-library	Extended brush editor controls	24.001,24.001/editor-context-contract,24.002,24.003,24.004,24.005,24.006,24.008,24.012,24.013,24.014,24.015,24.015/mypaint-editor-create,24.016	Enumerated and assigned; see hunk-wbs.tsv; implementation and behavioral verification remain TODO
01.002/001336	DONE	app/tools/gimpmypaintoptions-gui.h	1	text	-0,0 -> 1,27	application-or-library	Extended brush editor controls	24.001,24.001/editor-context-contract,24.002,24.003,24.004,24.005,24.006,24.008,24.012,24.013,24.014,24.015,24.015/mypaint-editor-create,24.016	Enumerated and assigned; see hunk-wbs.tsv; implementation and behavioral verification remain TODO
01.002/001337	DONE	app/tools/gimpmypainttool.cpp	1	text	-0,0 -> 1,831	application-or-library	MyPaint tool and input lifecycle	08.008,08.008/tool-core-lifetime,23.007,23.008,23.009,23.012,23.014	Enumerated and assigned; see hunk-wbs.tsv; implementation and behavioral verification remain TODO
01.002/001338	DONE	app/tools/gimpmypainttool.h	1	text	-0,0 -> 1,76	application-or-library	MyPaint tool and input lifecycle	08.008,08.008/tool-core-lifetime,23.007,23.008,23.009,23.012,23.014	Enumerated and assigned; see hunk-wbs.tsv; implementation and behavioral verification remain TODO
01.002/001339	DONE	app/tools/gimppaintbrushtool.c	1	text	-46,0 -> 47	application-or-library	Tool options toolbar and compact standard controls	29.010,29.010/toolbar-ref-balance,29.010/standard-tool-options,29.011	Enumerated and assigned; see hunk-wbs.tsv; implementation and behavioral verification remain TODO
01.002/001340	DONE	app/tools/gimppaintoptions-gui.c	1	text	-24,0 -> 25,3	application-or-library	Tool options toolbar and compact standard controls	29.010,29.010/toolbar-ref-balance,29.010/standard-tool-options,29.011	Enumerated and assigned; see hunk-wbs.tsv; implementation and behavioral verification remain TODO
01.002/001341	DONE	app/tools/gimppaintoptions-gui.c	2	text	-26,0 -> 30	application-or-library	Tool options toolbar and compact standard controls	29.010,29.010/toolbar-ref-balance,29.010/standard-tool-options,29.011	Enumerated and assigned; see hunk-wbs.tsv; implementation and behavioral verification remain TODO
01.002/001342	DONE	app/tools/gimppaintoptions-gui.c	3	text	-33,0 -> 38	application-or-library	Tool options toolbar and compact standard controls	29.010,29.010/toolbar-ref-balance,29.010/standard-tool-options,29.011	Enumerated and assigned; see hunk-wbs.tsv; implementation and behavioral verification remain TODO
01.002/001343	DONE	app/tools/gimppaintoptions-gui.c	4	text	-47,0 -> 53,2	application-or-library	Tool options toolbar and compact standard controls	29.010,29.010/toolbar-ref-balance,29.010/standard-tool-options,29.011	Enumerated and assigned; see hunk-wbs.tsv; implementation and behavioral verification remain TODO
01.002/001344	DONE	app/tools/gimppaintoptions-gui.c	5	text	-50,0 -> 58,14	application-or-library	Tool options toolbar and compact standard controls	29.010,29.010/toolbar-ref-balance,29.010/standard-tool-options,29.011	Enumerated and assigned; see hunk-wbs.tsv; implementation and behavioral verification remain TODO
01.002/001345	DONE	app/tools/gimppaintoptions-gui.c	6	text	-59,0 -> 81,9	application-or-library	Tool options toolbar and compact standard controls	29.010,29.010/toolbar-ref-balance,29.010/standard-tool-options,29.011	Enumerated and assigned; see hunk-wbs.tsv; implementation and behavioral verification remain TODO
01.002/001346	DONE	app/tools/gimppaintoptions-gui.c	7	text	-66 -> 96	application-or-library	Tool options toolbar and compact standard controls	29.010,29.010/toolbar-ref-balance,29.010/standard-tool-options,29.011	Enumerated and assigned; see hunk-wbs.tsv; implementation and behavioral verification remain TODO
01.002/001347	DONE	app/tools/gimppaintoptions-gui.c	8	text	-71,0 -> 102,12	application-or-library	Tool options toolbar and compact standard controls	29.010,29.010/toolbar-ref-balance,29.010/standard-tool-options,29.011	Enumerated and assigned; see hunk-wbs.tsv; implementation and behavioral verification remain TODO
01.002/001348	DONE	app/tools/gimppaintoptions-gui.c	9	text	-74,0 -> 117,6	application-or-library	Tool options toolbar and compact standard controls	29.010,29.010/toolbar-ref-balance,29.010/standard-tool-options,29.011	Enumerated and assigned; see hunk-wbs.tsv; implementation and behavioral verification remain TODO
01.002/001349	DONE	app/tools/gimppaintoptions-gui.c	10	text	-76,0 -> 125	application-or-library	Tool options toolbar and compact standard controls	29.010,29.010/toolbar-ref-balance,29.010/standard-tool-options,29.011	Enumerated and assigned; see hunk-wbs.tsv; implementation and behavioral verification remain TODO
01.002/001350	DONE	app/tools/gimppaintoptions-gui.c	11	text	-80,0 -> 130,2	application-or-library	Tool options toolbar and compact standard controls	29.010,29.010/toolbar-ref-balance,29.010/standard-tool-options,29.011	Enumerated and assigned; see hunk-wbs.tsv; implementation and behavioral verification remain TODO
01.002/001351	DONE	app/tools/gimppaintoptions-gui.c	12	text	-83,0 -> 135,16	application-or-library	Tool options toolbar and compact standard controls	29.010,29.010/toolbar-ref-balance,29.010/standard-tool-options,29.011	Enumerated and assigned; see hunk-wbs.tsv; implementation and behavioral verification remain TODO
01.002/001352	DONE	app/tools/gimppaintoptions-gui.c	13	text	-95,0 -> 163	application-or-library	Tool options toolbar and compact standard controls	29.010,29.010/toolbar-ref-balance,29.010/standard-tool-options,29.011	Enumerated and assigned; see hunk-wbs.tsv; implementation and behavioral verification remain TODO
01.002/001353	DONE	app/tools/gimppaintoptions-gui.c	14	text	-116,0 -> 185	application-or-library	Tool options toolbar and compact standard controls	29.010,29.010/toolbar-ref-balance,29.010/standard-tool-options,29.011	Enumerated and assigned; see hunk-wbs.tsv; implementation and behavioral verification remain TODO
01.002/001354	DONE	app/tools/gimppaintoptions-gui.c	15	text	-118,0 -> 188	application-or-library	Tool options toolbar and compact standard controls	29.010,29.010/toolbar-ref-balance,29.010/standard-tool-options,29.011	Enumerated and assigned; see hunk-wbs.tsv; implementation and behavioral verification remain TODO
01.002/001355	DONE	app/tools/gimppaintoptions-gui.c	16	text	-120,4 -> 190,21	application-or-library	Tool options toolbar and compact standard controls	29.010,29.010/toolbar-ref-balance,29.010/standard-tool-options,29.011	Enumerated and assigned; see hunk-wbs.tsv; implementation and behavioral verification remain TODO
01.002/001356	DONE	app/tools/gimppaintoptions-gui.c	17	text	-127,3 -> 214,9	application-or-library	Tool options toolbar and compact standard controls	29.010,29.010/toolbar-ref-balance,29.010/standard-tool-options,29.011	Enumerated and assigned; see hunk-wbs.tsv; implementation and behavioral verification remain TODO
01.002/001357	DONE	app/tools/gimppaintoptions-gui.c	18	text	-151,0 -> 245,2	application-or-library	Tool options toolbar and compact standard controls	29.010,29.010/toolbar-ref-balance,29.010/standard-tool-options,29.011	Enumerated and assigned; see hunk-wbs.tsv; implementation and behavioral verification remain TODO
01.002/001358	DONE	app/tools/gimppaintoptions-gui.c	19	text	-197,2 -> 292,20	application-or-library	Tool options toolbar and compact standard controls	29.010,29.010/toolbar-ref-balance,29.010/standard-tool-options,29.011	Enumerated and assigned; see hunk-wbs.tsv; implementation and behavioral verification remain TODO
01.002/001359	DONE	app/tools/gimppaintoptions-gui.c	20	text	-200,7 -> 313,4	application-or-library	Tool options toolbar and compact standard controls	29.010,29.010/toolbar-ref-balance,29.010/standard-tool-options,29.011	Enumerated and assigned; see hunk-wbs.tsv; implementation and behavioral verification remain TODO
01.002/001360	DONE	app/tools/gimppaintoptions-gui.c	21	text	-208 -> 318,8	application-or-library	Tool options toolbar and compact standard controls	29.010,29.010/toolbar-ref-balance,29.010/standard-tool-options,29.011	Enumerated and assigned; see hunk-wbs.tsv; implementation and behavioral verification remain TODO
01.002/001361	DONE	app/tools/gimppaintoptions-gui.c	22	text	-210,0 -> 328,2	application-or-library	Tool options toolbar and compact standard controls	29.010,29.010/toolbar-ref-balance,29.010/standard-tool-options,29.011	Enumerated and assigned; see hunk-wbs.tsv; implementation and behavioral verification remain TODO
01.002/001362	DONE	app/tools/gimppaintoptions-gui.c	23	text	-212 -> 331,6	application-or-library	Tool options toolbar and compact standard controls	29.010,29.010/toolbar-ref-balance,29.010/standard-tool-options,29.011	Enumerated and assigned; see hunk-wbs.tsv; implementation and behavioral verification remain TODO
01.002/001363	DONE	app/tools/gimppaintoptions-gui.c	24	text	-219,0 -> 344,2	application-or-library	Tool options toolbar and compact standard controls	29.010,29.010/toolbar-ref-balance,29.010/standard-tool-options,29.011	Enumerated and assigned; see hunk-wbs.tsv; implementation and behavioral verification remain TODO
01.002/001364	DONE	app/tools/gimppaintoptions-gui.c	25	text	-222,0 -> 349	application-or-library	Tool options toolbar and compact standard controls	29.010,29.010/toolbar-ref-balance,29.010/standard-tool-options,29.011	Enumerated and assigned; see hunk-wbs.tsv; implementation and behavioral verification remain TODO
01.002/001365	DONE	app/tools/gimppaintoptions-gui.c	26	text	-258,0 -> 386,14	application-or-library	Tool options toolbar and compact standard controls	29.010,29.010/toolbar-ref-balance,29.010/standard-tool-options,29.011	Enumerated and assigned; see hunk-wbs.tsv; implementation and behavioral verification remain TODO
01.002/001366	DONE	app/tools/gimppaintoptions-gui.c	27	text	-264 -> 404,0	application-or-library	Tool options toolbar and compact standard controls	29.010,29.010/toolbar-ref-balance,29.010/standard-tool-options,29.011	Enumerated and assigned; see hunk-wbs.tsv; implementation and behavioral verification remain TODO
01.002/001367	DONE	app/tools/gimppaintoptions-gui.c	28	text	-267 -> 407,10	application-or-library	Tool options toolbar and compact standard controls	29.010,29.010/toolbar-ref-balance,29.010/standard-tool-options,29.011	Enumerated and assigned; see hunk-wbs.tsv; implementation and behavioral verification remain TODO
01.002/001368	DONE	app/tools/gimppaintoptions-gui.c	29	text	-269,2 -> 417,0	application-or-library	Tool options toolbar and compact standard controls	29.010,29.010/toolbar-ref-balance,29.010/standard-tool-options,29.011	Enumerated and assigned; see hunk-wbs.tsv; implementation and behavioral verification remain TODO
01.002/001369	DONE	app/tools/gimppaintoptions-gui.c	30	text	-281,0 -> 429,2	application-or-library	Tool options toolbar and compact standard controls	29.010,29.010/toolbar-ref-balance,29.010/standard-tool-options,29.011	Enumerated and assigned; see hunk-wbs.tsv; implementation and behavioral verification remain TODO
01.002/001370	DONE	app/tools/gimppaintoptions-gui.c	31	text	-286,0 -> 436	application-or-library	Tool options toolbar and compact standard controls	29.010,29.010/toolbar-ref-balance,29.010/standard-tool-options,29.011	Enumerated and assigned; see hunk-wbs.tsv; implementation and behavioral verification remain TODO
01.002/001371	DONE	app/tools/gimppaintoptions-gui.c	32	text	-312,6 -> 461,0	application-or-library	Tool options toolbar and compact standard controls	29.010,29.010/toolbar-ref-balance,29.010/standard-tool-options,29.011	Enumerated and assigned; see hunk-wbs.tsv; implementation and behavioral verification remain TODO
01.002/001372	DONE	app/tools/gimppaintoptions-gui.c	33	text	-337 -> 481	application-or-library	Tool options toolbar and compact standard controls	29.010,29.010/toolbar-ref-balance,29.010/standard-tool-options,29.011	Enumerated and assigned; see hunk-wbs.tsv; implementation and behavioral verification remain TODO
01.002/001373	DONE	app/tools/gimppaintoptions-gui.c	34	text	-353 -> 497,8	application-or-library	Tool options toolbar and compact standard controls	29.010,29.010/toolbar-ref-balance,29.010/standard-tool-options,29.011	Enumerated and assigned; see hunk-wbs.tsv; implementation and behavioral verification remain TODO
01.002/001374	DONE	app/tools/gimppaintoptions-gui.c	35	text	-357,2 -> 508,11	application-or-library	Tool options toolbar and compact standard controls	29.010,29.010/toolbar-ref-balance,29.010/standard-tool-options,29.011	Enumerated and assigned; see hunk-wbs.tsv; implementation and behavioral verification remain TODO
01.002/001375	DONE	app/tools/gimppaintoptions-gui.c	36	text	-360,2 -> 520	application-or-library	Tool options toolbar and compact standard controls	29.010,29.010/toolbar-ref-balance,29.010/standard-tool-options,29.011	Enumerated and assigned; see hunk-wbs.tsv; implementation and behavioral verification remain TODO
01.002/001376	DONE	app/tools/gimppaintoptions-gui.c	37	text	-362,0 -> 522	application-or-library	Tool options toolbar and compact standard controls	29.010,29.010/toolbar-ref-balance,29.010/standard-tool-options,29.011	Enumerated and assigned; see hunk-wbs.tsv; implementation and behavioral verification remain TODO
01.002/001377	DONE	app/tools/gimppaintoptions-gui.c	38	text	-363,0 -> 524	application-or-library	Tool options toolbar and compact standard controls	29.010,29.010/toolbar-ref-balance,29.010/standard-tool-options,29.011	Enumerated and assigned; see hunk-wbs.tsv; implementation and behavioral verification remain TODO
01.002/001378	DONE	app/tools/gimppaintoptions-gui.c	39	text	-366,0 -> 528,2	application-or-library	Tool options toolbar and compact standard controls	29.010,29.010/toolbar-ref-balance,29.010/standard-tool-options,29.011	Enumerated and assigned; see hunk-wbs.tsv; implementation and behavioral verification remain TODO
01.002/001379	DONE	app/tools/gimppaintoptions-gui.c	40	text	-368,3 -> 531,2	application-or-library	Tool options toolbar and compact standard controls	29.010,29.010/toolbar-ref-balance,29.010/standard-tool-options,29.011	Enumerated and assigned; see hunk-wbs.tsv; implementation and behavioral verification remain TODO
01.002/001380	DONE	app/tools/gimppaintoptions-gui.c	41	text	-372 -> 534,16	application-or-library	Tool options toolbar and compact standard controls	29.010,29.010/toolbar-ref-balance,29.010/standard-tool-options,29.011	Enumerated and assigned; see hunk-wbs.tsv; implementation and behavioral verification remain TODO
01.002/001381	DONE	app/tools/gimppaintoptions-gui.c	42	text	-376,2 -> 553,11	application-or-library	Tool options toolbar and compact standard controls	29.010,29.010/toolbar-ref-balance,29.010/standard-tool-options,29.011	Enumerated and assigned; see hunk-wbs.tsv; implementation and behavioral verification remain TODO
01.002/001382	DONE	app/tools/gimppaintoptions-gui.c	43	text	-379,2 -> 564,0	application-or-library	Tool options toolbar and compact standard controls	29.010,29.010/toolbar-ref-balance,29.010/standard-tool-options,29.011	Enumerated and assigned; see hunk-wbs.tsv; implementation and behavioral verification remain TODO
01.002/001383	DONE	app/tools/gimppaintoptions-gui.c	44	text	-382,0 -> 567	application-or-library	Tool options toolbar and compact standard controls	29.010,29.010/toolbar-ref-balance,29.010/standard-tool-options,29.011	Enumerated and assigned; see hunk-wbs.tsv; implementation and behavioral verification remain TODO
01.002/001384	DONE	app/tools/gimppaintoptions-gui.c	45	text	-385 -> 570	application-or-library	Tool options toolbar and compact standard controls	29.010,29.010/toolbar-ref-balance,29.010/standard-tool-options,29.011	Enumerated and assigned; see hunk-wbs.tsv; implementation and behavioral verification remain TODO
01.002/001385	DONE	app/tools/gimppaintoptions-gui.c	46	text	-389 -> 574	application-or-library	Tool options toolbar and compact standard controls	29.010,29.010/toolbar-ref-balance,29.010/standard-tool-options,29.011	Enumerated and assigned; see hunk-wbs.tsv; implementation and behavioral verification remain TODO
01.002/001386	DONE	app/tools/gimppaintoptions-gui.c	47	text	-392,2 -> 577,2	application-or-library	Tool options toolbar and compact standard controls	29.010,29.010/toolbar-ref-balance,29.010/standard-tool-options,29.011	Enumerated and assigned; see hunk-wbs.tsv; implementation and behavioral verification remain TODO
01.002/001387	DONE	app/tools/gimppaintoptions-gui.c	48	text	-399 -> 584	application-or-library	Tool options toolbar and compact standard controls	29.010,29.010/toolbar-ref-balance,29.010/standard-tool-options,29.011	Enumerated and assigned; see hunk-wbs.tsv; implementation and behavioral verification remain TODO
01.002/001388	DONE	app/tools/gimppaintoptions-gui.c	49	text	-402 -> 587,14	application-or-library	Tool options toolbar and compact standard controls	29.010,29.010/toolbar-ref-balance,29.010/standard-tool-options,29.011	Enumerated and assigned; see hunk-wbs.tsv; implementation and behavioral verification remain TODO
01.002/001389	DONE	app/tools/gimppaintoptions-gui.c	50	text	-406,2 -> 604	application-or-library	Tool options toolbar and compact standard controls	29.010,29.010/toolbar-ref-balance,29.010/standard-tool-options,29.011	Enumerated and assigned; see hunk-wbs.tsv; implementation and behavioral verification remain TODO
01.002/001390	DONE	app/tools/gimppaintoptions-gui.c	51	text	-409 -> 606,10	application-or-library	Tool options toolbar and compact standard controls	29.010,29.010/toolbar-ref-balance,29.010/standard-tool-options,29.011	Enumerated and assigned; see hunk-wbs.tsv; implementation and behavioral verification remain TODO
01.002/001391	DONE	app/tools/gimppaintoptions-gui.c	52	text	-410,0 -> 617,5	application-or-library	Tool options toolbar and compact standard controls	29.010,29.010/toolbar-ref-balance,29.010/standard-tool-options,29.011	Enumerated and assigned; see hunk-wbs.tsv; implementation and behavioral verification remain TODO
01.002/001392	DONE	app/tools/gimppaintoptions-gui.c	53	text	-412,0 -> 624	application-or-library	Tool options toolbar and compact standard controls	29.010,29.010/toolbar-ref-balance,29.010/standard-tool-options,29.011	Enumerated and assigned; see hunk-wbs.tsv; implementation and behavioral verification remain TODO
01.002/001393	DONE	app/tools/gimppaintoptions-gui.h	1	text	-22,0 -> 23,2	application-or-library	Tool options toolbar and compact standard controls	29.010,29.010/toolbar-ref-balance,29.010/standard-tool-options,29.011	Enumerated and assigned; see hunk-wbs.tsv; implementation and behavioral verification remain TODO
01.002/001394	DONE	app/tools/gimppainttool.c	1	text	-256 -> 256	application-or-library	Custom-layer editability and Undo suppression	14.006/editability-contract,15.006/editability-contract,16.021	Enumerated and assigned; see hunk-wbs.tsv; implementation and behavioral verification remain TODO
01.002/001395	DONE	app/tools/gimppainttool.c	2	text	-527 -> 527	application-or-library	Custom-layer editability and Undo suppression	14.006/editability-contract,15.006/editability-contract,16.021	Enumerated and assigned; see hunk-wbs.tsv; implementation and behavioral verification remain TODO
01.002/001396	DONE	app/tools/gimppenciltool.c	1	text	-46,0 -> 47	application-or-library	Tool options toolbar and compact standard controls	29.010,29.010/toolbar-ref-balance,29.010/standard-tool-options,29.011	Enumerated and assigned; see hunk-wbs.tsv; implementation and behavioral verification remain TODO
01.002/001397	DONE	app/tools/gimpperspectiveclonetool.c	1	text	-41,0 -> 42	application-or-library	Tool options toolbar and compact standard controls	29.010,29.010/toolbar-ref-balance,29.010/standard-tool-options,29.011	Enumerated and assigned; see hunk-wbs.tsv; implementation and behavioral verification remain TODO
01.002/001398	DONE	app/tools/gimpperspectiveclonetool.c	2	text	-115,0 -> 117,8	application-or-library	Tool options toolbar and compact standard controls	29.010,29.010/toolbar-ref-balance,29.010/standard-tool-options,29.011	Enumerated and assigned; see hunk-wbs.tsv; implementation and behavioral verification remain TODO
01.002/001399	DONE	app/tools/gimpperspectiveclonetool.c	3	text	-129,0 -> 139	application-or-library	Tool options toolbar and compact standard controls	29.010,29.010/toolbar-ref-balance,29.010/standard-tool-options,29.011	Enumerated and assigned; see hunk-wbs.tsv; implementation and behavioral verification remain TODO
01.002/001400	DONE	app/tools/gimpperspectiveclonetool.c	4	text	-875 -> 885	application-or-library	Tool options toolbar and compact standard controls	29.010,29.010/toolbar-ref-balance,29.010/standard-tool-options,29.011	Enumerated and assigned; see hunk-wbs.tsv; implementation and behavioral verification remain TODO
01.002/001401	DONE	app/tools/gimpperspectiveclonetool.c	5	text	-877,2 -> 887	application-or-library	Tool options toolbar and compact standard controls	29.010,29.010/toolbar-ref-balance,29.010/standard-tool-options,29.011	Enumerated and assigned; see hunk-wbs.tsv; implementation and behavioral verification remain TODO
01.002/001402	DONE	app/tools/gimpperspectiveclonetool.c	6	text	-881,0 -> 891,3	application-or-library	Tool options toolbar and compact standard controls	29.010,29.010/toolbar-ref-balance,29.010/standard-tool-options,29.011	Enumerated and assigned; see hunk-wbs.tsv; implementation and behavioral verification remain TODO
01.002/001403	DONE	app/tools/gimpperspectiveclonetool.c	7	text	-885,0 -> 898	application-or-library	Tool options toolbar and compact standard controls	29.010,29.010/toolbar-ref-balance,29.010/standard-tool-options,29.011	Enumerated and assigned; see hunk-wbs.tsv; implementation and behavioral verification remain TODO
01.002/001404	DONE	app/tools/gimpperspectiveclonetool.c	8	text	-887,2 -> 900,2	application-or-library	Tool options toolbar and compact standard controls	29.010,29.010/toolbar-ref-balance,29.010/standard-tool-options,29.011	Enumerated and assigned; see hunk-wbs.tsv; implementation and behavioral verification remain TODO
01.002/001405	DONE	app/tools/gimpperspectiveclonetool.c	9	text	-891 -> 904,3	application-or-library	Tool options toolbar and compact standard controls	29.010,29.010/toolbar-ref-balance,29.010/standard-tool-options,29.011	Enumerated and assigned; see hunk-wbs.tsv; implementation and behavioral verification remain TODO
01.002/001406	DONE	app/tools/gimpperspectiveclonetool.c	10	text	-896,0 -> 912,16	application-or-library	Tool options toolbar and compact standard controls	29.010,29.010/toolbar-ref-balance,29.010/standard-tool-options,29.011	Enumerated and assigned; see hunk-wbs.tsv; implementation and behavioral verification remain TODO
01.002/001407	DONE	app/tools/gimpperspectiveclonetool.c	11	text	-897,0 -> 929,14	application-or-library	Tool options toolbar and compact standard controls	29.010,29.010/toolbar-ref-balance,29.010/standard-tool-options,29.011	Enumerated and assigned; see hunk-wbs.tsv; implementation and behavioral verification remain TODO
01.002/001408	DONE	app/tools/gimpperspectiveclonetool.c	12	text	-926 -> 971,13	application-or-library	Tool options toolbar and compact standard controls	29.010,29.010/toolbar-ref-balance,29.010/standard-tool-options,29.011	Enumerated and assigned; see hunk-wbs.tsv; implementation and behavioral verification remain TODO
01.002/001409	DONE	app/tools/gimpperspectiveguidetool.cpp	1	text	-0,0 -> 1,665	application-or-library	Perspective guide model and editing	08.009,08.009/removed-signal,08.009/guide-owner,08.010,26.001,26.002,26.003,26.004,26.005,26.006,26.007,26.008,26.009,26.010,26.011,26.012	Enumerated and assigned; see hunk-wbs.tsv; implementation and behavioral verification remain TODO
01.002/001410	DONE	app/tools/gimpperspectiveguidetool.h	1	text	-0,0 -> 1,60	application-or-library	Perspective guide model and editing	08.009,08.009/removed-signal,08.009/guide-owner,08.010,26.001,26.002,26.003,26.004,26.005,26.006,26.007,26.008,26.009,26.010,26.011,26.012	Enumerated and assigned; see hunk-wbs.tsv; implementation and behavioral verification remain TODO
01.002/001411	DONE	app/tools/gimpperspectivetool.c	1	text	-79,0 -> 80	application-or-library	Tool options toolbar and compact standard controls	29.010,29.010/toolbar-ref-balance,29.010/standard-tool-options,29.011	Enumerated and assigned; see hunk-wbs.tsv; implementation and behavioral verification remain TODO
01.002/001412	DONE	app/tools/gimpposterizetool.c	1	text	-81 -> 81	application-or-library	Tool options toolbar and compact standard controls	29.010,29.010/toolbar-ref-balance,29.010/standard-tool-options,29.011	Enumerated and assigned; see hunk-wbs.tsv; implementation and behavioral verification remain TODO
01.002/001413	DONE	app/tools/gimprectangleoptions.c	1	text	-68 -> 68,6	application-or-library	Tool options toolbar and compact standard controls	29.010,29.010/toolbar-ref-balance,29.010/standard-tool-options,29.011	Enumerated and assigned; see hunk-wbs.tsv; implementation and behavioral verification remain TODO
01.002/001414	DONE	app/tools/gimprectangleoptions.c	2	text	-827,0 -> 833,29	application-or-library	Tool options toolbar and compact standard controls	29.010,29.010/toolbar-ref-balance,29.010/standard-tool-options,29.011	Enumerated and assigned; see hunk-wbs.tsv; implementation and behavioral verification remain TODO
01.002/001415	DONE	app/tools/gimprectangleoptions.c	3	text	-829,2 -> 863	application-or-library	Tool options toolbar and compact standard controls	29.010,29.010/toolbar-ref-balance,29.010/standard-tool-options,29.011	Enumerated and assigned; see hunk-wbs.tsv; implementation and behavioral verification remain TODO
01.002/001416	DONE	app/tools/gimprectangleoptions.c	4	text	-836,0 -> 870,4	application-or-library	Tool options toolbar and compact standard controls	29.010,29.010/toolbar-ref-balance,29.010/standard-tool-options,29.011	Enumerated and assigned; see hunk-wbs.tsv; implementation and behavioral verification remain TODO
01.002/001417	DONE	app/tools/gimprectangleoptions.c	5	text	-916,0 -> 954	application-or-library	Tool options toolbar and compact standard controls	29.010,29.010/toolbar-ref-balance,29.010/standard-tool-options,29.011	Enumerated and assigned; see hunk-wbs.tsv; implementation and behavioral verification remain TODO
01.002/001418	DONE	app/tools/gimprectangleoptions.c	6	text	-1057 -> 1095,41	application-or-library	Tool options toolbar and compact standard controls	29.010,29.010/toolbar-ref-balance,29.010/standard-tool-options,29.011	Enumerated and assigned; see hunk-wbs.tsv; implementation and behavioral verification remain TODO
01.002/001419	DONE	app/tools/gimprectangleoptions.h	1	text	-145,0 -> 146,3	application-or-library	Tool options toolbar and compact standard controls	29.010,29.010/toolbar-ref-balance,29.010/standard-tool-options,29.011	Enumerated and assigned; see hunk-wbs.tsv; implementation and behavioral verification remain TODO
01.002/001420	DONE	app/tools/gimprectangleselectoptions.c	1	text	-54 -> 54,2	application-or-library	Tool options toolbar and compact standard controls	29.010,29.010/toolbar-ref-balance,29.010/standard-tool-options,29.011	Enumerated and assigned; see hunk-wbs.tsv; implementation and behavioral verification remain TODO
01.002/001421	DONE	app/tools/gimprectangleselectoptions.c	2	text	-149,2 -> 150,2	application-or-library	Tool options toolbar and compact standard controls	29.010,29.010/toolbar-ref-balance,29.010/standard-tool-options,29.011	Enumerated and assigned; see hunk-wbs.tsv; implementation and behavioral verification remain TODO
01.002/001422	DONE	app/tools/gimprectangleselectoptions.c	3	text	-151,0 -> 153	application-or-library	Tool options toolbar and compact standard controls	29.010,29.010/toolbar-ref-balance,29.010/standard-tool-options,29.011	Enumerated and assigned; see hunk-wbs.tsv; implementation and behavioral verification remain TODO
01.002/001423	DONE	app/tools/gimprectangleselectoptions.c	4	text	-153 -> 155,2	application-or-library	Tool options toolbar and compact standard controls	29.010,29.010/toolbar-ref-balance,29.010/standard-tool-options,29.011	Enumerated and assigned; see hunk-wbs.tsv; implementation and behavioral verification remain TODO
01.002/001424	DONE	app/tools/gimprectangleselectoptions.c	5	text	-158,0 -> 162	application-or-library	Tool options toolbar and compact standard controls	29.010,29.010/toolbar-ref-balance,29.010/standard-tool-options,29.011	Enumerated and assigned; see hunk-wbs.tsv; implementation and behavioral verification remain TODO
01.002/001425	DONE	app/tools/gimprectangleselectoptions.c	6	text	-161,5 -> 165,8	application-or-library	Tool options toolbar and compact standard controls	29.010,29.010/toolbar-ref-balance,29.010/standard-tool-options,29.011	Enumerated and assigned; see hunk-wbs.tsv; implementation and behavioral verification remain TODO
01.002/001426	DONE	app/tools/gimprectangleselectoptions.c	7	text	-168,0 -> 176	application-or-library	Tool options toolbar and compact standard controls	29.010,29.010/toolbar-ref-balance,29.010/standard-tool-options,29.011	Enumerated and assigned; see hunk-wbs.tsv; implementation and behavioral verification remain TODO
01.002/001427	DONE	app/tools/gimprectangleselectoptions.c	8	text	-171 -> 179	application-or-library	Tool options toolbar and compact standard controls	29.010,29.010/toolbar-ref-balance,29.010/standard-tool-options,29.011	Enumerated and assigned; see hunk-wbs.tsv; implementation and behavioral verification remain TODO
01.002/001428	DONE	app/tools/gimprectangleselectoptions.c	9	text	-177 -> 185,2	application-or-library	Tool options toolbar and compact standard controls	29.010,29.010/toolbar-ref-balance,29.010/standard-tool-options,29.011	Enumerated and assigned; see hunk-wbs.tsv; implementation and behavioral verification remain TODO
01.002/001429	DONE	app/tools/gimprectangleselectoptions.c	10	text	-183 -> 192	application-or-library	Tool options toolbar and compact standard controls	29.010,29.010/toolbar-ref-balance,29.010/standard-tool-options,29.011	Enumerated and assigned; see hunk-wbs.tsv; implementation and behavioral verification remain TODO
01.002/001430	DONE	app/tools/gimprectangleselectoptions.c	11	text	-189,0 -> 199,31	application-or-library	Tool options toolbar and compact standard controls	29.010,29.010/toolbar-ref-balance,29.010/standard-tool-options,29.011	Enumerated and assigned; see hunk-wbs.tsv; implementation and behavioral verification remain TODO
01.002/001431	DONE	app/tools/gimprectangleselectoptions.h	1	text	-45 -> 45	application-or-library	Tool options toolbar and compact standard controls	29.010,29.010/toolbar-ref-balance,29.010/standard-tool-options,29.011	Enumerated and assigned; see hunk-wbs.tsv; implementation and behavioral verification remain TODO
01.002/001432	DONE	app/tools/gimprectangleselectoptions.h	2	text	-47 -> 47,2	application-or-library	Tool options toolbar and compact standard controls	29.010,29.010/toolbar-ref-balance,29.010/standard-tool-options,29.011	Enumerated and assigned; see hunk-wbs.tsv; implementation and behavioral verification remain TODO
01.002/001433	DONE	app/tools/gimprectangleselecttool.c	1	text	-165,0 -> 166	application-or-library	Tool options toolbar and compact standard controls	29.010,29.010/toolbar-ref-balance,29.010/standard-tool-options,29.011	Enumerated and assigned; see hunk-wbs.tsv; implementation and behavioral verification remain TODO
01.002/001434	DONE	app/tools/gimpregionselectoptions.c	1	text	-191,2 -> 191,2	application-or-library	Tool options toolbar and compact standard controls	29.010,29.010/toolbar-ref-balance,29.010/standard-tool-options,29.011	Enumerated and assigned; see hunk-wbs.tsv; implementation and behavioral verification remain TODO
01.002/001435	DONE	app/tools/gimpregionselectoptions.c	2	text	-195 -> 195	application-or-library	Tool options toolbar and compact standard controls	29.010,29.010/toolbar-ref-balance,29.010/standard-tool-options,29.011	Enumerated and assigned; see hunk-wbs.tsv; implementation and behavioral verification remain TODO
01.002/001436	DONE	app/tools/gimpregionselectoptions.c	3	text	-235,0 -> 236,13	application-or-library	Tool options toolbar and compact standard controls	29.010,29.010/toolbar-ref-balance,29.010/standard-tool-options,29.011	Enumerated and assigned; see hunk-wbs.tsv; implementation and behavioral verification remain TODO
01.002/001437	DONE	app/tools/gimpregionselectoptions.h	1	text	-47 -> 47	application-or-library	Tool options toolbar and compact standard controls	29.010,29.010/toolbar-ref-balance,29.010/standard-tool-options,29.011	Enumerated and assigned; see hunk-wbs.tsv; implementation and behavioral verification remain TODO
01.002/001438	DONE	app/tools/gimpregionselectoptions.h	2	text	-49 -> 49,2	application-or-library	Tool options toolbar and compact standard controls	29.010,29.010/toolbar-ref-balance,29.010/standard-tool-options,29.011	Enumerated and assigned; see hunk-wbs.tsv; implementation and behavioral verification remain TODO
01.002/001439	DONE	app/tools/gimprotatetool.c	1	text	-90,0 -> 91	application-or-library	Tool options toolbar and compact standard controls	29.010,29.010/toolbar-ref-balance,29.010/standard-tool-options,29.011	Enumerated and assigned; see hunk-wbs.tsv; implementation and behavioral verification remain TODO
01.002/001440	DONE	app/tools/gimpscaletool.c	1	text	-86,0 -> 87	application-or-library	Tool options toolbar and compact standard controls	29.010,29.010/toolbar-ref-balance,29.010/standard-tool-options,29.011	Enumerated and assigned; see hunk-wbs.tsv; implementation and behavioral verification remain TODO
01.002/001441	DONE	app/tools/gimpselectionoptions.c	1	text	-26,0 -> 27,2	application-or-library	Tool options toolbar and compact standard controls	29.010,29.010/toolbar-ref-balance,29.010/standard-tool-options,29.011	Enumerated and assigned; see hunk-wbs.tsv; implementation and behavioral verification remain TODO
01.002/001442	DONE	app/tools/gimpselectionoptions.c	2	text	-53,0 -> 56,3	application-or-library	Tool options toolbar and compact standard controls	29.010,29.010/toolbar-ref-balance,29.010/standard-tool-options,29.011	Enumerated and assigned; see hunk-wbs.tsv; implementation and behavioral verification remain TODO
01.002/001443	DONE	app/tools/gimpselectionoptions.c	3	text	-197 -> 202	application-or-library	Tool options toolbar and compact standard controls	29.010,29.010/toolbar-ref-balance,29.010/standard-tool-options,29.011	Enumerated and assigned; see hunk-wbs.tsv; implementation and behavioral verification remain TODO
01.002/001444	DONE	app/tools/gimpselectionoptions.c	4	text	-201 -> 206	application-or-library	Tool options toolbar and compact standard controls	29.010,29.010/toolbar-ref-balance,29.010/standard-tool-options,29.011	Enumerated and assigned; see hunk-wbs.tsv; implementation and behavioral verification remain TODO
01.002/001445	DONE	app/tools/gimpselectionoptions.c	5	text	-261,0 -> 267	application-or-library	Tool options toolbar and compact standard controls	29.010,29.010/toolbar-ref-balance,29.010/standard-tool-options,29.011	Enumerated and assigned; see hunk-wbs.tsv; implementation and behavioral verification remain TODO
01.002/001446	DONE	app/tools/gimpselectionoptions.c	6	text	-269 -> 275	application-or-library	Tool options toolbar and compact standard controls	29.010,29.010/toolbar-ref-balance,29.010/standard-tool-options,29.011	Enumerated and assigned; see hunk-wbs.tsv; implementation and behavioral verification remain TODO
01.002/001447	DONE	app/tools/gimpselectionoptions.c	7	text	-273,10 -> 279,8	application-or-library	Tool options toolbar and compact standard controls	29.010,29.010/toolbar-ref-balance,29.010/standard-tool-options,29.011	Enumerated and assigned; see hunk-wbs.tsv; implementation and behavioral verification remain TODO
01.002/001448	DONE	app/tools/gimpselectionoptions.c	8	text	-284,0 -> 289,2	application-or-library	Tool options toolbar and compact standard controls	29.010,29.010/toolbar-ref-balance,29.010/standard-tool-options,29.011	Enumerated and assigned; see hunk-wbs.tsv; implementation and behavioral verification remain TODO
01.002/001449	DONE	app/tools/gimpselectionoptions.c	9	text	-288,0 -> 295,31	application-or-library	Tool options toolbar and compact standard controls	29.010,29.010/toolbar-ref-balance,29.010/standard-tool-options,29.011	Enumerated and assigned; see hunk-wbs.tsv; implementation and behavioral verification remain TODO
01.002/001450	DONE	app/tools/gimpselectionoptions.h	1	text	-50 -> 50	application-or-library	Tool options toolbar and compact standard controls	29.010,29.010/toolbar-ref-balance,29.010/standard-tool-options,29.011	Enumerated and assigned; see hunk-wbs.tsv; implementation and behavioral verification remain TODO
01.002/001451	DONE	app/tools/gimpselectionoptions.h	2	text	-52 -> 52,4	application-or-library	Tool options toolbar and compact standard controls	29.010,29.010/toolbar-ref-balance,29.010/standard-tool-options,29.011	Enumerated and assigned; see hunk-wbs.tsv; implementation and behavioral verification remain TODO
01.002/001452	DONE	app/tools/gimpselectiontool.c	1	text	-424 -> 424	application-or-library	Tool options toolbar and compact standard controls	29.010,29.010/toolbar-ref-balance,29.010/standard-tool-options,29.011	Enumerated and assigned; see hunk-wbs.tsv; implementation and behavioral verification remain TODO
01.002/001453	DONE	app/tools/gimpselectiontool.c	2	text	-427 -> 427	application-or-library	Tool options toolbar and compact standard controls	29.010,29.010/toolbar-ref-balance,29.010/standard-tool-options,29.011	Enumerated and assigned; see hunk-wbs.tsv; implementation and behavioral verification remain TODO
01.002/001454	DONE	app/tools/gimpsheartool.c	1	text	-80,0 -> 81	application-or-library	Tool options toolbar and compact standard controls	29.010,29.010/toolbar-ref-balance,29.010/standard-tool-options,29.011	Enumerated and assigned; see hunk-wbs.tsv; implementation and behavioral verification remain TODO
01.002/001455	DONE	app/tools/gimpsmudgetool.c	1	text	-31,0 -> 32	application-or-library	Tool options toolbar and compact standard controls	29.010,29.010/toolbar-ref-balance,29.010/standard-tool-options,29.011	Enumerated and assigned; see hunk-wbs.tsv; implementation and behavioral verification remain TODO
01.002/001456	DONE	app/tools/gimpsmudgetool.c	2	text	-38,0 -> 40,2	application-or-library	Tool options toolbar and compact standard controls	29.010,29.010/toolbar-ref-balance,29.010/standard-tool-options,29.011	Enumerated and assigned; see hunk-wbs.tsv; implementation and behavioral verification remain TODO
01.002/001457	DONE	app/tools/gimpsmudgetool.c	3	text	-50,0 -> 54	application-or-library	Tool options toolbar and compact standard controls	29.010,29.010/toolbar-ref-balance,29.010/standard-tool-options,29.011	Enumerated and assigned; see hunk-wbs.tsv; implementation and behavioral verification remain TODO
01.002/001458	DONE	app/tools/gimpsmudgetool.c	4	text	-83,0 -> 88,12	application-or-library	Tool options toolbar and compact standard controls	29.010,29.010/toolbar-ref-balance,29.010/standard-tool-options,29.011	Enumerated and assigned; see hunk-wbs.tsv; implementation and behavioral verification remain TODO
01.002/001459	DONE	app/tools/gimpsmudgetool.c	5	text	-86 -> 102	application-or-library	Tool options toolbar and compact standard controls	29.010,29.010/toolbar-ref-balance,29.010/standard-tool-options,29.011	Enumerated and assigned; see hunk-wbs.tsv; implementation and behavioral verification remain TODO
01.002/001460	DONE	app/tools/gimpsmudgetool.c	6	text	-87,0 -> 104	application-or-library	Tool options toolbar and compact standard controls	29.010,29.010/toolbar-ref-balance,29.010/standard-tool-options,29.011	Enumerated and assigned; see hunk-wbs.tsv; implementation and behavioral verification remain TODO
01.002/001461	DONE	app/tools/gimpsmudgetool.c	7	text	-95,0 -> 113,3	application-or-library	Tool options toolbar and compact standard controls	29.010,29.010/toolbar-ref-balance,29.010/standard-tool-options,29.011	Enumerated and assigned; see hunk-wbs.tsv; implementation and behavioral verification remain TODO
01.002/001462	DONE	app/tools/gimptextoptions.c	1	text	-78,0 -> 79	application-or-library	Tool options toolbar and compact standard controls	29.010,29.010/toolbar-ref-balance,29.010/standard-tool-options,29.011	Enumerated and assigned; see hunk-wbs.tsv; implementation and behavioral verification remain TODO
01.002/001463	DONE	app/tools/gimptextoptions.c	2	text	-98,0 -> 100,4	application-or-library	Tool options toolbar and compact standard controls	29.010,29.010/toolbar-ref-balance,29.010/standard-tool-options,29.011	Enumerated and assigned; see hunk-wbs.tsv; implementation and behavioral verification remain TODO
01.002/001464	DONE	app/tools/gimptextoptions.c	3	text	-493,2 -> 498,2	application-or-library	Tool options toolbar and compact standard controls	29.010,29.010/toolbar-ref-balance,29.010/standard-tool-options,29.011	Enumerated and assigned; see hunk-wbs.tsv; implementation and behavioral verification remain TODO
01.002/001465	DONE	app/tools/gimptextoptions.c	4	text	-498 -> 503,2	application-or-library	Tool options toolbar and compact standard controls	29.010,29.010/toolbar-ref-balance,29.010/standard-tool-options,29.011	Enumerated and assigned; see hunk-wbs.tsv; implementation and behavioral verification remain TODO
01.002/001466	DONE	app/tools/gimptextoptions.c	5	text	-503,0 -> 510	application-or-library	Tool options toolbar and compact standard controls	29.010,29.010/toolbar-ref-balance,29.010/standard-tool-options,29.011	Enumerated and assigned; see hunk-wbs.tsv; implementation and behavioral verification remain TODO
01.002/001467	DONE	app/tools/gimptextoptions.c	6	text	-507,0 -> 515	application-or-library	Tool options toolbar and compact standard controls	29.010,29.010/toolbar-ref-balance,29.010/standard-tool-options,29.011	Enumerated and assigned; see hunk-wbs.tsv; implementation and behavioral verification remain TODO
01.002/001468	DONE	app/tools/gimptextoptions.c	7	text	-508,0 -> 517	application-or-library	Tool options toolbar and compact standard controls	29.010,29.010/toolbar-ref-balance,29.010/standard-tool-options,29.011	Enumerated and assigned; see hunk-wbs.tsv; implementation and behavioral verification remain TODO
01.002/001469	DONE	app/tools/gimptextoptions.c	8	text	-531 -> 540	application-or-library	Tool options toolbar and compact standard controls	29.010,29.010/toolbar-ref-balance,29.010/standard-tool-options,29.011	Enumerated and assigned; see hunk-wbs.tsv; implementation and behavioral verification remain TODO
01.002/001470	DONE	app/tools/gimptextoptions.c	9	text	-542,0 -> 552,45	application-or-library	Tool options toolbar and compact standard controls	29.010,29.010/toolbar-ref-balance,29.010/standard-tool-options,29.011	Enumerated and assigned; see hunk-wbs.tsv; implementation and behavioral verification remain TODO
01.002/001471	DONE	app/tools/gimptextoptions.c	10	text	-620 -> 674,13	application-or-library	Tool options toolbar and compact standard controls	29.010,29.010/toolbar-ref-balance,29.010/standard-tool-options,29.011	Enumerated and assigned; see hunk-wbs.tsv; implementation and behavioral verification remain TODO
01.002/001472	DONE	app/tools/gimptextoptions.h	1	text	-67 -> 67,2	application-or-library	Tool options toolbar and compact standard controls	29.010,29.010/toolbar-ref-balance,29.010/standard-tool-options,29.011	Enumerated and assigned; see hunk-wbs.tsv; implementation and behavioral verification remain TODO
01.002/001473	DONE	app/tools/gimptexttool.c	1	text	-186,0 -> 187	application-or-library	Tool options toolbar and compact standard controls	29.010,29.010/toolbar-ref-balance,29.010/standard-tool-options,29.011	Enumerated and assigned; see hunk-wbs.tsv; implementation and behavioral verification remain TODO
01.002/001474	DONE	app/tools/gimpthresholdtool.c	1	text	-87,0 -> 88	application-or-library	Tool options toolbar and compact standard controls	29.010,29.010/toolbar-ref-balance,29.010/standard-tool-options,29.011	Enumerated and assigned; see hunk-wbs.tsv; implementation and behavioral verification remain TODO
01.002/001475	DONE	app/tools/gimptool.c	1	text	-180,0 -> 181	application-or-library	Core public helper and object contract	08.018/core-extension-hooks	Enumerated and assigned; see hunk-wbs.tsv; implementation and behavioral verification remain TODO
01.002/001476	DONE	app/tools/gimptool.c	2	text	-187,0 -> 189	application-or-library	Core public helper and object contract	08.018/core-extension-hooks	Enumerated and assigned; see hunk-wbs.tsv; implementation and behavioral verification remain TODO
01.002/001477	DONE	app/tools/gimptool.c	3	text	-711,2 -> 713,2	application-or-library	Core public helper and object contract	08.018/core-extension-hooks	Enumerated and assigned; see hunk-wbs.tsv; implementation and behavioral verification remain TODO
01.002/001478	DONE	app/tools/gimptool.h	1	text	-43,0 -> 44,2	application-or-library	Core public helper and object contract	08.018/core-extension-hooks	Enumerated and assigned; see hunk-wbs.tsv; implementation and behavioral verification remain TODO
01.002/001479	DONE	app/tools/gimptool.h	2	text	-252 -> 254,3	application-or-library	C/C++ header/type adapter	04.003,04.004,08.019	Enumerated and assigned; see hunk-wbs.tsv; implementation and behavioral verification remain TODO
01.002/001480	DONE	app/tools/gimptooloptions-gui-cxx.cpp	1	text	-0,0 -> 1,55	application-or-library	Tool options toolbar and compact standard controls	29.010,29.010/toolbar-ref-balance,29.010/standard-tool-options,29.011	Enumerated and assigned; see hunk-wbs.tsv; implementation and behavioral verification remain TODO
01.002/001481	DONE	app/tools/gimptooloptions-gui-cxx.hpp	1	text	-0,0 -> 1,109	application-or-library	Tool options toolbar and compact standard controls	29.010,29.010/toolbar-ref-balance,29.010/standard-tool-options,29.011	Enumerated and assigned; see hunk-wbs.tsv; implementation and behavioral verification remain TODO
01.002/001482	DONE	app/tools/gimptooloptions-gui.c	1	text	-19,0 -> 20,2	application-or-library	Tool options toolbar and compact standard controls	29.010,29.010/toolbar-ref-balance,29.010/standard-tool-options,29.011	Enumerated and assigned; see hunk-wbs.tsv; implementation and behavioral verification remain TODO
01.002/001483	DONE	app/tools/gimptooloptions-gui.c	2	text	-25,0 -> 28,2	application-or-library	Tool options toolbar and compact standard controls	29.010,29.010/toolbar-ref-balance,29.010/standard-tool-options,29.011	Enumerated and assigned; see hunk-wbs.tsv; implementation and behavioral verification remain TODO
01.002/001484	DONE	app/tools/gimptooloptions-gui.c	3	text	-27,0 -> 32,4	application-or-library	Tool options toolbar and compact standard controls	29.010,29.010/toolbar-ref-balance,29.010/standard-tool-options,29.011	Enumerated and assigned; see hunk-wbs.tsv; implementation and behavioral verification remain TODO
01.002/001485	DONE	app/tools/gimptooloptions-gui.c	4	text	-32 -> 39,0	application-or-library	Tool options toolbar and compact standard controls	29.010,29.010/toolbar-ref-balance,29.010/standard-tool-options,29.011	Enumerated and assigned; see hunk-wbs.tsv; implementation and behavioral verification remain TODO
01.002/001486	DONE	app/tools/gimptooloptions-gui.c	5	text	-34,0 -> 42,6	application-or-library	Tool options toolbar and compact standard controls	29.010,29.010/toolbar-ref-balance,29.010/standard-tool-options,29.011	Enumerated and assigned; see hunk-wbs.tsv; implementation and behavioral verification remain TODO
01.002/001487	DONE	app/tools/gimptooloptions-gui.c	6	text	-40 -> 53,9	application-or-library	Tool options toolbar and compact standard controls	29.010,29.010/toolbar-ref-balance,29.010/standard-tool-options,29.011	Enumerated and assigned; see hunk-wbs.tsv; implementation and behavioral verification remain TODO
01.002/001488	DONE	app/tools/gimptooloptions-gui.c	7	text	-43,0 -> 65,621	application-or-library	Tool options toolbar and compact standard controls	29.010,29.010/toolbar-ref-balance,29.010/standard-tool-options,29.011	Enumerated and assigned; see hunk-wbs.tsv; implementation and behavioral verification remain TODO
01.002/001489	DONE	app/tools/gimptooloptions-gui.h	1	text	-20,0 -> 21,3	application-or-library	Tool options toolbar and compact standard controls	29.010,29.010/toolbar-ref-balance,29.010/standard-tool-options,29.011	Enumerated and assigned; see hunk-wbs.tsv; implementation and behavioral verification remain TODO
01.002/001490	DONE	app/tools/gimptooloptions-gui.h	2	text	-22 -> 25,6	application-or-library	Tool options toolbar and compact standard controls	29.010,29.010/toolbar-ref-balance,29.010/standard-tool-options,29.011	Enumerated and assigned; see hunk-wbs.tsv; implementation and behavioral verification remain TODO
01.002/001491	DONE	app/tools/gimptooloptions-gui.h	3	text	-23,0 -> 32,57	application-or-library	Tool options toolbar and compact standard controls	29.010,29.010/toolbar-ref-balance,29.010/standard-tool-options,29.011	Enumerated and assigned; see hunk-wbs.tsv; implementation and behavioral verification remain TODO
01.002/001492	DONE	app/tools/gimptransformoptions.c	1	text	-73,0 -> 74,6	application-or-library	Tool options toolbar and compact standard controls	29.010,29.010/toolbar-ref-balance,29.010/standard-tool-options,29.011	Enumerated and assigned; see hunk-wbs.tsv; implementation and behavioral verification remain TODO
01.002/001493	DONE	app/tools/gimptransformoptions.c	2	text	-249,0 -> 256,14	application-or-library	Tool options toolbar and compact standard controls	29.010,29.010/toolbar-ref-balance,29.010/standard-tool-options,29.011	Enumerated and assigned; see hunk-wbs.tsv; implementation and behavioral verification remain TODO
01.002/001494	DONE	app/tools/gimptransformoptions.c	3	text	-258,2 -> 278,2	application-or-library	Tool options toolbar and compact standard controls	29.010,29.010/toolbar-ref-balance,29.010/standard-tool-options,29.011	Enumerated and assigned; see hunk-wbs.tsv; implementation and behavioral verification remain TODO
01.002/001495	DONE	app/tools/gimptransformoptions.c	4	text	-262 -> 282,2	application-or-library	Tool options toolbar and compact standard controls	29.010,29.010/toolbar-ref-balance,29.010/standard-tool-options,29.011	Enumerated and assigned; see hunk-wbs.tsv; implementation and behavioral verification remain TODO
01.002/001496	DONE	app/tools/gimptransformoptions.c	5	text	-269,0 -> 291	application-or-library	Tool options toolbar and compact standard controls	29.010,29.010/toolbar-ref-balance,29.010/standard-tool-options,29.011	Enumerated and assigned; see hunk-wbs.tsv; implementation and behavioral verification remain TODO
01.002/001497	DONE	app/tools/gimptransformoptions.c	6	text	-271,0 -> 294	application-or-library	Tool options toolbar and compact standard controls	29.010,29.010/toolbar-ref-balance,29.010/standard-tool-options,29.011	Enumerated and assigned; see hunk-wbs.tsv; implementation and behavioral verification remain TODO
01.002/001498	DONE	app/tools/gimptransformoptions.c	7	text	-285,2 -> 308,4	application-or-library	Tool options toolbar and compact standard controls	29.010,29.010/toolbar-ref-balance,29.010/standard-tool-options,29.011	Enumerated and assigned; see hunk-wbs.tsv; implementation and behavioral verification remain TODO
01.002/001499	DONE	app/tools/gimptransformoptions.c	8	text	-289,0 -> 315,33	application-or-library	Tool options toolbar and compact standard controls	29.010,29.010/toolbar-ref-balance,29.010/standard-tool-options,29.011	Enumerated and assigned; see hunk-wbs.tsv; implementation and behavioral verification remain TODO
01.002/001500	DONE	app/tools/gimptransformoptions.c	9	text	-316,0 -> 375,25	application-or-library	Tool options toolbar and compact standard controls	29.010,29.010/toolbar-ref-balance,29.010/standard-tool-options,29.011	Enumerated and assigned; see hunk-wbs.tsv; implementation and behavioral verification remain TODO
01.002/001501	DONE	app/tools/gimptransformoptions.c	10	text	-375 -> 458	application-or-library	Tool options toolbar and compact standard controls	29.010,29.010/toolbar-ref-balance,29.010/standard-tool-options,29.011	Enumerated and assigned; see hunk-wbs.tsv; implementation and behavioral verification remain TODO
01.002/001502	DONE	app/tools/gimptransformoptions.c	11	text	-377,0 -> 461,7	application-or-library	Tool options toolbar and compact standard controls	29.010,29.010/toolbar-ref-balance,29.010/standard-tool-options,29.011	Enumerated and assigned; see hunk-wbs.tsv; implementation and behavioral verification remain TODO
01.002/001503	DONE	app/tools/gimptransformoptions.h	1	text	-58,0 -> 59,2	application-or-library	Tool options toolbar and compact standard controls	29.010,29.010/toolbar-ref-balance,29.010/standard-tool-options,29.011	Enumerated and assigned; see hunk-wbs.tsv; implementation and behavioral verification remain TODO
01.002/001504	DONE	app/tools/gimptransformtool.c	1	text	-1112 -> 1112	application-or-library	Tool options toolbar and compact standard controls	29.010,29.010/toolbar-ref-balance,29.010/standard-tool-options,29.011	Enumerated and assigned; see hunk-wbs.tsv; implementation and behavioral verification remain TODO
01.002/001505	DONE	app/tools/gimpvectoroptions.c	1	text	-143,2 -> 143,2	application-or-library	Tool options toolbar and compact standard controls	29.010,29.010/toolbar-ref-balance,29.010/standard-tool-options,29.011	Enumerated and assigned; see hunk-wbs.tsv; implementation and behavioral verification remain TODO
01.002/001506	DONE	app/tools/gimpvectoroptions.c	2	text	-148 -> 148	application-or-library	Tool options toolbar and compact standard controls	29.010,29.010/toolbar-ref-balance,29.010/standard-tool-options,29.011	Enumerated and assigned; see hunk-wbs.tsv; implementation and behavioral verification remain TODO
01.002/001507	DONE	app/tools/gimpvectoroptions.c	3	text	-154,2 -> 154,4	application-or-library	Tool options toolbar and compact standard controls	29.010,29.010/toolbar-ref-balance,29.010/standard-tool-options,29.011	Enumerated and assigned; see hunk-wbs.tsv; implementation and behavioral verification remain TODO
01.002/001508	DONE	app/tools/gimpvectoroptions.c	4	text	-208,0 -> 211,13	application-or-library	Tool options toolbar and compact standard controls	29.010,29.010/toolbar-ref-balance,29.010/standard-tool-options,29.011	Enumerated and assigned; see hunk-wbs.tsv; implementation and behavioral verification remain TODO
01.002/001509	DONE	app/tools/gimpvectoroptions.h	1	text	-49 -> 49	application-or-library	Tool options toolbar and compact standard controls	29.010,29.010/toolbar-ref-balance,29.010/standard-tool-options,29.011	Enumerated and assigned; see hunk-wbs.tsv; implementation and behavioral verification remain TODO
01.002/001510	DONE	app/tools/gimpvectoroptions.h	2	text	-51 -> 51,2	application-or-library	Tool options toolbar and compact standard controls	29.010,29.010/toolbar-ref-balance,29.010/standard-tool-options,29.011	Enumerated and assigned; see hunk-wbs.tsv; implementation and behavioral verification remain TODO
01.002/001511	DONE	app/tools/gimpvectortool.c	1	text	-155,0 -> 156	application-or-library	Tool options toolbar and compact standard controls	29.010,29.010/toolbar-ref-balance,29.010/standard-tool-options,29.011	Enumerated and assigned; see hunk-wbs.tsv; implementation and behavioral verification remain TODO
01.002/001512	DONE	app/tools/tools-types.h	1	text	-40,0 -> 41	application-or-library	Tool options toolbar and compact standard controls	29.010,29.010/toolbar-ref-balance,29.010/standard-tool-options,29.011	Enumerated and assigned; see hunk-wbs.tsv; implementation and behavioral verification remain TODO
01.002/001513	DONE	app/tools/tools-types.h	2	text	-52,0 -> 54	application-or-library	Tool options toolbar and compact standard controls	29.010,29.010/toolbar-ref-balance,29.010/standard-tool-options,29.011	Enumerated and assigned; see hunk-wbs.tsv; implementation and behavioral verification remain TODO
01.002/001514	DONE	app/widgets/Makefile.am	1	text	-44,0 -> 45,4	application-or-library	Reviewed Makefile c-feature-registration	24.007,30.012	Enumerated and assigned; see hunk-wbs.tsv; implementation and behavioral verification remain TODO
01.002/001515	DONE	app/widgets/Makefile.am	2	text	-52,0 -> 57,2	application-or-library	C/C++ module and link integration	04.002,04.008,04.009	Enumerated and assigned; see hunk-wbs.tsv; implementation and behavioral verification remain TODO
01.002/001516	DONE	app/widgets/Makefile.am	3	text	-234,0 -> 241,4	application-or-library	C/C++ module and link integration	04.002,04.008,04.009	Enumerated and assigned; see hunk-wbs.tsv; implementation and behavioral verification remain TODO
01.002/001517	DONE	app/widgets/Makefile.am	4	text	-272,0 -> 283,2	application-or-library	Reviewed Makefile c-feature-registration	08.015,29.010	Enumerated and assigned; see hunk-wbs.tsv; implementation and behavioral verification remain TODO
01.002/001518	DONE	app/widgets/Makefile.am	5	text	-339,0 -> 352	application-or-library	Reviewed Makefile asset-header	30.003,30.017	Enumerated and assigned; see hunk-wbs.tsv; implementation and behavioral verification remain TODO
01.002/001519	DONE	app/widgets/Makefile.am	6	text	-357,0 -> 371,2	application-or-library	Reviewed Makefile c-feature-registration	29.010	Enumerated and assigned; see hunk-wbs.tsv; implementation and behavioral verification remain TODO
01.002/001520	DONE	app/widgets/Makefile.am	7	text	-361,0 -> 377,2	application-or-library	C/C++ module and link integration	04.002,04.008,04.009	Enumerated and assigned; see hunk-wbs.tsv; implementation and behavioral verification remain TODO
01.002/001521	DONE	app/widgets/Makefile.am	8	text	-415 -> 432,8	application-or-library	C/C++ module and link integration	04.002,04.008,04.009	Enumerated and assigned; see hunk-wbs.tsv; implementation and behavioral verification remain TODO
01.002/001522	DONE	app/widgets/Makefile.am	9	text	-442 -> 466	application-or-library	Reviewed Makefile newline-only	38.001	Enumerated and assigned; see hunk-wbs.tsv; implementation and behavioral verification remain TODO
01.002/001523	DONE	app/widgets/gimpcellrendererpopup.cpp	1	text	-0,0 -> 1,347	application-or-library	Popover/renderer event and lifetime	08.015,08.016,08.016/pixbuf-owner,29.006/cellrenderer-gtk3,29.006/popover-class-signals,29.006/popover-handler-teardown,29.015,29.019	Enumerated and assigned; see hunk-wbs.tsv; implementation and behavioral verification remain TODO
01.002/001524	DONE	app/widgets/gimpcellrendererpopup.h	1	text	-0,0 -> 1,72	application-or-library	Popover/renderer event and lifetime	08.015,08.016,08.016/pixbuf-owner,29.006/cellrenderer-gtk3,29.006/popover-class-signals,29.006/popover-handler-teardown,29.015,29.019	Enumerated and assigned; see hunk-wbs.tsv; implementation and behavioral verification remain TODO
01.002/001525	DONE	app/widgets/gimpcellrendererviewable.c	1	text	-387 -> 386,0	application-or-library	Shared widget model/control extensions	06.023,08.017,29.010/standard-tool-options	Enumerated and assigned; see hunk-wbs.tsv; implementation and behavioral verification remain TODO
01.002/001526	DONE	app/widgets/gimpcontainerbox.c	1	text	-208,0 -> 209	application-or-library	Shared widget model/control extensions	06.023,08.017,29.010/standard-tool-options	Enumerated and assigned; see hunk-wbs.tsv; implementation and behavioral verification remain TODO
01.002/001527	DONE	app/widgets/gimpcontainereditor.h	1	text	-63,0 -> 64,6	application-or-library	C/C++ header/type adapter	04.003,04.004,08.019	Enumerated and assigned; see hunk-wbs.tsv; implementation and behavioral verification remain TODO
01.002/001528	DONE	app/widgets/gimpcontainertreeview-dnd.c	1	text	-645,4 -> 645,4	application-or-library	Shared widget model/control extensions	06.023,08.017,29.010/standard-tool-options	Enumerated and assigned; see hunk-wbs.tsv; implementation and behavioral verification remain TODO
01.002/001529	DONE	app/widgets/gimpcontainertreeview-dnd.c	2	text	-650,4 -> 650,9	application-or-library	Shared widget model/control extensions	06.023,08.017,29.010/standard-tool-options	Enumerated and assigned; see hunk-wbs.tsv; implementation and behavioral verification remain TODO
01.002/001530	DONE	app/widgets/gimpcontainertreeview-dnd.c	3	text	-655 -> 660,3	application-or-library	Shared widget model/control extensions	06.023,08.017,29.010/standard-tool-options	Enumerated and assigned; see hunk-wbs.tsv; implementation and behavioral verification remain TODO
01.002/001531	DONE	app/widgets/gimpcontainertreeview-dnd.c	4	text	-657 -> 664,3	application-or-library	Shared widget model/control extensions	06.023,08.017,29.010/standard-tool-options	Enumerated and assigned; see hunk-wbs.tsv; implementation and behavioral verification remain TODO
01.002/001532	DONE	app/widgets/gimpcontainertreeview-dnd.c	5	text	-659 -> 668	application-or-library	Shared widget model/control extensions	06.023,08.017,29.010/standard-tool-options	Enumerated and assigned; see hunk-wbs.tsv; implementation and behavioral verification remain TODO
01.002/001533	DONE	app/widgets/gimpcontainertreeview-dnd.c	6	text	-661 -> 670,38	application-or-library	Shared widget model/control extensions	06.023,08.017,29.010/standard-tool-options	Enumerated and assigned; see hunk-wbs.tsv; implementation and behavioral verification remain TODO
01.002/001534	DONE	app/widgets/gimpcontainertreeview-dnd.c	7	text	-662,0 -> 709,15	application-or-library	Shared widget model/control extensions	06.023,08.017,29.010/standard-tool-options	Enumerated and assigned; see hunk-wbs.tsv; implementation and behavioral verification remain TODO
01.002/001535	DONE	app/widgets/gimpcontainertreeview-dnd.c	8	text	-664 -> 725,6	application-or-library	Shared widget model/control extensions	06.023,08.017,29.010/standard-tool-options	Enumerated and assigned; see hunk-wbs.tsv; implementation and behavioral verification remain TODO
01.002/001536	DONE	app/widgets/gimpcontainertreeview-private.h	1	text	-36,0 -> 37	application-or-library	Shared widget model/control extensions	06.023,08.017,29.010/standard-tool-options	Enumerated and assigned; see hunk-wbs.tsv; implementation and behavioral verification remain TODO
01.002/001537	DONE	app/widgets/gimpcontainertreeview.c	1	text	-37,0 -> 38	application-or-library	Shared widget model/control extensions	06.023,08.017,29.010/standard-tool-options	Enumerated and assigned; see hunk-wbs.tsv; implementation and behavioral verification remain TODO
01.002/001538	DONE	app/widgets/gimpcontainertreeview.c	2	text	-493,0 -> 495,10	application-or-library	Shared widget model/control extensions	06.023,08.017,29.010/standard-tool-options	Enumerated and assigned; see hunk-wbs.tsv; implementation and behavioral verification remain TODO
01.002/001539	DONE	app/widgets/gimpcontainertreeview.c	3	text	-999,0 -> 1011	application-or-library	Shared widget model/control extensions	06.023,08.017,29.010/standard-tool-options	Enumerated and assigned; see hunk-wbs.tsv; implementation and behavioral verification remain TODO
01.002/001540	DONE	app/widgets/gimpcontainertreeview.c	4	text	-1081,0 -> 1094,6	application-or-library	Shared widget model/control extensions	06.023,08.017,29.010/standard-tool-options	Enumerated and assigned; see hunk-wbs.tsv; implementation and behavioral verification remain TODO
01.002/001541	DONE	app/widgets/gimpcontainertreeview.c	5	text	-1140 -> 1158	application-or-library	Shared widget model/control extensions	06.023,08.017,29.010/standard-tool-options	Enumerated and assigned; see hunk-wbs.tsv; implementation and behavioral verification remain TODO
01.002/001542	DONE	app/widgets/gimpcontainertreeview.c	6	text	-1145,0 -> 1164	application-or-library	Shared widget model/control extensions	06.023,08.017,29.010/standard-tool-options	Enumerated and assigned; see hunk-wbs.tsv; implementation and behavioral verification remain TODO
01.002/001543	DONE	app/widgets/gimpcontainertreeview.c	7	text	-1151,0 -> 1171	application-or-library	Shared widget model/control extensions	06.023,08.017,29.010/standard-tool-options	Enumerated and assigned; see hunk-wbs.tsv; implementation and behavioral verification remain TODO
01.002/001544	DONE	app/widgets/gimpcontainertreeview.c	8	text	-1155,0 -> 1176,13	application-or-library	Shared widget model/control extensions	06.023,08.017,29.010/standard-tool-options	Enumerated and assigned; see hunk-wbs.tsv; implementation and behavioral verification remain TODO
01.002/001545	DONE	app/widgets/gimpcontainertreeview.h	1	text	-126,0 -> 127,4	application-or-library	Shared widget model/control extensions	06.023,08.017,29.010/standard-tool-options	Enumerated and assigned; see hunk-wbs.tsv; implementation and behavioral verification remain TODO
01.002/001546	DONE	app/widgets/gimpcontainerview.h	1	text	-163,0 -> 164,7	application-or-library	C/C++ header/type adapter	04.003,04.004,08.019	Enumerated and assigned; see hunk-wbs.tsv; implementation and behavioral verification remain TODO
01.002/001547	DONE	app/widgets/gimpcurveview.c	1	text	-227 -> 227	application-or-library	Extended brush editor controls	24.001,24.001/editor-context-contract,24.002,24.003,24.004,24.005,24.006,24.008,24.012,24.013,24.014,24.015,24.015/mypaint-editor-create,24.016	Enumerated and assigned; see hunk-wbs.tsv; implementation and behavioral verification remain TODO
01.002/001548	DONE	app/widgets/gimpcurveview.c	2	text	-789,0 -> 790	application-or-library	Extended brush editor controls	24.001,24.001/editor-context-contract,24.002,24.003,24.004,24.005,24.006,24.008,24.012,24.013,24.014,24.015,24.015/mypaint-editor-create,24.016	Enumerated and assigned; see hunk-wbs.tsv; implementation and behavioral verification remain TODO
01.002/001549	DONE	app/widgets/gimpcurveview.c	3	text	-845 -> 845,0	application-or-library	Extended brush editor controls	24.001,24.001/editor-context-contract,24.002,24.003,24.004,24.005,24.006,24.008,24.012,24.013,24.014,24.015,24.015/mypaint-editor-create,24.016	Enumerated and assigned; see hunk-wbs.tsv; implementation and behavioral verification remain TODO
01.002/001550	DONE	app/widgets/gimpcurveview.c	4	text	-1362,0 -> 1363,22	application-or-library	Extended brush editor controls	24.001,24.001/editor-context-contract,24.002,24.003,24.004,24.005,24.006,24.008,24.012,24.013,24.014,24.015,24.015/mypaint-editor-create,24.016	Enumerated and assigned; see hunk-wbs.tsv; implementation and behavioral verification remain TODO
01.002/001551	DONE	app/widgets/gimpcurveview.h	1	text	-111,0 -> 112,6	application-or-library	Extended brush editor controls	24.001,24.001/editor-context-contract,24.002,24.003,24.004,24.005,24.006,24.008,24.012,24.013,24.014,24.015,24.015/mypaint-editor-create,24.016	Enumerated and assigned; see hunk-wbs.tsv; implementation and behavioral verification remain TODO
01.002/001552	DONE	app/widgets/gimpcurveview.h	2	text	-120 -> 125,0	application-or-library	Extended brush editor controls	24.001,24.001/editor-context-contract,24.002,24.003,24.004,24.005,24.006,24.008,24.012,24.013,24.014,24.015,24.015/mypaint-editor-create,24.016	Enumerated and assigned; see hunk-wbs.tsv; implementation and behavioral verification remain TODO
01.002/001553	DONE	app/widgets/gimpdatafactoryview.c	1	text	-222,0 -> 223	application-or-library	Shared widget model/control extensions	06.023,08.017,29.010/standard-tool-options	Enumerated and assigned; see hunk-wbs.tsv; implementation and behavioral verification remain TODO
01.002/001554	DONE	app/widgets/gimpdatafactoryview.h	1	text	-71,0 -> 72,6	application-or-library	C/C++ header/type adapter	04.003,04.004,08.019	Enumerated and assigned; see hunk-wbs.tsv; implementation and behavioral verification remain TODO
01.002/001555	DONE	app/widgets/gimpdeviceinfo-coords.c	1	text	-80,0 -> 81,4	application-or-library	Motion/pressure event semantics	23.007,23.008,23.009,23.010,23.011,23.012,23.014	Enumerated and assigned; see hunk-wbs.tsv; implementation and behavioral verification remain TODO
01.002/001556	DONE	app/widgets/gimpdevicemanager.c	1	text	-235 -> 235	application-or-library	Input device unique-name identity	30.007/device-name-identity	Enumerated and assigned; see hunk-wbs.tsv; implementation and behavioral verification remain TODO
01.002/001557	DONE	app/widgets/gimpdnd.c	1	text	-43 -> 43	application-or-library	Tool grouping/configuration	30.001/tool-group-state,29.009,30.004,30.008	Enumerated and assigned; see hunk-wbs.tsv; implementation and behavioral verification remain TODO
01.002/001558	DONE	app/widgets/gimpdnd.c	2	text	-99,162 -> 99,162	application-or-library	Tool grouping/configuration	30.001/tool-group-state,29.009,30.004,30.008	Enumerated and assigned; see hunk-wbs.tsv; implementation and behavioral verification remain TODO
01.002/001559	DONE	app/widgets/gimpdnd.c	3	text	-586 -> 586	application-or-library	Tool grouping/configuration	30.001/tool-group-state,29.009,30.004,30.008	Enumerated and assigned; see hunk-wbs.tsv; implementation and behavioral verification remain TODO
01.002/001560	DONE	app/widgets/gimpdnd.c	4	text	-588,2 -> 588,2	application-or-library	Tool grouping/configuration	30.001/tool-group-state,29.009,30.004,30.008	Enumerated and assigned; see hunk-wbs.tsv; implementation and behavioral verification remain TODO
01.002/001561	DONE	app/widgets/gimpdnd.c	5	text	-591,2 -> 591,2	application-or-library	Tool grouping/configuration	30.001/tool-group-state,29.009,30.004,30.008	Enumerated and assigned; see hunk-wbs.tsv; implementation and behavioral verification remain TODO
01.002/001562	DONE	app/widgets/gimpdnd.c	6	text	-596 -> 596	application-or-library	Tool grouping/configuration	30.001/tool-group-state,29.009,30.004,30.008	Enumerated and assigned; see hunk-wbs.tsv; implementation and behavioral verification remain TODO
01.002/001563	DONE	app/widgets/gimpdnd.c	7	text	-1919 -> 1919	application-or-library	Tool grouping/configuration	30.001/tool-group-state,29.009,30.004,30.008	Enumerated and assigned; see hunk-wbs.tsv; implementation and behavioral verification remain TODO
01.002/001564	DONE	app/widgets/gimpdnd.c	8	text	-1921 -> 1921	application-or-library	Tool grouping/configuration	30.001/tool-group-state,29.009,30.004,30.008	Enumerated and assigned; see hunk-wbs.tsv; implementation and behavioral verification remain TODO
01.002/001565	DONE	app/widgets/gimpdnd.c	9	text	-2433,3 -> 2433,3	application-or-library	Tool grouping/configuration	30.001/tool-group-state,29.009,30.004,30.008	Enumerated and assigned; see hunk-wbs.tsv; implementation and behavioral verification remain TODO
01.002/001566	DONE	app/widgets/gimpdnd.c	10	text	-2438 -> 2438	application-or-library	Tool grouping/configuration	30.001/tool-group-state,29.009,30.004,30.008	Enumerated and assigned; see hunk-wbs.tsv; implementation and behavioral verification remain TODO
01.002/001567	DONE	app/widgets/gimpdnd.c	11	text	-2441,2 -> 2441,2	application-or-library	Tool grouping/configuration	30.001/tool-group-state,29.009,30.004,30.008	Enumerated and assigned; see hunk-wbs.tsv; implementation and behavioral verification remain TODO
01.002/001568	DONE	app/widgets/gimpdnd.c	12	text	-2445 -> 2445	application-or-library	Tool grouping/configuration	30.001/tool-group-state,29.009,30.004,30.008	Enumerated and assigned; see hunk-wbs.tsv; implementation and behavioral verification remain TODO
01.002/001569	DONE	app/widgets/gimpdnd.c	13	text	-2448 -> 2448	application-or-library	Tool grouping/configuration	30.001/tool-group-state,29.009,30.004,30.008	Enumerated and assigned; see hunk-wbs.tsv; implementation and behavioral verification remain TODO
01.002/001570	DONE	app/widgets/gimpdnd.c	14	text	-2450 -> 2450	application-or-library	Tool grouping/configuration	30.001/tool-group-state,29.009,30.004,30.008	Enumerated and assigned; see hunk-wbs.tsv; implementation and behavioral verification remain TODO
01.002/001571	DONE	app/widgets/gimpdnd.c	15	text	-2453,3 -> 2453,3	application-or-library	Tool grouping/configuration	30.001/tool-group-state,29.009,30.004,30.008	Enumerated and assigned; see hunk-wbs.tsv; implementation and behavioral verification remain TODO
01.002/001572	DONE	app/widgets/gimpdnd.h	1	text	-91,2 -> 91,2	application-or-library	Tool grouping/configuration	30.001/tool-group-state,29.009,30.004,30.008	Enumerated and assigned; see hunk-wbs.tsv; implementation and behavioral verification remain TODO
01.002/001573	DONE	app/widgets/gimpdock.c	1	text	-22,0 -> 23,2	application-or-library	Dock/window layout and restoration	29.011,29.016,30.005,30.005/shell-reparent-ref,30.016	Enumerated and assigned; see hunk-wbs.tsv; implementation and behavioral verification remain TODO
01.002/001574	DONE	app/widgets/gimpdock.c	2	text	-45,0 -> 48,2	application-or-library	Dock/window layout and restoration	29.011,29.016,30.005,30.005/shell-reparent-ref,30.016	Enumerated and assigned; see hunk-wbs.tsv; implementation and behavioral verification remain TODO
01.002/001575	DONE	app/widgets/gimpdock.c	3	text	-61,0 -> 66,10	application-or-library	Dock/window layout and restoration	29.011,29.016,30.005,30.005/shell-reparent-ref,30.016	Enumerated and assigned; see hunk-wbs.tsv; implementation and behavioral verification remain TODO
01.002/001576	DONE	app/widgets/gimpdock.c	4	text	-70,0 -> 85,7	application-or-library	Dock/window layout and restoration	29.011,29.016,30.005,30.005/shell-reparent-ref,30.016	Enumerated and assigned; see hunk-wbs.tsv; implementation and behavioral verification remain TODO
01.002/001577	DONE	app/widgets/gimpdock.c	5	text	-72,0 -> 94	application-or-library	Dock/window layout and restoration	29.011,29.016,30.005,30.005/shell-reparent-ref,30.016	Enumerated and assigned; see hunk-wbs.tsv; implementation and behavioral verification remain TODO
01.002/001578	DONE	app/widgets/gimpdock.c	6	text	-88 -> 110,13	application-or-library	Dock/window layout and restoration	29.011,29.016,30.005,30.005/shell-reparent-ref,30.016	Enumerated and assigned; see hunk-wbs.tsv; implementation and behavioral verification remain TODO
01.002/001579	DONE	app/widgets/gimpdock.c	7	text	-175,0 -> 210	application-or-library	Dock/window layout and restoration	29.011,29.016,30.005,30.005/shell-reparent-ref,30.016	Enumerated and assigned; see hunk-wbs.tsv; implementation and behavioral verification remain TODO
01.002/001580	DONE	app/widgets/gimpdock.c	8	text	-188,0 -> 224,21	application-or-library	Dock/window layout and restoration	29.011,29.016,30.005,30.005/shell-reparent-ref,30.016	Enumerated and assigned; see hunk-wbs.tsv; implementation and behavioral verification remain TODO
01.002/001581	DONE	app/widgets/gimpdock.c	9	text	-193,2 -> 249,2	application-or-library	Dock/window layout and restoration	29.011,29.016,30.005,30.005/shell-reparent-ref,30.016	Enumerated and assigned; see hunk-wbs.tsv; implementation and behavioral verification remain TODO
01.002/001582	DONE	app/widgets/gimpdock.c	10	text	-195,0 -> 252,108	application-or-library	Dock/window layout and restoration	29.011,29.016,30.005,30.005/shell-reparent-ref,30.016	Enumerated and assigned; see hunk-wbs.tsv; implementation and behavioral verification remain TODO
01.002/001583	DONE	app/widgets/gimpdock.c	11	text	-197,0 -> 362	application-or-library	Dock/window layout and restoration	29.011,29.016,30.005,30.005/shell-reparent-ref,30.016	Enumerated and assigned; see hunk-wbs.tsv; implementation and behavioral verification remain TODO
01.002/001584	DONE	app/widgets/gimpdock.c	12	text	-339,0 -> 505,5	application-or-library	Dock/window layout and restoration	29.011,29.016,30.005,30.005/shell-reparent-ref,30.016	Enumerated and assigned; see hunk-wbs.tsv; implementation and behavioral verification remain TODO
01.002/001585	DONE	app/widgets/gimpdock.c	13	text	-771,0 -> 942,149	application-or-library	Dock/window layout and restoration	29.011,29.016,30.005,30.005/shell-reparent-ref,30.016	Enumerated and assigned; see hunk-wbs.tsv; implementation and behavioral verification remain TODO
01.002/001586	DONE	app/widgets/gimpdock.h	1	text	-117,0 -> 118,3	application-or-library	Dock/window layout and restoration	29.011,29.016,30.005,30.005/shell-reparent-ref,30.016	Enumerated and assigned; see hunk-wbs.tsv; implementation and behavioral verification remain TODO
01.002/001587	DONE	app/widgets/gimpdockable.c	1	text	-500,0 -> 501,3	application-or-library	Dock/window layout and restoration	29.011,29.016,30.005,30.005/shell-reparent-ref,30.016	Enumerated and assigned; see hunk-wbs.tsv; implementation and behavioral verification remain TODO
01.002/001588	DONE	app/widgets/gimpdockable.c	2	text	-517 -> 520,4	application-or-library	Dock/window layout and restoration	29.011,29.016,30.005,30.005/shell-reparent-ref,30.016	Enumerated and assigned; see hunk-wbs.tsv; implementation and behavioral verification remain TODO
01.002/001589	DONE	app/widgets/gimpdockbook.c	1	text	-101,0 -> 102	application-or-library	Dock/window layout and restoration	29.011,29.016,30.005,30.005/shell-reparent-ref,30.016	Enumerated and assigned; see hunk-wbs.tsv; implementation and behavioral verification remain TODO
01.002/001590	DONE	app/widgets/gimpdockbook.c	2	text	-102,0 -> 104,2	application-or-library	Dock/window layout and restoration	29.011,29.016,30.005,30.005/shell-reparent-ref,30.016	Enumerated and assigned; see hunk-wbs.tsv; implementation and behavioral verification remain TODO
01.002/001591	DONE	app/widgets/gimpdockbook.c	3	text	-266,0 -> 270,2	application-or-library	Dock/window layout and restoration	29.011,29.016,30.005,30.005/shell-reparent-ref,30.016	Enumerated and assigned; see hunk-wbs.tsv; implementation and behavioral verification remain TODO
01.002/001592	DONE	app/widgets/gimpdockbook.c	4	text	-271 -> 276	application-or-library	Dock/window layout and restoration	29.011,29.016,30.005,30.005/shell-reparent-ref,30.016	Enumerated and assigned; see hunk-wbs.tsv; implementation and behavioral verification remain TODO
01.002/001593	DONE	app/widgets/gimpdockbook.c	5	text	-296,0 -> 302,8	application-or-library	Dock/window layout and restoration	29.011,29.016,30.005,30.005/shell-reparent-ref,30.016	Enumerated and assigned; see hunk-wbs.tsv; implementation and behavioral verification remain TODO
01.002/001594	DONE	app/widgets/gimpdockbook.c	6	text	-673,0 -> 687,35	application-or-library	Dock/window layout and restoration	29.011,29.016,30.005,30.005/shell-reparent-ref,30.016	Enumerated and assigned; see hunk-wbs.tsv; implementation and behavioral verification remain TODO
01.002/001595	DONE	app/widgets/gimpdockbook.c	7	text	-745,4 -> 793,7	application-or-library	Dock/window layout and restoration	29.011,29.016,30.005,30.005/shell-reparent-ref,30.016	Enumerated and assigned; see hunk-wbs.tsv; implementation and behavioral verification remain TODO
01.002/001596	DONE	app/widgets/gimpdockbook.c	8	text	-781,2 -> 832,2	application-or-library	Dock/window layout and restoration	29.011,29.016,30.005,30.005/shell-reparent-ref,30.016	Enumerated and assigned; see hunk-wbs.tsv; implementation and behavioral verification remain TODO
01.002/001597	DONE	app/widgets/gimpdockbook.c	9	text	-790,4 -> 841,15	application-or-library	Dock/window layout and restoration	29.011,29.016,30.005,30.005/shell-reparent-ref,30.016	Enumerated and assigned; see hunk-wbs.tsv; implementation and behavioral verification remain TODO
01.002/001598	DONE	app/widgets/gimpdockbook.c	10	text	-812 -> 874,4	application-or-library	Dock/window layout and restoration	29.011,29.016,30.005,30.005/shell-reparent-ref,30.016	Enumerated and assigned; see hunk-wbs.tsv; implementation and behavioral verification remain TODO
01.002/001599	DONE	app/widgets/gimpdockbook.c	11	text	-816 -> 881	application-or-library	Dock/window layout and restoration	29.011,29.016,30.005,30.005/shell-reparent-ref,30.016	Enumerated and assigned; see hunk-wbs.tsv; implementation and behavioral verification remain TODO
01.002/001600	DONE	app/widgets/gimpdockbook.c	12	text	-819 -> 884,3	application-or-library	Dock/window layout and restoration	29.011,29.016,30.005,30.005/shell-reparent-ref,30.016	Enumerated and assigned; see hunk-wbs.tsv; implementation and behavioral verification remain TODO
01.002/001601	DONE	app/widgets/gimpdynamicsoutputeditor.c	1	text	-128,0 -> 129,3	application-or-library	Nonfunctional/obsolete source candidate	31.018	Enumerated and assigned; see hunk-wbs.tsv; implementation and behavioral verification remain TODO
01.002/001602	DONE	app/widgets/gimpdynamicsoutputeditor.c	2	text	-287,0 -> 291,6	application-or-library	Nonfunctional/obsolete source candidate	31.018	Enumerated and assigned; see hunk-wbs.tsv; implementation and behavioral verification remain TODO
01.002/001603	DONE	app/widgets/gimpdynamicsoutputeditor.c	3	text	-493,0 -> 503,15	application-or-library	Nonfunctional/obsolete source candidate	31.018	Enumerated and assigned; see hunk-wbs.tsv; implementation and behavioral verification remain TODO
01.002/001604	DONE	app/widgets/gimpeditor-cxx.cpp	1	text	-0,0 -> 1,269	application-or-library	Shared widget model/control extensions	06.023,08.017,29.010/standard-tool-options	Enumerated and assigned; see hunk-wbs.tsv; implementation and behavioral verification remain TODO
01.002/001605	DONE	app/widgets/gimpeditor-cxx.h	1	text	-0,0 -> 1,36	application-or-library	Shared widget model/control extensions	06.023,08.017,29.010/standard-tool-options	Enumerated and assigned; see hunk-wbs.tsv; implementation and behavioral verification remain TODO
01.002/001606	DONE	app/widgets/gimpeditor-private.h	1	text	-0,0 -> 1,37	application-or-library	Shared widget model/control extensions	06.023,08.017,29.010/standard-tool-options	Enumerated and assigned; see hunk-wbs.tsv; implementation and behavioral verification remain TODO
01.002/001607	DONE	app/widgets/gimpeditor.c	1	text	-36,0 -> 37	application-or-library	Shared widget model/control extensions	06.023,08.017,29.010/standard-tool-options	Enumerated and assigned; see hunk-wbs.tsv; implementation and behavioral verification remain TODO
01.002/001608	DONE	app/widgets/gimpeditor.c	2	text	-56,15 -> 56,0	application-or-library	Shared widget model/control extensions	06.023,08.017,29.010/standard-tool-options	Enumerated and assigned; see hunk-wbs.tsv; implementation and behavioral verification remain TODO
01.002/001609	DONE	app/widgets/gimpeditor.c	3	text	-95,3 -> 80,0	application-or-library	Shared widget model/control extensions	06.023,08.017,29.010/standard-tool-options	Enumerated and assigned; see hunk-wbs.tsv; implementation and behavioral verification remain TODO
01.002/001610	DONE	app/widgets/gimpeditor.c	4	text	-573,7 -> 556	application-or-library	Shared widget model/control extensions	06.023,08.017,29.010/standard-tool-options	Enumerated and assigned; see hunk-wbs.tsv; implementation and behavioral verification remain TODO
01.002/001611	DONE	app/widgets/gimpeditor.c	5	text	-590 -> 567	application-or-library	Shared widget model/control extensions	06.023,08.017,29.010/standard-tool-options	Enumerated and assigned; see hunk-wbs.tsv; implementation and behavioral verification remain TODO
01.002/001612	DONE	app/widgets/gimpeditor.c	6	text	-844 -> 821	application-or-library	Shared widget model/control extensions	06.023,08.017,29.010/standard-tool-options	Enumerated and assigned; see hunk-wbs.tsv; implementation and behavioral verification remain TODO
01.002/001613	DONE	app/widgets/gimpeditor.c	7	text	-861 -> 838	application-or-library	Shared widget model/control extensions	06.023,08.017,29.010/standard-tool-options	Enumerated and assigned; see hunk-wbs.tsv; implementation and behavioral verification remain TODO
01.002/001614	DONE	app/widgets/gimpeditor.h	1	text	-94,0 -> 95,8	application-or-library	C/C++ header/type adapter	04.003,04.004,08.019	Enumerated and assigned; see hunk-wbs.tsv; implementation and behavioral verification remain TODO
01.002/001615	DONE	app/widgets/gimpfgbgeditor.c	1	text	-33,0 -> 34,3	application-or-library	Palette/color selector interaction	29.007,29.007/palette-popup-teardown	Enumerated and assigned; see hunk-wbs.tsv; implementation and behavioral verification remain TODO
01.002/001616	DONE	app/widgets/gimpfgbgeditor.c	2	text	-35,0 -> 39,2	application-or-library	Palette/color selector interaction	29.007,29.007/palette-popup-teardown	Enumerated and assigned; see hunk-wbs.tsv; implementation and behavioral verification remain TODO
01.002/001617	DONE	app/widgets/gimpfgbgeditor.c	3	text	-37 -> 42	application-or-library	Palette/color selector interaction	29.007,29.007/palette-popup-teardown	Enumerated and assigned; see hunk-wbs.tsv; implementation and behavioral verification remain TODO
01.002/001618	DONE	app/widgets/gimpfgbgeditor.c	4	text	-55,0 -> 61	application-or-library	Palette/color selector interaction	29.007,29.007/palette-popup-teardown	Enumerated and assigned; see hunk-wbs.tsv; implementation and behavioral verification remain TODO
01.002/001619	DONE	app/widgets/gimpfgbgeditor.c	5	text	-56,0 -> 63	application-or-library	Palette/color selector interaction	29.007,29.007/palette-popup-teardown	Enumerated and assigned; see hunk-wbs.tsv; implementation and behavioral verification remain TODO
01.002/001620	DONE	app/widgets/gimpfgbgeditor.c	6	text	-60,0 -> 68,3	application-or-library	Palette/color selector interaction	29.007,29.007/palette-popup-teardown	Enumerated and assigned; see hunk-wbs.tsv; implementation and behavioral verification remain TODO
01.002/001621	DONE	app/widgets/gimpfgbgeditor.c	7	text	-92,0 -> 103,2	application-or-library	Palette/color selector interaction	29.007,29.007/palette-popup-teardown	Enumerated and assigned; see hunk-wbs.tsv; implementation and behavioral verification remain TODO
01.002/001622	DONE	app/widgets/gimpfgbgeditor.c	8	text	-316,0 -> 329,6	application-or-library	Palette/color selector interaction	29.007,29.007/palette-popup-teardown	Enumerated and assigned; see hunk-wbs.tsv; implementation and behavioral verification remain TODO
01.002/001623	DONE	app/widgets/gimpfgbgeditor.c	9	text	-338,0 -> 357,7	application-or-library	Palette/color selector interaction	29.007,29.007/palette-popup-teardown	Enumerated and assigned; see hunk-wbs.tsv; implementation and behavioral verification remain TODO
01.002/001624	DONE	app/widgets/gimpfgbgeditor.c	10	text	-367 -> 392,3	application-or-library	Palette/color selector interaction	29.007,29.007/palette-popup-teardown	Enumerated and assigned; see hunk-wbs.tsv; implementation and behavioral verification remain TODO
01.002/001625	DONE	app/widgets/gimpfgbgeditor.c	11	text	-368,0 -> 396,3	application-or-library	Palette/color selector interaction	29.007,29.007/palette-popup-teardown	Enumerated and assigned; see hunk-wbs.tsv; implementation and behavioral verification remain TODO
01.002/001626	DONE	app/widgets/gimpfgbgeditor.c	12	text	-409,0 -> 440,5	application-or-library	Palette/color selector interaction	29.007,29.007/palette-popup-teardown	Enumerated and assigned; see hunk-wbs.tsv; implementation and behavioral verification remain TODO
01.002/001627	DONE	app/widgets/gimpfgbgeditor.c	13	text	-597,0 -> 633,182	application-or-library	Palette/color selector interaction	29.007,29.007/palette-popup-teardown	Enumerated and assigned; see hunk-wbs.tsv; implementation and behavioral verification remain TODO
01.002/001628	DONE	app/widgets/gimpfgbgeditor.h	1	text	-43,0 -> 44,2	application-or-library	Palette/color selector interaction	29.007,29.007/palette-popup-teardown	Enumerated and assigned; see hunk-wbs.tsv; implementation and behavioral verification remain TODO
01.002/001629	DONE	app/widgets/gimphelp-ids.h	1	text	-284,0 -> 285	application-or-library	User-visible strings and translation	30.014,30.015	Enumerated and assigned; see hunk-wbs.tsv; implementation and behavioral verification remain TODO
01.002/001630	DONE	app/widgets/gimphelp-ids.h	2	text	-383,0 -> 385,12	application-or-library	User-visible strings and translation	30.014,30.015	Enumerated and assigned; see hunk-wbs.tsv; implementation and behavioral verification remain TODO
01.002/001631	DONE	app/widgets/gimphelp-ids.h	3	text	-458,0 -> 472	application-or-library	User-visible strings and translation	30.014,30.015	Enumerated and assigned; see hunk-wbs.tsv; implementation and behavioral verification remain TODO
01.002/001632	DONE	app/widgets/gimpitemtreeview.c	1	text	-56,0 -> 57	application-or-library	Shared widget model/control extensions	06.023,08.017,29.010/standard-tool-options	Enumerated and assigned; see hunk-wbs.tsv; implementation and behavioral verification remain TODO
01.002/001633	DONE	app/widgets/gimpitemtreeview.c	2	text	-83,0 -> 85,2	application-or-library	Shared widget model/control extensions	06.023,08.017,29.010/standard-tool-options	Enumerated and assigned; see hunk-wbs.tsv; implementation and behavioral verification remain TODO
01.002/001634	DONE	app/widgets/gimpitemtreeview.c	3	text	-95,0 -> 99,3	application-or-library	Shared widget model/control extensions	06.023,08.017,29.010/standard-tool-options	Enumerated and assigned; see hunk-wbs.tsv; implementation and behavioral verification remain TODO
01.002/001635	DONE	app/widgets/gimpitemtreeview.c	4	text	-411 -> 417	application-or-library	Shared widget model/control extensions	06.023,08.017,29.010/standard-tool-options	Enumerated and assigned; see hunk-wbs.tsv; implementation and behavioral verification remain TODO
01.002/001636	DONE	app/widgets/gimpitemtreeview.c	5	text	-417,0 -> 424,11	application-or-library	Shared widget model/control extensions	06.023,08.017,29.010/standard-tool-options	Enumerated and assigned; see hunk-wbs.tsv; implementation and behavioral verification remain TODO
01.002/001637	DONE	app/widgets/gimpitemtreeview.c	6	text	-439 -> 456	application-or-library	Shared widget model/control extensions	06.023,08.017,29.010/standard-tool-options	Enumerated and assigned; see hunk-wbs.tsv; implementation and behavioral verification remain TODO
01.002/001638	DONE	app/widgets/gimpitemtreeview.c	7	text	-442,0 -> 460,7	application-or-library	Shared widget model/control extensions	06.023,08.017,29.010/standard-tool-options	Enumerated and assigned; see hunk-wbs.tsv; implementation and behavioral verification remain TODO
01.002/001639	DONE	app/widgets/gimpitemtreeview.c	8	text	-482,0 -> 507,2	application-or-library	Shared widget model/control extensions	06.023,08.017,29.010/standard-tool-options	Enumerated and assigned; see hunk-wbs.tsv; implementation and behavioral verification remain TODO
01.002/001640	DONE	app/widgets/gimpitemtreeview.c	9	text	-492,0 -> 519,5	application-or-library	Shared widget model/control extensions	06.023,08.017,29.010/standard-tool-options	Enumerated and assigned; see hunk-wbs.tsv; implementation and behavioral verification remain TODO
01.002/001641	DONE	app/widgets/gimplayerpopup.cpp	1	text	-0,0 -> 1,1154	application-or-library	Layer/filter popup settings	29.006,29.006/proc-args-owner,29.006/menu-borrowed-reference,29.006/popover-handler-teardown	Enumerated and assigned; see hunk-wbs.tsv; implementation and behavioral verification remain TODO
01.002/001642	DONE	app/widgets/gimplayerpopup.h	1	text	-0,0 -> 1,20	application-or-library	Layer/filter popup settings	29.006,29.006/proc-args-owner,29.006/menu-borrowed-reference,29.006/popover-handler-teardown	Enumerated and assigned; see hunk-wbs.tsv; implementation and behavioral verification remain TODO
01.002/001643	DONE	app/widgets/gimplayertileview.cpp	1	text	-0,0 -> 1,1595	application-or-library	Layer tile display and operations	08.013,29.001,29.002,29.002/add-timeout-owner,29.003,29.004,29.005,29.006,29.008/icon-null,29.019/preview-idle-owner	Enumerated and assigned; see hunk-wbs.tsv; implementation and behavioral verification remain TODO
01.002/001644	DONE	app/widgets/gimplayertileview.h	1	text	-0,0 -> 1,66	application-or-library	Layer tile display and operations	08.013,29.001,29.002,29.002/add-timeout-owner,29.003,29.004,29.005,29.006,29.008/icon-null,29.019/preview-idle-owner	Enumerated and assigned; see hunk-wbs.tsv; implementation and behavioral verification remain TODO
01.002/001645	DONE	app/widgets/gimplayertreeview.c	1	text	-49,0 -> 50	application-or-library	Shared widget model/control extensions	06.023,08.017,29.010/standard-tool-options	Enumerated and assigned; see hunk-wbs.tsv; implementation and behavioral verification remain TODO
01.002/001646	DONE	app/widgets/gimplayertreeview.c	2	text	-71,0 -> 73	application-or-library	Shared widget model/control extensions	06.023,08.017,29.010/standard-tool-options	Enumerated and assigned; see hunk-wbs.tsv; implementation and behavioral verification remain TODO
01.002/001647	DONE	app/widgets/gimplayertreeview.c	3	text	-73,0 -> 76	application-or-library	Shared widget model/control extensions	06.023,08.017,29.010/standard-tool-options	Enumerated and assigned; see hunk-wbs.tsv; implementation and behavioral verification remain TODO
01.002/001648	DONE	app/widgets/gimplayertreeview.c	4	text	-220,0 -> 224	application-or-library	Shared widget model/control extensions	06.023,08.017,29.010/standard-tool-options	Enumerated and assigned; see hunk-wbs.tsv; implementation and behavioral verification remain TODO
01.002/001649	DONE	app/widgets/gimplayertreeview.c	5	text	-263,0 -> 268,5	application-or-library	Shared widget model/control extensions	06.023,08.017,29.010/standard-tool-options	Enumerated and assigned; see hunk-wbs.tsv; implementation and behavioral verification remain TODO
01.002/001650	DONE	app/widgets/gimplayertreeview.c	6	text	-336,0 -> 346	application-or-library	Shared widget model/control extensions	06.023,08.017,29.010/standard-tool-options	Enumerated and assigned; see hunk-wbs.tsv; implementation and behavioral verification remain TODO
01.002/001651	DONE	app/widgets/gimplayertreeview.c	7	text	-340,0 -> 351,12	application-or-library	Shared widget model/control extensions	06.023,08.017,29.010/standard-tool-options	Enumerated and assigned; see hunk-wbs.tsv; implementation and behavioral verification remain TODO
01.002/001652	DONE	app/widgets/gimplayertreeview.c	8	text	-388,0 -> 411,5	application-or-library	Shared widget model/control extensions	06.023,08.017,29.010/standard-tool-options	Enumerated and assigned; see hunk-wbs.tsv; implementation and behavioral verification remain TODO
01.002/001653	DONE	app/widgets/gimpmypaintbrusheditor.cpp	1	text	-0,0 -> 1,458	application-or-library	Extended brush editor controls	24.001,24.001/editor-context-contract,24.002,24.003,24.004,24.005,24.006,24.008,24.012,24.013,24.014,24.015,24.015/mypaint-editor-create,24.016	Enumerated and assigned; see hunk-wbs.tsv; implementation and behavioral verification remain TODO
01.002/001654	DONE	app/widgets/gimpmypaintbrusheditor.h	1	text	-0,0 -> 1,58	application-or-library	Extended brush editor controls	24.001,24.001/editor-context-contract,24.002,24.003,24.004,24.005,24.006,24.008,24.012,24.013,24.014,24.015,24.015/mypaint-editor-create,24.016	Enumerated and assigned; see hunk-wbs.tsv; implementation and behavioral verification remain TODO
01.002/001655	DONE	app/widgets/gimpmypaintbrushfactoryview.c	1	text	-0,0 -> 1,233	application-or-library	Brush list, selection and resource actions	24.007,24.008,24.009,30.005	Enumerated and assigned; see hunk-wbs.tsv; implementation and behavioral verification remain TODO
01.002/001656	DONE	app/widgets/gimpmypaintbrushfactoryview.h	1	text	-0,0 -> 1,65	application-or-library	Brush list, selection and resource actions	24.007,24.008,24.009,30.005	Enumerated and assigned; see hunk-wbs.tsv; implementation and behavioral verification remain TODO
01.002/001657	DONE	app/widgets/gimpmypaintbrushselect.c	1	text	-0,0 -> 1,168	application-or-library	Brush list, selection and resource actions	24.007,24.008,24.009,30.005	Enumerated and assigned; see hunk-wbs.tsv; implementation and behavioral verification remain TODO
01.002/001658	DONE	app/widgets/gimpmypaintbrushselect.h	1	text	-0,0 -> 1,60	application-or-library	Brush list, selection and resource actions	24.007,24.008,24.009,30.005	Enumerated and assigned; see hunk-wbs.tsv; implementation and behavioral verification remain TODO
01.002/001659	DONE	app/widgets/gimpnavigationview.c	1	text	-232,2 -> 232,3	application-or-library	Canvas transform and clipping support	25.009,26.005,29.017	Enumerated and assigned; see hunk-wbs.tsv; implementation and behavioral verification remain TODO
01.002/001660	DONE	app/widgets/gimpoverlaybox.c	1	text	-376,0 -> 377,2	application-or-library	Canvas overlay placement and interaction	29.001,29.007,29.008,29.010,29.011,29.012,29.013,29.014,29.015,29.016,29.017,29.018,29.019	Enumerated and assigned; see hunk-wbs.tsv; implementation and behavioral verification remain TODO
01.002/001661	DONE	app/widgets/gimpoverlaybox.c	2	text	-377,0 -> 380,3	application-or-library	Canvas overlay placement and interaction	29.001,29.007,29.008,29.010,29.011,29.012,29.013,29.014,29.015,29.016,29.017,29.018,29.019	Enumerated and assigned; see hunk-wbs.tsv; implementation and behavioral verification remain TODO
01.002/001662	DONE	app/widgets/gimpoverlaychild.c	1	text	-237,0 -> 238	application-or-library	Canvas overlay placement and interaction	29.001,29.007,29.008,29.010,29.011,29.012,29.013,29.014,29.015,29.016,29.017,29.018,29.019	Enumerated and assigned; see hunk-wbs.tsv; implementation and behavioral verification remain TODO
01.002/001663	DONE	app/widgets/gimpoverlaychild.c	2	text	-240 -> 241	application-or-library	Canvas overlay placement and interaction	29.001,29.007,29.008,29.010,29.011,29.012,29.013,29.014,29.015,29.016,29.017,29.018,29.019	Enumerated and assigned; see hunk-wbs.tsv; implementation and behavioral verification remain TODO
01.002/001664	DONE	app/widgets/gimpoverlaychild.c	3	text	-242,0 -> 244	application-or-library	Canvas overlay placement and interaction	29.001,29.007,29.008,29.010,29.011,29.012,29.013,29.014,29.015,29.016,29.017,29.018,29.019	Enumerated and assigned; see hunk-wbs.tsv; implementation and behavioral verification remain TODO
01.002/001665	DONE	app/widgets/gimpoverlaychild.c	4	text	-249,0 -> 252	application-or-library	Canvas overlay placement and interaction	29.001,29.007,29.008,29.010,29.011,29.012,29.013,29.014,29.015,29.016,29.017,29.018,29.019	Enumerated and assigned; see hunk-wbs.tsv; implementation and behavioral verification remain TODO
01.002/001666	DONE	app/widgets/gimpoverlaychild.c	5	text	-251,0 -> 255	application-or-library	Canvas overlay placement and interaction	29.001,29.007,29.008,29.010,29.011,29.012,29.013,29.014,29.015,29.016,29.017,29.018,29.019	Enumerated and assigned; see hunk-wbs.tsv; implementation and behavioral verification remain TODO
01.002/001667	DONE	app/widgets/gimpoverlaychild.c	6	text	-314,0 -> 319	application-or-library	Canvas overlay placement and interaction	29.001,29.007,29.008,29.010,29.011,29.012,29.013,29.014,29.015,29.016,29.017,29.018,29.019	Enumerated and assigned; see hunk-wbs.tsv; implementation and behavioral verification remain TODO
01.002/001668	DONE	app/widgets/gimppaletteview.c	1	text	-44,0 -> 45	application-or-library	Palette/color selector interaction	29.007,29.007/palette-popup-teardown	Enumerated and assigned; see hunk-wbs.tsv; implementation and behavioral verification remain TODO
01.002/001669	DONE	app/widgets/gimppaletteview.c	2	text	-53,0 -> 55,2	application-or-library	Palette/color selector interaction	29.007,29.007/palette-popup-teardown	Enumerated and assigned; see hunk-wbs.tsv; implementation and behavioral verification remain TODO
01.002/001670	DONE	app/widgets/gimppaletteview.c	3	text	-132,0 -> 136,10	application-or-library	Palette/color selector interaction	29.007,29.007/palette-popup-teardown	Enumerated and assigned; see hunk-wbs.tsv; implementation and behavioral verification remain TODO
01.002/001671	DONE	app/widgets/gimppaletteview.c	4	text	-144,4 -> 157,5	application-or-library	Palette/color selector interaction	29.007,29.007/palette-popup-teardown	Enumerated and assigned; see hunk-wbs.tsv; implementation and behavioral verification remain TODO
01.002/001672	DONE	app/widgets/gimppaletteview.c	5	text	-149 -> 163	application-or-library	Palette/color selector interaction	29.007,29.007/palette-popup-teardown	Enumerated and assigned; see hunk-wbs.tsv; implementation and behavioral verification remain TODO
01.002/001673	DONE	app/widgets/gimppaletteview.c	6	text	-222 -> 236	application-or-library	Palette/color selector interaction	29.007,29.007/palette-popup-teardown	Enumerated and assigned; see hunk-wbs.tsv; implementation and behavioral verification remain TODO
01.002/001674	DONE	app/widgets/gimppaletteview.c	7	text	-258,0 -> 273,25	application-or-library	Palette/color selector interaction	29.007,29.007/palette-popup-teardown	Enumerated and assigned; see hunk-wbs.tsv; implementation and behavioral verification remain TODO
01.002/001675	DONE	app/widgets/gimppaletteview.h	1	text	-57,0 -> 58,2	application-or-library	Palette/color selector interaction	29.007,29.007/palette-popup-teardown	Enumerated and assigned; see hunk-wbs.tsv; implementation and behavioral verification remain TODO
01.002/001676	DONE	app/widgets/gimppanedbox.c	1	text	-104 -> 104,2	application-or-library	Dock/window layout and restoration	29.011,29.016,30.005,30.005/shell-reparent-ref,30.016	Enumerated and assigned; see hunk-wbs.tsv; implementation and behavioral verification remain TODO
01.002/001677	DONE	app/widgets/gimppanedbox.c	2	text	-162,0 -> 164	application-or-library	Dock/window layout and restoration	29.011,29.016,30.005,30.005/shell-reparent-ref,30.016	Enumerated and assigned; see hunk-wbs.tsv; implementation and behavioral verification remain TODO
01.002/001678	DONE	app/widgets/gimppanedbox.c	3	text	-769,0 -> 772,33	application-or-library	Dock/window layout and restoration	29.011,29.016,30.005,30.005/shell-reparent-ref,30.016	Enumerated and assigned; see hunk-wbs.tsv; implementation and behavioral verification remain TODO
01.002/001679	DONE	app/widgets/gimppopupbutton.c	1	text	-0,0 -> 1,662	application-or-library	Popover/renderer event and lifetime	08.015,08.016,08.016/pixbuf-owner,29.006/cellrenderer-gtk3,29.006/popover-class-signals,29.006/popover-handler-teardown,29.015,29.019	Enumerated and assigned; see hunk-wbs.tsv; implementation and behavioral verification remain TODO
01.002/001680	DONE	app/widgets/gimppopupbutton.h	1	text	-0,0 -> 1,139	application-or-library	Popover/renderer event and lifetime	08.015,08.016,08.016/pixbuf-owner,29.006/cellrenderer-gtk3,29.006/popover-class-signals,29.006/popover-handler-teardown,29.015,29.019	Enumerated and assigned; see hunk-wbs.tsv; implementation and behavioral verification remain TODO
01.002/001681	DONE	app/widgets/gimpselectiondata.c	1	text	-689,2 -> 689,2	application-or-library	Tool grouping/configuration	30.001/tool-group-state,29.009,30.004,30.008	Enumerated and assigned; see hunk-wbs.tsv; implementation and behavioral verification remain TODO
01.002/001682	DONE	app/widgets/gimpselectiondata.c	2	text	-692,0 -> 693,2	application-or-library	Tool grouping/configuration	30.001/tool-group-state,29.009,30.004,30.008	Enumerated and assigned; see hunk-wbs.tsv; implementation and behavioral verification remain TODO
01.002/001683	DONE	app/widgets/gimpselectiondata.c	3	text	-696 -> 698	application-or-library	Tool grouping/configuration	30.001/tool-group-state,29.009,30.004,30.008	Enumerated and assigned; see hunk-wbs.tsv; implementation and behavioral verification remain TODO
01.002/001684	DONE	app/widgets/gimpselectiondata.c	4	text	-699,0 -> 702,10	application-or-library	Tool grouping/configuration	30.001/tool-group-state,29.009,30.004,30.008	Enumerated and assigned; see hunk-wbs.tsv; implementation and behavioral verification remain TODO
01.002/001685	DONE	app/widgets/gimpselectiondata.h	1	text	-100 -> 100	application-or-library	Tool grouping/configuration	30.001/tool-group-state,29.009,30.004,30.008	Enumerated and assigned; see hunk-wbs.tsv; implementation and behavioral verification remain TODO
01.002/001686	DONE	app/widgets/gimpsessioninfo-dock.c	1	text	-49 -> 49,2	application-or-library	Dock/window layout and restoration	29.011,29.016,30.005,30.005/shell-reparent-ref,30.016	Enumerated and assigned; see hunk-wbs.tsv; implementation and behavioral verification remain TODO
01.002/001687	DONE	app/widgets/gimpsessioninfo-dock.c	2	text	-134,0 -> 136,2	application-or-library	Dock/window layout and restoration	29.011,29.016,30.005,30.005/shell-reparent-ref,30.016	Enumerated and assigned; see hunk-wbs.tsv; implementation and behavioral verification remain TODO
01.002/001688	DONE	app/widgets/gimpsessioninfo-dock.c	3	text	-154,0 -> 158,2	application-or-library	Dock/window layout and restoration	29.011,29.016,30.005,30.005/shell-reparent-ref,30.016	Enumerated and assigned; see hunk-wbs.tsv; implementation and behavioral verification remain TODO
01.002/001689	DONE	app/widgets/gimpsessioninfo-dock.c	4	text	-208,0 -> 214,6	application-or-library	Dock/window layout and restoration	29.011,29.016,30.005,30.005/shell-reparent-ref,30.016	Enumerated and assigned; see hunk-wbs.tsv; implementation and behavioral verification remain TODO
01.002/001690	DONE	app/widgets/gimpsessioninfo-dock.c	5	text	-226,0 -> 238	application-or-library	Dock/window layout and restoration	29.011,29.016,30.005,30.005/shell-reparent-ref,30.016	Enumerated and assigned; see hunk-wbs.tsv; implementation and behavioral verification remain TODO
01.002/001691	DONE	app/widgets/gimpsessioninfo-dock.c	6	text	-254,0 -> 267	application-or-library	Dock/window layout and restoration	29.011,29.016,30.005,30.005/shell-reparent-ref,30.016	Enumerated and assigned; see hunk-wbs.tsv; implementation and behavioral verification remain TODO
01.002/001692	DONE	app/widgets/gimpsessioninfo-dock.c	7	text	-367,0 -> 381,2	application-or-library	Dock/window layout and restoration	29.011,29.016,30.005,30.005/shell-reparent-ref,30.016	Enumerated and assigned; see hunk-wbs.tsv; implementation and behavioral verification remain TODO
01.002/001693	DONE	app/widgets/gimpsessioninfo-dock.h	1	text	-46,0 -> 47,3	application-or-library	Dock/window layout and restoration	29.011,29.016,30.005,30.005/shell-reparent-ref,30.016	Enumerated and assigned; see hunk-wbs.tsv; implementation and behavioral verification remain TODO
01.002/001694	DONE	app/widgets/gimptitlebaricon-pixbuf.h	1	text	-0,0 -> 1,52	application-or-library	Icon/theme resource	30.003,30.017	Enumerated and assigned; see hunk-wbs.tsv; implementation and behavioral verification remain TODO
01.002/001695	DONE	app/widgets/gimptoolbox.c	1	text	-596 -> 596	application-or-library	Tool grouping/configuration	30.001/tool-group-state,29.009,30.004,30.008	Enumerated and assigned; see hunk-wbs.tsv; implementation and behavioral verification remain TODO
01.002/001696	DONE	app/widgets/gimptooleditor.c	1	text	-19 -> 19	application-or-library	Tool grouping/configuration	30.001/tool-group-state,29.009,30.004,30.008	Enumerated and assigned; see hunk-wbs.tsv; implementation and behavioral verification remain TODO
01.002/001697	DONE	app/widgets/gimptooleditor.c	2	text	-23,0 -> 24	application-or-library	Tool grouping/configuration	30.001/tool-group-state,29.009,30.004,30.008	Enumerated and assigned; see hunk-wbs.tsv; implementation and behavioral verification remain TODO
01.002/001698	DONE	app/widgets/gimptooleditor.c	3	text	-25,0 -> 27	application-or-library	Tool grouping/configuration	30.001/tool-group-state,29.009,30.004,30.008	Enumerated and assigned; see hunk-wbs.tsv; implementation and behavioral verification remain TODO
01.002/001699	DONE	app/widgets/gimptooleditor.c	4	text	-33 -> 35,4	application-or-library	Tool grouping/configuration	30.001/tool-group-state,29.009,30.004,30.008	Enumerated and assigned; see hunk-wbs.tsv; implementation and behavioral verification remain TODO
01.002/001700	DONE	app/widgets/gimptooleditor.c	5	text	-36,0 -> 42	application-or-library	Tool grouping/configuration	30.001/tool-group-state,29.009,30.004,30.008	Enumerated and assigned; see hunk-wbs.tsv; implementation and behavioral verification remain TODO
01.002/001701	DONE	app/widgets/gimptooleditor.c	6	text	-45,2 -> 50,0	application-or-library	Tool grouping/configuration	30.001/tool-group-state,29.009,30.004,30.008	Enumerated and assigned; see hunk-wbs.tsv; implementation and behavioral verification remain TODO
01.002/001702	DONE	app/widgets/gimptooleditor.c	7	text	-49,4 -> 53,10	application-or-library	Tool grouping/configuration	30.001/tool-group-state,29.009,30.004,30.008	Enumerated and assigned; see hunk-wbs.tsv; implementation and behavioral verification remain TODO
01.002/001703	DONE	app/widgets/gimptooleditor.c	8	text	-54,3 -> 64	application-or-library	Tool grouping/configuration	30.001/tool-group-state,29.009,30.004,30.008	Enumerated and assigned; see hunk-wbs.tsv; implementation and behavioral verification remain TODO
01.002/001704	DONE	app/widgets/gimptooleditor.c	9	text	-61,6 -> 69	application-or-library	Tool grouping/configuration	30.001/tool-group-state,29.009,30.004,30.008	Enumerated and assigned; see hunk-wbs.tsv; implementation and behavioral verification remain TODO
01.002/001705	DONE	app/widgets/gimptooleditor.c	10	text	-70,38 -> 73,70	application-or-library	Tool grouping/configuration	30.001/tool-group-state,29.009,30.004,30.008	Enumerated and assigned; see hunk-wbs.tsv; implementation and behavioral verification remain TODO
01.002/001706	DONE	app/widgets/gimptooleditor.c	11	text	-111,3 -> 146,2	application-or-library	Tool grouping/configuration	30.001/tool-group-state,29.009,30.004,30.008	Enumerated and assigned; see hunk-wbs.tsv; implementation and behavioral verification remain TODO
01.002/001707	DONE	app/widgets/gimptooleditor.c	12	text	-114,0 -> 149	application-or-library	Tool grouping/configuration	30.001/tool-group-state,29.009,30.004,30.008	Enumerated and assigned; see hunk-wbs.tsv; implementation and behavioral verification remain TODO
01.002/001708	DONE	app/widgets/gimptooleditor.c	13	text	-119 -> 154,2	application-or-library	Tool grouping/configuration	30.001/tool-group-state,29.009,30.004,30.008	Enumerated and assigned; see hunk-wbs.tsv; implementation and behavioral verification remain TODO
01.002/001709	DONE	app/widgets/gimptooleditor.c	14	text	-121,2 -> 157	application-or-library	Tool grouping/configuration	30.001/tool-group-state,29.009,30.004,30.008	Enumerated and assigned; see hunk-wbs.tsv; implementation and behavioral verification remain TODO
01.002/001710	DONE	app/widgets/gimptooleditor.c	15	text	-124 -> 159,2	application-or-library	Tool grouping/configuration	30.001/tool-group-state,29.009,30.004,30.008	Enumerated and assigned; see hunk-wbs.tsv; implementation and behavioral verification remain TODO
01.002/001711	DONE	app/widgets/gimptooleditor.c	16	text	-128 -> 164	application-or-library	Tool grouping/configuration	30.001/tool-group-state,29.009,30.004,30.008	Enumerated and assigned; see hunk-wbs.tsv; implementation and behavioral verification remain TODO
01.002/001712	DONE	app/widgets/gimptooleditor.c	17	text	-130,6 -> 166	application-or-library	Tool grouping/configuration	30.001/tool-group-state,29.009,30.004,30.008	Enumerated and assigned; see hunk-wbs.tsv; implementation and behavioral verification remain TODO
01.002/001713	DONE	app/widgets/gimptooleditor.c	18	text	-137,2 -> 168,2	application-or-library	Tool grouping/configuration	30.001/tool-group-state,29.009,30.004,30.008	Enumerated and assigned; see hunk-wbs.tsv; implementation and behavioral verification remain TODO
01.002/001714	DONE	app/widgets/gimptooleditor.c	19	text	-140,7 -> 171,3	application-or-library	Tool grouping/configuration	30.001/tool-group-state,29.009,30.004,30.008	Enumerated and assigned; see hunk-wbs.tsv; implementation and behavioral verification remain TODO
01.002/001715	DONE	app/widgets/gimptooleditor.c	20	text	-150 -> 177	application-or-library	Tool grouping/configuration	30.001/tool-group-state,29.009,30.004,30.008	Enumerated and assigned; see hunk-wbs.tsv; implementation and behavioral verification remain TODO
01.002/001716	DONE	app/widgets/gimptooleditor.c	21	text	-152,19 -> 179	application-or-library	Tool grouping/configuration	30.001/tool-group-state,29.009,30.004,30.008	Enumerated and assigned; see hunk-wbs.tsv; implementation and behavioral verification remain TODO
01.002/001717	DONE	app/widgets/gimptooleditor.c	22	text	-174 -> 183	application-or-library	Tool grouping/configuration	30.001/tool-group-state,29.009,30.004,30.008	Enumerated and assigned; see hunk-wbs.tsv; implementation and behavioral verification remain TODO
01.002/001718	DONE	app/widgets/gimptooleditor.c	23	text	-176,2 -> 185,5	application-or-library	Tool grouping/configuration	30.001/tool-group-state,29.009,30.004,30.008	Enumerated and assigned; see hunk-wbs.tsv; implementation and behavioral verification remain TODO
01.002/001719	DONE	app/widgets/gimptooleditor.c	24	text	-179,11 -> 191	application-or-library	Tool grouping/configuration	30.001/tool-group-state,29.009,30.004,30.008	Enumerated and assigned; see hunk-wbs.tsv; implementation and behavioral verification remain TODO
01.002/001720	DONE	app/widgets/gimptooleditor.c	25	text	-191,3 -> 193,2	application-or-library	Tool grouping/configuration	30.001/tool-group-state,29.009,30.004,30.008	Enumerated and assigned; see hunk-wbs.tsv; implementation and behavioral verification remain TODO
01.002/001721	DONE	app/widgets/gimptooleditor.c	26	text	-195,4 -> 196	application-or-library	Tool grouping/configuration	30.001/tool-group-state,29.009,30.004,30.008	Enumerated and assigned; see hunk-wbs.tsv; implementation and behavioral verification remain TODO
01.002/001722	DONE	app/widgets/gimptooleditor.c	27	text	-200,2 -> 198,2	application-or-library	Tool grouping/configuration	30.001/tool-group-state,29.009,30.004,30.008	Enumerated and assigned; see hunk-wbs.tsv; implementation and behavioral verification remain TODO
01.002/001723	DONE	app/widgets/gimptooleditor.c	28	text	-203,2 -> 201,3	application-or-library	Tool grouping/configuration	30.001/tool-group-state,29.009,30.004,30.008	Enumerated and assigned; see hunk-wbs.tsv; implementation and behavioral verification remain TODO
01.002/001724	DONE	app/widgets/gimptooleditor.c	29	text	-206,35 -> 205,6	application-or-library	Tool grouping/configuration	30.001/tool-group-state,29.009,30.004,30.008	Enumerated and assigned; see hunk-wbs.tsv; implementation and behavioral verification remain TODO
01.002/001725	DONE	app/widgets/gimptooleditor.c	30	text	-242,3 -> 212	application-or-library	Tool grouping/configuration	30.001/tool-group-state,29.009,30.004,30.008	Enumerated and assigned; see hunk-wbs.tsv; implementation and behavioral verification remain TODO
01.002/001726	DONE	app/widgets/gimptooleditor.c	31	text	-246,19 -> 213,0	application-or-library	Tool grouping/configuration	30.001/tool-group-state,29.009,30.004,30.008	Enumerated and assigned; see hunk-wbs.tsv; implementation and behavioral verification remain TODO
01.002/001727	DONE	app/widgets/gimptooleditor.c	32	text	-272,0 -> 222,4	application-or-library	Tool grouping/configuration	30.001/tool-group-state,29.009,30.004,30.008	Enumerated and assigned; see hunk-wbs.tsv; implementation and behavioral verification remain TODO
01.002/001728	DONE	app/widgets/gimptooleditor.c	33	text	-284,5 -> 236,0	application-or-library	Tool grouping/configuration	30.001/tool-group-state,29.009,30.004,30.008	Enumerated and assigned; see hunk-wbs.tsv; implementation and behavioral verification remain TODO
01.002/001729	DONE	app/widgets/gimptooleditor.c	34	text	-292,2 -> 240,9	application-or-library	Tool grouping/configuration	30.001/tool-group-state,29.009,30.004,30.008	Enumerated and assigned; see hunk-wbs.tsv; implementation and behavioral verification remain TODO
01.002/001730	DONE	app/widgets/gimptooleditor.c	35	text	-300,2 -> 255,2	application-or-library	Tool grouping/configuration	30.001/tool-group-state,29.009,30.004,30.008	Enumerated and assigned; see hunk-wbs.tsv; implementation and behavioral verification remain TODO
01.002/001731	DONE	app/widgets/gimptooleditor.c	36	text	-308,2 -> 263,9	application-or-library	Tool grouping/configuration	30.001/tool-group-state,29.009,30.004,30.008	Enumerated and assigned; see hunk-wbs.tsv; implementation and behavioral verification remain TODO
01.002/001732	DONE	app/widgets/gimptooleditor.c	37	text	-311 -> 273,2	application-or-library	Tool grouping/configuration	30.001/tool-group-state,29.009,30.004,30.008	Enumerated and assigned; see hunk-wbs.tsv; implementation and behavioral verification remain TODO
01.002/001733	DONE	app/widgets/gimptooleditor.c	38	text	-314 -> 277	application-or-library	Tool grouping/configuration	30.001/tool-group-state,29.009,30.004,30.008	Enumerated and assigned; see hunk-wbs.tsv; implementation and behavioral verification remain TODO
01.002/001734	DONE	app/widgets/gimptooleditor.c	39	text	-317,8 -> 280,30	application-or-library	Tool grouping/configuration	30.001/tool-group-state,29.009,30.004,30.008	Enumerated and assigned; see hunk-wbs.tsv; implementation and behavioral verification remain TODO
01.002/001735	DONE	app/widgets/gimptooleditor.c	40	text	-326,2 -> 311	application-or-library	Tool grouping/configuration	30.001/tool-group-state,29.009,30.004,30.008	Enumerated and assigned; see hunk-wbs.tsv; implementation and behavioral verification remain TODO
01.002/001736	DONE	app/widgets/gimptooleditor.c	41	text	-329 -> 313	application-or-library	Tool grouping/configuration	30.001/tool-group-state,29.009,30.004,30.008	Enumerated and assigned; see hunk-wbs.tsv; implementation and behavioral verification remain TODO
01.002/001737	DONE	app/widgets/gimptooleditor.c	42	text	-331 -> 315,17	application-or-library	Tool grouping/configuration	30.001/tool-group-state,29.009,30.004,30.008	Enumerated and assigned; see hunk-wbs.tsv; implementation and behavioral verification remain TODO
01.002/001738	DONE	app/widgets/gimptooleditor.c	43	text	-333 -> 333,10	application-or-library	Tool grouping/configuration	30.001/tool-group-state,29.009,30.004,30.008	Enumerated and assigned; see hunk-wbs.tsv; implementation and behavioral verification remain TODO
01.002/001739	DONE	app/widgets/gimptooleditor.c	44	text	-335,2 -> 344,18	application-or-library	Tool grouping/configuration	30.001/tool-group-state,29.009,30.004,30.008	Enumerated and assigned; see hunk-wbs.tsv; implementation and behavioral verification remain TODO
01.002/001740	DONE	app/widgets/gimptooleditor.c	45	text	-338,2 -> 363,37	application-or-library	Tool grouping/configuration	30.001/tool-group-state,29.009,30.004,30.008	Enumerated and assigned; see hunk-wbs.tsv; implementation and behavioral verification remain TODO
01.002/001741	DONE	app/widgets/gimptooleditor.c	46	text	-344 -> 404	application-or-library	Tool grouping/configuration	30.001/tool-group-state,29.009,30.004,30.008	Enumerated and assigned; see hunk-wbs.tsv; implementation and behavioral verification remain TODO
01.002/001742	DONE	app/widgets/gimptooleditor.c	47	text	-347,2 -> 407	application-or-library	Tool grouping/configuration	30.001/tool-group-state,29.009,30.004,30.008	Enumerated and assigned; see hunk-wbs.tsv; implementation and behavioral verification remain TODO
01.002/001743	DONE	app/widgets/gimptooleditor.c	48	text	-350 -> 409	application-or-library	Tool grouping/configuration	30.001/tool-group-state,29.009,30.004,30.008	Enumerated and assigned; see hunk-wbs.tsv; implementation and behavioral verification remain TODO
01.002/001744	DONE	app/widgets/gimptooleditor.c	49	text	-352 -> 411	application-or-library	Tool grouping/configuration	30.001/tool-group-state,29.009,30.004,30.008	Enumerated and assigned; see hunk-wbs.tsv; implementation and behavioral verification remain TODO
01.002/001745	DONE	app/widgets/gimptooleditor.c	50	text	-354,2 -> 413,8	application-or-library	Tool grouping/configuration	30.001/tool-group-state,29.009,30.004,30.008	Enumerated and assigned; see hunk-wbs.tsv; implementation and behavioral verification remain TODO
01.002/001746	DONE	app/widgets/gimptooleditor.c	51	text	-359,2 -> 424,2	application-or-library	Tool grouping/configuration	30.001/tool-group-state,29.009,30.004,30.008	Enumerated and assigned; see hunk-wbs.tsv; implementation and behavioral verification remain TODO
01.002/001747	DONE	app/widgets/gimptooleditor.c	52	text	-368 -> 433	application-or-library	Tool grouping/configuration	30.001/tool-group-state,29.009,30.004,30.008	Enumerated and assigned; see hunk-wbs.tsv; implementation and behavioral verification remain TODO
01.002/001748	DONE	app/widgets/gimptooleditor.c	53	text	-370,2 -> 435	application-or-library	Tool grouping/configuration	30.001/tool-group-state,29.009,30.004,30.008	Enumerated and assigned; see hunk-wbs.tsv; implementation and behavioral verification remain TODO
01.002/001749	DONE	app/widgets/gimptooleditor.c	54	text	-373 -> 437	application-or-library	Tool grouping/configuration	30.001/tool-group-state,29.009,30.004,30.008	Enumerated and assigned; see hunk-wbs.tsv; implementation and behavioral verification remain TODO
01.002/001750	DONE	app/widgets/gimptooleditor.c	55	text	-375 -> 439	application-or-library	Tool grouping/configuration	30.001/tool-group-state,29.009,30.004,30.008	Enumerated and assigned; see hunk-wbs.tsv; implementation and behavioral verification remain TODO
01.002/001751	DONE	app/widgets/gimptooleditor.c	56	text	-377,2 -> 441,8	application-or-library	Tool grouping/configuration	30.001/tool-group-state,29.009,30.004,30.008	Enumerated and assigned; see hunk-wbs.tsv; implementation and behavioral verification remain TODO
01.002/001752	DONE	app/widgets/gimptooleditor.c	57	text	-382,2 -> 452,2	application-or-library	Tool grouping/configuration	30.001/tool-group-state,29.009,30.004,30.008	Enumerated and assigned; see hunk-wbs.tsv; implementation and behavioral verification remain TODO
01.002/001753	DONE	app/widgets/gimptooleditor.c	58	text	-389 -> 459	application-or-library	Tool grouping/configuration	30.001/tool-group-state,29.009,30.004,30.008	Enumerated and assigned; see hunk-wbs.tsv; implementation and behavioral verification remain TODO
01.002/001754	DONE	app/widgets/gimptooleditor.c	59	text	-392,2 -> 462	application-or-library	Tool grouping/configuration	30.001/tool-group-state,29.009,30.004,30.008	Enumerated and assigned; see hunk-wbs.tsv; implementation and behavioral verification remain TODO
01.002/001755	DONE	app/widgets/gimptooleditor.c	60	text	-395 -> 464	application-or-library	Tool grouping/configuration	30.001/tool-group-state,29.009,30.004,30.008	Enumerated and assigned; see hunk-wbs.tsv; implementation and behavioral verification remain TODO
01.002/001756	DONE	app/widgets/gimptooleditor.c	61	text	-397 -> 466	application-or-library	Tool grouping/configuration	30.001/tool-group-state,29.009,30.004,30.008	Enumerated and assigned; see hunk-wbs.tsv; implementation and behavioral verification remain TODO
01.002/001757	DONE	app/widgets/gimptooleditor.c	62	text	-399,2 -> 468,8	application-or-library	Tool grouping/configuration	30.001/tool-group-state,29.009,30.004,30.008	Enumerated and assigned; see hunk-wbs.tsv; implementation and behavioral verification remain TODO
01.002/001758	DONE	app/widgets/gimptooleditor.c	63	text	-402 -> 477	application-or-library	Tool grouping/configuration	30.001/tool-group-state,29.009,30.004,30.008	Enumerated and assigned; see hunk-wbs.tsv; implementation and behavioral verification remain TODO
01.002/001759	DONE	app/widgets/gimptooleditor.c	64	text	-404,2 -> 479,2	application-or-library	Tool grouping/configuration	30.001/tool-group-state,29.009,30.004,30.008	Enumerated and assigned; see hunk-wbs.tsv; implementation and behavioral verification remain TODO
01.002/001760	DONE	app/widgets/gimptooleditor.c	65	text	-413 -> 488	application-or-library	Tool grouping/configuration	30.001/tool-group-state,29.009,30.004,30.008	Enumerated and assigned; see hunk-wbs.tsv; implementation and behavioral verification remain TODO
01.002/001761	DONE	app/widgets/gimptooleditor.c	66	text	-415,2 -> 490	application-or-library	Tool grouping/configuration	30.001/tool-group-state,29.009,30.004,30.008	Enumerated and assigned; see hunk-wbs.tsv; implementation and behavioral verification remain TODO
01.002/001762	DONE	app/widgets/gimptooleditor.c	67	text	-418 -> 492	application-or-library	Tool grouping/configuration	30.001/tool-group-state,29.009,30.004,30.008	Enumerated and assigned; see hunk-wbs.tsv; implementation and behavioral verification remain TODO
01.002/001763	DONE	app/widgets/gimptooleditor.c	68	text	-420 -> 494	application-or-library	Tool grouping/configuration	30.001/tool-group-state,29.009,30.004,30.008	Enumerated and assigned; see hunk-wbs.tsv; implementation and behavioral verification remain TODO
01.002/001764	DONE	app/widgets/gimptooleditor.c	69	text	-422 -> 496,2	application-or-library	Tool grouping/configuration	30.001/tool-group-state,29.009,30.004,30.008	Enumerated and assigned; see hunk-wbs.tsv; implementation and behavioral verification remain TODO
01.002/001765	DONE	app/widgets/gimptooleditor.c	70	text	-423,0 -> 499,4	application-or-library	Tool grouping/configuration	30.001/tool-group-state,29.009,30.004,30.008	Enumerated and assigned; see hunk-wbs.tsv; implementation and behavioral verification remain TODO
01.002/001766	DONE	app/widgets/gimptooleditor.c	71	text	-426,2 -> 505,2	application-or-library	Tool grouping/configuration	30.001/tool-group-state,29.009,30.004,30.008	Enumerated and assigned; see hunk-wbs.tsv; implementation and behavioral verification remain TODO
01.002/001767	DONE	app/widgets/gimptooleditor.c	72	text	-432,2 -> 511,2	application-or-library	Tool grouping/configuration	30.001/tool-group-state,29.009,30.004,30.008	Enumerated and assigned; see hunk-wbs.tsv; implementation and behavioral verification remain TODO
01.002/001768	DONE	app/widgets/gimptooleditor.c	73	text	-435,3 -> 514,2	application-or-library	Tool grouping/configuration	30.001/tool-group-state,29.009,30.004,30.008	Enumerated and assigned; see hunk-wbs.tsv; implementation and behavioral verification remain TODO
01.002/001769	DONE	app/widgets/gimptooleditor.c	74	text	-439,3 -> 517,3	application-or-library	Tool grouping/configuration	30.001/tool-group-state,29.009,30.004,30.008	Enumerated and assigned; see hunk-wbs.tsv; implementation and behavioral verification remain TODO
01.002/001770	DONE	app/widgets/gimptooleditor.c	75	text	-443,2 -> 521,17	application-or-library	Tool grouping/configuration	30.001/tool-group-state,29.009,30.004,30.008	Enumerated and assigned; see hunk-wbs.tsv; implementation and behavioral verification remain TODO
01.002/001771	DONE	app/widgets/gimptooleditor.c	76	text	-446 -> 539,6	application-or-library	Tool grouping/configuration	30.001/tool-group-state,29.009,30.004,30.008	Enumerated and assigned; see hunk-wbs.tsv; implementation and behavioral verification remain TODO
01.002/001772	DONE	app/widgets/gimptooleditor.c	77	text	-448,2 -> 546	application-or-library	Tool grouping/configuration	30.001/tool-group-state,29.009,30.004,30.008	Enumerated and assigned; see hunk-wbs.tsv; implementation and behavioral verification remain TODO
01.002/001773	DONE	app/widgets/gimptooleditor.c	78	text	-451,3 -> 548	application-or-library	Tool grouping/configuration	30.001/tool-group-state,29.009,30.004,30.008	Enumerated and assigned; see hunk-wbs.tsv; implementation and behavioral verification remain TODO
01.002/001774	DONE	app/widgets/gimptooleditor.c	79	text	-455,2 -> 550,4	application-or-library	Tool grouping/configuration	30.001/tool-group-state,29.009,30.004,30.008	Enumerated and assigned; see hunk-wbs.tsv; implementation and behavioral verification remain TODO
01.002/001775	DONE	app/widgets/gimptooleditor.c	80	text	-457,0 -> 555,10	application-or-library	Tool grouping/configuration	30.001/tool-group-state,29.009,30.004,30.008	Enumerated and assigned; see hunk-wbs.tsv; implementation and behavioral verification remain TODO
01.002/001776	DONE	app/widgets/gimptooleditor.c	81	text	-462,3 -> 569,2	application-or-library	Tool grouping/configuration	30.001/tool-group-state,29.009,30.004,30.008	Enumerated and assigned; see hunk-wbs.tsv; implementation and behavioral verification remain TODO
01.002/001777	DONE	app/widgets/gimptooleditor.c	82	text	-466 -> 572,11	application-or-library	Tool grouping/configuration	30.001/tool-group-state,29.009,30.004,30.008	Enumerated and assigned; see hunk-wbs.tsv; implementation and behavioral verification remain TODO
01.002/001778	DONE	app/widgets/gimptooleditor.c	83	text	-469,2 -> 585,2	application-or-library	Tool grouping/configuration	30.001/tool-group-state,29.009,30.004,30.008	Enumerated and assigned; see hunk-wbs.tsv; implementation and behavioral verification remain TODO
01.002/001779	DONE	app/widgets/gimptooleditor.c	84	text	-474 -> 590,2	application-or-library	Tool grouping/configuration	30.001/tool-group-state,29.009,30.004,30.008	Enumerated and assigned; see hunk-wbs.tsv; implementation and behavioral verification remain TODO
01.002/001780	DONE	app/widgets/gimptooleditor.c	85	text	-476 -> 593	application-or-library	Tool grouping/configuration	30.001/tool-group-state,29.009,30.004,30.008	Enumerated and assigned; see hunk-wbs.tsv; implementation and behavioral verification remain TODO
01.002/001781	DONE	app/widgets/gimptooleditor.c	86	text	-478 -> 595	application-or-library	Tool grouping/configuration	30.001/tool-group-state,29.009,30.004,30.008	Enumerated and assigned; see hunk-wbs.tsv; implementation and behavioral verification remain TODO
01.002/001782	DONE	app/widgets/gimptooleditor.c	87	text	-480,0 -> 598,9	application-or-library	Tool grouping/configuration	30.001/tool-group-state,29.009,30.004,30.008	Enumerated and assigned; see hunk-wbs.tsv; implementation and behavioral verification remain TODO
01.002/001783	DONE	app/widgets/gimptooleditor.c	88	text	-492 -> 618	application-or-library	Tool grouping/configuration	30.001/tool-group-state,29.009,30.004,30.008	Enumerated and assigned; see hunk-wbs.tsv; implementation and behavioral verification remain TODO
01.002/001784	DONE	app/widgets/gimptooleditor.c	89	text	-498 -> 624	application-or-library	Tool grouping/configuration	30.001/tool-group-state,29.009,30.004,30.008	Enumerated and assigned; see hunk-wbs.tsv; implementation and behavioral verification remain TODO
01.002/001785	DONE	app/widgets/gimptooleditor.c	90	text	-500 -> 626,5	application-or-library	Tool grouping/configuration	30.001/tool-group-state,29.009,30.004,30.008	Enumerated and assigned; see hunk-wbs.tsv; implementation and behavioral verification remain TODO
01.002/001786	DONE	app/widgets/gimptooleditor.c	91	text	-502 -> 632	application-or-library	Tool grouping/configuration	30.001/tool-group-state,29.009,30.004,30.008	Enumerated and assigned; see hunk-wbs.tsv; implementation and behavioral verification remain TODO
01.002/001787	DONE	app/widgets/gimptooleditor.c	92	text	-511 -> 641	application-or-library	Tool grouping/configuration	30.001/tool-group-state,29.009,30.004,30.008	Enumerated and assigned; see hunk-wbs.tsv; implementation and behavioral verification remain TODO
01.002/001788	DONE	app/widgets/gimptooleditor.c	93	text	-517 -> 647	application-or-library	Tool grouping/configuration	30.001/tool-group-state,29.009,30.004,30.008	Enumerated and assigned; see hunk-wbs.tsv; implementation and behavioral verification remain TODO
01.002/001789	DONE	app/widgets/gimptooleditor.c	94	text	-519,0 -> 650	application-or-library	Tool grouping/configuration	30.001/tool-group-state,29.009,30.004,30.008	Enumerated and assigned; see hunk-wbs.tsv; implementation and behavioral verification remain TODO
01.002/001790	DONE	app/widgets/gimptooleditor.c	95	text	-521,0 -> 653,6	application-or-library	Tool grouping/configuration	30.001/tool-group-state,29.009,30.004,30.008	Enumerated and assigned; see hunk-wbs.tsv; implementation and behavioral verification remain TODO
01.002/001791	DONE	app/widgets/gimptooleditor.c	96	text	-525 -> 662,28	application-or-library	Tool grouping/configuration	30.001/tool-group-state,29.009,30.004,30.008	Enumerated and assigned; see hunk-wbs.tsv; implementation and behavioral verification remain TODO
01.002/001792	DONE	app/widgets/gimptooleditor.c	97	text	-529 -> 693	application-or-library	Tool grouping/configuration	30.001/tool-group-state,29.009,30.004,30.008	Enumerated and assigned; see hunk-wbs.tsv; implementation and behavioral verification remain TODO
01.002/001793	DONE	app/widgets/gimptooleditor.c	98	text	-531,0 -> 696,2	application-or-library	Tool grouping/configuration	30.001/tool-group-state,29.009,30.004,30.008	Enumerated and assigned; see hunk-wbs.tsv; implementation and behavioral verification remain TODO
01.002/001794	DONE	app/widgets/gimptooleditor.c	99	text	-534 -> 700,152	application-or-library	Tool grouping/configuration	30.001/tool-group-state,29.009,30.004,30.008	Enumerated and assigned; see hunk-wbs.tsv; implementation and behavioral verification remain TODO
01.002/001795	DONE	app/widgets/gimptooleditor.h	1	text	-37 -> 37,2	application-or-library	Tool grouping/configuration	30.001/tool-group-state,29.009,30.004,30.008	Enumerated and assigned; see hunk-wbs.tsv; implementation and behavioral verification remain TODO
01.002/001796	DONE	app/widgets/gimptooleditor.h	2	text	-41 -> 42,3	application-or-library	Tool grouping/configuration	30.001/tool-group-state,29.009,30.004,30.008	Enumerated and assigned; see hunk-wbs.tsv; implementation and behavioral verification remain TODO
01.002/001797	DONE	app/widgets/gimptooleditor.h	3	text	-46 -> 49	application-or-library	Tool grouping/configuration	30.001/tool-group-state,29.009,30.004,30.008	Enumerated and assigned; see hunk-wbs.tsv; implementation and behavioral verification remain TODO
01.002/001798	DONE	app/widgets/gimptooleditor.h	4	text	-54 -> 56,0	application-or-library	Tool grouping/configuration	30.001/tool-group-state,29.009,30.004,30.008	Enumerated and assigned; see hunk-wbs.tsv; implementation and behavioral verification remain TODO
01.002/001799	DONE	app/widgets/gimptooloptionstoolbar.c	1	text	-0,0 -> 1,363	application-or-library	Tool options toolbar and compact standard controls	29.010,29.010/toolbar-ref-balance,29.010/standard-tool-options,29.011	Enumerated and assigned; see hunk-wbs.tsv; implementation and behavioral verification remain TODO
01.002/001800	DONE	app/widgets/gimptooloptionstoolbar.h	1	text	-0,0 -> 1,58	application-or-library	Tool options toolbar and compact standard controls	29.010,29.010/toolbar-ref-balance,29.010/standard-tool-options,29.011	Enumerated and assigned; see hunk-wbs.tsv; implementation and behavioral verification remain TODO
01.002/001801	DONE	app/widgets/gimptoolpalette.c	1	text	-149 -> 149	application-or-library	Tool grouping/configuration	30.001/tool-group-state,29.009,30.004,30.008	Enumerated and assigned; see hunk-wbs.tsv; implementation and behavioral verification remain TODO
01.002/001802	DONE	app/widgets/gimptooltileview.cpp	1	text	-0,0 -> 1,601	application-or-library	Tool tile/group selection	08.014,29.008,29.008/icon-null,29.009,30.001/tool-group-state	Enumerated and assigned; see hunk-wbs.tsv; implementation and behavioral verification remain TODO
01.002/001803	DONE	app/widgets/gimptooltileview.h	1	text	-0,0 -> 1,66	application-or-library	Tool tile/group selection	08.014,29.008,29.008/icon-null,29.009,30.001/tool-group-state	Enumerated and assigned; see hunk-wbs.tsv; implementation and behavioral verification remain TODO
01.002/001804	DONE	app/widgets/gimpviewrenderer.c	1	text	-75 -> 75	application-or-library	Shared widget model/control extensions	06.023,08.017,29.010/standard-tool-options	Enumerated and assigned; see hunk-wbs.tsv; implementation and behavioral verification remain TODO
01.002/001805	DONE	app/widgets/gimpviewrenderer.c	2	text	-83 -> 83	application-or-library	Shared widget model/control extensions	06.023,08.017,29.010/standard-tool-options	Enumerated and assigned; see hunk-wbs.tsv; implementation and behavioral verification remain TODO
01.002/001806	DONE	app/widgets/gimpviewrenderer.c	3	text	-918 -> 918	application-or-library	Shared widget model/control extensions	06.023,08.017,29.010/standard-tool-options	Enumerated and assigned; see hunk-wbs.tsv; implementation and behavioral verification remain TODO
01.002/001807	DONE	app/widgets/gimpviewrenderer.h	1	text	-140,0 -> 141,8	application-or-library	Shared widget model/control extensions	06.023,08.017,29.010/standard-tool-options	Enumerated and assigned; see hunk-wbs.tsv; implementation and behavioral verification remain TODO
01.002/001808	DONE	app/widgets/gimpwidgets-constructors.c	1	text	-105 -> 105	application-or-library	Saved compositing enum and selection	10.005,11.004,13.009,30.013	Enumerated and assigned; see hunk-wbs.tsv; implementation and behavioral verification remain TODO
01.002/001809	DONE	app/widgets/gimpwidgets-constructors.c	2	text	-131 -> 131,10	application-or-library	Saved compositing enum and selection	10.005,11.004,13.009,30.013	Enumerated and assigned; see hunk-wbs.tsv; implementation and behavioral verification remain TODO
01.002/001810	DONE	app/widgets/gimpwidgets-constructors.c	3	text	-147,0 -> 157,6	application-or-library	Saved compositing enum and selection	10.005,11.004,13.009,30.013	Enumerated and assigned; see hunk-wbs.tsv; implementation and behavioral verification remain TODO
01.002/001811	DONE	app/widgets/gimpwidgets-constructors.c	4	text	-157,0 -> 173	application-or-library	Saved compositing enum and selection	10.005,11.004,13.009,30.013	Enumerated and assigned; see hunk-wbs.tsv; implementation and behavioral verification remain TODO
01.002/001812	DONE	app/widgets/gimpwidgets-constructors.c	5	text	-169,0 -> 186	application-or-library	Saved compositing enum and selection	10.005,11.004,13.009,30.013	Enumerated and assigned; see hunk-wbs.tsv; implementation and behavioral verification remain TODO
01.002/001813	DONE	app/widgets/gimpwidgets-utils.c	1	text	-1329,0 -> 1330,16	application-or-library	Shared widget model/control extensions	06.023,08.017,29.010/standard-tool-options	Enumerated and assigned; see hunk-wbs.tsv; implementation and behavioral verification remain TODO
01.002/001814	DONE	app/widgets/gimpwidgets-utils.h	1	text	-102,0 -> 103,4	application-or-library	Shared widget model/control extensions	06.023,08.017,29.010/standard-tool-options	Enumerated and assigned; see hunk-wbs.tsv; implementation and behavioral verification remain TODO
01.002/001815	DONE	app/widgets/popupper.cpp	1	text	-0,0 -> 1,592	application-or-library	Popover/renderer event and lifetime	08.015,08.016,08.016/pixbuf-owner,29.006/cellrenderer-gtk3,29.006/popover-class-signals,29.006/popover-handler-teardown,29.015,29.019	Enumerated and assigned; see hunk-wbs.tsv; implementation and behavioral verification remain TODO
01.002/001816	DONE	app/widgets/popupper.h	1	text	-0,0 -> 1,61	application-or-library	Popover/renderer event and lifetime	08.015,08.016,08.016/pixbuf-owner,29.006/cellrenderer-gtk3,29.006/popover-class-signals,29.006/popover-handler-teardown,29.015,29.019	Enumerated and assigned; see hunk-wbs.tsv; implementation and behavioral verification remain TODO
01.002/001817	DONE	app/widgets/widgets-enums.h	1	text	-170 -> 170	application-or-library	Shared widget model/control extensions	06.023,08.017,29.010/standard-tool-options	Enumerated and assigned; see hunk-wbs.tsv; implementation and behavioral verification remain TODO
01.002/001818	DONE	app/widgets/widgets-types.h	1	text	-61 -> 60,0	application-or-library	Shared widget model/control extensions	06.023,08.017,29.010/standard-tool-options	Enumerated and assigned; see hunk-wbs.tsv; implementation and behavioral verification remain TODO
01.002/001819	DONE	app/widgets/widgets-types.h	2	text	-69,0 -> 69	application-or-library	Shared widget model/control extensions	06.023,08.017,29.010/standard-tool-options	Enumerated and assigned; see hunk-wbs.tsv; implementation and behavioral verification remain TODO
01.002/001820	DONE	app/widgets/widgets-types.h	3	text	-119,0 -> 120	application-or-library	Shared widget model/control extensions	06.023,08.017,29.010/standard-tool-options	Enumerated and assigned; see hunk-wbs.tsv; implementation and behavioral verification remain TODO
01.002/001821	DONE	app/widgets/widgets-types.h	4	text	-152,0 -> 154	application-or-library	Shared widget model/control extensions	06.023,08.017,29.010/standard-tool-options	Enumerated and assigned; see hunk-wbs.tsv; implementation and behavioral verification remain TODO
01.002/001822	DONE	app/widgets/widgets-types.h	5	text	-229,0 -> 232	application-or-library	Shared widget model/control extensions	06.023,08.017,29.010/standard-tool-options	Enumerated and assigned; see hunk-wbs.tsv; implementation and behavioral verification remain TODO
01.002/001823	DONE	app/xcf/xcf-load.c	1	text	-55,0 -> 56,2	application-or-library	Legacy XCF detection and property decoding	10.002,10.003,10.004,10.006,10.007,10.008,10.009,10.010,11.001,11.002,11.003,11.005,11.006,11.007,11.008,11.010,11.011,11.017,11.018,11.019,11.020,11.021	Enumerated and assigned; see hunk-wbs.tsv; implementation and behavioral verification remain TODO
01.002/001824	DONE	app/xcf/xcf-load.c	2	text	-133,0 -> 136,9	application-or-library	Legacy XCF detection and property decoding	10.002,10.003,10.004,10.006,10.007,10.008,10.009,10.010,11.001,11.002,11.003,11.005,11.006,11.007,11.008,11.010,11.011,11.017,11.018,11.019,11.020,11.021	Enumerated and assigned; see hunk-wbs.tsv; implementation and behavioral verification remain TODO
01.002/001825	DONE	app/xcf/xcf-load.c	3	text	-366,0 -> 378,2	application-or-library	Legacy XCF detection and property decoding	10.002,10.003,10.004,10.006,10.007,10.008,10.009,10.010,11.001,11.002,11.003,11.005,11.006,11.007,11.008,11.010,11.011,11.017,11.018,11.019,11.020,11.021	Enumerated and assigned; see hunk-wbs.tsv; implementation and behavioral verification remain TODO
01.002/001826	DONE	app/xcf/xcf-load.c	4	text	-368,0 -> 382,2	application-or-library	Legacy XCF detection and property decoding	10.002,10.003,10.004,10.006,10.007,10.008,10.009,10.010,11.001,11.002,11.003,11.005,11.006,11.007,11.008,11.010,11.011,11.017,11.018,11.019,11.020,11.021	Enumerated and assigned; see hunk-wbs.tsv; implementation and behavioral verification remain TODO
01.002/001827	DONE	app/xcf/xcf-load.c	5	text	-390,0 -> 406,2	application-or-library	Legacy XCF detection and property decoding	10.002,10.003,10.004,10.006,10.007,10.008,10.009,10.010,11.001,11.002,11.003,11.005,11.006,11.007,11.008,11.010,11.011,11.017,11.018,11.019,11.020,11.021	Enumerated and assigned; see hunk-wbs.tsv; implementation and behavioral verification remain TODO
01.002/001828	DONE	app/xcf/xcf-load.c	6	text	-401,0 -> 419	application-or-library	Legacy XCF detection and property decoding	10.002,10.003,10.004,10.006,10.007,10.008,10.009,10.010,11.001,11.002,11.003,11.005,11.006,11.007,11.008,11.010,11.011,11.017,11.018,11.019,11.020,11.021	Enumerated and assigned; see hunk-wbs.tsv; implementation and behavioral verification remain TODO
01.002/001829	DONE	app/xcf/xcf-load.c	7	text	-452,0 -> 471	application-or-library	Legacy XCF detection and property decoding	10.002,10.003,10.004,10.006,10.007,10.008,10.009,10.010,11.001,11.002,11.003,11.005,11.006,11.007,11.008,11.010,11.011,11.017,11.018,11.019,11.020,11.021	Enumerated and assigned; see hunk-wbs.tsv; implementation and behavioral verification remain TODO
01.002/001830	DONE	app/xcf/xcf-load.c	8	text	-737,0 -> 757	application-or-library	Legacy XCF detection and property decoding	10.002,10.003,10.004,10.006,10.007,10.008,10.009,10.010,11.001,11.002,11.003,11.005,11.006,11.007,11.008,11.010,11.011,11.017,11.018,11.019,11.020,11.021	Enumerated and assigned; see hunk-wbs.tsv; implementation and behavioral verification remain TODO
01.002/001831	DONE	app/xcf/xcf-load.c	9	text	-772,0 -> 793	application-or-library	Legacy XCF detection and property decoding	10.002,10.003,10.004,10.006,10.007,10.008,10.009,10.010,11.001,11.002,11.003,11.005,11.006,11.007,11.008,11.010,11.011,11.017,11.018,11.019,11.020,11.021	Enumerated and assigned; see hunk-wbs.tsv; implementation and behavioral verification remain TODO
01.002/001832	DONE	app/xcf/xcf-load.c	10	text	-967,0 -> 989,122	application-or-library	Legacy XCF detection and property decoding	10.002,10.003,10.004,10.006,10.007,10.008,10.009,10.010,11.001,11.002,11.003,11.005,11.006,11.007,11.008,11.010,11.011,11.017,11.018,11.019,11.020,11.021	Enumerated and assigned; see hunk-wbs.tsv; implementation and behavioral verification remain TODO
01.002/001833	DONE	app/xcf/xcf-load.c	11	text	-1136,0 -> 1280,180	application-or-library	Legacy XCF detection and property decoding	10.002,10.003,10.004,10.006,10.007,10.008,10.009,10.010,11.001,11.002,11.003,11.005,11.006,11.007,11.008,11.010,11.011,11.017,11.018,11.019,11.020,11.021	Enumerated and assigned; see hunk-wbs.tsv; implementation and behavioral verification remain TODO
01.002/001834	DONE	app/xcf/xcf-load.c	12	text	-1176,0 -> 1500,2	application-or-library	Legacy XCF detection and property decoding	10.002,10.003,10.004,10.006,10.007,10.008,10.009,10.010,11.001,11.002,11.003,11.005,11.006,11.007,11.008,11.010,11.011,11.017,11.018,11.019,11.020,11.021	Enumerated and assigned; see hunk-wbs.tsv; implementation and behavioral verification remain TODO
01.002/001835	DONE	app/xcf/xcf-load.c	13	text	-1201 -> 1526,2	application-or-library	Legacy XCF detection and property decoding	10.002,10.003,10.004,10.006,10.007,10.008,10.009,10.010,11.001,11.002,11.003,11.005,11.006,11.007,11.008,11.010,11.011,11.017,11.018,11.019,11.020,11.021	Enumerated and assigned; see hunk-wbs.tsv; implementation and behavioral verification remain TODO
01.002/001836	DONE	app/xcf/xcf-load.c	14	text	-1202,0 -> 1529,2	application-or-library	Legacy XCF detection and property decoding	10.002,10.003,10.004,10.006,10.007,10.008,10.009,10.010,11.001,11.002,11.003,11.005,11.006,11.007,11.008,11.010,11.011,11.017,11.018,11.019,11.020,11.021	Enumerated and assigned; see hunk-wbs.tsv; implementation and behavioral verification remain TODO
01.002/001837	DONE	app/xcf/xcf-load.c	15	text	-1209,0 -> 1538	application-or-library	Legacy XCF detection and property decoding	10.002,10.003,10.004,10.006,10.007,10.008,10.009,10.010,11.001,11.002,11.003,11.005,11.006,11.007,11.008,11.010,11.011,11.017,11.018,11.019,11.020,11.021	Enumerated and assigned; see hunk-wbs.tsv; implementation and behavioral verification remain TODO
01.002/001838	DONE	app/xcf/xcf-load.c	16	text	-1220,0 -> 1550	application-or-library	Legacy XCF detection and property decoding	10.002,10.003,10.004,10.006,10.007,10.008,10.009,10.010,11.001,11.002,11.003,11.005,11.006,11.007,11.008,11.010,11.011,11.017,11.018,11.019,11.020,11.021	Enumerated and assigned; see hunk-wbs.tsv; implementation and behavioral verification remain TODO
01.002/001839	DONE	app/xcf/xcf-load.c	17	text	-1222,0 -> 1553,2	application-or-library	Legacy XCF detection and property decoding	10.002,10.003,10.004,10.006,10.007,10.008,10.009,10.010,11.001,11.002,11.003,11.005,11.006,11.007,11.008,11.010,11.011,11.017,11.018,11.019,11.020,11.021	Enumerated and assigned; see hunk-wbs.tsv; implementation and behavioral verification remain TODO
01.002/001840	DONE	app/xcf/xcf-load.c	18	text	-1223,0 -> 1556	application-or-library	Legacy XCF detection and property decoding	10.002,10.003,10.004,10.006,10.007,10.008,10.009,10.010,11.001,11.002,11.003,11.005,11.006,11.007,11.008,11.010,11.011,11.017,11.018,11.019,11.020,11.021	Enumerated and assigned; see hunk-wbs.tsv; implementation and behavioral verification remain TODO
01.002/001841	DONE	app/xcf/xcf-load.c	19	text	-1233,0 -> 1567	application-or-library	Legacy XCF detection and property decoding	10.002,10.003,10.004,10.006,10.007,10.008,10.009,10.010,11.001,11.002,11.003,11.005,11.006,11.007,11.008,11.010,11.011,11.017,11.018,11.019,11.020,11.021	Enumerated and assigned; see hunk-wbs.tsv; implementation and behavioral verification remain TODO
01.002/001842	DONE	app/xcf/xcf-load.c	20	text	-1235 -> 1569,2	application-or-library	Legacy XCF detection and property decoding	10.002,10.003,10.004,10.006,10.007,10.008,10.009,10.010,11.001,11.002,11.003,11.005,11.006,11.007,11.008,11.010,11.011,11.017,11.018,11.019,11.020,11.021	Enumerated and assigned; see hunk-wbs.tsv; implementation and behavioral verification remain TODO
01.002/001843	DONE	app/xcf/xcf-load.c	21	text	-1236,0 -> 1572	application-or-library	Legacy XCF detection and property decoding	10.002,10.003,10.004,10.006,10.007,10.008,10.009,10.010,11.001,11.002,11.003,11.005,11.006,11.007,11.008,11.010,11.011,11.017,11.018,11.019,11.020,11.021	Enumerated and assigned; see hunk-wbs.tsv; implementation and behavioral verification remain TODO
01.002/001844	DONE	app/xcf/xcf-load.c	22	text	-1250 -> 1586,2	application-or-library	Legacy XCF detection and property decoding	10.002,10.003,10.004,10.006,10.007,10.008,10.009,10.010,11.001,11.002,11.003,11.005,11.006,11.007,11.008,11.010,11.011,11.017,11.018,11.019,11.020,11.021	Enumerated and assigned; see hunk-wbs.tsv; implementation and behavioral verification remain TODO
01.002/001845	DONE	app/xcf/xcf-load.c	23	text	-1251,0 -> 1589	application-or-library	Legacy XCF detection and property decoding	10.002,10.003,10.004,10.006,10.007,10.008,10.009,10.010,11.001,11.002,11.003,11.005,11.006,11.007,11.008,11.010,11.011,11.017,11.018,11.019,11.020,11.021	Enumerated and assigned; see hunk-wbs.tsv; implementation and behavioral verification remain TODO
01.002/001846	DONE	app/xcf/xcf-load.c	24	text	-1254 -> 1592,2	application-or-library	Legacy XCF detection and property decoding	10.002,10.003,10.004,10.006,10.007,10.008,10.009,10.010,11.001,11.002,11.003,11.005,11.006,11.007,11.008,11.010,11.011,11.017,11.018,11.019,11.020,11.021	Enumerated and assigned; see hunk-wbs.tsv; implementation and behavioral verification remain TODO
01.002/001847	DONE	app/xcf/xcf-load.c	25	text	-1255,0 -> 1595	application-or-library	Legacy XCF detection and property decoding	10.002,10.003,10.004,10.006,10.007,10.008,10.009,10.010,11.001,11.002,11.003,11.005,11.006,11.007,11.008,11.010,11.011,11.017,11.018,11.019,11.020,11.021	Enumerated and assigned; see hunk-wbs.tsv; implementation and behavioral verification remain TODO
01.002/001848	DONE	app/xcf/xcf-load.c	26	text	-1278,0 -> 1619	application-or-library	Legacy XCF detection and property decoding	10.002,10.003,10.004,10.006,10.007,10.008,10.009,10.010,11.001,11.002,11.003,11.005,11.006,11.007,11.008,11.010,11.011,11.017,11.018,11.019,11.020,11.021	Enumerated and assigned; see hunk-wbs.tsv; implementation and behavioral verification remain TODO
01.002/001849	DONE	app/xcf/xcf-load.c	27	text	-1414,0 -> 1756	application-or-library	Legacy XCF detection and property decoding	10.002,10.003,10.004,10.006,10.007,10.008,10.009,10.010,11.001,11.002,11.003,11.005,11.006,11.007,11.008,11.010,11.011,11.017,11.018,11.019,11.020,11.021	Enumerated and assigned; see hunk-wbs.tsv; implementation and behavioral verification remain TODO
01.002/001850	DONE	app/xcf/xcf-load.c	28	text	-1415,0 -> 1758,2	application-or-library	Legacy XCF detection and property decoding	10.002,10.003,10.004,10.006,10.007,10.008,10.009,10.010,11.001,11.002,11.003,11.005,11.006,11.007,11.008,11.010,11.011,11.017,11.018,11.019,11.020,11.021	Enumerated and assigned; see hunk-wbs.tsv; implementation and behavioral verification remain TODO
01.002/001851	DONE	app/xcf/xcf-load.c	29	text	-1416,0 -> 1761,2	application-or-library	Legacy XCF detection and property decoding	10.002,10.003,10.004,10.006,10.007,10.008,10.009,10.010,11.001,11.002,11.003,11.005,11.006,11.007,11.008,11.010,11.011,11.017,11.018,11.019,11.020,11.021	Enumerated and assigned; see hunk-wbs.tsv; implementation and behavioral verification remain TODO
01.002/001852	DONE	app/xcf/xcf-load.c	30	text	-1417,0 -> 1764,3	application-or-library	Legacy XCF detection and property decoding	10.002,10.003,10.004,10.006,10.007,10.008,10.009,10.010,11.001,11.002,11.003,11.005,11.006,11.007,11.008,11.010,11.011,11.017,11.018,11.019,11.020,11.021	Enumerated and assigned; see hunk-wbs.tsv; implementation and behavioral verification remain TODO
01.002/001853	DONE	app/xcf/xcf-load.c	31	text	-1426,0 -> 1776	application-or-library	Legacy XCF detection and property decoding	10.002,10.003,10.004,10.006,10.007,10.008,10.009,10.010,11.001,11.002,11.003,11.005,11.006,11.007,11.008,11.010,11.011,11.017,11.018,11.019,11.020,11.021	Enumerated and assigned; see hunk-wbs.tsv; implementation and behavioral verification remain TODO
01.002/001854	DONE	app/xcf/xcf-load.c	32	text	-1427,0 -> 1778	application-or-library	Legacy XCF detection and property decoding	10.002,10.003,10.004,10.006,10.007,10.008,10.009,10.010,11.001,11.002,11.003,11.005,11.006,11.007,11.008,11.010,11.011,11.017,11.018,11.019,11.020,11.021	Enumerated and assigned; see hunk-wbs.tsv; implementation and behavioral verification remain TODO
01.002/001855	DONE	app/xcf/xcf-load.c	33	text	-1432,0 -> 1784	application-or-library	Legacy XCF detection and property decoding	10.002,10.003,10.004,10.006,10.007,10.008,10.009,10.010,11.001,11.002,11.003,11.005,11.006,11.007,11.008,11.010,11.011,11.017,11.018,11.019,11.020,11.021	Enumerated and assigned; see hunk-wbs.tsv; implementation and behavioral verification remain TODO
01.002/001856	DONE	app/xcf/xcf-load.c	34	text	-1436,0 -> 1789	application-or-library	Legacy XCF detection and property decoding	10.002,10.003,10.004,10.006,10.007,10.008,10.009,10.010,11.001,11.002,11.003,11.005,11.006,11.007,11.008,11.010,11.011,11.017,11.018,11.019,11.020,11.021	Enumerated and assigned; see hunk-wbs.tsv; implementation and behavioral verification remain TODO
01.002/001857	DONE	app/xcf/xcf-load.c	35	text	-1825 -> 2178	application-or-library	Legacy XCF detection and property decoding	10.002,10.003,10.004,10.006,10.007,10.008,10.009,10.010,11.001,11.002,11.003,11.005,11.006,11.007,11.008,11.010,11.011,11.017,11.018,11.019,11.020,11.021	Enumerated and assigned; see hunk-wbs.tsv; implementation and behavioral verification remain TODO
01.002/001858	DONE	app/xcf/xcf-load.c	36	text	-2153,0 -> 2507,27	application-or-library	Legacy XCF detection and property decoding	10.002,10.003,10.004,10.006,10.007,10.008,10.009,10.010,11.001,11.002,11.003,11.005,11.006,11.007,11.008,11.010,11.011,11.017,11.018,11.019,11.020,11.021	Enumerated and assigned; see hunk-wbs.tsv; implementation and behavioral verification remain TODO
01.002/001859	DONE	app/xcf/xcf-private.h	1	text	-121 -> 121,3	application-or-library	Legacy XCF detection and property decoding	10.002,10.003,10.004,10.006,10.007,10.008,10.009,10.010,11.001,11.002,11.003,11.005,11.006,11.007,11.008,11.010,11.011,11.017,11.018,11.019,11.020,11.021	Enumerated and assigned; see hunk-wbs.tsv; implementation and behavioral verification remain TODO
01.002/001860	DONE	app/xcf/xcf-private.h	2	text	-182,0 -> 185,15	application-or-library	Legacy XCF detection and property decoding	10.002,10.003,10.004,10.006,10.007,10.008,10.009,10.010,11.001,11.002,11.003,11.005,11.006,11.007,11.008,11.010,11.011,11.017,11.018,11.019,11.020,11.021	Enumerated and assigned; see hunk-wbs.tsv; implementation and behavioral verification remain TODO
01.002/001861	DONE	app/xcf/xcf-save.c	1	text	-51,0 -> 52,3	application-or-library	Custom layer saved representation	10.011,10.012,10.013,10.014,12.001,12.002,12.002/clone-unresolved-write,12.003,12.003/filter-args-ownership,12.004,12.005,12.008,12.009	Enumerated and assigned; see hunk-wbs.tsv; implementation and behavioral verification remain TODO
01.002/001862	DONE	app/xcf/xcf-save.c	2	text	-127,0 -> 131,4	application-or-library	Custom layer saved representation	10.011,10.012,10.013,10.014,12.001,12.002,12.002/clone-unresolved-write,12.003,12.003/filter-args-ownership,12.004,12.005,12.008,12.009	Enumerated and assigned; see hunk-wbs.tsv; implementation and behavioral verification remain TODO
01.002/001863	DONE	app/xcf/xcf-save.c	3	text	-192,0 -> 200,45	application-or-library	Custom layer saved representation	10.011,10.012,10.013,10.014,12.001,12.002,12.002/clone-unresolved-write,12.003,12.003/filter-args-ownership,12.004,12.005,12.008,12.009	Enumerated and assigned; see hunk-wbs.tsv; implementation and behavioral verification remain TODO
01.002/001864	DONE	app/xcf/xcf-save.c	4	text	-209,0 -> 262,2	application-or-library	Custom layer saved representation	10.011,10.012,10.013,10.014,12.001,12.002,12.002/clone-unresolved-write,12.003,12.003/filter-args-ownership,12.004,12.005,12.008,12.009	Enumerated and assigned; see hunk-wbs.tsv; implementation and behavioral verification remain TODO
01.002/001865	DONE	app/xcf/xcf-save.c	5	text	-215,0 -> 270	application-or-library	Custom layer saved representation	10.011,10.012,10.013,10.014,12.001,12.002,12.002/clone-unresolved-write,12.003,12.003/filter-args-ownership,12.004,12.005,12.008,12.009	Enumerated and assigned; see hunk-wbs.tsv; implementation and behavioral verification remain TODO
01.002/001866	DONE	app/xcf/xcf-save.c	6	text	-223 -> 278	application-or-library	Custom layer saved representation	10.011,10.012,10.013,10.014,12.001,12.002,12.002/clone-unresolved-write,12.003,12.003/filter-args-ownership,12.004,12.005,12.008,12.009	Enumerated and assigned; see hunk-wbs.tsv; implementation and behavioral verification remain TODO
01.002/001867	DONE	app/xcf/xcf-save.c	7	text	-237,0 -> 293,11	application-or-library	Custom layer saved representation	10.011,10.012,10.013,10.014,12.001,12.002,12.002/clone-unresolved-write,12.003,12.003/filter-args-ownership,12.004,12.005,12.008,12.009	Enumerated and assigned; see hunk-wbs.tsv; implementation and behavioral verification remain TODO
01.002/001868	DONE	app/xcf/xcf-save.c	8	text	-243 -> 309,2	application-or-library	Custom layer saved representation	10.011,10.012,10.013,10.014,12.001,12.002,12.002/clone-unresolved-write,12.003,12.003/filter-args-ownership,12.004,12.005,12.008,12.009	Enumerated and assigned; see hunk-wbs.tsv; implementation and behavioral verification remain TODO
01.002/001869	DONE	app/xcf/xcf-save.c	9	text	-244,0 -> 312,13	application-or-library	Custom layer saved representation	10.011,10.012,10.013,10.014,12.001,12.002,12.002/clone-unresolved-write,12.003,12.003/filter-args-ownership,12.004,12.005,12.008,12.009	Enumerated and assigned; see hunk-wbs.tsv; implementation and behavioral verification remain TODO
01.002/001870	DONE	app/xcf/xcf-save.c	10	text	-577,0 -> 658,14	application-or-library	Custom layer saved representation	10.011,10.012,10.013,10.014,12.001,12.002,12.002/clone-unresolved-write,12.003,12.003/filter-args-ownership,12.004,12.005,12.008,12.009	Enumerated and assigned; see hunk-wbs.tsv; implementation and behavioral verification remain TODO
01.002/001871	DONE	app/xcf/xcf-save.c	11	text	-1159,0 -> 1254,67	application-or-library	Custom layer saved representation	10.011,10.012,10.013,10.014,12.001,12.002,12.002/clone-unresolved-write,12.003,12.003/filter-args-ownership,12.004,12.005,12.008,12.009	Enumerated and assigned; see hunk-wbs.tsv; implementation and behavioral verification remain TODO
01.002/001872	DONE	app/xcf/xcf-save.c	12	text	-1166,0 -> 1328,89	application-or-library	Custom layer saved representation	10.011,10.012,10.013,10.014,12.001,12.002,12.002/clone-unresolved-write,12.003,12.003/filter-args-ownership,12.004,12.005,12.008,12.009	Enumerated and assigned; see hunk-wbs.tsv; implementation and behavioral verification remain TODO
01.002/001873	DONE	app/xcf/xcf-save.c	13	text	-1206,0 -> 1457	application-or-library	Custom layer saved representation	10.011,10.012,10.013,10.014,12.001,12.002,12.002/clone-unresolved-write,12.003,12.003/filter-args-ownership,12.004,12.005,12.008,12.009	Enumerated and assigned; see hunk-wbs.tsv; implementation and behavioral verification remain TODO
01.002/001874	DONE	app/xcf/xcf-save.c	14	text	-1208,0 -> 1460	application-or-library	Custom layer saved representation	10.011,10.012,10.013,10.014,12.001,12.002,12.002/clone-unresolved-write,12.003,12.003/filter-args-ownership,12.004,12.005,12.008,12.009	Enumerated and assigned; see hunk-wbs.tsv; implementation and behavioral verification remain TODO
01.002/001875	DONE	app/xcf/xcf-save.c	15	text	-1212,0 -> 1465	application-or-library	Custom layer saved representation	10.011,10.012,10.013,10.014,12.001,12.002,12.002/clone-unresolved-write,12.003,12.003/filter-args-ownership,12.004,12.005,12.008,12.009	Enumerated and assigned; see hunk-wbs.tsv; implementation and behavioral verification remain TODO
01.002/001876	DONE	app/xcf/xcf-save.c	16	text	-1215,0 -> 1469	application-or-library	Custom layer saved representation	10.011,10.012,10.013,10.014,12.001,12.002,12.002/clone-unresolved-write,12.003,12.003/filter-args-ownership,12.004,12.005,12.008,12.009	Enumerated and assigned; see hunk-wbs.tsv; implementation and behavioral verification remain TODO
01.002/001877	DONE	app/xcf/xcf-save.c	17	text	-1218,0 -> 1473	application-or-library	Custom layer saved representation	10.011,10.012,10.013,10.014,12.001,12.002,12.002/clone-unresolved-write,12.003,12.003/filter-args-ownership,12.004,12.005,12.008,12.009	Enumerated and assigned; see hunk-wbs.tsv; implementation and behavioral verification remain TODO
01.002/001878	DONE	app/xcf/xcf-save.c	18	text	-1321,0 -> 1577	application-or-library	Custom layer saved representation	10.011,10.012,10.013,10.014,12.001,12.002,12.002/clone-unresolved-write,12.003,12.003/filter-args-ownership,12.004,12.005,12.008,12.009	Enumerated and assigned; see hunk-wbs.tsv; implementation and behavioral verification remain TODO
01.002/001879	DONE	app/xcf/xcf-save.c	19	text	-1322,0 -> 1579	application-or-library	Custom layer saved representation	10.011,10.012,10.013,10.014,12.001,12.002,12.002/clone-unresolved-write,12.003,12.003/filter-args-ownership,12.004,12.005,12.008,12.009	Enumerated and assigned; see hunk-wbs.tsv; implementation and behavioral verification remain TODO
01.002/001880	DONE	app/xcf/xcf-save.c	20	text	-1323,0 -> 1581	application-or-library	Custom layer saved representation	10.011,10.012,10.013,10.014,12.001,12.002,12.002/clone-unresolved-write,12.003,12.003/filter-args-ownership,12.004,12.005,12.008,12.009	Enumerated and assigned; see hunk-wbs.tsv; implementation and behavioral verification remain TODO
01.002/001881	DONE	app/xcf/xcf-save.c	21	text	-1335,0 -> 1594	application-or-library	Custom layer saved representation	10.011,10.012,10.013,10.014,12.001,12.002,12.002/clone-unresolved-write,12.003,12.003/filter-args-ownership,12.004,12.005,12.008,12.009	Enumerated and assigned; see hunk-wbs.tsv; implementation and behavioral verification remain TODO
01.002/001882	DONE	app/xcf/xcf-save.c	22	text	-1342,0 -> 1602	application-or-library	Custom layer saved representation	10.011,10.012,10.013,10.014,12.001,12.002,12.002/clone-unresolved-write,12.003,12.003/filter-args-ownership,12.004,12.005,12.008,12.009	Enumerated and assigned; see hunk-wbs.tsv; implementation and behavioral verification remain TODO
01.002/001883	DONE	app/xcf/xcf.c	1	text	-80 -> 80,2	application-or-library	Legacy XCF detection and property decoding	10.002,10.003,10.004,10.006,10.007,10.008,10.009,10.010,11.001,11.002,11.003,11.005,11.006,11.007,11.008,11.010,11.011,11.017,11.018,11.019,11.020,11.021	Enumerated and assigned; see hunk-wbs.tsv; implementation and behavioral verification remain TODO
01.002/001884	DONE	build/flatpak/flatpak-howto.txt	1	text	-0,0 -> 1,192	build-or-tool	Legacy packaging and pinned dependencies	32.001,33.001,34.005,34.005/license-manifest	Enumerated and assigned; see hunk-wbs.tsv; implementation and behavioral verification remain TODO
01.002/001885	DONE	build/flatpak/io.github.seagetch.GIMP-PAINTER-BaseApp.yml	1	text	-0,0 -> 1,136	build-or-tool	Legacy packaging and pinned dependencies	32.001,33.001,34.005,34.005/license-manifest	Enumerated and assigned; see hunk-wbs.tsv; implementation and behavioral verification remain TODO
01.002/001886	DONE	build/flatpak/io.github.seagetch.GIMP-PAINTER.yml	1	text	-0,0 -> 1,42	build-or-tool	Legacy packaging and pinned dependencies	32.001,33.001,34.005,34.005/license-manifest	Enumerated and assigned; see hunk-wbs.tsv; implementation and behavioral verification remain TODO
01.002/001887	DONE	build/flatpak/patches/webkitgtk-2.4.11.patch	1	text	-0,0 -> 1,11	build-or-tool	Legacy packaging and pinned dependencies	32.001,33.001,34.005,34.005/license-manifest	Enumerated and assigned; see hunk-wbs.tsv; implementation and behavioral verification remain TODO
01.002/001888	DONE	configure.ac	1	text	-43,2 -> 43,2	build-or-tool	Babl and GEGL minimum dependency versions	03.002	Enumerated and assigned; see hunk-wbs.tsv; implementation and behavioral verification remain TODO
01.002/001889	DONE	configure.ac	2	text	-56 -> 56	build-or-tool	ALSA dependency macro defect and optional configuration	03.006	Enumerated and assigned; see hunk-wbs.tsv; implementation and behavioral verification remain TODO
01.002/001890	DONE	configure.ac	3	text	-61,0 -> 62	build-or-tool	Optional HTTP Soup dependency	31.003,31.004	Enumerated and assigned; see hunk-wbs.tsv; implementation and behavioral verification remain TODO
01.002/001891	DONE	configure.ac	4	text	-69,0 -> 71	build-or-tool	Required JSON dependency for brush and preset persistence	04.009	Enumerated and assigned; see hunk-wbs.tsv; implementation and behavioral verification remain TODO
01.002/001892	DONE	configure.ac	5	text	-165,0 -> 168,4	build-or-tool	C++ compiler detection and C++14 standard	03.001,03.007	Enumerated and assigned; see hunk-wbs.tsv; implementation and behavioral verification remain TODO
01.002/001893	DONE	configure.ac	6	text	-527 -> 533	build-or-tool	GEGL dependency ABI selection	03.002	Enumerated and assigned; see hunk-wbs.tsv; implementation and behavioral verification remain TODO
01.002/001894	DONE	configure.ac	7	text	-545,0 -> 552,2	build-or-tool	Required JSON pkg-config discovery	04.009	Enumerated and assigned; see hunk-wbs.tsv; implementation and behavioral verification remain TODO
01.002/001895	DONE	configure.ac	8	text	-1562,0 -> 1571,20	build-or-tool	HTTP optional probe and build defines	31.003,31.004	Enumerated and assigned; see hunk-wbs.tsv; implementation and behavioral verification remain TODO
01.002/001896	DONE	configure.ac	9	text	-2103 -> 2131	build-or-tool	Painter user profile and resource path identity	30.010,30.011	Enumerated and assigned; see hunk-wbs.tsv; implementation and behavioral verification remain TODO
01.002/001897	DONE	configure.ac	10	text	-2307,0 -> 2336	build-or-tool	Optional HTTP module build registration	31.003,31.004	Enumerated and assigned; see hunk-wbs.tsv; implementation and behavioral verification remain TODO
01.002/001898	DONE	configure.ac	11	text	-2313,0 -> 2343	build-or-tool	Preset module build integration	28.002,28.003,28.014	Enumerated and assigned; see hunk-wbs.tsv; implementation and behavioral verification remain TODO
01.002/001899	DONE	configure.ac	12	text	-2437,0 -> 2468,8	build-or-tool	Preset and extended brush install manifests	30.017	Enumerated and assigned; see hunk-wbs.tsv; implementation and behavioral verification remain TODO
01.002/001900	DONE	configure.ac	13	text	-2509,0 -> 2548	build-or-tool	Soup configuration summary output	31.003,31.004	Enumerated and assigned; see hunk-wbs.tsv; implementation and behavioral verification remain TODO
01.002/001901	DONE	data/Makefile.am	1	text	-14 -> 14,3	asset-or-translation	Resource distribution manifest	30.009,30.010,30.011,30.017	Enumerated and assigned; see hunk-wbs.tsv; implementation and behavioral verification remain TODO
01.002/001902	DONE	data/layer-presets/.gitignore	1	text	-0,0 -> 1,2	asset-or-translation	Nonfunctional/obsolete source candidate	31.018	Enumerated and assigned; see hunk-wbs.tsv; implementation and behavioral verification remain TODO
01.002/001903	DONE	data/layer-presets/Makefile.am	1	text	-0,0 -> 1,15	asset-or-translation	Resource distribution manifest	30.009,30.010,30.011,30.017	Enumerated and assigned; see hunk-wbs.tsv; implementation and behavioral verification remain TODO
01.002/001904	DONE	data/layer-presets/crop-with-selection.json	1	text	-0,0 -> 1,14	asset-or-translation	Editable layer-preset definition	28.001,28.004,28.005,28.006,28.007,28.008,30.017	Enumerated and assigned; see hunk-wbs.tsv; implementation and behavioral verification remain TODO
01.002/001905	DONE	data/layer-presets/duplicate-as-clone.json	1	text	-0,0 -> 1,23	asset-or-translation	Editable layer-preset definition	28.001,28.004,28.005,28.006,28.007,28.008,30.017	Enumerated and assigned; see hunk-wbs.tsv; implementation and behavioral verification remain TODO
01.002/001906	DONE	data/layer-presets/duplicate-as-normal.json	1	text	-0,0 -> 1,18	asset-or-translation	Editable layer-preset definition	28.001,28.004,28.005,28.006,28.007,28.008,30.017	Enumerated and assigned; see hunk-wbs.tsv; implementation and behavioral verification remain TODO
01.002/001907	DONE	data/layer-presets/new-anime-layer.json	1	text	-0,0 -> 1,43	asset-or-translation	Editable layer-preset definition	28.001,28.004,28.005,28.006,28.007,28.008,30.017	Enumerated and assigned; see hunk-wbs.tsv; implementation and behavioral verification remain TODO
01.002/001908	DONE	data/layer-presets/new-cropped-layer.json	1	text	-0,0 -> 1,26	asset-or-translation	Editable layer-preset definition	28.001,28.004,28.005,28.006,28.007,28.008,30.017	Enumerated and assigned; see hunk-wbs.tsv; implementation and behavioral verification remain TODO
01.002/001909	DONE	data/layer-presets/test.json	1	text	-0,0 -> 1,20	asset-or-translation	Editable layer-preset definition	28.001,28.004,28.005,28.006,28.007,28.008,30.017	Enumerated and assigned; see hunk-wbs.tsv; implementation and behavioral verification remain TODO
01.002/001910	DONE	data/layer-presets/test2.json	1	text	-0,0 -> 1,30	asset-or-translation	Editable layer-preset definition	28.001,28.004,28.005,28.006,28.007,28.008,30.017	Enumerated and assigned; see hunk-wbs.tsv; implementation and behavioral verification remain TODO
01.002/001911	DONE	data/layer-presets/watercolor.json	1	text	-0,0 -> 1,38	asset-or-translation	Editable layer-preset definition	28.001,28.004,28.005,28.006,28.007,28.008,30.017	Enumerated and assigned; see hunk-wbs.tsv; implementation and behavioral verification remain TODO
01.002/001912	DONE	data/mypaint-brushes/.gitignore	1	text	-0,0 -> 1,2	asset-or-translation	Nonfunctional/obsolete source candidate	31.018	Enumerated and assigned; see hunk-wbs.tsv; implementation and behavioral verification remain TODO
01.002/001913	DONE	data/mypaint-brushes/FX_blender_prev.png	1	metadata-or-binary	no textual hunk	asset-or-translation	Brush preview/image source asset	19.013/preview-contract,30.017	Enumerated and assigned; see hunk-wbs.tsv; implementation and behavioral verification remain TODO
01.002/001914	DONE	data/mypaint-brushes/Makefile.am	1	text	-0,0 -> 1,9	asset-or-translation	Resource distribution manifest	30.009,30.010,30.011,30.017	Enumerated and assigned; see hunk-wbs.tsv; implementation and behavioral verification remain TODO
01.002/001915	DONE	data/mypaint-brushes/Makefile.am.skel	1	text	-0,0 -> 1,31	asset-or-translation	Ruby brush installation-manifest generator	30.017/brush-manifest-generator	Enumerated and assigned; see hunk-wbs.tsv; implementation and behavioral verification remain TODO
01.002/001916	DONE	data/mypaint-brushes/classic/Makefile.am	1	text	-0,0 -> 1,77	asset-or-translation	Resource distribution manifest	30.009,30.010,30.011,30.017	Enumerated and assigned; see hunk-wbs.tsv; implementation and behavioral verification remain TODO
01.002/001917	DONE	data/mypaint-brushes/classic/blend+paint.myb	1	text	-0,0 -> 1,199	asset-or-translation	Bundled extended brush definition	19.001,19.002,19.003,19.004,19.005,19.006,19.007,19.008,19.009,30.009,30.017	Enumerated and assigned; see hunk-wbs.tsv; implementation and behavioral verification remain TODO
01.002/001918	DONE	data/mypaint-brushes/classic/blend+paint_prev.png	1	metadata-or-binary	no textual hunk	asset-or-translation	Brush preview/image source asset	19.013/preview-contract,30.017	Enumerated and assigned; see hunk-wbs.tsv; implementation and behavioral verification remain TODO
01.002/001919	DONE	data/mypaint-brushes/classic/blending_knife.myb	1	text	-0,0 -> 1,263	asset-or-translation	Bundled extended brush definition	19.001,19.002,19.003,19.004,19.005,19.006,19.007,19.008,19.009,30.009,30.017	Enumerated and assigned; see hunk-wbs.tsv; implementation and behavioral verification remain TODO
01.002/001920	DONE	data/mypaint-brushes/classic/blending_knife_prev.png	1	metadata-or-binary	no textual hunk	asset-or-translation	Brush preview/image source asset	19.013/preview-contract,30.017	Enumerated and assigned; see hunk-wbs.tsv; implementation and behavioral verification remain TODO
01.002/001921	DONE	data/mypaint-brushes/classic/blur.myb	1	text	-0,0 -> 1,223	asset-or-translation	Bundled extended brush definition	19.001,19.002,19.003,19.004,19.005,19.006,19.007,19.008,19.009,30.009,30.017	Enumerated and assigned; see hunk-wbs.tsv; implementation and behavioral verification remain TODO
01.002/001922	DONE	data/mypaint-brushes/classic/blur_prev.png	1	metadata-or-binary	no textual hunk	asset-or-translation	Brush preview/image source asset	19.013/preview-contract,30.017	Enumerated and assigned; see hunk-wbs.tsv; implementation and behavioral verification remain TODO
01.002/001923	DONE	data/mypaint-brushes/classic/brush.myb	1	text	-0,0 -> 1,245	asset-or-translation	Bundled extended brush definition	19.001,19.002,19.003,19.004,19.005,19.006,19.007,19.008,19.009,30.009,30.017	Enumerated and assigned; see hunk-wbs.tsv; implementation and behavioral verification remain TODO
01.002/001924	DONE	data/mypaint-brushes/classic/brush_prev.png	1	metadata-or-binary	no textual hunk	asset-or-translation	Brush preview/image source asset	19.013/preview-contract,30.017	Enumerated and assigned; see hunk-wbs.tsv; implementation and behavioral verification remain TODO
01.002/001925	DONE	data/mypaint-brushes/classic/bulk.myb	1	text	-0,0 -> 1,210	asset-or-translation	Bundled extended brush definition	19.001,19.002,19.003,19.004,19.005,19.006,19.007,19.008,19.009,30.009,30.017	Enumerated and assigned; see hunk-wbs.tsv; implementation and behavioral verification remain TODO
01.002/001926	DONE	data/mypaint-brushes/classic/bulk_prev.png	1	metadata-or-binary	no textual hunk	asset-or-translation	Brush preview/image source asset	19.013/preview-contract,30.017	Enumerated and assigned; see hunk-wbs.tsv; implementation and behavioral verification remain TODO
01.002/001927	DONE	data/mypaint-brushes/classic/calligraphy.myb	1	text	-0,0 -> 1,241	asset-or-translation	Bundled extended brush definition	19.001,19.002,19.003,19.004,19.005,19.006,19.007,19.008,19.009,30.009,30.017	Enumerated and assigned; see hunk-wbs.tsv; implementation and behavioral verification remain TODO
01.002/001928	DONE	data/mypaint-brushes/classic/calligraphy_prev.png	1	metadata-or-binary	no textual hunk	asset-or-translation	Brush preview/image source asset	19.013/preview-contract,30.017	Enumerated and assigned; see hunk-wbs.tsv; implementation and behavioral verification remain TODO
01.002/001929	DONE	data/mypaint-brushes/classic/charcoal.myb	1	text	-0,0 -> 1,213	asset-or-translation	Bundled extended brush definition	19.001,19.002,19.003,19.004,19.005,19.006,19.007,19.008,19.009,30.009,30.017	Enumerated and assigned; see hunk-wbs.tsv; implementation and behavioral verification remain TODO
01.002/001930	DONE	data/mypaint-brushes/classic/charcoal_prev.png	1	metadata-or-binary	no textual hunk	asset-or-translation	Brush preview/image source asset	19.013/preview-contract,30.017	Enumerated and assigned; see hunk-wbs.tsv; implementation and behavioral verification remain TODO
01.002/001931	DONE	data/mypaint-brushes/classic/coarse_bulk_1.myb	1	text	-0,0 -> 1,191	asset-or-translation	Bundled extended brush definition	19.001,19.002,19.003,19.004,19.005,19.006,19.007,19.008,19.009,30.009,30.017	Enumerated and assigned; see hunk-wbs.tsv; implementation and behavioral verification remain TODO
01.002/001932	DONE	data/mypaint-brushes/classic/coarse_bulk_1_prev.png	1	metadata-or-binary	no textual hunk	asset-or-translation	Brush preview/image source asset	19.013/preview-contract,30.017	Enumerated and assigned; see hunk-wbs.tsv; implementation and behavioral verification remain TODO
01.002/001933	DONE	data/mypaint-brushes/classic/coarse_bulk_2.myb	1	text	-0,0 -> 1,202	asset-or-translation	Bundled extended brush definition	19.001,19.002,19.003,19.004,19.005,19.006,19.007,19.008,19.009,30.009,30.017	Enumerated and assigned; see hunk-wbs.tsv; implementation and behavioral verification remain TODO
01.002/001934	DONE	data/mypaint-brushes/classic/coarse_bulk_2_prev.png	1	metadata-or-binary	no textual hunk	asset-or-translation	Brush preview/image source asset	19.013/preview-contract,30.017	Enumerated and assigned; see hunk-wbs.tsv; implementation and behavioral verification remain TODO
01.002/001935	DONE	data/mypaint-brushes/classic/coarse_bulk_3.myb	1	text	-0,0 -> 1,191	asset-or-translation	Bundled extended brush definition	19.001,19.002,19.003,19.004,19.005,19.006,19.007,19.008,19.009,30.009,30.017	Enumerated and assigned; see hunk-wbs.tsv; implementation and behavioral verification remain TODO
01.002/001936	DONE	data/mypaint-brushes/classic/coarse_bulk_3_prev.png	1	metadata-or-binary	no textual hunk	asset-or-translation	Brush preview/image source asset	19.013/preview-contract,30.017	Enumerated and assigned; see hunk-wbs.tsv; implementation and behavioral verification remain TODO
01.002/001937	DONE	data/mypaint-brushes/classic/dry_brush.myb	1	text	-0,0 -> 1,224	asset-or-translation	Bundled extended brush definition	19.001,19.002,19.003,19.004,19.005,19.006,19.007,19.008,19.009,30.009,30.017	Enumerated and assigned; see hunk-wbs.tsv; implementation and behavioral verification remain TODO
01.002/001938	DONE	data/mypaint-brushes/classic/dry_brush_prev.png	1	metadata-or-binary	no textual hunk	asset-or-translation	Brush preview/image source asset	19.013/preview-contract,30.017	Enumerated and assigned; see hunk-wbs.tsv; implementation and behavioral verification remain TODO
01.002/001939	DONE	data/mypaint-brushes/classic/files	1	text	-0,0 -> 1,47	asset-or-translation	Resource distribution manifest	30.009,30.010,30.011,30.017	Enumerated and assigned; see hunk-wbs.tsv; implementation and behavioral verification remain TODO
01.002/001940	DONE	data/mypaint-brushes/classic/imp_blending.myb	1	text	-0,0 -> 1,359	asset-or-translation	Bundled extended brush definition	19.001,19.002,19.003,19.004,19.005,19.006,19.007,19.008,19.009,30.009,30.017	Enumerated and assigned; see hunk-wbs.tsv; implementation and behavioral verification remain TODO
01.002/001941	DONE	data/mypaint-brushes/classic/imp_blending_prev.png	1	metadata-or-binary	no textual hunk	asset-or-translation	Brush preview/image source asset	19.013/preview-contract,30.017	Enumerated and assigned; see hunk-wbs.tsv; implementation and behavioral verification remain TODO
01.002/001942	DONE	data/mypaint-brushes/classic/imp_details.myb	1	text	-0,0 -> 1,398	asset-or-translation	Bundled extended brush definition	19.001,19.002,19.003,19.004,19.005,19.006,19.007,19.008,19.009,30.009,30.017	Enumerated and assigned; see hunk-wbs.tsv; implementation and behavioral verification remain TODO
01.002/001943	DONE	data/mypaint-brushes/classic/imp_details_prev.png	1	metadata-or-binary	no textual hunk	asset-or-translation	Brush preview/image source asset	19.013/preview-contract,30.017	Enumerated and assigned; see hunk-wbs.tsv; implementation and behavioral verification remain TODO
01.002/001944	DONE	data/mypaint-brushes/classic/impressionism.myb	1	text	-0,0 -> 1,380	asset-or-translation	Bundled extended brush definition	19.001,19.002,19.003,19.004,19.005,19.006,19.007,19.008,19.009,30.009,30.017	Enumerated and assigned; see hunk-wbs.tsv; implementation and behavioral verification remain TODO
01.002/001945	DONE	data/mypaint-brushes/classic/impressionism_prev.png	1	metadata-or-binary	no textual hunk	asset-or-translation	Brush preview/image source asset	19.013/preview-contract,30.017	Enumerated and assigned; see hunk-wbs.tsv; implementation and behavioral verification remain TODO
01.002/001946	DONE	data/mypaint-brushes/classic/ink_blot.myb	1	text	-0,0 -> 1,191	asset-or-translation	Bundled extended brush definition	19.001,19.002,19.003,19.004,19.005,19.006,19.007,19.008,19.009,30.009,30.017	Enumerated and assigned; see hunk-wbs.tsv; implementation and behavioral verification remain TODO
01.002/001947	DONE	data/mypaint-brushes/classic/ink_blot_prev.png	1	metadata-or-binary	no textual hunk	asset-or-translation	Brush preview/image source asset	19.013/preview-contract,30.017	Enumerated and assigned; see hunk-wbs.tsv; implementation and behavioral verification remain TODO
01.002/001948	DONE	data/mypaint-brushes/classic/ink_eraser.myb	1	text	-0,0 -> 1,241	asset-or-translation	Bundled extended brush definition	19.001,19.002,19.003,19.004,19.005,19.006,19.007,19.008,19.009,30.009,30.017	Enumerated and assigned; see hunk-wbs.tsv; implementation and behavioral verification remain TODO
01.002/001949	DONE	data/mypaint-brushes/classic/ink_eraser_prev.png	1	metadata-or-binary	no textual hunk	asset-or-translation	Brush preview/image source asset	19.013/preview-contract,30.017	Enumerated and assigned; see hunk-wbs.tsv; implementation and behavioral verification remain TODO
01.002/001950	DONE	data/mypaint-brushes/classic/kabura.myb	1	text	-0,0 -> 1,266	asset-or-translation	Bundled extended brush definition	19.001,19.002,19.003,19.004,19.005,19.006,19.007,19.008,19.009,30.009,30.017	Enumerated and assigned; see hunk-wbs.tsv; implementation and behavioral verification remain TODO
01.002/001951	DONE	data/mypaint-brushes/classic/kabura_prev.png	1	metadata-or-binary	no textual hunk	asset-or-translation	Brush preview/image source asset	19.013/preview-contract,30.017	Enumerated and assigned; see hunk-wbs.tsv; implementation and behavioral verification remain TODO
01.002/001952	DONE	data/mypaint-brushes/classic/knife.myb	1	text	-0,0 -> 1,202	asset-or-translation	Bundled extended brush definition	19.001,19.002,19.003,19.004,19.005,19.006,19.007,19.008,19.009,30.009,30.017	Enumerated and assigned; see hunk-wbs.tsv; implementation and behavioral verification remain TODO
01.002/001953	DONE	data/mypaint-brushes/classic/knife_prev.png	1	metadata-or-binary	no textual hunk	asset-or-translation	Brush preview/image source asset	19.013/preview-contract,30.017	Enumerated and assigned; see hunk-wbs.tsv; implementation and behavioral verification remain TODO
01.002/001954	DONE	data/mypaint-brushes/classic/long_grass.myb	1	text	-0,0 -> 1,358	asset-or-translation	Bundled extended brush definition	19.001,19.002,19.003,19.004,19.005,19.006,19.007,19.008,19.009,30.009,30.017	Enumerated and assigned; see hunk-wbs.tsv; implementation and behavioral verification remain TODO
01.002/001955	DONE	data/mypaint-brushes/classic/long_grass_prev.png	1	metadata-or-binary	no textual hunk	asset-or-translation	Brush preview/image source asset	19.013/preview-contract,30.017	Enumerated and assigned; see hunk-wbs.tsv; implementation and behavioral verification remain TODO
01.002/001956	DONE	data/mypaint-brushes/classic/marker_fat.myb	1	text	-0,0 -> 1,236	asset-or-translation	Bundled extended brush definition	19.001,19.002,19.003,19.004,19.005,19.006,19.007,19.008,19.009,30.009,30.017	Enumerated and assigned; see hunk-wbs.tsv; implementation and behavioral verification remain TODO
01.002/001957	DONE	data/mypaint-brushes/classic/marker_fat_prev.png	1	metadata-or-binary	no textual hunk	asset-or-translation	Brush preview/image source asset	19.013/preview-contract,30.017	Enumerated and assigned; see hunk-wbs.tsv; implementation and behavioral verification remain TODO
01.002/001958	DONE	data/mypaint-brushes/classic/marker_small.myb	1	text	-0,0 -> 1,236	asset-or-translation	Bundled extended brush definition	19.001,19.002,19.003,19.004,19.005,19.006,19.007,19.008,19.009,30.009,30.017	Enumerated and assigned; see hunk-wbs.tsv; implementation and behavioral verification remain TODO
01.002/001959	DONE	data/mypaint-brushes/classic/marker_small_prev.png	1	metadata-or-binary	no textual hunk	asset-or-translation	Brush preview/image source asset	19.013/preview-contract,30.017	Enumerated and assigned; see hunk-wbs.tsv; implementation and behavioral verification remain TODO
01.002/001960	DONE	data/mypaint-brushes/classic/modelling.myb	1	text	-0,0 -> 1,260	asset-or-translation	Bundled extended brush definition	19.001,19.002,19.003,19.004,19.005,19.006,19.007,19.008,19.009,30.009,30.017	Enumerated and assigned; see hunk-wbs.tsv; implementation and behavioral verification remain TODO
01.002/001961	DONE	data/mypaint-brushes/classic/modelling2.myb	1	text	-0,0 -> 1,373	asset-or-translation	Bundled extended brush definition	19.001,19.002,19.003,19.004,19.005,19.006,19.007,19.008,19.009,30.009,30.017	Enumerated and assigned; see hunk-wbs.tsv; implementation and behavioral verification remain TODO
01.002/001962	DONE	data/mypaint-brushes/classic/modelling2_prev.png	1	metadata-or-binary	no textual hunk	asset-or-translation	Brush preview/image source asset	19.013/preview-contract,30.017	Enumerated and assigned; see hunk-wbs.tsv; implementation and behavioral verification remain TODO
01.002/001963	DONE	data/mypaint-brushes/classic/modelling_prev.png	1	metadata-or-binary	no textual hunk	asset-or-translation	Brush preview/image source asset	19.013/preview-contract,30.017	Enumerated and assigned; see hunk-wbs.tsv; implementation and behavioral verification remain TODO
01.002/001964	DONE	data/mypaint-brushes/classic/pen.myb	1	text	-0,0 -> 1,241	asset-or-translation	Bundled extended brush definition	19.001,19.002,19.003,19.004,19.005,19.006,19.007,19.008,19.009,30.009,30.017	Enumerated and assigned; see hunk-wbs.tsv; implementation and behavioral verification remain TODO
01.002/001965	DONE	data/mypaint-brushes/classic/pen_prev.png	1	metadata-or-binary	no textual hunk	asset-or-translation	Brush preview/image source asset	19.013/preview-contract,30.017	Enumerated and assigned; see hunk-wbs.tsv; implementation and behavioral verification remain TODO
01.002/001966	DONE	data/mypaint-brushes/classic/pencil.myb	1	text	-0,0 -> 1,213	asset-or-translation	Bundled extended brush definition	19.001,19.002,19.003,19.004,19.005,19.006,19.007,19.008,19.009,30.009,30.017	Enumerated and assigned; see hunk-wbs.tsv; implementation and behavioral verification remain TODO
01.002/001967	DONE	data/mypaint-brushes/classic/pencil_prev.png	1	metadata-or-binary	no textual hunk	asset-or-translation	Brush preview/image source asset	19.013/preview-contract,30.017	Enumerated and assigned; see hunk-wbs.tsv; implementation and behavioral verification remain TODO
01.002/001968	DONE	data/mypaint-brushes/classic/pointy_ink.myb	1	text	-0,0 -> 1,267	asset-or-translation	Bundled extended brush definition	19.001,19.002,19.003,19.004,19.005,19.006,19.007,19.008,19.009,30.009,30.017	Enumerated and assigned; see hunk-wbs.tsv; implementation and behavioral verification remain TODO
01.002/001969	DONE	data/mypaint-brushes/classic/pointy_ink_prev.png	1	metadata-or-binary	no textual hunk	asset-or-translation	Brush preview/image source asset	19.013/preview-contract,30.017	Enumerated and assigned; see hunk-wbs.tsv; implementation and behavioral verification remain TODO
01.002/001970	DONE	data/mypaint-brushes/classic/puantilism.myb	1	text	-0,0 -> 1,346	asset-or-translation	Bundled extended brush definition	19.001,19.002,19.003,19.004,19.005,19.006,19.007,19.008,19.009,30.009,30.017	Enumerated and assigned; see hunk-wbs.tsv; implementation and behavioral verification remain TODO
01.002/001971	DONE	data/mypaint-brushes/classic/puantilism2.myb	1	text	-0,0 -> 1,382	asset-or-translation	Bundled extended brush definition	19.001,19.002,19.003,19.004,19.005,19.006,19.007,19.008,19.009,30.009,30.017	Enumerated and assigned; see hunk-wbs.tsv; implementation and behavioral verification remain TODO
01.002/001972	DONE	data/mypaint-brushes/classic/puantilism2_prev.png	1	metadata-or-binary	no textual hunk	asset-or-translation	Brush preview/image source asset	19.013/preview-contract,30.017	Enumerated and assigned; see hunk-wbs.tsv; implementation and behavioral verification remain TODO
01.002/001973	DONE	data/mypaint-brushes/classic/puantilism_prev.png	1	metadata-or-binary	no textual hunk	asset-or-translation	Brush preview/image source asset	19.013/preview-contract,30.017	Enumerated and assigned; see hunk-wbs.tsv; implementation and behavioral verification remain TODO
01.002/001974	DONE	data/mypaint-brushes/classic/rounded.myb	1	text	-0,0 -> 1,221	asset-or-translation	Bundled extended brush definition	19.001,19.002,19.003,19.004,19.005,19.006,19.007,19.008,19.009,30.009,30.017	Enumerated and assigned; see hunk-wbs.tsv; implementation and behavioral verification remain TODO
01.002/001975	DONE	data/mypaint-brushes/classic/rounded_prev.png	1	metadata-or-binary	no textual hunk	asset-or-translation	Brush preview/image source asset	19.013/preview-contract,30.017	Enumerated and assigned; see hunk-wbs.tsv; implementation and behavioral verification remain TODO
01.002/001976	DONE	data/mypaint-brushes/classic/short_grass.myb	1	text	-0,0 -> 1,289	asset-or-translation	Bundled extended brush definition	19.001,19.002,19.003,19.004,19.005,19.006,19.007,19.008,19.009,30.009,30.017	Enumerated and assigned; see hunk-wbs.tsv; implementation and behavioral verification remain TODO
01.002/001977	DONE	data/mypaint-brushes/classic/short_grass_prev.png	1	metadata-or-binary	no textual hunk	asset-or-translation	Brush preview/image source asset	19.013/preview-contract,30.017	Enumerated and assigned; see hunk-wbs.tsv; implementation and behavioral verification remain TODO
01.002/001978	DONE	data/mypaint-brushes/classic/slow_ink.myb	1	text	-0,0 -> 1,241	asset-or-translation	Bundled extended brush definition	19.001,19.002,19.003,19.004,19.005,19.006,19.007,19.008,19.009,30.009,30.017	Enumerated and assigned; see hunk-wbs.tsv; implementation and behavioral verification remain TODO
01.002/001979	DONE	data/mypaint-brushes/classic/slow_ink_prev.png	1	metadata-or-binary	no textual hunk	asset-or-translation	Brush preview/image source asset	19.013/preview-contract,30.017	Enumerated and assigned; see hunk-wbs.tsv; implementation and behavioral verification remain TODO
01.002/001980	DONE	data/mypaint-brushes/classic/smudge+paint.myb	1	text	-0,0 -> 1,263	asset-or-translation	Bundled extended brush definition	19.001,19.002,19.003,19.004,19.005,19.006,19.007,19.008,19.009,30.009,30.017	Enumerated and assigned; see hunk-wbs.tsv; implementation and behavioral verification remain TODO
01.002/001981	DONE	data/mypaint-brushes/classic/smudge+paint_prev.png	1	metadata-or-binary	no textual hunk	asset-or-translation	Brush preview/image source asset	19.013/preview-contract,30.017	Enumerated and assigned; see hunk-wbs.tsv; implementation and behavioral verification remain TODO
01.002/001982	DONE	data/mypaint-brushes/classic/smudge.myb	1	text	-0,0 -> 1,213	asset-or-translation	Bundled extended brush definition	19.001,19.002,19.003,19.004,19.005,19.006,19.007,19.008,19.009,30.009,30.017	Enumerated and assigned; see hunk-wbs.tsv; implementation and behavioral verification remain TODO
01.002/001983	DONE	data/mypaint-brushes/classic/smudge_prev.png	1	metadata-or-binary	no textual hunk	asset-or-translation	Brush preview/image source asset	19.013/preview-contract,30.017	Enumerated and assigned; see hunk-wbs.tsv; implementation and behavioral verification remain TODO
01.002/001984	DONE	data/mypaint-brushes/classic/textured_ink.myb	1	text	-0,0 -> 1,228	asset-or-translation	Bundled extended brush definition	19.001,19.002,19.003,19.004,19.005,19.006,19.007,19.008,19.009,30.009,30.017	Enumerated and assigned; see hunk-wbs.tsv; implementation and behavioral verification remain TODO
01.002/001985	DONE	data/mypaint-brushes/classic/textured_ink_prev.png	1	metadata-or-binary	no textual hunk	asset-or-translation	Brush preview/image source asset	19.013/preview-contract,30.017	Enumerated and assigned; see hunk-wbs.tsv; implementation and behavioral verification remain TODO
01.002/001986	DONE	data/mypaint-brushes/classic/wet_knife.myb	1	text	-0,0 -> 1,221	asset-or-translation	Bundled extended brush definition	19.001,19.002,19.003,19.004,19.005,19.006,19.007,19.008,19.009,30.009,30.017	Enumerated and assigned; see hunk-wbs.tsv; implementation and behavioral verification remain TODO
01.002/001987	DONE	data/mypaint-brushes/classic/wet_knife_prev.png	1	metadata-or-binary	no textual hunk	asset-or-translation	Brush preview/image source asset	19.013/preview-contract,30.017	Enumerated and assigned; see hunk-wbs.tsv; implementation and behavioral verification remain TODO
01.002/001988	DONE	data/mypaint-brushes/deevad/2B_pencil.myb	1	text	-0,0 -> 1,228	asset-or-translation	Bundled extended brush definition	19.001,19.002,19.003,19.004,19.005,19.006,19.007,19.008,19.009,30.009,30.017	Enumerated and assigned; see hunk-wbs.tsv; implementation and behavioral verification remain TODO
01.002/001989	DONE	data/mypaint-brushes/deevad/2B_pencil_prev.png	1	metadata-or-binary	no textual hunk	asset-or-translation	Brush preview/image source asset	19.013/preview-contract,30.017	Enumerated and assigned; see hunk-wbs.tsv; implementation and behavioral verification remain TODO
01.002/001990	DONE	data/mypaint-brushes/deevad/4H_pencil.myb	1	text	-0,0 -> 1,228	asset-or-translation	Bundled extended brush definition	19.001,19.002,19.003,19.004,19.005,19.006,19.007,19.008,19.009,30.009,30.017	Enumerated and assigned; see hunk-wbs.tsv; implementation and behavioral verification remain TODO
01.002/001991	DONE	data/mypaint-brushes/deevad/4H_pencil_prev.png	1	metadata-or-binary	no textual hunk	asset-or-translation	Brush preview/image source asset	19.013/preview-contract,30.017	Enumerated and assigned; see hunk-wbs.tsv; implementation and behavioral verification remain TODO
01.002/001992	DONE	data/mypaint-brushes/deevad/Makefile.am	1	text	-0,0 -> 1,79	asset-or-translation	Resource distribution manifest	30.009,30.010,30.011,30.017	Enumerated and assigned; see hunk-wbs.tsv; implementation and behavioral verification remain TODO
01.002/001993	DONE	data/mypaint-brushes/deevad/airbrush.myb	1	text	-0,0 -> 1,232	asset-or-translation	Bundled extended brush definition	19.001,19.002,19.003,19.004,19.005,19.006,19.007,19.008,19.009,30.009,30.017	Enumerated and assigned; see hunk-wbs.tsv; implementation and behavioral verification remain TODO
01.002/001994	DONE	data/mypaint-brushes/deevad/airbrush_prev.png	1	metadata-or-binary	no textual hunk	asset-or-translation	Brush preview/image source asset	19.013/preview-contract,30.017	Enumerated and assigned; see hunk-wbs.tsv; implementation and behavioral verification remain TODO
01.002/001995	DONE	data/mypaint-brushes/deevad/ballpen.myb	1	text	-0,0 -> 1,234	asset-or-translation	Bundled extended brush definition	19.001,19.002,19.003,19.004,19.005,19.006,19.007,19.008,19.009,30.009,30.017	Enumerated and assigned; see hunk-wbs.tsv; implementation and behavioral verification remain TODO
01.002/001996	DONE	data/mypaint-brushes/deevad/ballpen_prev.png	1	metadata-or-binary	no textual hunk	asset-or-translation	Brush preview/image source asset	19.013/preview-contract,30.017	Enumerated and assigned; see hunk-wbs.tsv; implementation and behavioral verification remain TODO
01.002/001997	DONE	data/mypaint-brushes/deevad/basic_digital_brush.myb	1	text	-0,0 -> 1,271	asset-or-translation	Bundled extended brush definition	19.001,19.002,19.003,19.004,19.005,19.006,19.007,19.008,19.009,30.009,30.017	Enumerated and assigned; see hunk-wbs.tsv; implementation and behavioral verification remain TODO
01.002/001998	DONE	data/mypaint-brushes/deevad/basic_digital_brush_prev.png	1	metadata-or-binary	no textual hunk	asset-or-translation	Brush preview/image source asset	19.013/preview-contract,30.017	Enumerated and assigned; see hunk-wbs.tsv; implementation and behavioral verification remain TODO
01.002/001999	DONE	data/mypaint-brushes/deevad/basic_digital_brush_smudging.myb	1	text	-0,0 -> 1,255	asset-or-translation	Bundled extended brush definition	19.001,19.002,19.003,19.004,19.005,19.006,19.007,19.008,19.009,30.009,30.017	Enumerated and assigned; see hunk-wbs.tsv; implementation and behavioral verification remain TODO
01.002/002000	DONE	data/mypaint-brushes/deevad/basic_digital_brush_smudging_prev.png	1	metadata-or-binary	no textual hunk	asset-or-translation	Brush preview/image source asset	19.013/preview-contract,30.017	Enumerated and assigned; see hunk-wbs.tsv; implementation and behavioral verification remain TODO
01.002/002001	DONE	data/mypaint-brushes/deevad/basic_digital_knife.myb	1	text	-0,0 -> 1,271	asset-or-translation	Bundled extended brush definition	19.001,19.002,19.003,19.004,19.005,19.006,19.007,19.008,19.009,30.009,30.017	Enumerated and assigned; see hunk-wbs.tsv; implementation and behavioral verification remain TODO
01.002/002002	DONE	data/mypaint-brushes/deevad/basic_digital_knife_prev.png	1	metadata-or-binary	no textual hunk	asset-or-translation	Brush preview/image source asset	19.013/preview-contract,30.017	Enumerated and assigned; see hunk-wbs.tsv; implementation and behavioral verification remain TODO
01.002/002003	DONE	data/mypaint-brushes/deevad/basic_digital_knife_smudging.myb	1	text	-0,0 -> 1,244	asset-or-translation	Bundled extended brush definition	19.001,19.002,19.003,19.004,19.005,19.006,19.007,19.008,19.009,30.009,30.017	Enumerated and assigned; see hunk-wbs.tsv; implementation and behavioral verification remain TODO
01.002/002004	DONE	data/mypaint-brushes/deevad/basic_digital_knife_smudging_prev.png	1	metadata-or-binary	no textual hunk	asset-or-translation	Brush preview/image source asset	19.013/preview-contract,30.017	Enumerated and assigned; see hunk-wbs.tsv; implementation and behavioral verification remain TODO
01.002/002005	DONE	data/mypaint-brushes/deevad/blending.myb	1	text	-0,0 -> 1,213	asset-or-translation	Bundled extended brush definition	19.001,19.002,19.003,19.004,19.005,19.006,19.007,19.008,19.009,30.009,30.017	Enumerated and assigned; see hunk-wbs.tsv; implementation and behavioral verification remain TODO
01.002/002006	DONE	data/mypaint-brushes/deevad/blending_prev.png	1	metadata-or-binary	no textual hunk	asset-or-translation	Brush preview/image source asset	19.013/preview-contract,30.017	Enumerated and assigned; see hunk-wbs.tsv; implementation and behavioral verification remain TODO
01.002/002007	DONE	data/mypaint-brushes/deevad/brush.myb	1	text	-0,0 -> 1,229	asset-or-translation	Bundled extended brush definition	19.001,19.002,19.003,19.004,19.005,19.006,19.007,19.008,19.009,30.009,30.017	Enumerated and assigned; see hunk-wbs.tsv; implementation and behavioral verification remain TODO
01.002/002008	DONE	data/mypaint-brushes/deevad/brush_prev.png	1	metadata-or-binary	no textual hunk	asset-or-translation	Brush preview/image source asset	19.013/preview-contract,30.017	Enumerated and assigned; see hunk-wbs.tsv; implementation and behavioral verification remain TODO
01.002/002009	DONE	data/mypaint-brushes/deevad/chalk.myb	1	text	-0,0 -> 1,248	asset-or-translation	Bundled extended brush definition	19.001,19.002,19.003,19.004,19.005,19.006,19.007,19.008,19.009,30.009,30.017	Enumerated and assigned; see hunk-wbs.tsv; implementation and behavioral verification remain TODO
01.002/002010	DONE	data/mypaint-brushes/deevad/chalk_prev.png	1	metadata-or-binary	no textual hunk	asset-or-translation	Brush preview/image source asset	19.013/preview-contract,30.017	Enumerated and assigned; see hunk-wbs.tsv; implementation and behavioral verification remain TODO
01.002/002011	DONE	data/mypaint-brushes/deevad/detail_brush_large.myb	1	text	-0,0 -> 1,237	asset-or-translation	Bundled extended brush definition	19.001,19.002,19.003,19.004,19.005,19.006,19.007,19.008,19.009,30.009,30.017	Enumerated and assigned; see hunk-wbs.tsv; implementation and behavioral verification remain TODO
01.002/002012	DONE	data/mypaint-brushes/deevad/detail_brush_large_glazing.myb	1	text	-0,0 -> 1,237	asset-or-translation	Bundled extended brush definition	19.001,19.002,19.003,19.004,19.005,19.006,19.007,19.008,19.009,30.009,30.017	Enumerated and assigned; see hunk-wbs.tsv; implementation and behavioral verification remain TODO
01.002/002013	DONE	data/mypaint-brushes/deevad/detail_brush_large_glazing_prev.png	1	metadata-or-binary	no textual hunk	asset-or-translation	Brush preview/image source asset	19.013/preview-contract,30.017	Enumerated and assigned; see hunk-wbs.tsv; implementation and behavioral verification remain TODO
01.002/002014	DONE	data/mypaint-brushes/deevad/detail_brush_large_prev.png	1	metadata-or-binary	no textual hunk	asset-or-translation	Brush preview/image source asset	19.013/preview-contract,30.017	Enumerated and assigned; see hunk-wbs.tsv; implementation and behavioral verification remain TODO
01.002/002015	DONE	data/mypaint-brushes/deevad/detail_brush_thin.myb	1	text	-0,0 -> 1,237	asset-or-translation	Bundled extended brush definition	19.001,19.002,19.003,19.004,19.005,19.006,19.007,19.008,19.009,30.009,30.017	Enumerated and assigned; see hunk-wbs.tsv; implementation and behavioral verification remain TODO
01.002/002016	DONE	data/mypaint-brushes/deevad/detail_brush_thin_glazing.myb	1	text	-0,0 -> 1,237	asset-or-translation	Bundled extended brush definition	19.001,19.002,19.003,19.004,19.005,19.006,19.007,19.008,19.009,30.009,30.017	Enumerated and assigned; see hunk-wbs.tsv; implementation and behavioral verification remain TODO
01.002/002017	DONE	data/mypaint-brushes/deevad/detail_brush_thin_glazing_prev.png	1	metadata-or-binary	no textual hunk	asset-or-translation	Brush preview/image source asset	19.013/preview-contract,30.017	Enumerated and assigned; see hunk-wbs.tsv; implementation and behavioral verification remain TODO
01.002/002018	DONE	data/mypaint-brushes/deevad/detail_brush_thin_prev.png	1	metadata-or-binary	no textual hunk	asset-or-translation	Brush preview/image source asset	19.013/preview-contract,30.017	Enumerated and assigned; see hunk-wbs.tsv; implementation and behavioral verification remain TODO
01.002/002019	DONE	data/mypaint-brushes/deevad/files	1	text	-0,0 -> 1,48	asset-or-translation	Resource distribution manifest	30.009,30.010,30.011,30.017	Enumerated and assigned; see hunk-wbs.tsv; implementation and behavioral verification remain TODO
01.002/002020	DONE	data/mypaint-brushes/deevad/fill.myb	1	text	-0,0 -> 1,221	asset-or-translation	Bundled extended brush definition	19.001,19.002,19.003,19.004,19.005,19.006,19.007,19.008,19.009,30.009,30.017	Enumerated and assigned; see hunk-wbs.tsv; implementation and behavioral verification remain TODO
01.002/002021	DONE	data/mypaint-brushes/deevad/fill_prev.png	1	metadata-or-binary	no textual hunk	asset-or-translation	Brush preview/image source asset	19.013/preview-contract,30.017	Enumerated and assigned; see hunk-wbs.tsv; implementation and behavioral verification remain TODO
01.002/002022	DONE	data/mypaint-brushes/deevad/grainy_blending.myb	1	text	-0,0 -> 1,202	asset-or-translation	Bundled extended brush definition	19.001,19.002,19.003,19.004,19.005,19.006,19.007,19.008,19.009,30.009,30.017	Enumerated and assigned; see hunk-wbs.tsv; implementation and behavioral verification remain TODO
01.002/002023	DONE	data/mypaint-brushes/deevad/grainy_blending_prev.png	1	metadata-or-binary	no textual hunk	asset-or-translation	Brush preview/image source asset	19.013/preview-contract,30.017	Enumerated and assigned; see hunk-wbs.tsv; implementation and behavioral verification remain TODO
01.002/002024	DONE	data/mypaint-brushes/deevad/kneaded_eraser.myb	1	text	-0,0 -> 1,237	asset-or-translation	Bundled extended brush definition	19.001,19.002,19.003,19.004,19.005,19.006,19.007,19.008,19.009,30.009,30.017	Enumerated and assigned; see hunk-wbs.tsv; implementation and behavioral verification remain TODO
01.002/002025	DONE	data/mypaint-brushes/deevad/kneaded_eraser_large.myb	1	text	-0,0 -> 1,237	asset-or-translation	Bundled extended brush definition	19.001,19.002,19.003,19.004,19.005,19.006,19.007,19.008,19.009,30.009,30.017	Enumerated and assigned; see hunk-wbs.tsv; implementation and behavioral verification remain TODO
01.002/002026	DONE	data/mypaint-brushes/deevad/kneaded_eraser_large_prev.png	1	metadata-or-binary	no textual hunk	asset-or-translation	Brush preview/image source asset	19.013/preview-contract,30.017	Enumerated and assigned; see hunk-wbs.tsv; implementation and behavioral verification remain TODO
01.002/002027	DONE	data/mypaint-brushes/deevad/kneaded_eraser_prev.png	1	metadata-or-binary	no textual hunk	asset-or-translation	Brush preview/image source asset	19.013/preview-contract,30.017	Enumerated and assigned; see hunk-wbs.tsv; implementation and behavioral verification remain TODO
01.002/002028	DONE	data/mypaint-brushes/deevad/large_hard_eraser.myb	1	text	-0,0 -> 1,222	asset-or-translation	Bundled extended brush definition	19.001,19.002,19.003,19.004,19.005,19.006,19.007,19.008,19.009,30.009,30.017	Enumerated and assigned; see hunk-wbs.tsv; implementation and behavioral verification remain TODO
01.002/002029	DONE	data/mypaint-brushes/deevad/large_hard_eraser_prev.png	1	metadata-or-binary	no textual hunk	asset-or-translation	Brush preview/image source asset	19.013/preview-contract,30.017	Enumerated and assigned; see hunk-wbs.tsv; implementation and behavioral verification remain TODO
01.002/002030	DONE	data/mypaint-brushes/deevad/large_watercolor_fringe.myb	1	text	-0,0 -> 1,228	asset-or-translation	Bundled extended brush definition	19.001,19.002,19.003,19.004,19.005,19.006,19.007,19.008,19.009,30.009,30.017	Enumerated and assigned; see hunk-wbs.tsv; implementation and behavioral verification remain TODO
01.002/002031	DONE	data/mypaint-brushes/deevad/large_watercolor_fringe_prev.png	1	metadata-or-binary	no textual hunk	asset-or-translation	Brush preview/image source asset	19.013/preview-contract,30.017	Enumerated and assigned; see hunk-wbs.tsv; implementation and behavioral verification remain TODO
01.002/002032	DONE	data/mypaint-brushes/deevad/liner.myb	1	text	-0,0 -> 1,199	asset-or-translation	Bundled extended brush definition	19.001,19.002,19.003,19.004,19.005,19.006,19.007,19.008,19.009,30.009,30.017	Enumerated and assigned; see hunk-wbs.tsv; implementation and behavioral verification remain TODO
01.002/002033	DONE	data/mypaint-brushes/deevad/liner_prev.png	1	metadata-or-binary	no textual hunk	asset-or-translation	Brush preview/image source asset	19.013/preview-contract,30.017	Enumerated and assigned; see hunk-wbs.tsv; implementation and behavioral verification remain TODO
01.002/002034	DONE	data/mypaint-brushes/deevad/only_water_fringe.myb	1	text	-0,0 -> 1,228	asset-or-translation	Bundled extended brush definition	19.001,19.002,19.003,19.004,19.005,19.006,19.007,19.008,19.009,30.009,30.017	Enumerated and assigned; see hunk-wbs.tsv; implementation and behavioral verification remain TODO
01.002/002035	DONE	data/mypaint-brushes/deevad/only_water_fringe_prev.png	1	metadata-or-binary	no textual hunk	asset-or-translation	Brush preview/image source asset	19.013/preview-contract,30.017	Enumerated and assigned; see hunk-wbs.tsv; implementation and behavioral verification remain TODO
01.002/002036	DONE	data/mypaint-brushes/deevad/pen-note.myb	1	text	-0,0 -> 1,241	asset-or-translation	Bundled extended brush definition	19.001,19.002,19.003,19.004,19.005,19.006,19.007,19.008,19.009,30.009,30.017	Enumerated and assigned; see hunk-wbs.tsv; implementation and behavioral verification remain TODO
01.002/002037	DONE	data/mypaint-brushes/deevad/pen-note_prev.png	1	metadata-or-binary	no textual hunk	asset-or-translation	Brush preview/image source asset	19.013/preview-contract,30.017	Enumerated and assigned; see hunk-wbs.tsv; implementation and behavioral verification remain TODO
01.002/002038	DONE	data/mypaint-brushes/deevad/pen.myb	1	text	-0,0 -> 1,237	asset-or-translation	Bundled extended brush definition	19.001,19.002,19.003,19.004,19.005,19.006,19.007,19.008,19.009,30.009,30.017	Enumerated and assigned; see hunk-wbs.tsv; implementation and behavioral verification remain TODO
01.002/002039	DONE	data/mypaint-brushes/deevad/pen_prev.png	1	metadata-or-binary	no textual hunk	asset-or-translation	Brush preview/image source asset	19.013/preview-contract,30.017	Enumerated and assigned; see hunk-wbs.tsv; implementation and behavioral verification remain TODO
01.002/002040	DONE	data/mypaint-brushes/deevad/readme.txt	1	text	-0,0 -> 1,24	asset-or-translation	Asset provenance and usage notice	34.005/license-manifest,38.010	Enumerated and assigned; see hunk-wbs.tsv; implementation and behavioral verification remain TODO
01.002/002041	DONE	data/mypaint-brushes/deevad/rigger_brush.myb	1	text	-0,0 -> 1,237	asset-or-translation	Bundled extended brush definition	19.001,19.002,19.003,19.004,19.005,19.006,19.007,19.008,19.009,30.009,30.017	Enumerated and assigned; see hunk-wbs.tsv; implementation and behavioral verification remain TODO
01.002/002042	DONE	data/mypaint-brushes/deevad/rigger_brush_prev.png	1	metadata-or-binary	no textual hunk	asset-or-translation	Brush preview/image source asset	19.013/preview-contract,30.017	Enumerated and assigned; see hunk-wbs.tsv; implementation and behavioral verification remain TODO
01.002/002043	DONE	data/mypaint-brushes/deevad/rigger_brush_thin.myb	1	text	-0,0 -> 1,237	asset-or-translation	Bundled extended brush definition	19.001,19.002,19.003,19.004,19.005,19.006,19.007,19.008,19.009,30.009,30.017	Enumerated and assigned; see hunk-wbs.tsv; implementation and behavioral verification remain TODO
01.002/002044	DONE	data/mypaint-brushes/deevad/rigger_brush_thin_prev.png	1	metadata-or-binary	no textual hunk	asset-or-translation	Brush preview/image source asset	19.013/preview-contract,30.017	Enumerated and assigned; see hunk-wbs.tsv; implementation and behavioral verification remain TODO
01.002/002045	DONE	data/mypaint-brushes/deevad/rough.myb	1	text	-0,0 -> 1,237	asset-or-translation	Bundled extended brush definition	19.001,19.002,19.003,19.004,19.005,19.006,19.007,19.008,19.009,30.009,30.017	Enumerated and assigned; see hunk-wbs.tsv; implementation and behavioral verification remain TODO
01.002/002046	DONE	data/mypaint-brushes/deevad/rough_prev.png	1	metadata-or-binary	no textual hunk	asset-or-translation	Brush preview/image source asset	19.013/preview-contract,30.017	Enumerated and assigned; see hunk-wbs.tsv; implementation and behavioral verification remain TODO
01.002/002047	DONE	data/mypaint-brushes/deevad/soft-dip-pen.myb	1	text	-0,0 -> 1,266	asset-or-translation	Bundled extended brush definition	19.001,19.002,19.003,19.004,19.005,19.006,19.007,19.008,19.009,30.009,30.017	Enumerated and assigned; see hunk-wbs.tsv; implementation and behavioral verification remain TODO
01.002/002048	DONE	data/mypaint-brushes/deevad/soft-dip-pen_prev.png	1	metadata-or-binary	no textual hunk	asset-or-translation	Brush preview/image source asset	19.013/preview-contract,30.017	Enumerated and assigned; see hunk-wbs.tsv; implementation and behavioral verification remain TODO
01.002/002049	DONE	data/mypaint-brushes/deevad/sponge_smudging.myb	1	text	-0,0 -> 1,249	asset-or-translation	Bundled extended brush definition	19.001,19.002,19.003,19.004,19.005,19.006,19.007,19.008,19.009,30.009,30.017	Enumerated and assigned; see hunk-wbs.tsv; implementation and behavioral verification remain TODO
01.002/002050	DONE	data/mypaint-brushes/deevad/sponge_smudging_prev.png	1	metadata-or-binary	no textual hunk	asset-or-translation	Brush preview/image source asset	19.013/preview-contract,30.017	Enumerated and assigned; see hunk-wbs.tsv; implementation and behavioral verification remain TODO
01.002/002051	DONE	data/mypaint-brushes/deevad/spray.myb	1	text	-0,0 -> 1,232	asset-or-translation	Bundled extended brush definition	19.001,19.002,19.003,19.004,19.005,19.006,19.007,19.008,19.009,30.009,30.017	Enumerated and assigned; see hunk-wbs.tsv; implementation and behavioral verification remain TODO
01.002/002052	DONE	data/mypaint-brushes/deevad/spray2.myb	1	text	-0,0 -> 1,243	asset-or-translation	Bundled extended brush definition	19.001,19.002,19.003,19.004,19.005,19.006,19.007,19.008,19.009,30.009,30.017	Enumerated and assigned; see hunk-wbs.tsv; implementation and behavioral verification remain TODO
01.002/002053	DONE	data/mypaint-brushes/deevad/spray2_prev.png	1	metadata-or-binary	no textual hunk	asset-or-translation	Brush preview/image source asset	19.013/preview-contract,30.017	Enumerated and assigned; see hunk-wbs.tsv; implementation and behavioral verification remain TODO
01.002/002054	DONE	data/mypaint-brushes/deevad/spray_prev.png	1	metadata-or-binary	no textual hunk	asset-or-translation	Brush preview/image source asset	19.013/preview-contract,30.017	Enumerated and assigned; see hunk-wbs.tsv; implementation and behavioral verification remain TODO
01.002/002055	DONE	data/mypaint-brushes/deevad/thin_hard_eraser.myb	1	text	-0,0 -> 1,222	asset-or-translation	Bundled extended brush definition	19.001,19.002,19.003,19.004,19.005,19.006,19.007,19.008,19.009,30.009,30.017	Enumerated and assigned; see hunk-wbs.tsv; implementation and behavioral verification remain TODO
01.002/002056	DONE	data/mypaint-brushes/deevad/thin_hard_eraser_prev.png	1	metadata-or-binary	no textual hunk	asset-or-translation	Brush preview/image source asset	19.013/preview-contract,30.017	Enumerated and assigned; see hunk-wbs.tsv; implementation and behavioral verification remain TODO
01.002/002057	DONE	data/mypaint-brushes/deevad/thin_watercolor.myb	1	text	-0,0 -> 1,46	asset-or-translation	Bundled extended brush definition	19.001,19.002,19.003,19.004,19.005,19.006,19.007,19.008,19.009,30.009,30.017	Enumerated and assigned; see hunk-wbs.tsv; implementation and behavioral verification remain TODO
01.002/002058	DONE	data/mypaint-brushes/deevad/thin_watercolor_prev.png	1	metadata-or-binary	no textual hunk	asset-or-translation	Brush preview/image source asset	19.013/preview-contract,30.017	Enumerated and assigned; see hunk-wbs.tsv; implementation and behavioral verification remain TODO
01.002/002059	DONE	data/mypaint-brushes/deevad/watercolor_expressive.myb	1	text	-0,0 -> 1,320	asset-or-translation	Bundled extended brush definition	19.001,19.002,19.003,19.004,19.005,19.006,19.007,19.008,19.009,30.009,30.017	Enumerated and assigned; see hunk-wbs.tsv; implementation and behavioral verification remain TODO
01.002/002060	DONE	data/mypaint-brushes/deevad/watercolor_expressive_prev.png	1	metadata-or-binary	no textual hunk	asset-or-translation	Brush preview/image source asset	19.013/preview-contract,30.017	Enumerated and assigned; see hunk-wbs.tsv; implementation and behavioral verification remain TODO
01.002/002061	DONE	data/mypaint-brushes/deevad/watercolor_glazing.myb	1	text	-0,0 -> 1,251	asset-or-translation	Bundled extended brush definition	19.001,19.002,19.003,19.004,19.005,19.006,19.007,19.008,19.009,30.009,30.017	Enumerated and assigned; see hunk-wbs.tsv; implementation and behavioral verification remain TODO
01.002/002062	DONE	data/mypaint-brushes/deevad/watercolor_glazing_prev.png	1	metadata-or-binary	no textual hunk	asset-or-translation	Brush preview/image source asset	19.013/preview-contract,30.017	Enumerated and assigned; see hunk-wbs.tsv; implementation and behavioral verification remain TODO
01.002/002063	DONE	data/mypaint-brushes/experimental/1pixel.myb	1	text	-0,0 -> 1,256	asset-or-translation	Bundled extended brush definition	19.001,19.002,19.003,19.004,19.005,19.006,19.007,19.008,19.009,30.009,30.017	Enumerated and assigned; see hunk-wbs.tsv; implementation and behavioral verification remain TODO
01.002/002064	DONE	data/mypaint-brushes/experimental/1pixel_prev.png	1	metadata-or-binary	no textual hunk	asset-or-translation	Brush preview/image source asset	19.013/preview-contract,30.017	Enumerated and assigned; see hunk-wbs.tsv; implementation and behavioral verification remain TODO
01.002/002065	DONE	data/mypaint-brushes/experimental/DNA_brush.myb	1	text	-0,0 -> 1,274	asset-or-translation	Bundled extended brush definition	19.001,19.002,19.003,19.004,19.005,19.006,19.007,19.008,19.009,30.009,30.017	Enumerated and assigned; see hunk-wbs.tsv; implementation and behavioral verification remain TODO
01.002/002066	DONE	data/mypaint-brushes/experimental/DNA_brush_prev.png	1	metadata-or-binary	no textual hunk	asset-or-translation	Brush preview/image source asset	19.013/preview-contract,30.017	Enumerated and assigned; see hunk-wbs.tsv; implementation and behavioral verification remain TODO
01.002/002067	DONE	data/mypaint-brushes/experimental/Makefile.am	1	text	-0,0 -> 1,53	asset-or-translation	Resource distribution manifest	30.009,30.010,30.011,30.017	Enumerated and assigned; see hunk-wbs.tsv; implementation and behavioral verification remain TODO
01.002/002068	DONE	data/mypaint-brushes/experimental/basic.myb	1	text	-0,0 -> 1,191	asset-or-translation	Bundled extended brush definition	19.001,19.002,19.003,19.004,19.005,19.006,19.007,19.008,19.009,30.009,30.017	Enumerated and assigned; see hunk-wbs.tsv; implementation and behavioral verification remain TODO
01.002/002069	DONE	data/mypaint-brushes/experimental/basic_prev.png	1	metadata-or-binary	no textual hunk	asset-or-translation	Brush preview/image source asset	19.013/preview-contract,30.017	Enumerated and assigned; see hunk-wbs.tsv; implementation and behavioral verification remain TODO
01.002/002070	DONE	data/mypaint-brushes/experimental/bubble.myb	1	text	-0,0 -> 1,309	asset-or-translation	Bundled extended brush definition	19.001,19.002,19.003,19.004,19.005,19.006,19.007,19.008,19.009,30.009,30.017	Enumerated and assigned; see hunk-wbs.tsv; implementation and behavioral verification remain TODO
01.002/002071	DONE	data/mypaint-brushes/experimental/bubble_prev.png	1	metadata-or-binary	no textual hunk	asset-or-translation	Brush preview/image source asset	19.013/preview-contract,30.017	Enumerated and assigned; see hunk-wbs.tsv; implementation and behavioral verification remain TODO
01.002/002072	DONE	data/mypaint-brushes/experimental/files	1	text	-0,0 -> 1,48	asset-or-translation	Resource distribution manifest	30.009,30.010,30.011,30.017	Enumerated and assigned; see hunk-wbs.tsv; implementation and behavioral verification remain TODO
01.002/002073	DONE	data/mypaint-brushes/experimental/fur.myb	1	text	-0,0 -> 1,387	asset-or-translation	Bundled extended brush definition	19.001,19.002,19.003,19.004,19.005,19.006,19.007,19.008,19.009,30.009,30.017	Enumerated and assigned; see hunk-wbs.tsv; implementation and behavioral verification remain TODO
01.002/002074	DONE	data/mypaint-brushes/experimental/fur_prev.png	1	metadata-or-binary	no textual hunk	asset-or-translation	Brush preview/image source asset	19.013/preview-contract,30.017	Enumerated and assigned; see hunk-wbs.tsv; implementation and behavioral verification remain TODO
01.002/002075	DONE	data/mypaint-brushes/experimental/glow.myb	1	text	-0,0 -> 1,241	asset-or-translation	Bundled extended brush definition	19.001,19.002,19.003,19.004,19.005,19.006,19.007,19.008,19.009,30.009,30.017	Enumerated and assigned; see hunk-wbs.tsv; implementation and behavioral verification remain TODO
01.002/002076	DONE	data/mypaint-brushes/experimental/glow_prev.png	1	metadata-or-binary	no textual hunk	asset-or-translation	Brush preview/image source asset	19.013/preview-contract,30.017	Enumerated and assigned; see hunk-wbs.tsv; implementation and behavioral verification remain TODO
01.002/002077	DONE	data/mypaint-brushes/experimental/hard_blot.myb	1	text	-0,0 -> 1,191	asset-or-translation	Bundled extended brush definition	19.001,19.002,19.003,19.004,19.005,19.006,19.007,19.008,19.009,30.009,30.017	Enumerated and assigned; see hunk-wbs.tsv; implementation and behavioral verification remain TODO
01.002/002078	DONE	data/mypaint-brushes/experimental/hard_blot_prev.png	1	metadata-or-binary	no textual hunk	asset-or-translation	Brush preview/image source asset	19.013/preview-contract,30.017	Enumerated and assigned; see hunk-wbs.tsv; implementation and behavioral verification remain TODO
01.002/002079	DONE	data/mypaint-brushes/experimental/hard_sting.myb	1	text	-0,0 -> 1,263	asset-or-translation	Bundled extended brush definition	19.001,19.002,19.003,19.004,19.005,19.006,19.007,19.008,19.009,30.009,30.017	Enumerated and assigned; see hunk-wbs.tsv; implementation and behavioral verification remain TODO
01.002/002080	DONE	data/mypaint-brushes/experimental/hard_sting_prev.png	1	metadata-or-binary	no textual hunk	asset-or-translation	Brush preview/image source asset	19.013/preview-contract,30.017	Enumerated and assigned; see hunk-wbs.tsv; implementation and behavioral verification remain TODO
01.002/002081	DONE	data/mypaint-brushes/experimental/irregular_ink.myb	1	text	-0,0 -> 1,263	asset-or-translation	Bundled extended brush definition	19.001,19.002,19.003,19.004,19.005,19.006,19.007,19.008,19.009,30.009,30.017	Enumerated and assigned; see hunk-wbs.tsv; implementation and behavioral verification remain TODO
01.002/002082	DONE	data/mypaint-brushes/experimental/irregular_ink_prev.png	1	metadata-or-binary	no textual hunk	asset-or-translation	Brush preview/image source asset	19.013/preview-contract,30.017	Enumerated and assigned; see hunk-wbs.tsv; implementation and behavioral verification remain TODO
01.002/002083	DONE	data/mypaint-brushes/experimental/leaves.myb	1	text	-0,0 -> 1,316	asset-or-translation	Bundled extended brush definition	19.001,19.002,19.003,19.004,19.005,19.006,19.007,19.008,19.009,30.009,30.017	Enumerated and assigned; see hunk-wbs.tsv; implementation and behavioral verification remain TODO
01.002/002084	DONE	data/mypaint-brushes/experimental/leaves_prev.png	1	metadata-or-binary	no textual hunk	asset-or-translation	Brush preview/image source asset	19.013/preview-contract,30.017	Enumerated and assigned; see hunk-wbs.tsv; implementation and behavioral verification remain TODO
01.002/002085	DONE	data/mypaint-brushes/experimental/particules_3.myb	1	text	-0,0 -> 1,319	asset-or-translation	Bundled extended brush definition	19.001,19.002,19.003,19.004,19.005,19.006,19.007,19.008,19.009,30.009,30.017	Enumerated and assigned; see hunk-wbs.tsv; implementation and behavioral verification remain TODO
01.002/002086	DONE	data/mypaint-brushes/experimental/particules_3_prev.png	1	metadata-or-binary	no textual hunk	asset-or-translation	Brush preview/image source asset	19.013/preview-contract,30.017	Enumerated and assigned; see hunk-wbs.tsv; implementation and behavioral verification remain TODO
01.002/002087	DONE	data/mypaint-brushes/experimental/particules_eraser.myb	1	text	-0,0 -> 1,271	asset-or-translation	Bundled extended brush definition	19.001,19.002,19.003,19.004,19.005,19.006,19.007,19.008,19.009,30.009,30.017	Enumerated and assigned; see hunk-wbs.tsv; implementation and behavioral verification remain TODO
01.002/002088	DONE	data/mypaint-brushes/experimental/particules_eraser_prev.png	1	metadata-or-binary	no textual hunk	asset-or-translation	Brush preview/image source asset	19.013/preview-contract,30.017	Enumerated and assigned; see hunk-wbs.tsv; implementation and behavioral verification remain TODO
01.002/002089	DONE	data/mypaint-brushes/experimental/pick_and_drag.myb	1	text	-0,0 -> 1,285	asset-or-translation	Bundled extended brush definition	19.001,19.002,19.003,19.004,19.005,19.006,19.007,19.008,19.009,30.009,30.017	Enumerated and assigned; see hunk-wbs.tsv; implementation and behavioral verification remain TODO
01.002/002090	DONE	data/mypaint-brushes/experimental/pick_and_drag_prev.png	1	metadata-or-binary	no textual hunk	asset-or-translation	Brush preview/image source asset	19.013/preview-contract,30.017	Enumerated and assigned; see hunk-wbs.tsv; implementation and behavioral verification remain TODO
01.002/002091	DONE	data/mypaint-brushes/experimental/pixel_hardink.myb	1	text	-0,0 -> 1,274	asset-or-translation	Bundled extended brush definition	19.001,19.002,19.003,19.004,19.005,19.006,19.007,19.008,19.009,30.009,30.017	Enumerated and assigned; see hunk-wbs.tsv; implementation and behavioral verification remain TODO
01.002/002092	DONE	data/mypaint-brushes/experimental/pixel_hardink_prev.png	1	metadata-or-binary	no textual hunk	asset-or-translation	Brush preview/image source asset	19.013/preview-contract,30.017	Enumerated and assigned; see hunk-wbs.tsv; implementation and behavioral verification remain TODO
01.002/002093	DONE	data/mypaint-brushes/experimental/pixelblocking.myb	1	text	-0,0 -> 1,256	asset-or-translation	Bundled extended brush definition	19.001,19.002,19.003,19.004,19.005,19.006,19.007,19.008,19.009,30.009,30.017	Enumerated and assigned; see hunk-wbs.tsv; implementation and behavioral verification remain TODO
01.002/002094	DONE	data/mypaint-brushes/experimental/pixelblocking_prev.png	1	metadata-or-binary	no textual hunk	asset-or-translation	Brush preview/image source asset	19.013/preview-contract,30.017	Enumerated and assigned; see hunk-wbs.tsv; implementation and behavioral verification remain TODO
01.002/002095	DONE	data/mypaint-brushes/experimental/sewing.myb	1	text	-0,0 -> 1,250	asset-or-translation	Bundled extended brush definition	19.001,19.002,19.003,19.004,19.005,19.006,19.007,19.008,19.009,30.009,30.017	Enumerated and assigned; see hunk-wbs.tsv; implementation and behavioral verification remain TODO
01.002/002096	DONE	data/mypaint-brushes/experimental/sewing_prev.png	1	metadata-or-binary	no textual hunk	asset-or-translation	Brush preview/image source asset	19.013/preview-contract,30.017	Enumerated and assigned; see hunk-wbs.tsv; implementation and behavioral verification remain TODO
01.002/002097	DONE	data/mypaint-brushes/experimental/small_blot.myb	1	text	-0,0 -> 1,202	asset-or-translation	Bundled extended brush definition	19.001,19.002,19.003,19.004,19.005,19.006,19.007,19.008,19.009,30.009,30.017	Enumerated and assigned; see hunk-wbs.tsv; implementation and behavioral verification remain TODO
01.002/002098	DONE	data/mypaint-brushes/experimental/small_blot_prev.png	1	metadata-or-binary	no textual hunk	asset-or-translation	Brush preview/image source asset	19.013/preview-contract,30.017	Enumerated and assigned; see hunk-wbs.tsv; implementation and behavioral verification remain TODO
01.002/002099	DONE	data/mypaint-brushes/experimental/soft.myb	1	text	-0,0 -> 1,228	asset-or-translation	Bundled extended brush definition	19.001,19.002,19.003,19.004,19.005,19.006,19.007,19.008,19.009,30.009,30.017	Enumerated and assigned; see hunk-wbs.tsv; implementation and behavioral verification remain TODO
01.002/002100	DONE	data/mypaint-brushes/experimental/soft_irregular.myb	1	text	-0,0 -> 1,253	asset-or-translation	Bundled extended brush definition	19.001,19.002,19.003,19.004,19.005,19.006,19.007,19.008,19.009,30.009,30.017	Enumerated and assigned; see hunk-wbs.tsv; implementation and behavioral verification remain TODO
01.002/002101	DONE	data/mypaint-brushes/experimental/soft_irregular_prev.png	1	metadata-or-binary	no textual hunk	asset-or-translation	Brush preview/image source asset	19.013/preview-contract,30.017	Enumerated and assigned; see hunk-wbs.tsv; implementation and behavioral verification remain TODO
01.002/002102	DONE	data/mypaint-brushes/experimental/soft_prev.png	1	metadata-or-binary	no textual hunk	asset-or-translation	Brush preview/image source asset	19.013/preview-contract,30.017	Enumerated and assigned; see hunk-wbs.tsv; implementation and behavioral verification remain TODO
01.002/002103	DONE	data/mypaint-brushes/experimental/spaced-blot.myb	1	text	-0,0 -> 1,232	asset-or-translation	Bundled extended brush definition	19.001,19.002,19.003,19.004,19.005,19.006,19.007,19.008,19.009,30.009,30.017	Enumerated and assigned; see hunk-wbs.tsv; implementation and behavioral verification remain TODO
01.002/002104	DONE	data/mypaint-brushes/experimental/spaced-blot_prev.png	1	metadata-or-binary	no textual hunk	asset-or-translation	Brush preview/image source asset	19.013/preview-contract,30.017	Enumerated and assigned; see hunk-wbs.tsv; implementation and behavioral verification remain TODO
01.002/002105	DONE	data/mypaint-brushes/experimental/speed_blot.myb	1	text	-0,0 -> 1,202	asset-or-translation	Bundled extended brush definition	19.001,19.002,19.003,19.004,19.005,19.006,19.007,19.008,19.009,30.009,30.017	Enumerated and assigned; see hunk-wbs.tsv; implementation and behavioral verification remain TODO
01.002/002106	DONE	data/mypaint-brushes/experimental/speed_blot_prev.png	1	metadata-or-binary	no textual hunk	asset-or-translation	Brush preview/image source asset	19.013/preview-contract,30.017	Enumerated and assigned; see hunk-wbs.tsv; implementation and behavioral verification remain TODO
01.002/002107	DONE	data/mypaint-brushes/experimental/subtle_pencil.myb	1	text	-0,0 -> 1,272	asset-or-translation	Bundled extended brush definition	19.001,19.002,19.003,19.004,19.005,19.006,19.007,19.008,19.009,30.009,30.017	Enumerated and assigned; see hunk-wbs.tsv; implementation and behavioral verification remain TODO
01.002/002108	DONE	data/mypaint-brushes/experimental/subtle_pencil_prev.png	1	metadata-or-binary	no textual hunk	asset-or-translation	Brush preview/image source asset	19.013/preview-contract,30.017	Enumerated and assigned; see hunk-wbs.tsv; implementation and behavioral verification remain TODO
01.002/002109	DONE	data/mypaint-brushes/experimental/track.myb	1	text	-0,0 -> 1,210	asset-or-translation	Bundled extended brush definition	19.001,19.002,19.003,19.004,19.005,19.006,19.007,19.008,19.009,30.009,30.017	Enumerated and assigned; see hunk-wbs.tsv; implementation and behavioral verification remain TODO
01.002/002110	DONE	data/mypaint-brushes/experimental/track_prev.png	1	metadata-or-binary	no textual hunk	asset-or-translation	Brush preview/image source asset	19.013/preview-contract,30.017	Enumerated and assigned; see hunk-wbs.tsv; implementation and behavioral verification remain TODO
01.002/002111	DONE	data/mypaint-brushes/kaerhon/Airbrush_a.myb	1	text	-0,0 -> 1,240	asset-or-translation	Bundled extended brush definition	19.001,19.002,19.003,19.004,19.005,19.006,19.007,19.008,19.009,30.009,30.017	Enumerated and assigned; see hunk-wbs.tsv; implementation and behavioral verification remain TODO
01.002/002112	DONE	data/mypaint-brushes/kaerhon/Airbrush_a_prev.png	1	metadata-or-binary	no textual hunk	asset-or-translation	Brush preview/image source asset	19.013/preview-contract,30.017	Enumerated and assigned; see hunk-wbs.tsv; implementation and behavioral verification remain TODO
01.002/002113	DONE	data/mypaint-brushes/kaerhon/Dirty_Transparent_sk.myb	1	text	-0,0 -> 1,249	asset-or-translation	Bundled extended brush definition	19.001,19.002,19.003,19.004,19.005,19.006,19.007,19.008,19.009,30.009,30.017	Enumerated and assigned; see hunk-wbs.tsv; implementation and behavioral verification remain TODO
01.002/002114	DONE	data/mypaint-brushes/kaerhon/Dirty_Transparent_sk_prev.png	1	metadata-or-binary	no textual hunk	asset-or-translation	Brush preview/image source asset	19.013/preview-contract,30.017	Enumerated and assigned; see hunk-wbs.tsv; implementation and behavioral verification remain TODO
01.002/002115	DONE	data/mypaint-brushes/kaerhon/Makefile.am	1	text	-0,0 -> 1,47	asset-or-translation	Resource distribution manifest	30.009,30.010,30.011,30.017	Enumerated and assigned; see hunk-wbs.tsv; implementation and behavioral verification remain TODO
01.002/002116	DONE	data/mypaint-brushes/kaerhon/ReadMe.txt	1	text	-0,0 -> 1,3	asset-or-translation	Asset provenance and usage notice	34.005/license-manifest,38.010	Enumerated and assigned; see hunk-wbs.tsv; implementation and behavioral verification remain TODO
01.002/002117	DONE	data/mypaint-brushes/kaerhon/Sketcher2_sk.myb	1	text	-0,0 -> 1,321	asset-or-translation	Bundled extended brush definition	19.001,19.002,19.003,19.004,19.005,19.006,19.007,19.008,19.009,30.009,30.017	Enumerated and assigned; see hunk-wbs.tsv; implementation and behavioral verification remain TODO
01.002/002118	DONE	data/mypaint-brushes/kaerhon/Sketcher2_sk_prev.png	1	metadata-or-binary	no textual hunk	asset-or-translation	Brush preview/image source asset	19.013/preview-contract,30.017	Enumerated and assigned; see hunk-wbs.tsv; implementation and behavioral verification remain TODO
01.002/002119	DONE	data/mypaint-brushes/kaerhon/Smear_sm.myb	1	text	-0,0 -> 1,264	asset-or-translation	Bundled extended brush definition	19.001,19.002,19.003,19.004,19.005,19.006,19.007,19.008,19.009,30.009,30.017	Enumerated and assigned; see hunk-wbs.tsv; implementation and behavioral verification remain TODO
01.002/002120	DONE	data/mypaint-brushes/kaerhon/Smear_sm_prev.png	1	metadata-or-binary	no textual hunk	asset-or-translation	Brush preview/image source asset	19.013/preview-contract,30.017	Enumerated and assigned; see hunk-wbs.tsv; implementation and behavioral verification remain TODO
01.002/002121	DONE	data/mypaint-brushes/kaerhon/airbruch_press_a.myb	1	text	-0,0 -> 1,250	asset-or-translation	Bundled extended brush definition	19.001,19.002,19.003,19.004,19.005,19.006,19.007,19.008,19.009,30.009,30.017	Enumerated and assigned; see hunk-wbs.tsv; implementation and behavioral verification remain TODO
01.002/002122	DONE	data/mypaint-brushes/kaerhon/airbruch_press_a_prev.png	1	metadata-or-binary	no textual hunk	asset-or-translation	Brush preview/image source asset	19.013/preview-contract,30.017	Enumerated and assigned; see hunk-wbs.tsv; implementation and behavioral verification remain TODO
01.002/002123	DONE	data/mypaint-brushes/kaerhon/airsmudge_a.myb	1	text	-0,0 -> 1,265	asset-or-translation	Bundled extended brush definition	19.001,19.002,19.003,19.004,19.005,19.006,19.007,19.008,19.009,30.009,30.017	Enumerated and assigned; see hunk-wbs.tsv; implementation and behavioral verification remain TODO
01.002/002124	DONE	data/mypaint-brushes/kaerhon/airsmudge_a_prev.png	1	metadata-or-binary	no textual hunk	asset-or-translation	Brush preview/image source asset	19.013/preview-contract,30.017	Enumerated and assigned; see hunk-wbs.tsv; implementation and behavioral verification remain TODO
01.002/002125	DONE	data/mypaint-brushes/kaerhon/airsmudgeultimate_sk.myb	1	text	-0,0 -> 1,299	asset-or-translation	Bundled extended brush definition	19.001,19.002,19.003,19.004,19.005,19.006,19.007,19.008,19.009,30.009,30.017	Enumerated and assigned; see hunk-wbs.tsv; implementation and behavioral verification remain TODO
01.002/002126	DONE	data/mypaint-brushes/kaerhon/airsmudgeultimate_sk_prev.png	1	metadata-or-binary	no textual hunk	asset-or-translation	Brush preview/image source asset	19.013/preview-contract,30.017	Enumerated and assigned; see hunk-wbs.tsv; implementation and behavioral verification remain TODO
01.002/002127	DONE	data/mypaint-brushes/kaerhon/classic_sk.myb	1	text	-0,0 -> 1,278	asset-or-translation	Bundled extended brush definition	19.001,19.002,19.003,19.004,19.005,19.006,19.007,19.008,19.009,30.009,30.017	Enumerated and assigned; see hunk-wbs.tsv; implementation and behavioral verification remain TODO
01.002/002128	DONE	data/mypaint-brushes/kaerhon/classic_sk_prev.png	1	metadata-or-binary	no textual hunk	asset-or-translation	Brush preview/image source asset	19.013/preview-contract,30.017	Enumerated and assigned; see hunk-wbs.tsv; implementation and behavioral verification remain TODO
01.002/002129	DONE	data/mypaint-brushes/kaerhon/classicroundblock_static_c.myb	1	text	-0,0 -> 1,267	asset-or-translation	Bundled extended brush definition	19.001,19.002,19.003,19.004,19.005,19.006,19.007,19.008,19.009,30.009,30.017	Enumerated and assigned; see hunk-wbs.tsv; implementation and behavioral verification remain TODO
01.002/002130	DONE	data/mypaint-brushes/kaerhon/classicroundblock_static_c_prev.png	1	metadata-or-binary	no textual hunk	asset-or-translation	Brush preview/image source asset	19.013/preview-contract,30.017	Enumerated and assigned; see hunk-wbs.tsv; implementation and behavioral verification remain TODO
01.002/002131	DONE	data/mypaint-brushes/kaerhon/extreme_round_l.myb	1	text	-0,0 -> 1,268	asset-or-translation	Bundled extended brush definition	19.001,19.002,19.003,19.004,19.005,19.006,19.007,19.008,19.009,30.009,30.017	Enumerated and assigned; see hunk-wbs.tsv; implementation and behavioral verification remain TODO
01.002/002132	DONE	data/mypaint-brushes/kaerhon/extreme_round_l_prev.png	1	metadata-or-binary	no textual hunk	asset-or-translation	Brush preview/image source asset	19.013/preview-contract,30.017	Enumerated and assigned; see hunk-wbs.tsv; implementation and behavioral verification remain TODO
01.002/002133	DONE	data/mypaint-brushes/kaerhon/files	1	text	-0,0 -> 1,47	asset-or-translation	Resource distribution manifest	30.009,30.010,30.011,30.017	Enumerated and assigned; see hunk-wbs.tsv; implementation and behavioral verification remain TODO
01.002/002134	DONE	data/mypaint-brushes/kaerhon/fill_c.myb	1	text	-0,0 -> 1,237	asset-or-translation	Bundled extended brush definition	19.001,19.002,19.003,19.004,19.005,19.006,19.007,19.008,19.009,30.009,30.017	Enumerated and assigned; see hunk-wbs.tsv; implementation and behavioral verification remain TODO
01.002/002135	DONE	data/mypaint-brushes/kaerhon/fill_c_prev.png	1	metadata-or-binary	no textual hunk	asset-or-translation	Brush preview/image source asset	19.013/preview-contract,30.017	Enumerated and assigned; see hunk-wbs.tsv; implementation and behavioral verification remain TODO
01.002/002136	DONE	data/mypaint-brushes/kaerhon/flat_bar_l.myb	1	text	-0,0 -> 1,279	asset-or-translation	Bundled extended brush definition	19.001,19.002,19.003,19.004,19.005,19.006,19.007,19.008,19.009,30.009,30.017	Enumerated and assigned; see hunk-wbs.tsv; implementation and behavioral verification remain TODO
01.002/002137	DONE	data/mypaint-brushes/kaerhon/flat_bar_l_prev.png	1	metadata-or-binary	no textual hunk	asset-or-translation	Brush preview/image source asset	19.013/preview-contract,30.017	Enumerated and assigned; see hunk-wbs.tsv; implementation and behavioral verification remain TODO
01.002/002138	DONE	data/mypaint-brushes/kaerhon/ink-slowline_s.myb	1	text	-0,0 -> 1,270	asset-or-translation	Bundled extended brush definition	19.001,19.002,19.003,19.004,19.005,19.006,19.007,19.008,19.009,30.009,30.017	Enumerated and assigned; see hunk-wbs.tsv; implementation and behavioral verification remain TODO
01.002/002139	DONE	data/mypaint-brushes/kaerhon/ink-slowline_s_prev.png	1	metadata-or-binary	no textual hunk	asset-or-translation	Brush preview/image source asset	19.013/preview-contract,30.017	Enumerated and assigned; see hunk-wbs.tsv; implementation and behavioral verification remain TODO
01.002/002140	DONE	data/mypaint-brushes/kaerhon/ink_slow_s.myb	1	text	-0,0 -> 1,278	asset-or-translation	Bundled extended brush definition	19.001,19.002,19.003,19.004,19.005,19.006,19.007,19.008,19.009,30.009,30.017	Enumerated and assigned; see hunk-wbs.tsv; implementation and behavioral verification remain TODO
01.002/002141	DONE	data/mypaint-brushes/kaerhon/ink_slow_s_prev.png	1	metadata-or-binary	no textual hunk	asset-or-translation	Brush preview/image source asset	19.013/preview-contract,30.017	Enumerated and assigned; see hunk-wbs.tsv; implementation and behavioral verification remain TODO
01.002/002142	DONE	data/mypaint-brushes/kaerhon/inkster_l.myb	1	text	-0,0 -> 1,265	asset-or-translation	Bundled extended brush definition	19.001,19.002,19.003,19.004,19.005,19.006,19.007,19.008,19.009,30.009,30.017	Enumerated and assigned; see hunk-wbs.tsv; implementation and behavioral verification remain TODO
01.002/002143	DONE	data/mypaint-brushes/kaerhon/inkster_l_prev.png	1	metadata-or-binary	no textual hunk	asset-or-translation	Brush preview/image source asset	19.013/preview-contract,30.017	Enumerated and assigned; see hunk-wbs.tsv; implementation and behavioral verification remain TODO
01.002/002144	DONE	data/mypaint-brushes/kaerhon/paint_barrr_sm.myb	1	text	-0,0 -> 1,267	asset-or-translation	Bundled extended brush definition	19.001,19.002,19.003,19.004,19.005,19.006,19.007,19.008,19.009,30.009,30.017	Enumerated and assigned; see hunk-wbs.tsv; implementation and behavioral verification remain TODO
01.002/002145	DONE	data/mypaint-brushes/kaerhon/paint_barrr_sm_prev.png	1	metadata-or-binary	no textual hunk	asset-or-translation	Brush preview/image source asset	19.013/preview-contract,30.017	Enumerated and assigned; see hunk-wbs.tsv; implementation and behavioral verification remain TODO
01.002/002146	DONE	data/mypaint-brushes/kaerhon/paint_radius_2_sm.myb	1	text	-0,0 -> 1,286	asset-or-translation	Bundled extended brush definition	19.001,19.002,19.003,19.004,19.005,19.006,19.007,19.008,19.009,30.009,30.017	Enumerated and assigned; see hunk-wbs.tsv; implementation and behavioral verification remain TODO
01.002/002147	DONE	data/mypaint-brushes/kaerhon/paint_radius_2_sm_prev.png	1	metadata-or-binary	no textual hunk	asset-or-translation	Brush preview/image source asset	19.013/preview-contract,30.017	Enumerated and assigned; see hunk-wbs.tsv; implementation and behavioral verification remain TODO
01.002/002148	DONE	data/mypaint-brushes/kaerhon/paint_sm.myb	1	text	-0,0 -> 1,275	asset-or-translation	Bundled extended brush definition	19.001,19.002,19.003,19.004,19.005,19.006,19.007,19.008,19.009,30.009,30.017	Enumerated and assigned; see hunk-wbs.tsv; implementation and behavioral verification remain TODO
01.002/002149	DONE	data/mypaint-brushes/kaerhon/paint_sm_prev.png	1	metadata-or-binary	no textual hunk	asset-or-translation	Brush preview/image source asset	19.013/preview-contract,30.017	Enumerated and assigned; see hunk-wbs.tsv; implementation and behavioral verification remain TODO
01.002/002150	DONE	data/mypaint-brushes/kaerhon/smudge_ink(0.7)_sm.myb	1	text	-0,0 -> 1,253	asset-or-translation	Bundled extended brush definition	19.001,19.002,19.003,19.004,19.005,19.006,19.007,19.008,19.009,30.009,30.017	Enumerated and assigned; see hunk-wbs.tsv; implementation and behavioral verification remain TODO
01.002/002151	DONE	data/mypaint-brushes/kaerhon/smudge_ink(0.7)_sm_prev.png	1	metadata-or-binary	no textual hunk	asset-or-translation	Brush preview/image source asset	19.013/preview-contract,30.017	Enumerated and assigned; see hunk-wbs.tsv; implementation and behavioral verification remain TODO
01.002/002152	DONE	data/mypaint-brushes/kaerhon/wet_paint_sm.myb	1	text	-0,0 -> 1,253	asset-or-translation	Bundled extended brush definition	19.001,19.002,19.003,19.004,19.005,19.006,19.007,19.008,19.009,30.009,30.017	Enumerated and assigned; see hunk-wbs.tsv; implementation and behavioral verification remain TODO
01.002/002153	DONE	data/mypaint-brushes/kaerhon/wet_paint_sm_prev.png	1	metadata-or-binary	no textual hunk	asset-or-translation	Brush preview/image source asset	19.013/preview-contract,30.017	Enumerated and assigned; see hunk-wbs.tsv; implementation and behavioral verification remain TODO
01.002/002154	DONE	data/mypaint-brushes/label-brush-mypaint.sh	1	text	-0,0 -> 1,20	asset-or-translation	ImageMagick brush preview labeling	30.017/brush-preview-generator	Enumerated and assigned; see hunk-wbs.tsv; implementation and behavioral verification remain TODO
01.002/002155	DONE	data/mypaint-brushes/prev-template.xcf.gz	1	metadata-or-binary	no textual hunk	asset-or-translation	Brush preview/image source asset	19.013/preview-contract,30.017	Enumerated and assigned; see hunk-wbs.tsv; implementation and behavioral verification remain TODO
01.002/002156	DONE	data/mypaint-brushes/ramon/100%_Opaque.myb	1	text	-0,0 -> 1,199	asset-or-translation	Bundled extended brush definition	19.001,19.002,19.003,19.004,19.005,19.006,19.007,19.008,19.009,30.009,30.017	Enumerated and assigned; see hunk-wbs.tsv; implementation and behavioral verification remain TODO
01.002/002157	DONE	data/mypaint-brushes/ramon/100%_Opaque_prev.png	1	metadata-or-binary	no textual hunk	asset-or-translation	Brush preview/image source asset	19.013/preview-contract,30.017	Enumerated and assigned; see hunk-wbs.tsv; implementation and behavioral verification remain TODO
01.002/002158	DONE	data/mypaint-brushes/ramon/2B_pencil.myb	1	text	-0,0 -> 1,229	asset-or-translation	Bundled extended brush definition	19.001,19.002,19.003,19.004,19.005,19.006,19.007,19.008,19.009,30.009,30.017	Enumerated and assigned; see hunk-wbs.tsv; implementation and behavioral verification remain TODO
01.002/002159	DONE	data/mypaint-brushes/ramon/2B_pencil_prev.png	1	metadata-or-binary	no textual hunk	asset-or-translation	Brush preview/image source asset	19.013/preview-contract,30.017	Enumerated and assigned; see hunk-wbs.tsv; implementation and behavioral verification remain TODO
01.002/002160	DONE	data/mypaint-brushes/ramon/B-pencil.myb	1	text	-0,0 -> 1,249	asset-or-translation	Bundled extended brush definition	19.001,19.002,19.003,19.004,19.005,19.006,19.007,19.008,19.009,30.009,30.017	Enumerated and assigned; see hunk-wbs.tsv; implementation and behavioral verification remain TODO
01.002/002161	DONE	data/mypaint-brushes/ramon/B-pencil_prev.png	1	metadata-or-binary	no textual hunk	asset-or-translation	Brush preview/image source asset	19.013/preview-contract,30.017	Enumerated and assigned; see hunk-wbs.tsv; implementation and behavioral verification remain TODO
01.002/002162	DONE	data/mypaint-brushes/ramon/Beamlight.myb	1	text	-0,0 -> 1,241	asset-or-translation	Bundled extended brush definition	19.001,19.002,19.003,19.004,19.005,19.006,19.007,19.008,19.009,30.009,30.017	Enumerated and assigned; see hunk-wbs.tsv; implementation and behavioral verification remain TODO
01.002/002163	DONE	data/mypaint-brushes/ramon/Beamlight_prev.png	1	metadata-or-binary	no textual hunk	asset-or-translation	Brush preview/image source asset	19.013/preview-contract,30.017	Enumerated and assigned; see hunk-wbs.tsv; implementation and behavioral verification remain TODO
01.002/002164	DONE	data/mypaint-brushes/ramon/BigAirbrush.myb	1	text	-0,0 -> 1,210	asset-or-translation	Bundled extended brush definition	19.001,19.002,19.003,19.004,19.005,19.006,19.007,19.008,19.009,30.009,30.017	Enumerated and assigned; see hunk-wbs.tsv; implementation and behavioral verification remain TODO
01.002/002165	DONE	data/mypaint-brushes/ramon/BigAirbrush_prev.png	1	metadata-or-binary	no textual hunk	asset-or-translation	Brush preview/image source asset	19.013/preview-contract,30.017	Enumerated and assigned; see hunk-wbs.tsv; implementation and behavioral verification remain TODO
01.002/002166	DONE	data/mypaint-brushes/ramon/Blur_Fast.myb	1	text	-0,0 -> 1,202	asset-or-translation	Bundled extended brush definition	19.001,19.002,19.003,19.004,19.005,19.006,19.007,19.008,19.009,30.009,30.017	Enumerated and assigned; see hunk-wbs.tsv; implementation and behavioral verification remain TODO
01.002/002167	DONE	data/mypaint-brushes/ramon/Blur_Fast_prev.png	1	metadata-or-binary	no textual hunk	asset-or-translation	Brush preview/image source asset	19.013/preview-contract,30.017	Enumerated and assigned; see hunk-wbs.tsv; implementation and behavioral verification remain TODO
01.002/002168	DONE	data/mypaint-brushes/ramon/Classic_Paint.myb	1	text	-0,0 -> 1,273	asset-or-translation	Bundled extended brush definition	19.001,19.002,19.003,19.004,19.005,19.006,19.007,19.008,19.009,30.009,30.017	Enumerated and assigned; see hunk-wbs.tsv; implementation and behavioral verification remain TODO
01.002/002169	DONE	data/mypaint-brushes/ramon/Classic_Paint_prev.png	1	metadata-or-binary	no textual hunk	asset-or-translation	Brush preview/image source asset	19.013/preview-contract,30.017	Enumerated and assigned; see hunk-wbs.tsv; implementation and behavioral verification remain TODO
01.002/002170	DONE	data/mypaint-brushes/ramon/Clouds.myb	1	text	-0,0 -> 1,273	asset-or-translation	Bundled extended brush definition	19.001,19.002,19.003,19.004,19.005,19.006,19.007,19.008,19.009,30.009,30.017	Enumerated and assigned; see hunk-wbs.tsv; implementation and behavioral verification remain TODO
01.002/002171	DONE	data/mypaint-brushes/ramon/Clouds_prev.png	1	metadata-or-binary	no textual hunk	asset-or-translation	Brush preview/image source asset	19.013/preview-contract,30.017	Enumerated and assigned; see hunk-wbs.tsv; implementation and behavioral verification remain TODO
01.002/002172	DONE	data/mypaint-brushes/ramon/Delayed_.myb	1	text	-0,0 -> 1,249	asset-or-translation	Bundled extended brush definition	19.001,19.002,19.003,19.004,19.005,19.006,19.007,19.008,19.009,30.009,30.017	Enumerated and assigned; see hunk-wbs.tsv; implementation and behavioral verification remain TODO
01.002/002173	DONE	data/mypaint-brushes/ramon/Delayed__prev.png	1	metadata-or-binary	no textual hunk	asset-or-translation	Brush preview/image source asset	19.013/preview-contract,30.017	Enumerated and assigned; see hunk-wbs.tsv; implementation and behavioral verification remain TODO
01.002/002174	DONE	data/mypaint-brushes/ramon/Dirty_Noise.myb	1	text	-0,0 -> 1,299	asset-or-translation	Bundled extended brush definition	19.001,19.002,19.003,19.004,19.005,19.006,19.007,19.008,19.009,30.009,30.017	Enumerated and assigned; see hunk-wbs.tsv; implementation and behavioral verification remain TODO
01.002/002175	DONE	data/mypaint-brushes/ramon/Dirty_Noise_prev.png	1	metadata-or-binary	no textual hunk	asset-or-translation	Brush preview/image source asset	19.013/preview-contract,30.017	Enumerated and assigned; see hunk-wbs.tsv; implementation and behavioral verification remain TODO
01.002/002176	DONE	data/mypaint-brushes/ramon/Glow_Airbrush.myb	1	text	-0,0 -> 1,263	asset-or-translation	Bundled extended brush definition	19.001,19.002,19.003,19.004,19.005,19.006,19.007,19.008,19.009,30.009,30.017	Enumerated and assigned; see hunk-wbs.tsv; implementation and behavioral verification remain TODO
01.002/002177	DONE	data/mypaint-brushes/ramon/Glow_Airbrush_prev.png	1	metadata-or-binary	no textual hunk	asset-or-translation	Brush preview/image source asset	19.013/preview-contract,30.017	Enumerated and assigned; see hunk-wbs.tsv; implementation and behavioral verification remain TODO
01.002/002178	DONE	data/mypaint-brushes/ramon/Grain.myb	1	text	-0,0 -> 1,232	asset-or-translation	Bundled extended brush definition	19.001,19.002,19.003,19.004,19.005,19.006,19.007,19.008,19.009,30.009,30.017	Enumerated and assigned; see hunk-wbs.tsv; implementation and behavioral verification remain TODO
01.002/002179	DONE	data/mypaint-brushes/ramon/Grain_prev.png	1	metadata-or-binary	no textual hunk	asset-or-translation	Brush preview/image source asset	19.013/preview-contract,30.017	Enumerated and assigned; see hunk-wbs.tsv; implementation and behavioral verification remain TODO
01.002/002180	DONE	data/mypaint-brushes/ramon/Hard_Eraser.myb	1	text	-0,0 -> 1,243	asset-or-translation	Bundled extended brush definition	19.001,19.002,19.003,19.004,19.005,19.006,19.007,19.008,19.009,30.009,30.017	Enumerated and assigned; see hunk-wbs.tsv; implementation and behavioral verification remain TODO
01.002/002181	DONE	data/mypaint-brushes/ramon/Hard_Eraser_prev.png	1	metadata-or-binary	no textual hunk	asset-or-translation	Brush preview/image source asset	19.013/preview-contract,30.017	Enumerated and assigned; see hunk-wbs.tsv; implementation and behavioral verification remain TODO
01.002/002182	DONE	data/mypaint-brushes/ramon/Knife.myb	1	text	-0,0 -> 1,232	asset-or-translation	Bundled extended brush definition	19.001,19.002,19.003,19.004,19.005,19.006,19.007,19.008,19.009,30.009,30.017	Enumerated and assigned; see hunk-wbs.tsv; implementation and behavioral verification remain TODO
01.002/002183	DONE	data/mypaint-brushes/ramon/Knife_prev.png	1	metadata-or-binary	no textual hunk	asset-or-translation	Brush preview/image source asset	19.013/preview-contract,30.017	Enumerated and assigned; see hunk-wbs.tsv; implementation and behavioral verification remain TODO
01.002/002184	DONE	data/mypaint-brushes/ramon/Makefile.am	1	text	-0,0 -> 1,63	asset-or-translation	Resource distribution manifest	30.009,30.010,30.011,30.017	Enumerated and assigned; see hunk-wbs.tsv; implementation and behavioral verification remain TODO
01.002/002185	DONE	data/mypaint-brushes/ramon/Marker.myb	1	text	-0,0 -> 1,313	asset-or-translation	Bundled extended brush definition	19.001,19.002,19.003,19.004,19.005,19.006,19.007,19.008,19.009,30.009,30.017	Enumerated and assigned; see hunk-wbs.tsv; implementation and behavioral verification remain TODO
01.002/002186	DONE	data/mypaint-brushes/ramon/Marker_prev.png	1	metadata-or-binary	no textual hunk	asset-or-translation	Brush preview/image source asset	19.013/preview-contract,30.017	Enumerated and assigned; see hunk-wbs.tsv; implementation and behavioral verification remain TODO
01.002/002187	DONE	data/mypaint-brushes/ramon/P._Shade.myb	1	text	-0,0 -> 1,233	asset-or-translation	Bundled extended brush definition	19.001,19.002,19.003,19.004,19.005,19.006,19.007,19.008,19.009,30.009,30.017	Enumerated and assigned; see hunk-wbs.tsv; implementation and behavioral verification remain TODO
01.002/002188	DONE	data/mypaint-brushes/ramon/P._Shade_prev.png	1	metadata-or-binary	no textual hunk	asset-or-translation	Brush preview/image source asset	19.013/preview-contract,30.017	Enumerated and assigned; see hunk-wbs.tsv; implementation and behavioral verification remain TODO
01.002/002189	DONE	data/mypaint-brushes/ramon/Pastel_1.myb	1	text	-0,0 -> 1,261	asset-or-translation	Bundled extended brush definition	19.001,19.002,19.003,19.004,19.005,19.006,19.007,19.008,19.009,30.009,30.017	Enumerated and assigned; see hunk-wbs.tsv; implementation and behavioral verification remain TODO
01.002/002190	DONE	data/mypaint-brushes/ramon/Pastel_1_prev.png	1	metadata-or-binary	no textual hunk	asset-or-translation	Brush preview/image source asset	19.013/preview-contract,30.017	Enumerated and assigned; see hunk-wbs.tsv; implementation and behavioral verification remain TODO
01.002/002191	DONE	data/mypaint-brushes/ramon/Pen.myb	1	text	-0,0 -> 1,214	asset-or-translation	Bundled extended brush definition	19.001,19.002,19.003,19.004,19.005,19.006,19.007,19.008,19.009,30.009,30.017	Enumerated and assigned; see hunk-wbs.tsv; implementation and behavioral verification remain TODO
01.002/002192	DONE	data/mypaint-brushes/ramon/PenBrush.myb	1	text	-0,0 -> 1,245	asset-or-translation	Bundled extended brush definition	19.001,19.002,19.003,19.004,19.005,19.006,19.007,19.008,19.009,30.009,30.017	Enumerated and assigned; see hunk-wbs.tsv; implementation and behavioral verification remain TODO
01.002/002193	DONE	data/mypaint-brushes/ramon/PenBrush_prev.png	1	metadata-or-binary	no textual hunk	asset-or-translation	Brush preview/image source asset	19.013/preview-contract,30.017	Enumerated and assigned; see hunk-wbs.tsv; implementation and behavioral verification remain TODO
01.002/002194	DONE	data/mypaint-brushes/ramon/Pen_prev.png	1	metadata-or-binary	no textual hunk	asset-or-translation	Brush preview/image source asset	19.013/preview-contract,30.017	Enumerated and assigned; see hunk-wbs.tsv; implementation and behavioral verification remain TODO
01.002/002195	DONE	data/mypaint-brushes/ramon/RS_blendOP.myb	1	text	-0,0 -> 1,289	asset-or-translation	Bundled extended brush definition	19.001,19.002,19.003,19.004,19.005,19.006,19.007,19.008,19.009,30.009,30.017	Enumerated and assigned; see hunk-wbs.tsv; implementation and behavioral verification remain TODO
01.002/002196	DONE	data/mypaint-brushes/ramon/RS_blendOP_prev.png	1	metadata-or-binary	no textual hunk	asset-or-translation	Brush preview/image source asset	19.013/preview-contract,30.017	Enumerated and assigned; see hunk-wbs.tsv; implementation and behavioral verification remain TODO
01.002/002197	DONE	data/mypaint-brushes/ramon/Round.myb	1	text	-0,0 -> 1,260	asset-or-translation	Bundled extended brush definition	19.001,19.002,19.003,19.004,19.005,19.006,19.007,19.008,19.009,30.009,30.017	Enumerated and assigned; see hunk-wbs.tsv; implementation and behavioral verification remain TODO
01.002/002198	DONE	data/mypaint-brushes/ramon/Round_Bl.myb	1	text	-0,0 -> 1,292	asset-or-translation	Bundled extended brush definition	19.001,19.002,19.003,19.004,19.005,19.006,19.007,19.008,19.009,30.009,30.017	Enumerated and assigned; see hunk-wbs.tsv; implementation and behavioral verification remain TODO
01.002/002199	DONE	data/mypaint-brushes/ramon/Round_Bl_prev.png	1	metadata-or-binary	no textual hunk	asset-or-translation	Brush preview/image source asset	19.013/preview-contract,30.017	Enumerated and assigned; see hunk-wbs.tsv; implementation and behavioral verification remain TODO
01.002/002200	DONE	data/mypaint-brushes/ramon/Round_prev.png	1	metadata-or-binary	no textual hunk	asset-or-translation	Brush preview/image source asset	19.013/preview-contract,30.017	Enumerated and assigned; see hunk-wbs.tsv; implementation and behavioral verification remain TODO
01.002/002201	DONE	data/mypaint-brushes/ramon/Sketch_1.myb	1	text	-0,0 -> 1,218	asset-or-translation	Bundled extended brush definition	19.001,19.002,19.003,19.004,19.005,19.006,19.007,19.008,19.009,30.009,30.017	Enumerated and assigned; see hunk-wbs.tsv; implementation and behavioral verification remain TODO
01.002/002202	DONE	data/mypaint-brushes/ramon/Sketch_1_prev.png	1	metadata-or-binary	no textual hunk	asset-or-translation	Brush preview/image source asset	19.013/preview-contract,30.017	Enumerated and assigned; see hunk-wbs.tsv; implementation and behavioral verification remain TODO
01.002/002203	DONE	data/mypaint-brushes/ramon/Smear.myb	1	text	-0,0 -> 1,232	asset-or-translation	Bundled extended brush definition	19.001,19.002,19.003,19.004,19.005,19.006,19.007,19.008,19.009,30.009,30.017	Enumerated and assigned; see hunk-wbs.tsv; implementation and behavioral verification remain TODO
01.002/002204	DONE	data/mypaint-brushes/ramon/Smear_prev.png	1	metadata-or-binary	no textual hunk	asset-or-translation	Brush preview/image source asset	19.013/preview-contract,30.017	Enumerated and assigned; see hunk-wbs.tsv; implementation and behavioral verification remain TODO
01.002/002205	DONE	data/mypaint-brushes/ramon/Soft_Eraser.myb	1	text	-0,0 -> 1,206	asset-or-translation	Bundled extended brush definition	19.001,19.002,19.003,19.004,19.005,19.006,19.007,19.008,19.009,30.009,30.017	Enumerated and assigned; see hunk-wbs.tsv; implementation and behavioral verification remain TODO
01.002/002206	DONE	data/mypaint-brushes/ramon/Soft_Eraser_prev.png	1	metadata-or-binary	no textual hunk	asset-or-translation	Brush preview/image source asset	19.013/preview-contract,30.017	Enumerated and assigned; see hunk-wbs.tsv; implementation and behavioral verification remain TODO
01.002/002207	DONE	data/mypaint-brushes/ramon/Thin_Pen.myb	1	text	-0,0 -> 1,249	asset-or-translation	Bundled extended brush definition	19.001,19.002,19.003,19.004,19.005,19.006,19.007,19.008,19.009,30.009,30.017	Enumerated and assigned; see hunk-wbs.tsv; implementation and behavioral verification remain TODO
01.002/002208	DONE	data/mypaint-brushes/ramon/Thin_Pen_prev.png	1	metadata-or-binary	no textual hunk	asset-or-translation	Brush preview/image source asset	19.013/preview-contract,30.017	Enumerated and assigned; see hunk-wbs.tsv; implementation and behavioral verification remain TODO
01.002/002209	DONE	data/mypaint-brushes/ramon/Wet_Direction.myb	1	text	-0,0 -> 1,224	asset-or-translation	Bundled extended brush definition	19.001,19.002,19.003,19.004,19.005,19.006,19.007,19.008,19.009,30.009,30.017	Enumerated and assigned; see hunk-wbs.tsv; implementation and behavioral verification remain TODO
01.002/002210	DONE	data/mypaint-brushes/ramon/Wet_Direction_prev.png	1	metadata-or-binary	no textual hunk	asset-or-translation	Brush preview/image source asset	19.013/preview-contract,30.017	Enumerated and assigned; see hunk-wbs.tsv; implementation and behavioral verification remain TODO
01.002/002211	DONE	data/mypaint-brushes/ramon/files	1	text	-0,0 -> 1,47	asset-or-translation	Resource distribution manifest	30.009,30.010,30.011,30.017	Enumerated and assigned; see hunk-wbs.tsv; implementation and behavioral verification remain TODO
01.002/002212	DONE	data/mypaint-brushes/ramon/wet_round.myb	1	text	-0,0 -> 1,244	asset-or-translation	Bundled extended brush definition	19.001,19.002,19.003,19.004,19.005,19.006,19.007,19.008,19.009,30.009,30.017	Enumerated and assigned; see hunk-wbs.tsv; implementation and behavioral verification remain TODO
01.002/002213	DONE	data/mypaint-brushes/ramon/wet_round_prev.png	1	metadata-or-binary	no textual hunk	asset-or-translation	Brush preview/image source asset	19.013/preview-contract,30.017	Enumerated and assigned; see hunk-wbs.tsv; implementation and behavioral verification remain TODO
01.002/002214	DONE	data/mypaint-brushes/tanda/Makefile.am	1	text	-0,0 -> 1,77	asset-or-translation	Resource distribution manifest	30.009,30.010,30.011,30.017	Enumerated and assigned; see hunk-wbs.tsv; implementation and behavioral verification remain TODO
01.002/002215	DONE	data/mypaint-brushes/tanda/acrylic-03-only-water.myb	1	text	-0,0 -> 1,298	asset-or-translation	Bundled extended brush definition	19.001,19.002,19.003,19.004,19.005,19.006,19.007,19.008,19.009,30.009,30.017	Enumerated and assigned; see hunk-wbs.tsv; implementation and behavioral verification remain TODO
01.002/002216	DONE	data/mypaint-brushes/tanda/acrylic-03-only-water_prev.png	1	metadata-or-binary	no textual hunk	asset-or-translation	Brush preview/image source asset	19.013/preview-contract,30.017	Enumerated and assigned; see hunk-wbs.tsv; implementation and behavioral verification remain TODO
01.002/002217	DONE	data/mypaint-brushes/tanda/acrylic-03-paint.myb	1	text	-0,0 -> 1,279	asset-or-translation	Bundled extended brush definition	19.001,19.002,19.003,19.004,19.005,19.006,19.007,19.008,19.009,30.009,30.017	Enumerated and assigned; see hunk-wbs.tsv; implementation and behavioral verification remain TODO
01.002/002218	DONE	data/mypaint-brushes/tanda/acrylic-03-paint_prev.png	1	metadata-or-binary	no textual hunk	asset-or-translation	Brush preview/image source asset	19.013/preview-contract,30.017	Enumerated and assigned; see hunk-wbs.tsv; implementation and behavioral verification remain TODO
01.002/002219	DONE	data/mypaint-brushes/tanda/acrylic-03-with-water.myb	1	text	-0,0 -> 1,243	asset-or-translation	Bundled extended brush definition	19.001,19.002,19.003,19.004,19.005,19.006,19.007,19.008,19.009,30.009,30.017	Enumerated and assigned; see hunk-wbs.tsv; implementation and behavioral verification remain TODO
01.002/002220	DONE	data/mypaint-brushes/tanda/acrylic-03-with-water_prev.png	1	metadata-or-binary	no textual hunk	asset-or-translation	Brush preview/image source asset	19.013/preview-contract,30.017	Enumerated and assigned; see hunk-wbs.tsv; implementation and behavioral verification remain TODO
01.002/002221	DONE	data/mypaint-brushes/tanda/acrylic-04-only-water.myb	1	text	-0,0 -> 1,306	asset-or-translation	Bundled extended brush definition	19.001,19.002,19.003,19.004,19.005,19.006,19.007,19.008,19.009,30.009,30.017	Enumerated and assigned; see hunk-wbs.tsv; implementation and behavioral verification remain TODO
01.002/002222	DONE	data/mypaint-brushes/tanda/acrylic-04-only-water_prev.png	1	metadata-or-binary	no textual hunk	asset-or-translation	Brush preview/image source asset	19.013/preview-contract,30.017	Enumerated and assigned; see hunk-wbs.tsv; implementation and behavioral verification remain TODO
01.002/002223	DONE	data/mypaint-brushes/tanda/acrylic-04-paint.myb	1	text	-0,0 -> 1,254	asset-or-translation	Bundled extended brush definition	19.001,19.002,19.003,19.004,19.005,19.006,19.007,19.008,19.009,30.009,30.017	Enumerated and assigned; see hunk-wbs.tsv; implementation and behavioral verification remain TODO
01.002/002224	DONE	data/mypaint-brushes/tanda/acrylic-04-paint_prev.png	1	metadata-or-binary	no textual hunk	asset-or-translation	Brush preview/image source asset	19.013/preview-contract,30.017	Enumerated and assigned; see hunk-wbs.tsv; implementation and behavioral verification remain TODO
01.002/002225	DONE	data/mypaint-brushes/tanda/acrylic-04-with-water.myb	1	text	-0,0 -> 1,262	asset-or-translation	Bundled extended brush definition	19.001,19.002,19.003,19.004,19.005,19.006,19.007,19.008,19.009,30.009,30.017	Enumerated and assigned; see hunk-wbs.tsv; implementation and behavioral verification remain TODO
01.002/002226	DONE	data/mypaint-brushes/tanda/acrylic-04-with-water_prev.png	1	metadata-or-binary	no textual hunk	asset-or-translation	Brush preview/image source asset	19.013/preview-contract,30.017	Enumerated and assigned; see hunk-wbs.tsv; implementation and behavioral verification remain TODO
01.002/002227	DONE	data/mypaint-brushes/tanda/acrylic-05-only-water.myb	1	text	-0,0 -> 1,231	asset-or-translation	Bundled extended brush definition	19.001,19.002,19.003,19.004,19.005,19.006,19.007,19.008,19.009,30.009,30.017	Enumerated and assigned; see hunk-wbs.tsv; implementation and behavioral verification remain TODO
01.002/002228	DONE	data/mypaint-brushes/tanda/acrylic-05-only-water_prev.png	1	metadata-or-binary	no textual hunk	asset-or-translation	Brush preview/image source asset	19.013/preview-contract,30.017	Enumerated and assigned; see hunk-wbs.tsv; implementation and behavioral verification remain TODO
01.002/002229	DONE	data/mypaint-brushes/tanda/acrylic-05-paint.myb	1	text	-0,0 -> 1,231	asset-or-translation	Bundled extended brush definition	19.001,19.002,19.003,19.004,19.005,19.006,19.007,19.008,19.009,30.009,30.017	Enumerated and assigned; see hunk-wbs.tsv; implementation and behavioral verification remain TODO
01.002/002230	DONE	data/mypaint-brushes/tanda/acrylic-05-paint_prev.png	1	metadata-or-binary	no textual hunk	asset-or-translation	Brush preview/image source asset	19.013/preview-contract,30.017	Enumerated and assigned; see hunk-wbs.tsv; implementation and behavioral verification remain TODO
01.002/002231	DONE	data/mypaint-brushes/tanda/acrylic-05-with-water.myb	1	text	-0,0 -> 1,234	asset-or-translation	Bundled extended brush definition	19.001,19.002,19.003,19.004,19.005,19.006,19.007,19.008,19.009,30.009,30.017	Enumerated and assigned; see hunk-wbs.tsv; implementation and behavioral verification remain TODO
01.002/002232	DONE	data/mypaint-brushes/tanda/acrylic-05-with-water_prev.png	1	metadata-or-binary	no textual hunk	asset-or-translation	Brush preview/image source asset	19.013/preview-contract,30.017	Enumerated and assigned; see hunk-wbs.tsv; implementation and behavioral verification remain TODO
01.002/002233	DONE	data/mypaint-brushes/tanda/charcoal-01.myb	1	text	-0,0 -> 1,260	asset-or-translation	Bundled extended brush definition	19.001,19.002,19.003,19.004,19.005,19.006,19.007,19.008,19.009,30.009,30.017	Enumerated and assigned; see hunk-wbs.tsv; implementation and behavioral verification remain TODO
01.002/002234	DONE	data/mypaint-brushes/tanda/charcoal-01_prev.png	1	metadata-or-binary	no textual hunk	asset-or-translation	Brush preview/image source asset	19.013/preview-contract,30.017	Enumerated and assigned; see hunk-wbs.tsv; implementation and behavioral verification remain TODO
01.002/002235	DONE	data/mypaint-brushes/tanda/charcoal-03.myb	1	text	-0,0 -> 1,258	asset-or-translation	Bundled extended brush definition	19.001,19.002,19.003,19.004,19.005,19.006,19.007,19.008,19.009,30.009,30.017	Enumerated and assigned; see hunk-wbs.tsv; implementation and behavioral verification remain TODO
01.002/002236	DONE	data/mypaint-brushes/tanda/charcoal-03_prev.png	1	metadata-or-binary	no textual hunk	asset-or-translation	Brush preview/image source asset	19.013/preview-contract,30.017	Enumerated and assigned; see hunk-wbs.tsv; implementation and behavioral verification remain TODO
01.002/002237	DONE	data/mypaint-brushes/tanda/charcoal-04.myb	1	text	-0,0 -> 1,247	asset-or-translation	Bundled extended brush definition	19.001,19.002,19.003,19.004,19.005,19.006,19.007,19.008,19.009,30.009,30.017	Enumerated and assigned; see hunk-wbs.tsv; implementation and behavioral verification remain TODO
01.002/002238	DONE	data/mypaint-brushes/tanda/charcoal-04_prev.png	1	metadata-or-binary	no textual hunk	asset-or-translation	Brush preview/image source asset	19.013/preview-contract,30.017	Enumerated and assigned; see hunk-wbs.tsv; implementation and behavioral verification remain TODO
01.002/002239	DONE	data/mypaint-brushes/tanda/charcoal-blur1.myb	1	text	-0,0 -> 1,232	asset-or-translation	Bundled extended brush definition	19.001,19.002,19.003,19.004,19.005,19.006,19.007,19.008,19.009,30.009,30.017	Enumerated and assigned; see hunk-wbs.tsv; implementation and behavioral verification remain TODO
01.002/002240	DONE	data/mypaint-brushes/tanda/charcoal-blur1_prev.png	1	metadata-or-binary	no textual hunk	asset-or-translation	Brush preview/image source asset	19.013/preview-contract,30.017	Enumerated and assigned; see hunk-wbs.tsv; implementation and behavioral verification remain TODO
01.002/002241	DONE	data/mypaint-brushes/tanda/files	1	text	-0,0 -> 1,47	asset-or-translation	Resource distribution manifest	30.009,30.010,30.011,30.017	Enumerated and assigned; see hunk-wbs.tsv; implementation and behavioral verification remain TODO
01.002/002242	DONE	data/mypaint-brushes/tanda/marker-01.myb	1	text	-0,0 -> 1,227	asset-or-translation	Bundled extended brush definition	19.001,19.002,19.003,19.004,19.005,19.006,19.007,19.008,19.009,30.009,30.017	Enumerated and assigned; see hunk-wbs.tsv; implementation and behavioral verification remain TODO
01.002/002243	DONE	data/mypaint-brushes/tanda/marker-01_prev.png	1	metadata-or-binary	no textual hunk	asset-or-translation	Brush preview/image source asset	19.013/preview-contract,30.017	Enumerated and assigned; see hunk-wbs.tsv; implementation and behavioral verification remain TODO
01.002/002244	DONE	data/mypaint-brushes/tanda/marker-05.myb	1	text	-0,0 -> 1,234	asset-or-translation	Bundled extended brush definition	19.001,19.002,19.003,19.004,19.005,19.006,19.007,19.008,19.009,30.009,30.017	Enumerated and assigned; see hunk-wbs.tsv; implementation and behavioral verification remain TODO
01.002/002245	DONE	data/mypaint-brushes/tanda/marker-05_prev.png	1	metadata-or-binary	no textual hunk	asset-or-translation	Brush preview/image source asset	19.013/preview-contract,30.017	Enumerated and assigned; see hunk-wbs.tsv; implementation and behavioral verification remain TODO
01.002/002246	DONE	data/mypaint-brushes/tanda/oil-01-clean.myb	1	text	-0,0 -> 1,277	asset-or-translation	Bundled extended brush definition	19.001,19.002,19.003,19.004,19.005,19.006,19.007,19.008,19.009,30.009,30.017	Enumerated and assigned; see hunk-wbs.tsv; implementation and behavioral verification remain TODO
01.002/002247	DONE	data/mypaint-brushes/tanda/oil-01-clean_prev.png	1	metadata-or-binary	no textual hunk	asset-or-translation	Brush preview/image source asset	19.013/preview-contract,30.017	Enumerated and assigned; see hunk-wbs.tsv; implementation and behavioral verification remain TODO
01.002/002248	DONE	data/mypaint-brushes/tanda/oil-01-paint.myb	1	text	-0,0 -> 1,302	asset-or-translation	Bundled extended brush definition	19.001,19.002,19.003,19.004,19.005,19.006,19.007,19.008,19.009,30.009,30.017	Enumerated and assigned; see hunk-wbs.tsv; implementation and behavioral verification remain TODO
01.002/002249	DONE	data/mypaint-brushes/tanda/oil-01-paint_prev.png	1	metadata-or-binary	no textual hunk	asset-or-translation	Brush preview/image source asset	19.013/preview-contract,30.017	Enumerated and assigned; see hunk-wbs.tsv; implementation and behavioral verification remain TODO
01.002/002250	DONE	data/mypaint-brushes/tanda/oil-03-clean.myb	1	text	-0,0 -> 1,287	asset-or-translation	Bundled extended brush definition	19.001,19.002,19.003,19.004,19.005,19.006,19.007,19.008,19.009,30.009,30.017	Enumerated and assigned; see hunk-wbs.tsv; implementation and behavioral verification remain TODO
01.002/002251	DONE	data/mypaint-brushes/tanda/oil-03-clean_prev.png	1	metadata-or-binary	no textual hunk	asset-or-translation	Brush preview/image source asset	19.013/preview-contract,30.017	Enumerated and assigned; see hunk-wbs.tsv; implementation and behavioral verification remain TODO
01.002/002252	DONE	data/mypaint-brushes/tanda/oil-03-paint.myb	1	text	-0,0 -> 1,319	asset-or-translation	Bundled extended brush definition	19.001,19.002,19.003,19.004,19.005,19.006,19.007,19.008,19.009,30.009,30.017	Enumerated and assigned; see hunk-wbs.tsv; implementation and behavioral verification remain TODO
01.002/002253	DONE	data/mypaint-brushes/tanda/oil-03-paint_prev.png	1	metadata-or-binary	no textual hunk	asset-or-translation	Brush preview/image source asset	19.013/preview-contract,30.017	Enumerated and assigned; see hunk-wbs.tsv; implementation and behavioral verification remain TODO
01.002/002254	DONE	data/mypaint-brushes/tanda/oil-06-clean.myb	1	text	-0,0 -> 1,231	asset-or-translation	Bundled extended brush definition	19.001,19.002,19.003,19.004,19.005,19.006,19.007,19.008,19.009,30.009,30.017	Enumerated and assigned; see hunk-wbs.tsv; implementation and behavioral verification remain TODO
01.002/002255	DONE	data/mypaint-brushes/tanda/oil-06-clean_prev.png	1	metadata-or-binary	no textual hunk	asset-or-translation	Brush preview/image source asset	19.013/preview-contract,30.017	Enumerated and assigned; see hunk-wbs.tsv; implementation and behavioral verification remain TODO
01.002/002256	DONE	data/mypaint-brushes/tanda/oil-06-paint.myb	1	text	-0,0 -> 1,246	asset-or-translation	Bundled extended brush definition	19.001,19.002,19.003,19.004,19.005,19.006,19.007,19.008,19.009,30.009,30.017	Enumerated and assigned; see hunk-wbs.tsv; implementation and behavioral verification remain TODO
01.002/002257	DONE	data/mypaint-brushes/tanda/oil-06-paint_prev.png	1	metadata-or-binary	no textual hunk	asset-or-translation	Brush preview/image source asset	19.013/preview-contract,30.017	Enumerated and assigned; see hunk-wbs.tsv; implementation and behavioral verification remain TODO
01.002/002258	DONE	data/mypaint-brushes/tanda/oil-mop.myb	1	text	-0,0 -> 1,260	asset-or-translation	Bundled extended brush definition	19.001,19.002,19.003,19.004,19.005,19.006,19.007,19.008,19.009,30.009,30.017	Enumerated and assigned; see hunk-wbs.tsv; implementation and behavioral verification remain TODO
01.002/002259	DONE	data/mypaint-brushes/tanda/oil-mop_prev.png	1	metadata-or-binary	no textual hunk	asset-or-translation	Brush preview/image source asset	19.013/preview-contract,30.017	Enumerated and assigned; see hunk-wbs.tsv; implementation and behavioral verification remain TODO
01.002/002260	DONE	data/mypaint-brushes/tanda/pencil-2b.myb	1	text	-0,0 -> 1,228	asset-or-translation	Bundled extended brush definition	19.001,19.002,19.003,19.004,19.005,19.006,19.007,19.008,19.009,30.009,30.017	Enumerated and assigned; see hunk-wbs.tsv; implementation and behavioral verification remain TODO
01.002/002261	DONE	data/mypaint-brushes/tanda/pencil-2b_prev.png	1	metadata-or-binary	no textual hunk	asset-or-translation	Brush preview/image source asset	19.013/preview-contract,30.017	Enumerated and assigned; see hunk-wbs.tsv; implementation and behavioral verification remain TODO
01.002/002262	DONE	data/mypaint-brushes/tanda/pencil-8b.myb	1	text	-0,0 -> 1,239	asset-or-translation	Bundled extended brush definition	19.001,19.002,19.003,19.004,19.005,19.006,19.007,19.008,19.009,30.009,30.017	Enumerated and assigned; see hunk-wbs.tsv; implementation and behavioral verification remain TODO
01.002/002263	DONE	data/mypaint-brushes/tanda/pencil-8b_prev.png	1	metadata-or-binary	no textual hunk	asset-or-translation	Brush preview/image source asset	19.013/preview-contract,30.017	Enumerated and assigned; see hunk-wbs.tsv; implementation and behavioral verification remain TODO
01.002/002264	DONE	data/mypaint-brushes/tanda/splatter-02.myb	1	text	-0,0 -> 1,202	asset-or-translation	Bundled extended brush definition	19.001,19.002,19.003,19.004,19.005,19.006,19.007,19.008,19.009,30.009,30.017	Enumerated and assigned; see hunk-wbs.tsv; implementation and behavioral verification remain TODO
01.002/002265	DONE	data/mypaint-brushes/tanda/splatter-02_prev.png	1	metadata-or-binary	no textual hunk	asset-or-translation	Brush preview/image source asset	19.013/preview-contract,30.017	Enumerated and assigned; see hunk-wbs.tsv; implementation and behavioral verification remain TODO
01.002/002266	DONE	data/mypaint-brushes/tanda/splatter-04.myb	1	text	-0,0 -> 1,239	asset-or-translation	Bundled extended brush definition	19.001,19.002,19.003,19.004,19.005,19.006,19.007,19.008,19.009,30.009,30.017	Enumerated and assigned; see hunk-wbs.tsv; implementation and behavioral verification remain TODO
01.002/002267	DONE	data/mypaint-brushes/tanda/splatter-04_prev.png	1	metadata-or-binary	no textual hunk	asset-or-translation	Brush preview/image source asset	19.013/preview-contract,30.017	Enumerated and assigned; see hunk-wbs.tsv; implementation and behavioral verification remain TODO
01.002/002268	DONE	data/mypaint-brushes/tanda/texture-03.myb	1	text	-0,0 -> 1,223	asset-or-translation	Bundled extended brush definition	19.001,19.002,19.003,19.004,19.005,19.006,19.007,19.008,19.009,30.009,30.017	Enumerated and assigned; see hunk-wbs.tsv; implementation and behavioral verification remain TODO
01.002/002269	DONE	data/mypaint-brushes/tanda/texture-03_prev.png	1	metadata-or-binary	no textual hunk	asset-or-translation	Brush preview/image source asset	19.013/preview-contract,30.017	Enumerated and assigned; see hunk-wbs.tsv; implementation and behavioral verification remain TODO
01.002/002270	DONE	data/mypaint-brushes/tanda/texture-06.myb	1	text	-0,0 -> 1,244	asset-or-translation	Bundled extended brush definition	19.001,19.002,19.003,19.004,19.005,19.006,19.007,19.008,19.009,30.009,30.017	Enumerated and assigned; see hunk-wbs.tsv; implementation and behavioral verification remain TODO
01.002/002271	DONE	data/mypaint-brushes/tanda/texture-06_prev.png	1	metadata-or-binary	no textual hunk	asset-or-translation	Brush preview/image source asset	19.013/preview-contract,30.017	Enumerated and assigned; see hunk-wbs.tsv; implementation and behavioral verification remain TODO
01.002/002272	DONE	data/mypaint-brushes/tanda/texture-12.myb	1	text	-0,0 -> 1,246	asset-or-translation	Bundled extended brush definition	19.001,19.002,19.003,19.004,19.005,19.006,19.007,19.008,19.009,30.009,30.017	Enumerated and assigned; see hunk-wbs.tsv; implementation and behavioral verification remain TODO
01.002/002273	DONE	data/mypaint-brushes/tanda/texture-12_prev.png	1	metadata-or-binary	no textual hunk	asset-or-translation	Brush preview/image source asset	19.013/preview-contract,30.017	Enumerated and assigned; see hunk-wbs.tsv; implementation and behavioral verification remain TODO
01.002/002274	DONE	data/mypaint-brushes/tanda/water-01.myb	1	text	-0,0 -> 1,232	asset-or-translation	Bundled extended brush definition	19.001,19.002,19.003,19.004,19.005,19.006,19.007,19.008,19.009,30.009,30.017	Enumerated and assigned; see hunk-wbs.tsv; implementation and behavioral verification remain TODO
01.002/002275	DONE	data/mypaint-brushes/tanda/water-01_prev.png	1	metadata-or-binary	no textual hunk	asset-or-translation	Brush preview/image source asset	19.013/preview-contract,30.017	Enumerated and assigned; see hunk-wbs.tsv; implementation and behavioral verification remain TODO
01.002/002276	DONE	data/mypaint-brushes/tanda/water-02.myb	1	text	-0,0 -> 1,199	asset-or-translation	Bundled extended brush definition	19.001,19.002,19.003,19.004,19.005,19.006,19.007,19.008,19.009,30.009,30.017	Enumerated and assigned; see hunk-wbs.tsv; implementation and behavioral verification remain TODO
01.002/002277	DONE	data/mypaint-brushes/tanda/water-02_prev.png	1	metadata-or-binary	no textual hunk	asset-or-translation	Brush preview/image source asset	19.013/preview-contract,30.017	Enumerated and assigned; see hunk-wbs.tsv; implementation and behavioral verification remain TODO
01.002/002278	DONE	data/mypaint-brushes/tanda/water-05.myb	1	text	-0,0 -> 1,199	asset-or-translation	Bundled extended brush definition	19.001,19.002,19.003,19.004,19.005,19.006,19.007,19.008,19.009,30.009,30.017	Enumerated and assigned; see hunk-wbs.tsv; implementation and behavioral verification remain TODO
01.002/002279	DONE	data/mypaint-brushes/tanda/water-05_prev.png	1	metadata-or-binary	no textual hunk	asset-or-translation	Brush preview/image source asset	19.013/preview-contract,30.017	Enumerated and assigned; see hunk-wbs.tsv; implementation and behavioral verification remain TODO
01.002/002280	DONE	data/mypaint-brushes/tanda/water-06.myb	1	text	-0,0 -> 1,310	asset-or-translation	Bundled extended brush definition	19.001,19.002,19.003,19.004,19.005,19.006,19.007,19.008,19.009,30.009,30.017	Enumerated and assigned; see hunk-wbs.tsv; implementation and behavioral verification remain TODO
01.002/002281	DONE	data/mypaint-brushes/tanda/water-06_prev.png	1	metadata-or-binary	no textual hunk	asset-or-translation	Brush preview/image source asset	19.013/preview-contract,30.017	Enumerated and assigned; see hunk-wbs.tsv; implementation and behavioral verification remain TODO
01.002/002282	DONE	data/mypaint-brushes/tanda/watercolor-02-paint.myb	1	text	-0,0 -> 1,327	asset-or-translation	Bundled extended brush definition	19.001,19.002,19.003,19.004,19.005,19.006,19.007,19.008,19.009,30.009,30.017	Enumerated and assigned; see hunk-wbs.tsv; implementation and behavioral verification remain TODO
01.002/002283	DONE	data/mypaint-brushes/tanda/watercolor-02-paint_prev.png	1	metadata-or-binary	no textual hunk	asset-or-translation	Brush preview/image source asset	19.013/preview-contract,30.017	Enumerated and assigned; see hunk-wbs.tsv; implementation and behavioral verification remain TODO
01.002/002284	DONE	data/mypaint-brushes/tanda/watercolor-02-water.myb	1	text	-0,0 -> 1,296	asset-or-translation	Bundled extended brush definition	19.001,19.002,19.003,19.004,19.005,19.006,19.007,19.008,19.009,30.009,30.017	Enumerated and assigned; see hunk-wbs.tsv; implementation and behavioral verification remain TODO
01.002/002285	DONE	data/mypaint-brushes/tanda/watercolor-02-water_prev.png	1	metadata-or-binary	no textual hunk	asset-or-translation	Brush preview/image source asset	19.013/preview-contract,30.017	Enumerated and assigned; see hunk-wbs.tsv; implementation and behavioral verification remain TODO
01.002/002286	DONE	etc/Makefile.am	1	text	-9,0 -> 10	other	Resource distribution manifest	30.009,30.010,30.011,30.017	Enumerated and assigned; see hunk-wbs.tsv; implementation and behavioral verification remain TODO
01.002/002287	DONE	etc/sessionrc	1	text	-8,3 -> 8,8	other	Dock/window layout and restoration	29.011,29.016,30.005,30.005/shell-reparent-ref,30.016	Enumerated and assigned; see hunk-wbs.tsv; implementation and behavioral verification remain TODO
01.002/002288	DONE	etc/sessionrc	2	text	-11,0 -> 17,4	other	Dock/window layout and restoration	29.011,29.016,30.005,30.005/shell-reparent-ref,30.016	Enumerated and assigned; see hunk-wbs.tsv; implementation and behavioral verification remain TODO
01.002/002289	DONE	etc/sessionrc	3	text	-13,7 -> 22,2	other	Dock/window layout and restoration	29.011,29.016,30.005,30.005/shell-reparent-ref,30.016	Enumerated and assigned; see hunk-wbs.tsv; implementation and behavioral verification remain TODO
01.002/002290	DONE	etc/sessionrc	4	text	-20,0 -> 25	other	Dock/window layout and restoration	29.011,29.016,30.005,30.005/shell-reparent-ref,30.016	Enumerated and assigned; see hunk-wbs.tsv; implementation and behavioral verification remain TODO
01.002/002291	DONE	etc/sessionrc	5	text	-38,8 -> 43,3	other	Dock/window layout and restoration	29.011,29.016,30.005,30.005/shell-reparent-ref,30.016	Enumerated and assigned; see hunk-wbs.tsv; implementation and behavioral verification remain TODO
01.002/002292	DONE	etc/toolrc	1	text	-0,0 -> 1,175	other	Tool grouping/configuration	30.001/tool-group-state,29.009,30.004,30.008	Enumerated and assigned; see hunk-wbs.tsv; implementation and behavioral verification remain TODO
01.002/002293	DONE	libgimp/Makefile.am	1	text	-127 -> 127,2	application-or-library	Reviewed Makefile pdb-generated-registration	30.012,30.013	Enumerated and assigned; see hunk-wbs.tsv; implementation and behavioral verification remain TODO
01.002/002294	DONE	libgimp/Makefile.am	2	text	-180 -> 181,2	application-or-library	Reviewed Makefile pdb-generated-registration	30.012,30.013	Enumerated and assigned; see hunk-wbs.tsv; implementation and behavioral verification remain TODO
01.002/002295	DONE	libgimp/gimp_pdb_headers.h	1	text	-60,0 -> 61	application-or-library	MyPaint selection PDB	30.012,30.013,24.007	Enumerated and assigned; see hunk-wbs.tsv; implementation and behavioral verification remain TODO
01.002/002296	DONE	libgimp/gimpenums.c.tail	1	text	-36,0 -> 37	application-or-library	Saved compositing enum and selection	10.005,11.004,13.009,30.013	Enumerated and assigned; see hunk-wbs.tsv; implementation and behavioral verification remain TODO
01.002/002297	DONE	libgimp/gimpenums.c.tail	2	text	-93,0 -> 95	application-or-library	Saved compositing enum and selection	10.005,11.004,13.009,30.013	Enumerated and assigned; see hunk-wbs.tsv; implementation and behavioral verification remain TODO
01.002/002298	DONE	libgimp/gimpenums.h	1	text	-210 -> 210,8	application-or-library	Saved compositing enum and selection	10.005,11.004,13.009,30.013	Enumerated and assigned; see hunk-wbs.tsv; implementation and behavioral verification remain TODO
01.002/002299	DONE	libgimp/gimpmypaintbrushselect_pdb.c	1	text	-0,0 -> 1,131	application-or-library	MyPaint selection PDB	30.012,30.013,24.007	Enumerated and assigned; see hunk-wbs.tsv; implementation and behavioral verification remain TODO
01.002/002300	DONE	libgimp/gimpmypaintbrushselect_pdb.h	1	text	-0,0 -> 1,45	application-or-library	MyPaint selection PDB	30.012,30.013,24.007	Enumerated and assigned; see hunk-wbs.tsv; implementation and behavioral verification remain TODO
01.002/002301	DONE	libgimpbase/gimpbaseenums.c	1	text	-1260,0 -> 1261,34	application-or-library	Persisted custom configuration	30.006,30.007,30.008,30.010,30.011	Enumerated and assigned; see hunk-wbs.tsv; implementation and behavioral verification remain TODO
01.002/002302	DONE	libgimpbase/gimpbaseenums.h	1	text	-538,0 -> 539,14	application-or-library	Persisted custom configuration	30.006,30.007,30.008,30.010,30.011	Enumerated and assigned; see hunk-wbs.tsv; implementation and behavioral verification remain TODO
01.002/002303	DONE	libgimpcolor/gimpcairocolor.h	1	text	-25,0 -> 26	other	C/C++ header/type adapter	04.003,04.004,08.019	Enumerated and assigned; see hunk-wbs.tsv; implementation and behavioral verification remain TODO
01.002/002304	DONE	libgimpconfig/gimpconfig-params.h	1	text	-78 -> 78	application-or-library	C/C++ header/type adapter	04.003,04.004,08.019	Enumerated and assigned; see hunk-wbs.tsv; implementation and behavioral verification remain TODO
01.002/002305	DONE	libgimpconfig/gimpconfig-params.h	2	text	-84 -> 84	application-or-library	C/C++ header/type adapter	04.003,04.004,08.019	Enumerated and assigned; see hunk-wbs.tsv; implementation and behavioral verification remain TODO
01.002/002306	DONE	libgimpconfig/gimpconfig-params.h	3	text	-90 -> 90	application-or-library	C/C++ header/type adapter	04.003,04.004,08.019	Enumerated and assigned; see hunk-wbs.tsv; implementation and behavioral verification remain TODO
01.002/002307	DONE	libgimpconfig/gimpconfig-params.h	4	text	-97 -> 97	application-or-library	C/C++ header/type adapter	04.003,04.004,08.019	Enumerated and assigned; see hunk-wbs.tsv; implementation and behavioral verification remain TODO
01.002/002308	DONE	libgimpconfig/gimpconfig-params.h	5	text	-103 -> 103	application-or-library	C/C++ header/type adapter	04.003,04.004,08.019	Enumerated and assigned; see hunk-wbs.tsv; implementation and behavioral verification remain TODO
01.002/002309	DONE	libgimpconfig/gimpconfig-params.h	6	text	-109 -> 109	application-or-library	C/C++ header/type adapter	04.003,04.004,08.019	Enumerated and assigned; see hunk-wbs.tsv; implementation and behavioral verification remain TODO
01.002/002310	DONE	libgimpconfig/gimpconfig-params.h	7	text	-115 -> 115	application-or-library	C/C++ header/type adapter	04.003,04.004,08.019	Enumerated and assigned; see hunk-wbs.tsv; implementation and behavioral verification remain TODO
01.002/002311	DONE	libgimpconfig/gimpconfig-params.h	8	text	-121 -> 121	application-or-library	C/C++ header/type adapter	04.003,04.004,08.019	Enumerated and assigned; see hunk-wbs.tsv; implementation and behavioral verification remain TODO
01.002/002312	DONE	libgimpconfig/gimpconfig-params.h	9	text	-127 -> 127	application-or-library	C/C++ header/type adapter	04.003,04.004,08.019	Enumerated and assigned; see hunk-wbs.tsv; implementation and behavioral verification remain TODO
01.002/002313	DONE	libgimpconfig/gimpconfig-params.h	10	text	-133 -> 133	application-or-library	C/C++ header/type adapter	04.003,04.004,08.019	Enumerated and assigned; see hunk-wbs.tsv; implementation and behavioral verification remain TODO
01.002/002314	DONE	libgimpconfig/gimpconfig-params.h	11	text	-139 -> 139	application-or-library	C/C++ header/type adapter	04.003,04.004,08.019	Enumerated and assigned; see hunk-wbs.tsv; implementation and behavioral verification remain TODO
01.002/002315	DONE	libgimpconfig/gimpconfig-params.h	12	text	-145 -> 145	application-or-library	C/C++ header/type adapter	04.003,04.004,08.019	Enumerated and assigned; see hunk-wbs.tsv; implementation and behavioral verification remain TODO
01.002/002316	DONE	libgimpconfig/gimpconfig-params.h	13	text	-154 -> 154	application-or-library	C/C++ header/type adapter	04.003,04.004,08.019	Enumerated and assigned; see hunk-wbs.tsv; implementation and behavioral verification remain TODO
01.002/002317	DONE	libgimpconfig/gimpconfig-params.h	14	text	-156 -> 156	application-or-library	C/C++ header/type adapter	04.003,04.004,08.019	Enumerated and assigned; see hunk-wbs.tsv; implementation and behavioral verification remain TODO
01.002/002318	DONE	libgimpconfig/gimpconfig-params.h	15	text	-162 -> 162	application-or-library	C/C++ header/type adapter	04.003,04.004,08.019	Enumerated and assigned; see hunk-wbs.tsv; implementation and behavioral verification remain TODO
01.002/002319	DONE	libgimpconfig/gimpconfig-params.h	16	text	-164 -> 164	application-or-library	C/C++ header/type adapter	04.003,04.004,08.019	Enumerated and assigned; see hunk-wbs.tsv; implementation and behavioral verification remain TODO
01.002/002320	DONE	libgimpconfig/gimpconfig-params.h	17	text	-169 -> 169	application-or-library	C/C++ header/type adapter	04.003,04.004,08.019	Enumerated and assigned; see hunk-wbs.tsv; implementation and behavioral verification remain TODO
01.002/002321	DONE	libgimpconfig/gimpconfig-params.h	18	text	-171 -> 171	application-or-library	C/C++ header/type adapter	04.003,04.004,08.019	Enumerated and assigned; see hunk-wbs.tsv; implementation and behavioral verification remain TODO
01.002/002322	DONE	libgimpwidgets/gimpcolorselector.h	1	text	-142,0 -> 143,4	application-or-library	C/C++ header/type adapter	04.003,04.004,08.019	Enumerated and assigned; see hunk-wbs.tsv; implementation and behavioral verification remain TODO
01.002/002323	DONE	libgimpwidgets/gimpenumwidgets.c	1	text	-86,0 -> 87	application-or-library	Shared widget model/control extensions	06.023,08.017,29.010/standard-tool-options	Enumerated and assigned; see hunk-wbs.tsv; implementation and behavioral verification remain TODO
01.002/002324	DONE	libgimpwidgets/gimpenumwidgets.c	2	text	-105,7 -> 106,8	application-or-library	Shared widget model/control extensions	06.023,08.017,29.010/standard-tool-options	Enumerated and assigned; see hunk-wbs.tsv; implementation and behavioral verification remain TODO
01.002/002325	DONE	libgimpwidgets/gimpenumwidgets.c	3	text	-113 -> 115	application-or-library	Shared widget model/control extensions	06.023,08.017,29.010/standard-tool-options	Enumerated and assigned; see hunk-wbs.tsv; implementation and behavioral verification remain TODO
01.002/002326	DONE	libgimpwidgets/gimpenumwidgets.c	4	text	-122,3 -> 124,3	application-or-library	Shared widget model/control extensions	06.023,08.017,29.010/standard-tool-options	Enumerated and assigned; see hunk-wbs.tsv; implementation and behavioral verification remain TODO
01.002/002327	DONE	libgimpwidgets/gimpenumwidgets.c	5	text	-145 -> 147	application-or-library	Shared widget model/control extensions	06.023,08.017,29.010/standard-tool-options	Enumerated and assigned; see hunk-wbs.tsv; implementation and behavioral verification remain TODO
01.002/002328	DONE	libgimpwidgets/gimpenumwidgets.c	6	text	-156,0 -> 159,44	application-or-library	Shared widget model/control extensions	06.023,08.017,29.010/standard-tool-options	Enumerated and assigned; see hunk-wbs.tsv; implementation and behavioral verification remain TODO
01.002/002329	DONE	libgimpwidgets/gimpenumwidgets.c	7	text	-159,0 -> 206,36	application-or-library	Shared widget model/control extensions	06.023,08.017,29.010/standard-tool-options	Enumerated and assigned; see hunk-wbs.tsv; implementation and behavioral verification remain TODO
01.002/002330	DONE	libgimpwidgets/gimpenumwidgets.c	8	text	-182,0 -> 265,35	application-or-library	Shared widget model/control extensions	06.023,08.017,29.010/standard-tool-options	Enumerated and assigned; see hunk-wbs.tsv; implementation and behavioral verification remain TODO
01.002/002331	DONE	libgimpwidgets/gimpenumwidgets.c	9	text	-199,3 -> 316,3	application-or-library	Shared widget model/control extensions	06.023,08.017,29.010/standard-tool-options	Enumerated and assigned; see hunk-wbs.tsv; implementation and behavioral verification remain TODO
01.002/002332	DONE	libgimpwidgets/gimpenumwidgets.c	10	text	-207,0 -> 325	application-or-library	Shared widget model/control extensions	06.023,08.017,29.010/standard-tool-options	Enumerated and assigned; see hunk-wbs.tsv; implementation and behavioral verification remain TODO
01.002/002333	DONE	libgimpwidgets/gimpenumwidgets.c	11	text	-233,0 -> 352,40	application-or-library	Shared widget model/control extensions	06.023,08.017,29.010/standard-tool-options	Enumerated and assigned; see hunk-wbs.tsv; implementation and behavioral verification remain TODO
01.002/002334	DONE	libgimpwidgets/gimpenumwidgets.c	12	text	-250,5 -> 408,6	application-or-library	Shared widget model/control extensions	06.023,08.017,29.010/standard-tool-options	Enumerated and assigned; see hunk-wbs.tsv; implementation and behavioral verification remain TODO
01.002/002335	DONE	libgimpwidgets/gimpenumwidgets.c	13	text	-306,0 -> 466	application-or-library	Shared widget model/control extensions	06.023,08.017,29.010/standard-tool-options	Enumerated and assigned; see hunk-wbs.tsv; implementation and behavioral verification remain TODO
01.002/002336	DONE	libgimpwidgets/gimpenumwidgets.c	14	text	-327,9 -> 487,10	application-or-library	Shared widget model/control extensions	06.023,08.017,29.010/standard-tool-options	Enumerated and assigned; see hunk-wbs.tsv; implementation and behavioral verification remain TODO
01.002/002337	DONE	libgimpwidgets/gimpenumwidgets.c	15	text	-350 -> 511	application-or-library	Shared widget model/control extensions	06.023,08.017,29.010/standard-tool-options	Enumerated and assigned; see hunk-wbs.tsv; implementation and behavioral verification remain TODO
01.002/002338	DONE	libgimpwidgets/gimpenumwidgets.c	16	text	-401,0 -> 563,89	application-or-library	Shared widget model/control extensions	06.023,08.017,29.010/standard-tool-options	Enumerated and assigned; see hunk-wbs.tsv; implementation and behavioral verification remain TODO
01.002/002339	DONE	libgimpwidgets/gimpenumwidgets.h	1	text	-35,0 -> 36,5	application-or-library	Shared widget model/control extensions	06.023,08.017,29.010/standard-tool-options	Enumerated and assigned; see hunk-wbs.tsv; implementation and behavioral verification remain TODO
01.002/002340	DONE	libgimpwidgets/gimpenumwidgets.h	2	text	-47,0 -> 53,6	application-or-library	Shared widget model/control extensions	06.023,08.017,29.010/standard-tool-options	Enumerated and assigned; see hunk-wbs.tsv; implementation and behavioral verification remain TODO
01.002/002341	DONE	libgimpwidgets/gimpenumwidgets.h	3	text	-54,0 -> 66,8	application-or-library	Shared widget model/control extensions	06.023,08.017,29.010/standard-tool-options	Enumerated and assigned; see hunk-wbs.tsv; implementation and behavioral verification remain TODO
01.002/002342	DONE	libgimpwidgets/gimpenumwidgets.h	4	text	-61,0 -> 81,7	application-or-library	Shared widget model/control extensions	06.023,08.017,29.010/standard-tool-options	Enumerated and assigned; see hunk-wbs.tsv; implementation and behavioral verification remain TODO
01.002/002343	DONE	libgimpwidgets/gimpframe.h	1	text	-66,0 -> 67,8	application-or-library	C/C++ header/type adapter	04.003,04.004,08.019	Enumerated and assigned; see hunk-wbs.tsv; implementation and behavioral verification remain TODO
01.002/002344	DONE	libgimpwidgets/gimpintcombobox.h	1	text	-100,0 -> 101,8	application-or-library	C/C++ header/type adapter	04.003,04.004,08.019	Enumerated and assigned; see hunk-wbs.tsv; implementation and behavioral verification remain TODO
01.002/002345	DONE	libgimpwidgets/gimppropwidgets.c	1	text	-656,0 -> 657,33	application-or-library	Shared widget model/control extensions	06.023,08.017,29.010/standard-tool-options	Enumerated and assigned; see hunk-wbs.tsv; implementation and behavioral verification remain TODO
01.002/002346	DONE	libgimpwidgets/gimppropwidgets.c	2	text	-677,6 -> 710,7	application-or-library	Shared widget model/control extensions	06.023,08.017,29.010/standard-tool-options	Enumerated and assigned; see hunk-wbs.tsv; implementation and behavioral verification remain TODO
01.002/002347	DONE	libgimpwidgets/gimppropwidgets.c	3	text	-686,5 -> 720,6	application-or-library	Shared widget model/control extensions	06.023,08.017,29.010/standard-tool-options	Enumerated and assigned; see hunk-wbs.tsv; implementation and behavioral verification remain TODO
01.002/002348	DONE	libgimpwidgets/gimppropwidgets.c	4	text	-860,0 -> 896,32	application-or-library	Shared widget model/control extensions	06.023,08.017,29.010/standard-tool-options	Enumerated and assigned; see hunk-wbs.tsv; implementation and behavioral verification remain TODO
01.002/002349	DONE	libgimpwidgets/gimppropwidgets.c	5	text	-880 -> 947	application-or-library	Shared widget model/control extensions	06.023,08.017,29.010/standard-tool-options	Enumerated and assigned; see hunk-wbs.tsv; implementation and behavioral verification remain TODO
01.002/002350	DONE	libgimpwidgets/gimppropwidgets.c	6	text	-882 -> 949	application-or-library	Shared widget model/control extensions	06.023,08.017,29.010/standard-tool-options	Enumerated and assigned; see hunk-wbs.tsv; implementation and behavioral verification remain TODO
01.002/002351	DONE	libgimpwidgets/gimppropwidgets.c	7	text	-923,0 -> 991,34	application-or-library	Shared widget model/control extensions	06.023,08.017,29.010/standard-tool-options	Enumerated and assigned; see hunk-wbs.tsv; implementation and behavioral verification remain TODO
01.002/002352	DONE	libgimpwidgets/gimppropwidgets.h	1	text	-45,0 -> 46,6	application-or-library	Shared widget model/control extensions	06.023,08.017,29.010/standard-tool-options	Enumerated and assigned; see hunk-wbs.tsv; implementation and behavioral verification remain TODO
01.002/002353	DONE	libgimpwidgets/gimppropwidgets.h	2	text	-76,0 -> 83,6	application-or-library	Shared widget model/control extensions	06.023,08.017,29.010/standard-tool-options	Enumerated and assigned; see hunk-wbs.tsv; implementation and behavioral verification remain TODO
01.002/002354	DONE	libgimpwidgets/gimppropwidgets.h	3	text	-85,0 -> 98,6	application-or-library	Shared widget model/control extensions	06.023,08.017,29.010/standard-tool-options	Enumerated and assigned; see hunk-wbs.tsv; implementation and behavioral verification remain TODO
01.002/002355	DONE	libgimpwidgets/gimpstock.c	1	text	-135,0 -> 136	application-or-library	Icon/theme resource	30.003,30.017	Enumerated and assigned; see hunk-wbs.tsv; implementation and behavioral verification remain TODO
01.002/002356	DONE	libgimpwidgets/gimpstock.c	2	text	-345 -> 346,2	application-or-library	Icon/theme resource	30.003,30.017	Enumerated and assigned; see hunk-wbs.tsv; implementation and behavioral verification remain TODO
01.002/002357	DONE	libgimpwidgets/gimpstock.c	3	text	-454,0 -> 457	application-or-library	Icon/theme resource	30.003,30.017	Enumerated and assigned; see hunk-wbs.tsv; implementation and behavioral verification remain TODO
01.002/002358	DONE	libgimpwidgets/gimpstock.c	4	text	-500,0 -> 504	application-or-library	Icon/theme resource	30.003,30.017	Enumerated and assigned; see hunk-wbs.tsv; implementation and behavioral verification remain TODO
01.002/002359	DONE	libgimpwidgets/gimpstock.c	5	text	-587,0 -> 592	application-or-library	Icon/theme resource	30.003,30.017	Enumerated and assigned; see hunk-wbs.tsv; implementation and behavioral verification remain TODO
01.002/002360	DONE	libgimpwidgets/gimpstock.h	1	text	-44,0 -> 45	application-or-library	Icon/theme resource	30.003,30.017	Enumerated and assigned; see hunk-wbs.tsv; implementation and behavioral verification remain TODO
01.002/002361	DONE	libgimpwidgets/gimpstock.h	2	text	-145,0 -> 147,2	application-or-library	Icon/theme resource	30.003,30.017	Enumerated and assigned; see hunk-wbs.tsv; implementation and behavioral verification remain TODO
01.002/002362	DONE	libgimpwidgets/gimpstock.h	3	text	-286,0 -> 290	application-or-library	Icon/theme resource	30.003,30.017	Enumerated and assigned; see hunk-wbs.tsv; implementation and behavioral verification remain TODO
01.002/002363	DONE	libgimpwidgets/gimpwidgets.c	1	text	-311,0 -> 312,120	application-or-library	Shared widget model/control extensions	06.023,08.017,29.010/standard-tool-options	Enumerated and assigned; see hunk-wbs.tsv; implementation and behavioral verification remain TODO
01.002/002364	DONE	libgimpwidgets/gimpwidgets.h	1	text	-109,0 -> 110,15	application-or-library	Shared widget model/control extensions	06.023,08.017,29.010/standard-tool-options	Enumerated and assigned; see hunk-wbs.tsv; implementation and behavioral verification remain TODO
01.002/002365	DONE	menus/Makefile.am	1	text	-41 -> 41,3	other	Reviewed Makefile menu-manifest	30.001,30.005,30.017	Enumerated and assigned; see hunk-wbs.tsv; implementation and behavioral verification remain TODO
01.002/002366	DONE	menus/dialogs-menuitems.xml	1	text	-24,0 -> 25	other	Brush/dialog menu registrations	30.001,30.005	Enumerated and assigned; see hunk-wbs.tsv; implementation and behavioral verification remain TODO
01.002/002367	DONE	menus/dialogs-menuitems.xml	2	text	-26,0 -> 28	other	Brush/dialog menu registrations	30.001,30.005	Enumerated and assigned; see hunk-wbs.tsv; implementation and behavioral verification remain TODO
01.002/002368	DONE	menus/mypaint-brush-editor-menu.xml	1	text	-0,0 -> 1,8	other	Brush/dialog menu registrations	30.001,30.005	Enumerated and assigned; see hunk-wbs.tsv; implementation and behavioral verification remain TODO
01.002/002369	DONE	menus/mypaint-brushes-menu.xml	1	text	-0,0 -> 1,16	other	Brush/dialog menu registrations	30.001,30.005	Enumerated and assigned; see hunk-wbs.tsv; implementation and behavioral verification remain TODO
01.002/002370	DONE	modules/gimpcolorwheel.c	1	text	-63,0 -> 64,3	plugin-or-module	Palette/color selector interaction	29.007,29.007/palette-popup-teardown	Enumerated and assigned; see hunk-wbs.tsv; implementation and behavioral verification remain TODO
01.002/002371	DONE	modules/gimpcolorwheel.c	2	text	-77 -> 80	plugin-or-module	Palette/color selector interaction	29.007,29.007/palette-popup-teardown	Enumerated and assigned; see hunk-wbs.tsv; implementation and behavioral verification remain TODO
01.002/002372	DONE	modules/gimpcolorwheel.c	3	text	-92,8 -> 95,8	plugin-or-module	Palette/color selector interaction	29.007,29.007/palette-popup-teardown	Enumerated and assigned; see hunk-wbs.tsv; implementation and behavioral verification remain TODO
01.002/002373	DONE	modules/gimpcolorwheel.c	4	text	-101 -> 104,2	plugin-or-module	Palette/color selector interaction	29.007,29.007/palette-popup-teardown	Enumerated and assigned; see hunk-wbs.tsv; implementation and behavioral verification remain TODO
01.002/002374	DONE	modules/gimpcolorwheel.c	5	text	-103 -> 107,2	plugin-or-module	Palette/color selector interaction	29.007,29.007/palette-popup-teardown	Enumerated and assigned; see hunk-wbs.tsv; implementation and behavioral verification remain TODO
01.002/002375	DONE	modules/gimpcolorwheel.c	6	text	-105 -> 110,2	plugin-or-module	Palette/color selector interaction	29.007,29.007/palette-popup-teardown	Enumerated and assigned; see hunk-wbs.tsv; implementation and behavioral verification remain TODO
01.002/002376	DONE	modules/gimpcolorwheel.c	7	text	-107,3 -> 113,5	plugin-or-module	Palette/color selector interaction	29.007,29.007/palette-popup-teardown	Enumerated and assigned; see hunk-wbs.tsv; implementation and behavioral verification remain TODO
01.002/002377	DONE	modules/gimpcolorwheel.c	8	text	-111,0 -> 120	plugin-or-module	Palette/color selector interaction	29.007,29.007/palette-popup-teardown	Enumerated and assigned; see hunk-wbs.tsv; implementation and behavioral verification remain TODO
01.002/002378	DONE	modules/gimpcolorwheel.c	9	text	-118 -> 127	plugin-or-module	Palette/color selector interaction	29.007,29.007/palette-popup-teardown	Enumerated and assigned; see hunk-wbs.tsv; implementation and behavioral verification remain TODO
01.002/002379	DONE	modules/gimpcolorwheel.c	10	text	-133 -> 142	plugin-or-module	Palette/color selector interaction	29.007,29.007/palette-popup-teardown	Enumerated and assigned; see hunk-wbs.tsv; implementation and behavioral verification remain TODO
01.002/002380	DONE	modules/gimpcolorwheel.c	11	text	-137,12 -> 146,10	plugin-or-module	Palette/color selector interaction	29.007,29.007/palette-popup-teardown	Enumerated and assigned; see hunk-wbs.tsv; implementation and behavioral verification remain TODO
01.002/002381	DONE	modules/gimpcolorwheel.c	12	text	-225,0 -> 233,12	plugin-or-module	Palette/color selector interaction	29.007,29.007/palette-popup-teardown	Enumerated and assigned; see hunk-wbs.tsv; implementation and behavioral verification remain TODO
01.002/002382	DONE	modules/gimpcolorwheel.c	13	text	-227 -> 246	plugin-or-module	Palette/color selector interaction	29.007,29.007/palette-popup-teardown	Enumerated and assigned; see hunk-wbs.tsv; implementation and behavioral verification remain TODO
01.002/002383	DONE	modules/gimpcolorwheel.c	14	text	-348 -> 367	plugin-or-module	Palette/color selector interaction	29.007,29.007/palette-popup-teardown	Enumerated and assigned; see hunk-wbs.tsv; implementation and behavioral verification remain TODO
01.002/002384	DONE	modules/gimpcolorwheel.c	15	text	-625,0 -> 645	plugin-or-module	Palette/color selector interaction	29.007,29.007/palette-popup-teardown	Enumerated and assigned; see hunk-wbs.tsv; implementation and behavioral verification remain TODO
01.002/002385	DONE	modules/gimpcolorwheel.c	16	text	-656 -> 676	plugin-or-module	Palette/color selector interaction	29.007,29.007/palette-popup-teardown	Enumerated and assigned; see hunk-wbs.tsv; implementation and behavioral verification remain TODO
01.002/002386	DONE	modules/gimpcolorwheel.c	17	text	-659 -> 679,2	plugin-or-module	Palette/color selector interaction	29.007,29.007/palette-popup-teardown	Enumerated and assigned; see hunk-wbs.tsv; implementation and behavioral verification remain TODO
01.002/002387	DONE	modules/gimpcolorwheel.c	18	text	-661 -> 682	plugin-or-module	Palette/color selector interaction	29.007,29.007/palette-popup-teardown	Enumerated and assigned; see hunk-wbs.tsv; implementation and behavioral verification remain TODO
01.002/002388	DONE	modules/gimpcolorwheel.c	19	text	-674 -> 695,2	plugin-or-module	Palette/color selector interaction	29.007,29.007/palette-popup-teardown	Enumerated and assigned; see hunk-wbs.tsv; implementation and behavioral verification remain TODO
01.002/002389	DONE	modules/gimpcolorwheel.c	20	text	-681 -> 703	plugin-or-module	Palette/color selector interaction	29.007,29.007/palette-popup-teardown	Enumerated and assigned; see hunk-wbs.tsv; implementation and behavioral verification remain TODO
01.002/002390	DONE	modules/gimpcolorwheel.c	21	text	-692 -> 714,2	plugin-or-module	Palette/color selector interaction	29.007,29.007/palette-popup-teardown	Enumerated and assigned; see hunk-wbs.tsv; implementation and behavioral verification remain TODO
01.002/002391	DONE	modules/gimpcolorwheel.c	22	text	-697 -> 720	plugin-or-module	Palette/color selector interaction	29.007,29.007/palette-popup-teardown	Enumerated and assigned; see hunk-wbs.tsv; implementation and behavioral verification remain TODO
01.002/002392	DONE	modules/gimpcolorwheel.c	23	text	-708 -> 731,2	plugin-or-module	Palette/color selector interaction	29.007,29.007/palette-popup-teardown	Enumerated and assigned; see hunk-wbs.tsv; implementation and behavioral verification remain TODO
01.002/002393	DONE	modules/gimpcolorwheel.c	24	text	-710 -> 734	plugin-or-module	Palette/color selector interaction	29.007,29.007/palette-popup-teardown	Enumerated and assigned; see hunk-wbs.tsv; implementation and behavioral verification remain TODO
01.002/002394	DONE	modules/gimpcolorwheel.c	25	text	-743,2 -> 767,3	plugin-or-module	Palette/color selector interaction	29.007,29.007/palette-popup-teardown	Enumerated and assigned; see hunk-wbs.tsv; implementation and behavioral verification remain TODO
01.002/002395	DONE	modules/gimpcolorwheel.c	26	text	-751 -> 776,2	plugin-or-module	Palette/color selector interaction	29.007,29.007/palette-popup-teardown	Enumerated and assigned; see hunk-wbs.tsv; implementation and behavioral verification remain TODO
01.002/002396	DONE	modules/gimpcolorwheel.c	27	text	-753 -> 779	plugin-or-module	Palette/color selector interaction	29.007,29.007/palette-popup-teardown	Enumerated and assigned; see hunk-wbs.tsv; implementation and behavioral verification remain TODO
01.002/002397	DONE	modules/gimpcolorwheel.c	28	text	-760 -> 786	plugin-or-module	Palette/color selector interaction	29.007,29.007/palette-popup-teardown	Enumerated and assigned; see hunk-wbs.tsv; implementation and behavioral verification remain TODO
01.002/002398	DONE	modules/gimpcolorwheel.c	29	text	-1164 -> 1190,2	plugin-or-module	Palette/color selector interaction	29.007,29.007/palette-popup-teardown	Enumerated and assigned; see hunk-wbs.tsv; implementation and behavioral verification remain TODO
01.002/002399	DONE	modules/gimpcolorwheel.c	30	text	-1166 -> 1193	plugin-or-module	Palette/color selector interaction	29.007,29.007/palette-popup-teardown	Enumerated and assigned; see hunk-wbs.tsv; implementation and behavioral verification remain TODO
01.002/002400	DONE	modules/gimpcolorwheel.c	31	text	-1169,0 -> 1197	plugin-or-module	Palette/color selector interaction	29.007,29.007/palette-popup-teardown	Enumerated and assigned; see hunk-wbs.tsv; implementation and behavioral verification remain TODO
01.002/002401	DONE	modules/gimpcolorwheel.c	32	text	-1177,0 -> 1206,10	plugin-or-module	Palette/color selector interaction	29.007,29.007/palette-popup-teardown	Enumerated and assigned; see hunk-wbs.tsv; implementation and behavioral verification remain TODO
01.002/002402	DONE	modules/gimpcolorwheel.c	33	text	-1202 -> 1240	plugin-or-module	Palette/color selector interaction	29.007,29.007/palette-popup-teardown	Enumerated and assigned; see hunk-wbs.tsv; implementation and behavioral verification remain TODO
01.002/002403	DONE	modules/gimpcolorwheel.c	34	text	-1258 -> 1296	plugin-or-module	Palette/color selector interaction	29.007,29.007/palette-popup-teardown	Enumerated and assigned; see hunk-wbs.tsv; implementation and behavioral verification remain TODO
01.002/002404	DONE	modules/gimpcolorwheel.h	1	text	-50 -> 50	plugin-or-module	Palette/color selector interaction	29.007,29.007/palette-popup-teardown	Enumerated and assigned; see hunk-wbs.tsv; implementation and behavioral verification remain TODO
01.002/002405	DONE	modules/gimpcolorwheel.h	2	text	-58 -> 58	plugin-or-module	Palette/color selector interaction	29.007,29.007/palette-popup-teardown	Enumerated and assigned; see hunk-wbs.tsv; implementation and behavioral verification remain TODO
01.002/002406	DONE	plug-ins/common/alien-map.c	1	text	-170,6 -> 170,6	plugin-or-module	Legacy filter procedure execution contract	16.001,16.003,16.004,16.022	Enumerated and assigned; see hunk-wbs.tsv; implementation and behavioral verification remain TODO
01.002/002407	DONE	plug-ins/common/alien-map.c	2	text	-177,3 -> 177,3	plugin-or-module	Legacy filter procedure execution contract	16.001,16.003,16.004,16.022	Enumerated and assigned; see hunk-wbs.tsv; implementation and behavioral verification remain TODO
01.002/002408	DONE	plug-ins/common/blur-motion.c	1	text	-150,4 -> 150,4	plugin-or-module	Legacy filter procedure execution contract	16.001,16.003,16.004,16.022	Enumerated and assigned; see hunk-wbs.tsv; implementation and behavioral verification remain TODO
01.002/002409	DONE	plug-ins/common/channel-mixer.c	1	text	-163,9 -> 163,9	plugin-or-module	Legacy filter procedure execution contract	16.001,16.003,16.004,16.022	Enumerated and assigned; see hunk-wbs.tsv; implementation and behavioral verification remain TODO
01.002/002410	DONE	plug-ins/common/color-exchange.c	1	text	-110,9 -> 110,9	plugin-or-module	Legacy filter procedure execution contract	16.001,16.003,16.004,16.022	Enumerated and assigned; see hunk-wbs.tsv; implementation and behavioral verification remain TODO
01.002/002411	DONE	plug-ins/common/contrast-retinex.c	1	text	-149,4 -> 149,4	plugin-or-module	Legacy filter procedure execution contract	16.001,16.003,16.004,16.022	Enumerated and assigned; see hunk-wbs.tsv; implementation and behavioral verification remain TODO
01.002/002412	DONE	plug-ins/common/convolution-matrix.c	1	text	-189,3 -> 189,3	plugin-or-module	Legacy filter procedure execution contract	16.001,16.003,16.004,16.022	Enumerated and assigned; see hunk-wbs.tsv; implementation and behavioral verification remain TODO
01.002/002413	DONE	plug-ins/common/convolution-matrix.c	2	text	-195,2 -> 195,2	plugin-or-module	Legacy filter procedure execution contract	16.001,16.003,16.004,16.022	Enumerated and assigned; see hunk-wbs.tsv; implementation and behavioral verification remain TODO
01.002/002414	DONE	plug-ins/common/curve-bend.c	1	text	-496,13 -> 496,13	plugin-or-module	Legacy filter procedure execution contract	16.001,16.003,16.004,16.022	Enumerated and assigned; see hunk-wbs.tsv; implementation and behavioral verification remain TODO
01.002/002415	DONE	plug-ins/common/decompose.c	1	text	-283 -> 283	plugin-or-module	Legacy filter procedure execution contract	16.001,16.003,16.004,16.022	Enumerated and assigned; see hunk-wbs.tsv; implementation and behavioral verification remain TODO
01.002/002416	DONE	plug-ins/common/decompose.c	2	text	-296 -> 296	plugin-or-module	Legacy filter procedure execution contract	16.001,16.003,16.004,16.022	Enumerated and assigned; see hunk-wbs.tsv; implementation and behavioral verification remain TODO
01.002/002417	DONE	plug-ins/common/decompose.c	3	text	-307,0 -> 308	plugin-or-module	Legacy filter procedure execution contract	16.001,16.003,16.004,16.022	Enumerated and assigned; see hunk-wbs.tsv; implementation and behavioral verification remain TODO
01.002/002418	DONE	plug-ins/common/displace.c	1	text	-161,2 -> 161,2	plugin-or-module	Legacy filter procedure execution contract	16.001,16.003,16.004,16.022	Enumerated and assigned; see hunk-wbs.tsv; implementation and behavioral verification remain TODO
01.002/002419	DONE	plug-ins/common/edge-neon.c	1	text	-121 -> 121	plugin-or-module	Legacy filter procedure execution contract	16.001,16.003,16.004,16.022	Enumerated and assigned; see hunk-wbs.tsv; implementation and behavioral verification remain TODO
01.002/002420	DONE	plug-ins/common/edge-sobel.c	1	text	-102,3 -> 102,3	plugin-or-module	Legacy filter procedure execution contract	16.001,16.003,16.004,16.022	Enumerated and assigned; see hunk-wbs.tsv; implementation and behavioral verification remain TODO
01.002/002421	DONE	plug-ins/common/edge.c	1	text	-135 -> 135	plugin-or-module	Legacy filter procedure execution contract	16.001,16.003,16.004,16.022	Enumerated and assigned; see hunk-wbs.tsv; implementation and behavioral verification remain TODO
01.002/002422	DONE	plug-ins/common/emboss.c	1	text	-120,2 -> 120,2	plugin-or-module	Legacy filter procedure execution contract	16.001,16.003,16.004,16.022	Enumerated and assigned; see hunk-wbs.tsv; implementation and behavioral verification remain TODO
01.002/002423	DONE	plug-ins/common/fractal-trace.c	1	text	-106,4 -> 106,4	plugin-or-module	Legacy filter procedure execution contract	16.001,16.003,16.004,16.022	Enumerated and assigned; see hunk-wbs.tsv; implementation and behavioral verification remain TODO
01.002/002424	DONE	plug-ins/common/fractal-trace.c	2	text	-112 -> 112	plugin-or-module	Legacy filter procedure execution contract	16.001,16.003,16.004,16.022	Enumerated and assigned; see hunk-wbs.tsv; implementation and behavioral verification remain TODO
01.002/002425	DONE	plug-ins/common/hot.c	1	text	-202 -> 202	plugin-or-module	Legacy filter procedure execution contract	16.001,16.003,16.004,16.022	Enumerated and assigned; see hunk-wbs.tsv; implementation and behavioral verification remain TODO
01.002/002426	DONE	plug-ins/common/lens-distortion.c	1	text	-104,6 -> 104,6	plugin-or-module	Legacy filter procedure execution contract	16.001,16.003,16.004,16.022	Enumerated and assigned; see hunk-wbs.tsv; implementation and behavioral verification remain TODO
01.002/002427	DONE	plug-ins/common/lens-flare.c	1	text	-178,2 -> 178,2	plugin-or-module	Legacy filter procedure execution contract	16.001,16.003,16.004,16.022	Enumerated and assigned; see hunk-wbs.tsv; implementation and behavioral verification remain TODO
01.002/002428	DONE	plug-ins/common/mosaic.c	1	text	-352 -> 352	plugin-or-module	Legacy filter procedure execution contract	16.001,16.003,16.004,16.022	Enumerated and assigned; see hunk-wbs.tsv; implementation and behavioral verification remain TODO
01.002/002429	DONE	plug-ins/common/mosaic.c	2	text	-355,2 -> 355,2	plugin-or-module	Legacy filter procedure execution contract	16.001,16.003,16.004,16.022	Enumerated and assigned; see hunk-wbs.tsv; implementation and behavioral verification remain TODO
01.002/002430	DONE	plug-ins/common/mosaic.c	3	text	-359 -> 359	plugin-or-module	Legacy filter procedure execution contract	16.001,16.003,16.004,16.022	Enumerated and assigned; see hunk-wbs.tsv; implementation and behavioral verification remain TODO
01.002/002431	DONE	plug-ins/common/newsprint.c	1	text	-490 -> 490	plugin-or-module	Legacy filter procedure execution contract	16.001,16.003,16.004,16.022	Enumerated and assigned; see hunk-wbs.tsv; implementation and behavioral verification remain TODO
01.002/002432	DONE	plug-ins/common/newsprint.c	2	text	-495,8 -> 495,8	plugin-or-module	Legacy filter procedure execution contract	16.001,16.003,16.004,16.022	Enumerated and assigned; see hunk-wbs.tsv; implementation and behavioral verification remain TODO
01.002/002433	DONE	plug-ins/common/newsprint.c	3	text	-504 -> 504	plugin-or-module	Legacy filter procedure execution contract	16.001,16.003,16.004,16.022	Enumerated and assigned; see hunk-wbs.tsv; implementation and behavioral verification remain TODO
01.002/002434	DONE	plug-ins/common/nl-filter.c	1	text	-108,8 -> 108,9	plugin-or-module	Legacy filter procedure execution contract	16.001,16.003,16.004,16.022	Enumerated and assigned; see hunk-wbs.tsv; implementation and behavioral verification remain TODO
01.002/002435	DONE	plug-ins/common/noise-hsv.c	1	text	-96 -> 96	plugin-or-module	Legacy filter procedure execution contract	16.001,16.003,16.004,16.022	Enumerated and assigned; see hunk-wbs.tsv; implementation and behavioral verification remain TODO
01.002/002436	DONE	plug-ins/common/noise-randomize.c	1	text	-198 -> 198	plugin-or-module	Legacy filter procedure execution contract	16.001,16.003,16.004,16.022	Enumerated and assigned; see hunk-wbs.tsv; implementation and behavioral verification remain TODO
01.002/002437	DONE	plug-ins/common/noise-rgb.c	1	text	-123,6 -> 123,6	plugin-or-module	Legacy filter procedure execution contract	16.001,16.003,16.004,16.022	Enumerated and assigned; see hunk-wbs.tsv; implementation and behavioral verification remain TODO
01.002/002438	DONE	plug-ins/common/noise-rgb.c	2	text	-136,5 -> 136,5	plugin-or-module	Legacy filter procedure execution contract	16.001,16.003,16.004,16.022	Enumerated and assigned; see hunk-wbs.tsv; implementation and behavioral verification remain TODO
01.002/002439	DONE	plug-ins/common/noise-solid.c	1	text	-171,2 -> 171,2	plugin-or-module	Legacy filter procedure execution contract	16.001,16.003,16.004,16.022	Enumerated and assigned; see hunk-wbs.tsv; implementation and behavioral verification remain TODO
01.002/002440	DONE	plug-ins/common/nova.c	1	text	-154,2 -> 154,2	plugin-or-module	Legacy filter procedure execution contract	16.001,16.003,16.004,16.022	Enumerated and assigned; see hunk-wbs.tsv; implementation and behavioral verification remain TODO
01.002/002441	DONE	plug-ins/common/nova.c	2	text	-157,3 -> 157,3	plugin-or-module	Legacy filter procedure execution contract	16.001,16.003,16.004,16.022	Enumerated and assigned; see hunk-wbs.tsv; implementation and behavioral verification remain TODO
01.002/002442	DONE	plug-ins/common/sample-colorize.c	1	text	-250 -> 250	plugin-or-module	Legacy filter procedure execution contract	16.001,16.003,16.004,16.022	Enumerated and assigned; see hunk-wbs.tsv; implementation and behavioral verification remain TODO
01.002/002443	DONE	plug-ins/common/sample-colorize.c	2	text	-256,2 -> 256,2	plugin-or-module	Legacy filter procedure execution contract	16.001,16.003,16.004,16.022	Enumerated and assigned; see hunk-wbs.tsv; implementation and behavioral verification remain TODO
01.002/002444	DONE	plug-ins/common/sample-colorize.c	3	text	-259,2 -> 259,2	plugin-or-module	Legacy filter procedure execution contract	16.001,16.003,16.004,16.022	Enumerated and assigned; see hunk-wbs.tsv; implementation and behavioral verification remain TODO
01.002/002445	DONE	plug-ins/common/shift.c	1	text	-97 -> 97	plugin-or-module	Legacy filter procedure execution contract	16.001,16.003,16.004,16.022	Enumerated and assigned; see hunk-wbs.tsv; implementation and behavioral verification remain TODO
01.002/002446	DONE	plug-ins/common/smooth-palette.c	1	text	-72,2 -> 72,2	plugin-or-module	Legacy filter procedure execution contract	16.001,16.003,16.004,16.022	Enumerated and assigned; see hunk-wbs.tsv; implementation and behavioral verification remain TODO
01.002/002447	DONE	plug-ins/common/sparkle.c	1	text	-164,3 -> 164,3	plugin-or-module	Legacy filter procedure execution contract	16.001,16.003,16.004,16.022	Enumerated and assigned; see hunk-wbs.tsv; implementation and behavioral verification remain TODO
01.002/002448	DONE	plug-ins/common/tile-paper.c	1	text	-838,2 -> 838,2	plugin-or-module	Legacy filter procedure execution contract	16.001,16.003,16.004,16.022	Enumerated and assigned; see hunk-wbs.tsv; implementation and behavioral verification remain TODO
01.002/002449	DONE	plug-ins/common/tile-paper.c	2	text	-842,3 -> 842,3	plugin-or-module	Legacy filter procedure execution contract	16.001,16.003,16.004,16.022	Enumerated and assigned; see hunk-wbs.tsv; implementation and behavioral verification remain TODO
01.002/002450	DONE	plug-ins/common/tile.c	1	text	-80,0 -> 81,12	plugin-or-module	Legacy filter procedure execution contract	16.001,16.003,16.004,16.022	Enumerated and assigned; see hunk-wbs.tsv; implementation and behavioral verification remain TODO
01.002/002451	DONE	plug-ins/common/tile.c	2	text	-84 -> 96	plugin-or-module	Legacy filter procedure execution contract	16.001,16.003,16.004,16.022	Enumerated and assigned; see hunk-wbs.tsv; implementation and behavioral verification remain TODO
01.002/002452	DONE	plug-ins/common/tile.c	3	text	-89,3 -> 101,3	plugin-or-module	Legacy filter procedure execution contract	16.001,16.003,16.004,16.022	Enumerated and assigned; see hunk-wbs.tsv; implementation and behavioral verification remain TODO
01.002/002453	DONE	plug-ins/common/value-propagate.c	1	text	-224 -> 224	plugin-or-module	Legacy filter procedure execution contract	16.001,16.003,16.004,16.022	Enumerated and assigned; see hunk-wbs.tsv; implementation and behavioral verification remain TODO
01.002/002454	DONE	plug-ins/common/value-propagate.c	2	text	-228,2 -> 228,2	plugin-or-module	Legacy filter procedure execution contract	16.001,16.003,16.004,16.022	Enumerated and assigned; see hunk-wbs.tsv; implementation and behavioral verification remain TODO
01.002/002455	DONE	plug-ins/common/video.c	1	text	-1764,0 -> 1765	plugin-or-module	Legacy filter procedure execution contract	16.001,16.003,16.004,16.022	Enumerated and assigned; see hunk-wbs.tsv; implementation and behavioral verification remain TODO
01.002/002456	DONE	plug-ins/common/video.c	2	text	-1792,0 -> 1794,26	plugin-or-module	Legacy filter procedure execution contract	16.001,16.003,16.004,16.022	Enumerated and assigned; see hunk-wbs.tsv; implementation and behavioral verification remain TODO
01.002/002457	DONE	plug-ins/common/video.c	3	text	-1796 -> 1823	plugin-or-module	Legacy filter procedure execution contract	16.001,16.003,16.004,16.022	Enumerated and assigned; see hunk-wbs.tsv; implementation and behavioral verification remain TODO
01.002/002458	DONE	plug-ins/common/video.c	4	text	-1801,3 -> 1828,3	plugin-or-module	Legacy filter procedure execution contract	16.001,16.003,16.004,16.022	Enumerated and assigned; see hunk-wbs.tsv; implementation and behavioral verification remain TODO
01.002/002459	DONE	plug-ins/common/warp.c	1	text	-223 -> 223	plugin-or-module	Legacy filter procedure execution contract	16.001,16.003,16.004,16.022	Enumerated and assigned; see hunk-wbs.tsv; implementation and behavioral verification remain TODO
01.002/002460	DONE	plug-ins/common/waves.c	1	text	-113,5 -> 113,5	plugin-or-module	Legacy filter procedure execution contract	16.001,16.003,16.004,16.022	Enumerated and assigned; see hunk-wbs.tsv; implementation and behavioral verification remain TODO
01.002/002461	DONE	plug-ins/common/wind.c	1	text	-168 -> 168	plugin-or-module	Legacy filter procedure execution contract	16.001,16.003,16.004,16.022	Enumerated and assigned; see hunk-wbs.tsv; implementation and behavioral verification remain TODO
01.002/002462	DONE	plug-ins/gradient-flare/gradient-flare.c	1	text	-788,3 -> 788,3	plugin-or-module	Legacy filter procedure execution contract	16.001,16.003,16.004,16.022	Enumerated and assigned; see hunk-wbs.tsv; implementation and behavioral verification remain TODO
01.002/002463	DONE	plug-ins/gradient-flare/gradient-flare.c	2	text	-794,2 -> 794,2	plugin-or-module	Legacy filter procedure execution contract	16.001,16.003,16.004,16.022	Enumerated and assigned; see hunk-wbs.tsv; implementation and behavioral verification remain TODO
01.002/002464	DONE	plug-ins/lighting/lighting-main.c	1	text	-171,2 -> 171,2	plugin-or-module	Legacy filter procedure execution contract	16.001,16.003,16.004,16.022	Enumerated and assigned; see hunk-wbs.tsv; implementation and behavioral verification remain TODO
01.002/002465	DONE	plug-ins/lighting/lighting-main.c	2	text	-174,6 -> 174,6	plugin-or-module	Legacy filter procedure execution contract	16.001,16.003,16.004,16.022	Enumerated and assigned; see hunk-wbs.tsv; implementation and behavioral verification remain TODO
01.002/002466	DONE	plug-ins/map-object/map-object-main.c	1	text	-139,29 -> 139,29	plugin-or-module	Legacy filter procedure execution contract	16.001,16.003,16.004,16.022	Enumerated and assigned; see hunk-wbs.tsv; implementation and behavioral verification remain TODO
01.002/002467	DONE	plug-ins/map-object/map-object-main.c	2	text	-173,3 -> 173,3	plugin-or-module	Legacy filter procedure execution contract	16.001,16.003,16.004,16.022	Enumerated and assigned; see hunk-wbs.tsv; implementation and behavioral verification remain TODO
01.002/002468	DONE	plug-ins/map-object/map-object-main.c	3	text	-177,8 -> 177,8	plugin-or-module	Legacy filter procedure execution contract	16.001,16.003,16.004,16.022	Enumerated and assigned; see hunk-wbs.tsv; implementation and behavioral verification remain TODO
01.002/002469	DONE	plug-ins/pagecurl/pagecurl.c	1	text	-202 -> 202	plugin-or-module	Legacy filter procedure execution contract	16.001,16.003,16.004,16.022	Enumerated and assigned; see hunk-wbs.tsv; implementation and behavioral verification remain TODO
01.002/002470	DONE	plug-ins/pagecurl/pagecurl.c	2	text	-204,2 -> 204,2	plugin-or-module	Legacy filter procedure execution contract	16.001,16.003,16.004,16.022	Enumerated and assigned; see hunk-wbs.tsv; implementation and behavioral verification remain TODO
01.002/002471	DONE	plug-ins/pagecurl/pagecurl.c	3	text	-207 -> 207	plugin-or-module	Legacy filter procedure execution contract	16.001,16.003,16.004,16.022	Enumerated and assigned; see hunk-wbs.tsv; implementation and behavioral verification remain TODO
01.002/002472	DONE	plug-ins/script-fu/scheme-wrapper.c	1	text	-149,0 -> 150,7	plugin-or-module	Script-Fu legacy compositing constants	30.012/scheme-mode-constants	Enumerated and assigned; see hunk-wbs.tsv; implementation and behavioral verification remain TODO
01.002/002473	DONE	po/POTFILES.in	1	text	-176,0 -> 177	asset-or-translation	User-visible strings and translation	30.014,30.015	Enumerated and assigned; see hunk-wbs.tsv; implementation and behavioral verification remain TODO
01.002/002474	DONE	po/ja.po	1	text	-11174 -> 11174	asset-or-translation	User-visible strings and translation	30.014,30.015	Enumerated and assigned; see hunk-wbs.tsv; implementation and behavioral verification remain TODO
01.002/002475	DONE	po/ja.po	2	text	-11179 -> 11179	asset-or-translation	User-visible strings and translation	30.014,30.015	Enumerated and assigned; see hunk-wbs.tsv; implementation and behavioral verification remain TODO
01.002/002476	DONE	themes/Default/images/Makefile.am	1	text	-130 -> 130,2	plugin-or-module	Resource distribution manifest	30.009,30.010,30.011,30.017	Enumerated and assigned; see hunk-wbs.tsv; implementation and behavioral verification remain TODO
01.002/002477	DONE	themes/Default/images/Makefile.am	2	text	-351,2 -> 352,4	plugin-or-module	Resource distribution manifest	30.009,30.010,30.011,30.017	Enumerated and assigned; see hunk-wbs.tsv; implementation and behavioral verification remain TODO
01.002/002478	DONE	themes/Default/images/preferences/Makefile.am	1	text	-45,0 -> 46,2	plugin-or-module	Resource distribution manifest	30.009,30.010,30.011,30.017	Enumerated and assigned; see hunk-wbs.tsv; implementation and behavioral verification remain TODO
01.002/002479	DONE	themes/Default/images/preferences/folders-mypaint-brushes-16.png	1	metadata-or-binary	no textual hunk	plugin-or-module	Icon/theme resource	30.003,30.017	Enumerated and assigned; see hunk-wbs.tsv; implementation and behavioral verification remain TODO
01.002/002480	DONE	themes/Default/images/preferences/folders-mypaint-brushes-22.png	1	metadata-or-binary	no textual hunk	plugin-or-module	Icon/theme resource	30.003,30.017	Enumerated and assigned; see hunk-wbs.tsv; implementation and behavioral verification remain TODO
01.002/002481	DONE	themes/Default/images/stock-layer-menu-16.png	1	metadata-or-binary	no textual hunk	plugin-or-module	Icon/theme resource	30.003,30.017	Enumerated and assigned; see hunk-wbs.tsv; implementation and behavioral verification remain TODO
01.002/002482	DONE	themes/Default/images/tools/stock-tool-mypaint-16.png	1	metadata-or-binary	no textual hunk	plugin-or-module	Icon/theme resource	30.003,30.017	Enumerated and assigned; see hunk-wbs.tsv; implementation and behavioral verification remain TODO
01.002/002483	DONE	themes/Default/images/tools/stock-tool-mypaint-22.png	1	metadata-or-binary	no textual hunk	plugin-or-module	Icon/theme resource	30.003,30.017	Enumerated and assigned; see hunk-wbs.tsv; implementation and behavioral verification remain TODO
01.002/002484	DONE	tools/pdbgen/Makefile.am	1	text	-54 -> 54,2	build-or-tool	Reviewed Makefile pdb-generated-registration	30.012,30.013	Enumerated and assigned; see hunk-wbs.tsv; implementation and behavioral verification remain TODO
01.002/002485	DONE	tools/pdbgen/enums.pl	1	text	-414,0 -> 415,10	build-or-tool	Saved compositing enum and selection	10.005,11.004,13.009,30.013	Enumerated and assigned; see hunk-wbs.tsv; implementation and behavioral verification remain TODO
01.002/002486	DONE	tools/pdbgen/enums.pl	2	text	-440 -> 450,5	build-or-tool	Saved compositing enum and selection	10.005,11.004,13.009,30.013	Enumerated and assigned; see hunk-wbs.tsv; implementation and behavioral verification remain TODO
01.002/002487	DONE	tools/pdbgen/enums.pl	3	text	-463 -> 477,8	build-or-tool	Saved compositing enum and selection	10.005,11.004,13.009,30.013	Enumerated and assigned; see hunk-wbs.tsv; implementation and behavioral verification remain TODO
01.002/002488	DONE	tools/pdbgen/groups.pl	1	text	-52,0 -> 53	build-or-tool	MyPaint selection PDB	30.012,30.013,24.007	Enumerated and assigned; see hunk-wbs.tsv; implementation and behavioral verification remain TODO
01.002/002489	DONE	tools/pdbgen/pdb/mypaint_brush_select.pdb	1	text	-0,0 -> 1,116	build-or-tool	MyPaint selection PDB	30.012,30.013,24.007	Enumerated and assigned; see hunk-wbs.tsv; implementation and behavioral verification remain TODO
