child_id	status	path	source_blob	source_bytes	classification	candidate	evidence	reference_evidence	disposition	implementation_tasks	verification_tasks
01.014/path-0001	DONE	app/Makefile.am	01ecb1d4604460e385b36c7fdacf515a8ce95292	8003	functional-source-or-data	NO	Nonempty changed content; filename alone is not removal evidence	Assigned source/asset references retained in hunk-wbs.tsv	KEEP_CONTRACT	04.002,04.008,04.009	04.015,04.016
01.014/path-0002	DONE	app/actions/Makefile.am	17f1de23b884d5d33d07ece936abfa2b0bdab7c7	4431	functional-source-or-data	NO	Nonempty changed content; filename alone is not removal evidence	Assigned source/asset references retained in hunk-wbs.tsv	KEEP_CONTRACT	04.002,04.008,04.009	04.015,04.016
01.014/path-0003	DONE	app/actions/actions.c	25afec073efc6d253cc3630cb9d2f241e6f6d25e	21809	functional-source-or-data	NO	Nonempty changed content; filename alone is not removal evidence	Assigned source/asset references retained in hunk-wbs.tsv	KEEP_CONTRACT	08.013,29.001,29.002,29.002/add-timeout-owner,29.003,29.004,29.005,29.006,29.008/icon-null,29.019/preview-idle-owner	29.020,29.020/preview-idle-teardown
01.014/path-0004	DONE	app/actions/context-commands.c	2072ff2aed56839143b450ed7eb65e87836348a1	27829	functional-source-or-data	NO	Nonempty changed content; filename alone is not removal evidence	Assigned source/asset references retained in hunk-wbs.tsv	KEEP_CONTRACT	10.005,11.004,13.009,30.013	13.013,36.004
01.014/path-0005	DONE	app/actions/dialogs-actions.c	ae0feb3916c88180b64e073780c7c248a5ade334	12289	functional-source-or-data	NO	Nonempty changed content; filename alone is not removal evidence	Assigned source/asset references retained in hunk-wbs.tsv	KEEP_CONTRACT	28.014,28.014/applier-owner,28.014/preset-preferences,28.014/preset-dialog-actions,28.014/preset-action-group	28.013,28.015,29.020
01.014/path-0006	DONE	app/actions/layers-actions.c	f929c2a57e825f5da6c6eb3cd13e59816495bda0	28024	functional-source-or-data	NO	Nonempty changed content; filename alone is not removal evidence	Assigned source/asset references retained in hunk-wbs.tsv	KEEP_CONTRACT	30.001,30.005	24.017,29.020
01.014/path-0007	DONE	app/actions/layers-commands.c	34069197a9946d9650b7c95d6453110aef33a3e2	39389	functional-source-or-data	NO	Nonempty changed content; filename alone is not removal evidence	Assigned source/asset references retained in hunk-wbs.tsv	KEEP_CONTRACT	30.001,30.005	24.017,29.020
01.014/path-0008	DONE	app/actions/layers-commands.h	d956444c94166d49d27dc25727201af644e2f329	6263	functional-source-or-data	NO	Nonempty changed content; filename alone is not removal evidence	Assigned source/asset references retained in hunk-wbs.tsv	KEEP_CONTRACT	30.001,30.005	24.017,29.020
01.014/path-0009	DONE	app/actions/mypaint-brush-editor-actions.c	4276ff6a8a51f31fbd3a66e4081dacbbc8c22ce3	2907	functional-source-or-data	NO	Nonempty changed content; filename alone is not removal evidence	Assigned source/asset references retained in hunk-wbs.tsv	KEEP_CONTRACT	24.007,24.008,24.009,30.005	19.015,24.017,29.020
01.014/path-0010	DONE	app/actions/mypaint-brush-editor-actions.h	1935982c0902842f0ea8797977506bcfa7765f22	1089	functional-source-or-data	NO	Nonempty changed content; filename alone is not removal evidence	Assigned source/asset references retained in hunk-wbs.tsv	KEEP_CONTRACT	24.007,24.008,24.009,30.005	19.015,24.017,29.020
01.014/path-0011	DONE	app/actions/mypaint-brushes-actions.c	4aed0fbb9e636299f7210ac29136c9ef7977f7f6	4874	functional-source-or-data	NO	Nonempty changed content; filename alone is not removal evidence	Assigned source/asset references retained in hunk-wbs.tsv	KEEP_CONTRACT	24.007,24.008,24.009,30.005	19.015,24.017,29.020
01.014/path-0012	DONE	app/actions/mypaint-brushes-actions.h	8261c768d8f385c9f62e3331fec39d21623e87b5	1059	functional-source-or-data	NO	Nonempty changed content; filename alone is not removal evidence	Assigned source/asset references retained in hunk-wbs.tsv	KEEP_CONTRACT	24.007,24.008,24.009,30.005	19.015,24.017,29.020
01.014/path-0013	DONE	app/actions/tool-options-actions.c	9e301bae5d5843c20b03add091bbcb13c43fa366	8684	functional-source-or-data	NO	Nonempty changed content; filename alone is not removal evidence	Assigned source/asset references retained in hunk-wbs.tsv	KEEP_CONTRACT	30.001,30.005	24.017,29.020
01.014/path-0014	DONE	app/actions/view-commands.c	99ac9357be92fb589a4549e71763ff93cbc9c56f	22858	functional-source-or-data	NO	Nonempty changed content; filename alone is not removal evidence	Assigned source/asset references retained in hunk-wbs.tsv	KEEP_CONTRACT	09.013/gegl-graph-invalidation,17.002,17.003,17.019,17.020	18.002,18.003,18.017
01.014/path-0015	DONE	app/app.c	bcc930281c4c2d5238ad3418549745a223d6fd80	7976	functional-source-or-data	NO	Nonempty changed content; filename alone is not removal evidence	Assigned source/asset references retained in hunk-wbs.tsv	KEEP_CONTRACT	30.016,30.016/feature-entry-point	04.016,36.019
01.014/path-0016	DONE	app/base/Makefile.am	03b82578f3d4eaa0b37fb03d2bdda9ec0a1bf9df	2607	functional-source-or-data	NO	Nonempty changed content; filename alone is not removal evidence	Assigned source/asset references retained in hunk-wbs.tsv	KEEP_CONTRACT	04.002,04.008,04.009	04.015,04.016
01.014/path-0017	DONE	app/base/base-enums.c	9711e3d18655d63b5222da6ea67e1cf72260e72a	7968	generated-functional-code	YES_REGENERATE_ONLY	Source marker: /* Generated data (by gimp-mkenums) */	Assigned source/asset references retained in hunk-wbs.tsv	REGENERATE_FROM_AUTHORITATIVE_INPUT	04.013,30.013	34.013
01.014/path-0018	DONE	app/base/base-enums.h	cfbc50bbd5046de793d2297cfde3e96c7019d022	5152	functional-source-or-data	NO	Nonempty changed content; filename alone is not removal evidence	Assigned source/asset references retained in hunk-wbs.tsv	KEEP_CONTRACT	10.005,11.004,13.009,30.013	13.013,36.004
01.014/path-0019	DONE	app/base/delegators.hpp	f615f41b4fdebbebc865e17888eadc38a0c45e58	6703	functional-source-or-data	NO	Nonempty changed content; filename alone is not removal evidence	Assigned source/asset references retained in hunk-wbs.tsv	KEEP_CONTRACT	06.017,06.018,06.019,07.008/untracked-signals,07.008/connection-name	07.007,07.008,07.009,07.013
01.014/path-0020	DONE	app/base/glib-cxx-bridge.hpp	5a56ab19e30499a86fa93d81419f907812652c4d	1777	functional-source-or-data	NO	Nonempty changed content; filename alone is not removal evidence	Assigned source/asset references retained in hunk-wbs.tsv	KEEP_CONTRACT	06.005,06.025,08.019	07.003,07.015
01.014/path-0021	DONE	app/base/glib-cxx-def-utils.hpp	b8db98b39de4e436b74b348a4a4fe2e0a4af1dbc	5260	functional-source-or-data	NO	Nonempty changed content; filename alone is not removal evidence	Assigned source/asset references retained in hunk-wbs.tsv	KEEP_CONTRACT	06.023,08.017,29.019	07.008,29.020
01.014/path-0022	DONE	app/base/glib-cxx-impl.hpp	a2ad35e37a3e7a481698c1f8b78b71adb385f7d3	18618	functional-source-or-data	NO	Nonempty changed content; filename alone is not removal evidence	Assigned source/asset references retained in hunk-wbs.tsv	KEEP_CONTRACT	06.007,06.008,06.009,06.010,06.011,06.012,06.013,06.014,06.015,06.016,06.026,06.027,06.029	07.004,07.005,07.006,07.010,07.015,07.016,07.017
01.014/path-0023	DONE	app/base/glib-cxx-types.hpp	19a9d47773fa06a1c654283a6d2e033a67b2428a	5666	functional-source-or-data	NO	Nonempty changed content; filename alone is not removal evidence	Assigned source/asset references retained in hunk-wbs.tsv	KEEP_CONTRACT	06.005,06.025,08.019	07.003,07.015
01.014/path-0024	DONE	app/base/glib-cxx-utils.hpp	a1a77acd0ebcba4ad5f400bfe362628259788922	35597	functional-source-or-data	NO	Nonempty changed content; filename alone is not removal evidence	Assigned source/asset references retained in hunk-wbs.tsv	KEEP_CONTRACT	06.001,06.002,06.003,06.004,06.005,06.006,06.020,06.020/value-assignment,06.021,06.021/array-reassignment,08.019	07.001,07.002,07.003,07.011,07.013
01.014/path-0025	DONE	app/base/json-cxx-utils.hpp	f1009af963457715908a4486a4cc4af171403f5c	9355	functional-source-or-data	NO	Nonempty changed content; filename alone is not removal evidence	Assigned source/asset references retained in hunk-wbs.tsv	KEEP_CONTRACT	06.021,28.002	19.015,28.015,36.026
01.014/path-0026	DONE	app/base/pixel-processor.c	7f0049bd0285366eeb128c9e085f1ed222d27452	16088	functional-source-or-data	NO	Nonempty changed content; filename alone is not removal evidence	Assigned source/asset references retained in hunk-wbs.tsv	KEEP_CONTRACT	09.001,09.002,09.003,09.004,09.005,09.009,31.017	09.016,09.017
01.014/path-0027	DONE	app/base/pixel-region.c	ecbf50c77b0e8366948dbabe83053f73b1ba5198	17655	functional-source-or-data	NO	Nonempty changed content; filename alone is not removal evidence	Assigned source/asset references retained in hunk-wbs.tsv	KEEP_CONTRACT	09.005,22.001,22.002,22.005,31.017	09.016,22.010
01.014/path-0028	DONE	app/base/pixel-region.h	3e3be550908d09c312f82f693018599fc586497f	5859	functional-source-or-data	NO	Nonempty changed content; filename alone is not removal evidence	Assigned source/asset references retained in hunk-wbs.tsv	KEEP_CONTRACT	09.005,22.001,22.002,22.005,31.017	09.016,22.010
01.014/path-0029	DONE	app/base/pixel.hpp	0b2920644eb36b391f0c03f021c0dd0a19348529	9644	functional-source-or-data	NO	Nonempty changed content; filename alone is not removal evidence	Assigned source/asset references retained in hunk-wbs.tsv	KEEP_CONTRACT	09.001,09.002,09.003,09.004,09.005,09.009,31.017	09.016,09.017
01.014/path-0030	DONE	app/base/route.hpp	dd7bd151ba3cc341bb141d65009f58420308d95c	6439	functional-source-or-data	NO	Nonempty changed content; filename alone is not removal evidence	Assigned source/asset references retained in hunk-wbs.tsv	KEEP_CONTRACT	31.001,31.002,31.003,31.004,31.005,31.006,31.007,31.008,31.008/router-lifetime	31.009,31.010
01.014/path-0031	DONE	app/base/scopeguard.hpp	9ddfb5976f4f0ccd3fef93cb3bc4fcd620f70649	3156	functional-source-or-data	NO	Nonempty changed content; filename alone is not removal evidence	Assigned source/asset references retained in hunk-wbs.tsv	KEEP_CONTRACT	06.010,06.021,06.022,06.029	07.013,07.016
01.014/path-0032	DONE	app/base/selectcase-utils.hpp	35ef728e6cba705cd168247a27660d1f0656d7da	3057	functional-source-or-data	NO	Nonempty changed content; filename alone is not removal evidence	Assigned source/asset references retained in hunk-wbs.tsv	KEEP_CONTRACT	06.010,06.021,06.022,06.029	07.013,07.016
01.014/path-0033	DONE	app/base/soup-cxx-utils.hpp	c7218276e34818ee05c04e738d95f9e5f83503e6	11449	functional-source-or-data	NO	Nonempty changed content; filename alone is not removal evidence	Assigned source/asset references retained in hunk-wbs.tsv	KEEP_CONTRACT	31.001,31.002,31.003,31.004,31.005,31.006,31.007,31.008,31.008/router-lifetime	31.009,31.010
01.014/path-0034	DONE	app/base/temp-buf.c	efa555b2a43b1609e9c73441ad4c2e5b94b34936	12676	functional-source-or-data	NO	Nonempty changed content; filename alone is not removal evidence	Assigned source/asset references retained in hunk-wbs.tsv	KEEP_CONTRACT	09.001,09.002,09.003,09.004,09.005,09.009,31.017	09.016,09.017
01.014/path-0035	DONE	app/base/temp-buf.h	6094354a057238e104ed0baa734e41d3346ff91d	3737	functional-source-or-data	NO	Nonempty changed content; filename alone is not removal evidence	Assigned source/asset references retained in hunk-wbs.tsv	KEEP_CONTRACT	09.001,09.002,09.003,09.004,09.005,09.009,31.017	09.016,09.017
01.014/path-0036	DONE	app/base/tile-cache.c	5d721378f5b9eda89577ffc1c852cfba6f094fa6	10466	comments-or-whitespace-only-delta	YES_SOURCE_NOOP	Whole-file C-like tokens are identical after removing comments/whitespace while retaining string/char literals	Assigned source/asset references retained in hunk-wbs.tsv	DO_NOT_PORT_NONFUNCTIONAL_DIFF	31.018	31.020
01.014/path-0037	DONE	app/base/tile-manager.c	7c6e2f7f5b9314eac8e2c24376efacd6f8026086	20772	comments-or-whitespace-only-delta	YES_SOURCE_NOOP	Whole-file C-like tokens are identical after removing comments/whitespace while retaining string/char literals	Assigned source/asset references retained in hunk-wbs.tsv	DO_NOT_PORT_NONFUNCTIONAL_DIFF	31.018	31.020
01.014/path-0038	DONE	app/base/tile.c	f56c6ec51117d42c6e097865c16bf06b04412751	6583	comments-or-whitespace-only-delta	YES_SOURCE_NOOP	Whole-file C-like tokens are identical after removing comments/whitespace while retaining string/char literals	Assigned source/asset references retained in hunk-wbs.tsv	DO_NOT_PORT_NONFUNCTIONAL_DIFF	31.018	31.020
01.014/path-0039	DONE	app/composite/gimp-composite-generic-installer.c	53570028f1c0e48bd64fb877163a60a5ef4fd9da	307510	generated-functional-code	YES_REGENERATE_ONLY	Source marker: /* THIS FILE IS AUTOMATICALLY GENERATED.  DO NOT EDIT */	Assigned source/asset references retained in hunk-wbs.tsv	REPLACE_DISPATCH_PRESERVE_EQUATIONS	13.001/gegl-operation-route,31.017	13.013,13.014
01.014/path-0040	DONE	app/composite/gimp-composite-generic.c	5a401392917885b55ebfb4584691ccb3b6ebbde1	39733	functional-source-or-data	NO	Nonempty changed content; filename alone is not removal evidence	Assigned source/asset references retained in hunk-wbs.tsv	KEEP_CONTRACT	13.001,13.001/gegl-operation-route,13.002,13.003,13.004,13.005,13.006,13.007,13.008,13.010,13.011,13.012	13.013,13.014
01.014/path-0041	DONE	app/composite/gimp-composite-generic.h	1b3c3946f91cbf0712d84d7709cc2d0a59c3b2b9	3111	functional-source-or-data	NO	Nonempty changed content; filename alone is not removal evidence	Assigned source/asset references retained in hunk-wbs.tsv	KEEP_CONTRACT	13.001,13.001/gegl-operation-route,13.002,13.003,13.004,13.005,13.006,13.007,13.008,13.010,13.011,13.012	13.013,13.014
01.014/path-0042	DONE	app/composite/gimp-composite.c	393b8bbbb6d3713f7a1e105f81ac0256ed8792e4	15454	functional-source-or-data	NO	Nonempty changed content; filename alone is not removal evidence	Assigned source/asset references retained in hunk-wbs.tsv	KEEP_CONTRACT	13.001,13.001/gegl-operation-route,13.002,13.003,13.004,13.005,13.006,13.007,13.008,13.010,13.011,13.012	13.013,13.014
01.014/path-0043	DONE	app/composite/gimp-composite.h	3fda1f06c664f7377dffd5df2703b237235dc3d2	5961	functional-source-or-data	NO	Nonempty changed content; filename alone is not removal evidence	Assigned source/asset references retained in hunk-wbs.tsv	KEEP_CONTRACT	13.001,13.001/gegl-operation-route,13.002,13.003,13.004,13.005,13.006,13.007,13.008,13.010,13.011,13.012	13.013,13.014
01.014/path-0044	DONE	app/config/gimpbaseconfig.h	b0bf04f5bfce6adcb6cbc285f6d223db361dff14	1965	functional-source-or-data	NO	Nonempty changed content; filename alone is not removal evidence	Assigned source/asset references retained in hunk-wbs.tsv	KEEP_CONTRACT	04.003,04.004,08.019	04.014,04.017
01.014/path-0045	DONE	app/config/gimpcoreconfig.c	3eb6161231610375b1cdf3994da140a41b988137	41969	functional-source-or-data	NO	Nonempty changed content; filename alone is not removal evidence	Assigned source/asset references retained in hunk-wbs.tsv	KEEP_CONTRACT	30.006,30.007,30.008,30.010,30.011	19.016,24.017,36.022
01.014/path-0046	DONE	app/config/gimpcoreconfig.h	103391ff6225f482870a51e43fb8d90e36d460d6	4289	functional-source-or-data	NO	Nonempty changed content; filename alone is not removal evidence	Assigned source/asset references retained in hunk-wbs.tsv	KEEP_CONTRACT	04.003,04.004,08.019	04.014,04.017
01.014/path-0047	DONE	app/config/gimpguiconfig.c	913820e1b4be35880d98ba044ae50222f2bc385b	24860	functional-source-or-data	NO	Nonempty changed content; filename alone is not removal evidence	Assigned source/asset references retained in hunk-wbs.tsv	KEEP_CONTRACT	30.006,30.007,30.008,30.010,30.011	19.016,24.017,36.022
01.014/path-0048	DONE	app/config/gimprc-blurbs.h	c970ed86e38c6e3b1572b0bcf3e619d4fb52de5b	17154	functional-source-or-data	NO	Nonempty changed content; filename alone is not removal evidence	Assigned source/asset references retained in hunk-wbs.tsv	KEEP_CONTRACT	30.006,30.007,30.008,30.010,30.011	19.016,24.017,36.022
01.014/path-0049	DONE	app/core/Makefile.am	3bcd9d2c0e3699fc4bb833093d572e6bfa6ee5ef	12045	functional-source-or-data	NO	Nonempty changed content; filename alone is not removal evidence	Assigned source/asset references retained in hunk-wbs.tsv	KEEP_CONTRACT	04.002,04.008,04.009	04.015,04.016
01.014/path-0050	DONE	app/core/core-enums.c	2eb37bee80b04f4e13deb073f7907bac30c62695	51139	generated-functional-code	YES_REGENERATE_ONLY	Source marker: /* Generated data (by gimp-mkenums) */	Assigned source/asset references retained in hunk-wbs.tsv	REGENERATE_FROM_AUTHORITATIVE_INPUT	04.013,30.013	34.013
01.014/path-0051	DONE	app/core/core-enums.h	9885d51c99c8215b2adfbb7e64d4b6a61965a69b	26107	functional-source-or-data	NO	Nonempty changed content; filename alone is not removal evidence	Assigned source/asset references retained in hunk-wbs.tsv	KEEP_CONTRACT	19.013,19.014,30.007,30.008,30.011	19.015,24.017,36.019
01.014/path-0052	DONE	app/core/core-types.h	f5864341d797759bae2e054882e827d1be9cbabe	9041	functional-source-or-data	NO	Nonempty changed content; filename alone is not removal evidence	Assigned source/asset references retained in hunk-wbs.tsv	KEEP_CONTRACT	30.016,30.016/feature-entry-point	04.016,36.019
01.014/path-0053	DONE	app/core/gimp-user-install.c	788cb791bce7c2a18d712a90e19288958e4cc20f	16544	functional-source-or-data	NO	Nonempty changed content; filename alone is not removal evidence	Assigned source/asset references retained in hunk-wbs.tsv	KEEP_CONTRACT	30.006,30.007,30.008,30.010,30.011	19.016,24.017,36.022
01.014/path-0054	DONE	app/core/gimp.c	d2b33e87941d3cd8fed9ba010a78180b9a89e736	41743	functional-source-or-data	NO	Nonempty changed content; filename alone is not removal evidence	Assigned source/asset references retained in hunk-wbs.tsv	KEEP_CONTRACT	30.016,30.016/feature-entry-point	04.016,36.019
01.014/path-0055	DONE	app/core/gimp.h	66119d6aed8e0ecbf28459a5b83f1821c219c567	9606	functional-source-or-data	NO	Nonempty changed content; filename alone is not removal evidence	Assigned source/asset references retained in hunk-wbs.tsv	KEEP_CONTRACT	30.016,30.016/feature-entry-point	04.016,36.019
01.014/path-0056	DONE	app/core/gimpbrush.h	f67bed808c8907116e55545a2715712e58485910	7858	functional-source-or-data	NO	Nonempty changed content; filename alone is not removal evidence	Assigned source/asset references retained in hunk-wbs.tsv	KEEP_CONTRACT	04.003,04.004,08.019	04.014,04.017
01.014/path-0057	DONE	app/core/gimpchannel.h	fbe602efae90f803d78cfc30d547bcd250daf892	11147	functional-source-or-data	NO	Nonempty changed content; filename alone is not removal evidence	Assigned source/asset references retained in hunk-wbs.tsv	KEEP_CONTRACT	04.003,04.004,08.019	04.014,04.017
01.014/path-0058	DONE	app/core/gimpclonelayer.cpp	548c8ecca63e57ba77913abdf8f71e979aff386b	24610	functional-source-or-data	NO	Nonempty changed content; filename alone is not removal evidence	Assigned source/asset references retained in hunk-wbs.tsv	KEEP_CONTRACT	08.002,14.001,14.002,14.003,14.003/gegl-source-node,14.003/clone-pickable-opacity,14.004,14.005,14.006,14.006/editability-contract,14.007,14.008,14.009,14.010,14.012,14.013,14.014,14.017,14.018	14.019,14.020
01.014/path-0059	DONE	app/core/gimpclonelayer.h	58d9353c34c937ca42a6fe6d211f6adb614a0e76	3908	functional-source-or-data	NO	Nonempty changed content; filename alone is not removal evidence	Assigned source/asset references retained in hunk-wbs.tsv	KEEP_CONTRACT	08.002,14.001,14.002,14.003,14.003/gegl-source-node,14.003/clone-pickable-opacity,14.004,14.005,14.006,14.006/editability-contract,14.007,14.008,14.009,14.010,14.012,14.013,14.014,14.017,14.018	14.019,14.020
01.014/path-0060	DONE	app/core/gimpclonelayerundo.cpp	b3ad8a75f6a65884e4b3f4472cd517c58e104500	3510	functional-source-or-data	NO	Nonempty changed content; filename alone is not removal evidence	Assigned source/asset references retained in hunk-wbs.tsv	KEEP_CONTRACT	08.004,14.015,14.016	14.019,14.020
01.014/path-0061	DONE	app/core/gimpclonelayerundo.h	1195989e9a1d942d61e888c8d2611ed344565890	1980	functional-source-or-data	NO	Nonempty changed content; filename alone is not removal evidence	Assigned source/asset references retained in hunk-wbs.tsv	KEEP_CONTRACT	08.004,14.015,14.016	14.019,14.020
01.014/path-0062	DONE	app/core/gimpcontainer.c	6ded139f5df39b9d055e2486e90f8969dfec8d30	32342	functional-source-or-data	NO	Nonempty changed content; filename alone is not removal evidence	Assigned source/asset references retained in hunk-wbs.tsv	KEEP_CONTRACT	08.018/core-extension-hooks,30.001/tool-group-state	14.019,29.020
01.014/path-0063	DONE	app/core/gimpcontainer.h	51a19af8ab7d9c5dff262bb9fba4365034b327c8	7767	functional-source-or-data	NO	Nonempty changed content; filename alone is not removal evidence	Assigned source/asset references retained in hunk-wbs.tsv	KEEP_CONTRACT	08.018/core-extension-hooks,30.001/tool-group-state	14.019,29.020
01.014/path-0064	DONE	app/core/gimpcontext.c	bb576d36dd8aebd60baa351353e36cddf3195e14	125082	functional-source-or-data	NO	Nonempty changed content; filename alone is not removal evidence	Assigned source/asset references retained in hunk-wbs.tsv	KEEP_CONTRACT	04.003,04.004,08.019	04.014,04.017
01.014/path-0065	DONE	app/core/gimpcontext.h	278a55c9f7e6be5e9348f9785045e09b4008f2c9	15574	functional-source-or-data	NO	Nonempty changed content; filename alone is not removal evidence	Assigned source/asset references retained in hunk-wbs.tsv	KEEP_CONTRACT	04.003,04.004,08.019	04.014,04.017
01.014/path-0066	DONE	app/core/gimpcurve.c	245469752f7412105b3900807fdf73dffdfa5a5f	30998	functional-source-or-data	NO	Nonempty changed content; filename alone is not removal evidence	Assigned source/asset references retained in hunk-wbs.tsv	KEEP_CONTRACT	08.018/core-extension-hooks	07.013,36.011,36.012
01.014/path-0067	DONE	app/core/gimpdata.h	14604b2fc213c56a8043adf7e3686dc5b3e2b739	4618	functional-source-or-data	NO	Nonempty changed content; filename alone is not removal evidence	Assigned source/asset references retained in hunk-wbs.tsv	KEEP_CONTRACT	04.003,04.004,08.019	04.014,04.017
01.014/path-0068	DONE	app/core/gimpdatafactory.c	9a857f9766289debe3318a1fc1c0d2f891b3765f	28901	comments-or-whitespace-only-delta	YES_SOURCE_NOOP	Whole-file C-like tokens are identical after removing comments/whitespace while retaining string/char literals	Assigned source/asset references retained in hunk-wbs.tsv	DO_NOT_PORT_NONFUNCTIONAL_DIFF	31.018	31.020
01.014/path-0069	DONE	app/core/gimpdatafactory.h	54d48fee9adb4bff3b0f8c5acafa7968e4022af0	5592	functional-source-or-data	NO	Nonempty changed content; filename alone is not removal evidence	Assigned source/asset references retained in hunk-wbs.tsv	KEEP_CONTRACT	04.003,04.004,08.019	04.014,04.017
01.014/path-0070	DONE	app/core/gimpdrawable-bucket-fill.c	4fcadfcf5e07c451c09efdc916855beea8524f8e	10290	functional-source-or-data	NO	Nonempty changed content; filename alone is not removal evidence	Assigned source/asset references retained in hunk-wbs.tsv	KEEP_CONTRACT	27.005/selection-barrier	27.014,27.015
01.014/path-0071	DONE	app/core/gimpdrawable.c	fd3fec9019107084275f32ad98fae868b3da91f8	68373	functional-source-or-data	NO	Nonempty changed content; filename alone is not removal evidence	Assigned source/asset references retained in hunk-wbs.tsv	KEEP_CONTRACT	08.018/core-extension-hooks	07.013,36.011,36.012
01.014/path-0072	DONE	app/core/gimpdrawable.h	c5b2eee67172838f9ef98ca12524ddbfa107c674	15187	functional-source-or-data	NO	Nonempty changed content; filename alone is not removal evidence	Assigned source/asset references retained in hunk-wbs.tsv	KEEP_CONTRACT	04.003,04.004,08.019	04.014,04.017
01.014/path-0073	DONE	app/core/gimpdrawablestack.c	663b4a8464cd71ff132b846425ed0ef4cb833cbc	12838	functional-source-or-data	NO	Nonempty changed content; filename alone is not removal evidence	Assigned source/asset references retained in hunk-wbs.tsv	KEEP_CONTRACT	09.013/gegl-graph-invalidation,17.002,17.003,17.019,17.020	18.002,18.003,18.017
01.014/path-0074	DONE	app/core/gimpdrawablestack.h	90b5c52711e03375128bce078ed3ea8f99ffe3e9	2352	functional-source-or-data	NO	Nonempty changed content; filename alone is not removal evidence	Assigned source/asset references retained in hunk-wbs.tsv	KEEP_CONTRACT	04.003,04.004,08.019	04.014,04.017
01.014/path-0075	DONE	app/core/gimpdrawableundo.c	ec36742597b213ed1da9d577a60274ce52d30909	9432	comments-or-whitespace-only-delta	YES_SOURCE_NOOP	Whole-file C-like tokens are identical after removing comments/whitespace while retaining string/char literals	Assigned source/asset references retained in hunk-wbs.tsv	DO_NOT_PORT_NONFUNCTIONAL_DIFF	31.018	31.020
01.014/path-0076	DONE	app/core/gimpdynamics.c	6b87ff4f439e52691bea7fa58960a4195346ad46	19068	functional-source-or-data	NO	Nonempty changed content; filename alone is not removal evidence	Assigned source/asset references retained in hunk-wbs.tsv	KEEP_CONTRACT	23.001,23.002,23.003,23.004,23.005	23.006
01.014/path-0077	DONE	app/core/gimpdynamics.h	22fe1dc3495737de4bfb5ab5f9922bb3f694de42	2260	functional-source-or-data	NO	Nonempty changed content; filename alone is not removal evidence	Assigned source/asset references retained in hunk-wbs.tsv	KEEP_CONTRACT	04.003,04.004,08.019	04.014,04.017
01.014/path-0078	DONE	app/core/gimpdynamicsoutput.h	407fc79175a4efead54f38e44a0265cab3b7dc87	3246	functional-source-or-data	NO	Nonempty changed content; filename alone is not removal evidence	Assigned source/asset references retained in hunk-wbs.tsv	KEEP_CONTRACT	04.003,04.004,08.019	04.014,04.017
01.014/path-0079	DONE	app/core/gimpfilterlayer.cpp	9141c8c7ea6009be3bb7be3141cd62d8930ed976	42929	functional-source-or-data	NO	Nonempty changed content; filename alone is not removal evidence	Assigned source/asset references retained in hunk-wbs.tsv	KEEP_CONTRACT	08.003,15.001,15.001/gvalue-deep-copy,15.002,15.003,15.004,15.005,15.006,15.006/gegl-result-source,15.006/filter-pickable-opacity,15.006/filter-progress-start,15.006/editability-contract,15.007,15.008,15.009,15.010,15.011,15.012,15.013,17.001,17.002,17.003,17.004,17.005,17.007,17.008,17.009,17.010,17.011,17.013,17.014,17.015,17.016,17.017,17.018,17.019,17.020,17.021,17.022,17.023,17.024,17.026/filter-end-timeout-cancel,17.028	15.014,18.002,18.003,18.004,18.008,18.009,18.011,18.012,18.013,18.017
01.014/path-0080	DONE	app/core/gimpfilterlayer.h	b4948258d35e802d9c5c51578a9b17c08e50d2a0	4160	functional-source-or-data	NO	Nonempty changed content; filename alone is not removal evidence	Assigned source/asset references retained in hunk-wbs.tsv	KEEP_CONTRACT	08.003,15.001,15.001/gvalue-deep-copy,15.002,15.003,15.004,15.005,15.006,15.006/gegl-result-source,15.006/filter-pickable-opacity,15.006/filter-progress-start,15.006/editability-contract,15.007,15.008,15.009,15.010,15.011,15.012,15.013,17.001,17.002,17.003,17.004,17.005,17.007,17.008,17.009,17.010,17.011,17.013,17.014,17.015,17.016,17.017,17.018,17.019,17.020,17.021,17.022,17.023,17.024,17.026/filter-end-timeout-cancel,17.028	15.014,18.002,18.003,18.004,18.008,18.009,18.011,18.012,18.013,18.017
01.014/path-0081	DONE	app/core/gimpgrouplayer.c	7f889bb059798d14dfb698eb5138e1c2aa9a41db	46261	functional-source-or-data	NO	Nonempty changed content; filename alone is not removal evidence	Assigned source/asset references retained in hunk-wbs.tsv	KEEP_CONTRACT	09.013/gegl-graph-invalidation,17.002,17.003,17.019,17.020	18.002,18.003,18.017
01.014/path-0082	DONE	app/core/gimpgrouplayer.h	906b4d120ecd3bca75eb1b2b4a757fcdc34a9352	2446	functional-source-or-data	NO	Nonempty changed content; filename alone is not removal evidence	Assigned source/asset references retained in hunk-wbs.tsv	KEEP_CONTRACT	04.003,04.004,08.019	04.014,04.017
01.014/path-0083	DONE	app/core/gimpimage-contiguous-region.c	b4b8a2ffc03313981dab2f51b85ab1a4cd22a969	31695	functional-source-or-data	NO	Nonempty changed content; filename alone is not removal evidence	Assigned source/asset references retained in hunk-wbs.tsv	KEEP_CONTRACT	09.003,27.004/gegl-bounded-search,27.006,27.010	09.016,27.013,27.014,27.015
01.014/path-0084	DONE	app/core/gimpimage-contiguous-region.h	fe093d0e953bdad5be1f74ebee92e39d24ef7eed	5359	functional-source-or-data	NO	Nonempty changed content; filename alone is not removal evidence	Assigned source/asset references retained in hunk-wbs.tsv	KEEP_CONTRACT	08.011,08.012,27.001,27.001/snapshot-contract,27.002,27.003,27.004/gegl-bounded-search,27.005/selection-barrier,27.006,27.007/paintcore-gegl-compose,27.008,27.009/stroke-lifecycle,27.010,27.011,27.012	27.013,27.013/gegl-render-regression,27.014,27.015
01.014/path-0085	DONE	app/core/gimpimage-crop.c	8e4e172f350d9d981fe9099b3cb4a9a79bf7190a	16002	functional-source-or-data	NO	Nonempty changed content; filename alone is not removal evidence	Assigned source/asset references retained in hunk-wbs.tsv	KEEP_CONTRACT	09.013/gegl-graph-invalidation,17.002,17.003,17.019,17.020	18.002,18.003,18.017
01.014/path-0086	DONE	app/core/gimpimage-new.h	bf0adcfd47e0ecdcf4c1e89421d6b4f4c92fbf88	2192	functional-source-or-data	NO	Nonempty changed content; filename alone is not removal evidence	Assigned source/asset references retained in hunk-wbs.tsv	KEEP_CONTRACT	04.003,04.004,08.019	04.014,04.017
01.014/path-0087	DONE	app/core/gimpimage-perspective-guide.c	12e7e1705482314b381858cd16f6f4ec42e42545	1633	functional-source-or-data	NO	Nonempty changed content; filename alone is not removal evidence	Assigned source/asset references retained in hunk-wbs.tsv	KEEP_CONTRACT	08.009,08.009/removed-signal,08.009/guide-owner,08.010,26.001,26.002,26.003,26.004,26.005,26.006,26.007,26.008,26.009,26.010,26.011,26.012	26.013,26.014
01.014/path-0088	DONE	app/core/gimpimage-perspective-guide.h	20ebacb27dbf00b9b3a822e2367f9433433a9199	1123	functional-source-or-data	NO	Nonempty changed content; filename alone is not removal evidence	Assigned source/asset references retained in hunk-wbs.tsv	KEEP_CONTRACT	08.009,08.009/removed-signal,08.009/guide-owner,08.010,26.001,26.002,26.003,26.004,26.005,26.006,26.007,26.008,26.009,26.010,26.011,26.012	26.013,26.014
01.014/path-0089	DONE	app/core/gimpimage-private.h	e86752331c8c03c516b3289309412217d7b0dc29	5410	functional-source-or-data	NO	Nonempty changed content; filename alone is not removal evidence	Assigned source/asset references retained in hunk-wbs.tsv	KEEP_CONTRACT	08.009,08.009/removed-signal,08.009/guide-owner,08.010,26.001,26.002,26.003,26.004,26.005,26.006,26.007,26.008,26.009,26.010,26.011,26.012	26.013,26.014
01.014/path-0090	DONE	app/core/gimpimage-snap.c	c640f70aceaba5b9d4914ef0a3d701110c679085	23437	functional-source-or-data	NO	Nonempty changed content; filename alone is not removal evidence	Assigned source/asset references retained in hunk-wbs.tsv	KEEP_CONTRACT	08.009,08.009/removed-signal,08.009/guide-owner,08.010,26.001,26.002,26.003,26.004,26.005,26.006,26.007,26.008,26.009,26.010,26.011,26.012	26.013,26.014
01.014/path-0091	DONE	app/core/gimpimage-snap.h	68660a3d7eb54a6dbf213dc79518dbf3e4cb6cb6	3125	comments-or-whitespace-only-delta	YES_SOURCE_NOOP	Whole-file C-like tokens are identical after removing comments/whitespace while retaining string/char literals	Assigned source/asset references retained in hunk-wbs.tsv	DO_NOT_PORT_NONFUNCTIONAL_DIFF	31.018	31.020
01.014/path-0092	DONE	app/core/gimpimage-undo.c	db9dbeaf21b107e54c47bb6ce4a38e88cf51ff81	20574	functional-source-or-data	NO	Nonempty changed content; filename alone is not removal evidence	Assigned source/asset references retained in hunk-wbs.tsv	KEEP_CONTRACT	14.006/editability-contract,15.006/editability-contract,16.021	09.017,14.019,18.010
01.014/path-0093	DONE	app/core/gimpimage.c	886102871dbc7a24e53b921b56a9988a04ab4c52	124793	functional-source-or-data	NO	Nonempty changed content; filename alone is not removal evidence	Assigned source/asset references retained in hunk-wbs.tsv	KEEP_CONTRACT	09.013/gegl-graph-invalidation,17.002,17.003,17.019,17.020	18.002,18.003,18.017
01.014/path-0094	DONE	app/core/gimpimage.h	53e77d2b7654901e03bb774aee5c4c5d00bbda7d	29940	functional-source-or-data	NO	Nonempty changed content; filename alone is not removal evidence	Assigned source/asset references retained in hunk-wbs.tsv	KEEP_CONTRACT	30.016,30.016/feature-entry-point	04.016,36.019
01.014/path-0095	DONE	app/core/gimpitem.c	1b2af588f403e0d865e49fc40d9773d8f4bb7019	65699	functional-source-or-data	NO	Nonempty changed content; filename alone is not removal evidence	Assigned source/asset references retained in hunk-wbs.tsv	KEEP_CONTRACT	14.006/editability-contract,15.006/editability-contract,16.021	09.017,14.019,18.010
01.014/path-0096	DONE	app/core/gimpitem.h	d500addc99f699091a8604410d8f7a7b77ed1853	19185	functional-source-or-data	NO	Nonempty changed content; filename alone is not removal evidence	Assigned source/asset references retained in hunk-wbs.tsv	KEEP_CONTRACT	14.006/editability-contract,15.006/editability-contract,16.021	09.017,14.019,18.010
01.014/path-0097	DONE	app/core/gimpitemundo.h	e0342152a22d25f0a1c46838726e649c297b0b58	1894	functional-source-or-data	NO	Nonempty changed content; filename alone is not removal evidence	Assigned source/asset references retained in hunk-wbs.tsv	KEEP_CONTRACT	04.003,04.004,08.019	04.014,04.017
01.014/path-0098	DONE	app/core/gimplayer.c	e724b91ae6d2a4e7a00d800b994a3632d60ec4dd	71131	functional-source-or-data	NO	Nonempty changed content; filename alone is not removal evidence	Assigned source/asset references retained in hunk-wbs.tsv	KEEP_CONTRACT	10.005,11.004,13.009,30.013	13.013,36.004
01.014/path-0099	DONE	app/core/gimplayer.h	c3c5d86d709a4932464490c3efd3d3f3b4b7b91f	7355	functional-source-or-data	NO	Nonempty changed content; filename alone is not removal evidence	Assigned source/asset references retained in hunk-wbs.tsv	KEEP_CONTRACT	04.003,04.004,08.019	04.014,04.017
01.014/path-0100	DONE	app/core/gimplist.c	cad88bf5b8df823eba89d9091de3627ef06ac4d8	18846	functional-source-or-data	NO	Nonempty changed content; filename alone is not removal evidence	Assigned source/asset references retained in hunk-wbs.tsv	KEEP_CONTRACT	08.018/core-extension-hooks,30.001/tool-group-state	14.019,29.020
01.014/path-0101	DONE	app/core/gimpmarshal.list	5c5f437af32fb58545f29a198743ab1dfd48aecc	2080	functional-source-or-data	NO	Nonempty changed content; filename alone is not removal evidence	Assigned source/asset references retained in hunk-wbs.tsv	KEEP_CONTRACT	09.013/gegl-graph-invalidation,17.002,17.003,17.019,17.020	18.002,18.003,18.017
01.014/path-0102	DONE	app/core/gimpmypaintbrush-load.cpp	c547ef131291770353ee9cb4159ff5664709ad67	22260	functional-source-or-data	NO	Nonempty changed content; filename alone is not removal evidence	Assigned source/asset references retained in hunk-wbs.tsv	KEEP_CONTRACT	19.001,19.002,19.003,19.004,19.005,19.006,19.006/v1-curve-validation,19.007,19.008,19.009,19.010	19.015,19.015/v1-curve-roundtrip,36.026
01.014/path-0103	DONE	app/core/gimpmypaintbrush-load.h	8ac9b3f60c8f9d7dbc5444e703b9b2e4eb2c2e96	1179	functional-source-or-data	NO	Nonempty changed content; filename alone is not removal evidence	Assigned source/asset references retained in hunk-wbs.tsv	KEEP_CONTRACT	19.001,19.002,19.003,19.004,19.005,19.006,19.006/v1-curve-validation,19.007,19.008,19.009,19.010	19.015,19.015/v1-curve-roundtrip,36.026
01.014/path-0104	DONE	app/core/gimpmypaintbrush-private.hpp	c987583ae0542418b1e6bc6bd732289791eeff89	1689	functional-source-or-data	NO	Nonempty changed content; filename alone is not removal evidence	Assigned source/asset references retained in hunk-wbs.tsv	KEEP_CONTRACT	08.005,19.013,19.013/preview-contract,19.013/icon-buffer,19.014	19.015,24.017
01.014/path-0105	DONE	app/core/gimpmypaintbrush-save.cpp	37b5af576bf64d596835a6eaf97958b28cb51fa3	10295	functional-source-or-data	NO	Nonempty changed content; filename alone is not removal evidence	Assigned source/asset references retained in hunk-wbs.tsv	KEEP_CONTRACT	19.011,19.011/output-stream-save,19.012	19.015,19.015/v1-curve-roundtrip
01.014/path-0106	DONE	app/core/gimpmypaintbrush-save.h	192fc92a836e7d9e18115a47c45facc3a893a51f	1027	functional-source-or-data	NO	Nonempty changed content; filename alone is not removal evidence	Assigned source/asset references retained in hunk-wbs.tsv	KEEP_CONTRACT	19.011,19.011/output-stream-save,19.012	19.015,19.015/v1-curve-roundtrip
01.014/path-0107	DONE	app/core/gimpmypaintbrush.cpp	c4e9eaaf991c8855e2a6155bd3a74915bdff657d	26699	functional-source-or-data	NO	Nonempty changed content; filename alone is not removal evidence	Assigned source/asset references retained in hunk-wbs.tsv	KEEP_CONTRACT	08.005,19.013,19.013/preview-contract,19.013/icon-buffer,19.014	19.015,24.017
01.014/path-0108	DONE	app/core/gimpmypaintbrush.h	d005e559a20b8ad8deef3bce1d641c9fa4b5f7bf	3964	functional-source-or-data	NO	Nonempty changed content; filename alone is not removal evidence	Assigned source/asset references retained in hunk-wbs.tsv	KEEP_CONTRACT	08.005,19.013,19.013/preview-contract,19.013/icon-buffer,19.014	19.015,24.017
01.014/path-0109	DONE	app/core/gimpobject.h	e06a3a812c4aef704f7c2a93b8db99904039f476	3147	functional-source-or-data	NO	Nonempty changed content; filename alone is not removal evidence	Assigned source/asset references retained in hunk-wbs.tsv	KEEP_CONTRACT	04.003,04.004,08.019	04.014,04.017
01.014/path-0110	DONE	app/core/gimpparamspecs-duplicate.c	68743b62cdc6710427d99cea0591a5fb0174634d	6694	functional-source-or-data	NO	Nonempty changed content; filename alone is not removal evidence	Assigned source/asset references retained in hunk-wbs.tsv	KEEP_CONTRACT	08.018/core-extension-hooks	07.013,36.011,36.012
01.014/path-0111	DONE	app/core/gimpparamspecs.c	5250c380ddef2c82ce346fba008020bac99051e8	70201	functional-source-or-data	NO	Nonempty changed content; filename alone is not removal evidence	Assigned source/asset references retained in hunk-wbs.tsv	KEEP_CONTRACT	08.018/core-extension-hooks	07.013,36.011,36.012
01.014/path-0112	DONE	app/core/gimpparamspecs.h	2f4c0f5e0d0071e6d9ecd35153ca95aa3aa1b905	34550	functional-source-or-data	NO	Nonempty changed content; filename alone is not removal evidence	Assigned source/asset references retained in hunk-wbs.tsv	KEEP_CONTRACT	08.018/core-extension-hooks	07.013,36.011,36.012
01.014/path-0113	DONE	app/core/gimpperspectiveguide.cpp	3f43d175c733975c2afe58c828af93a3f491f5ab	7460	functional-source-or-data	NO	Nonempty changed content; filename alone is not removal evidence	Assigned source/asset references retained in hunk-wbs.tsv	KEEP_CONTRACT	08.009,08.009/removed-signal,08.009/guide-owner,08.010,26.001,26.002,26.003,26.004,26.005,26.006,26.007,26.008,26.009,26.010,26.011,26.012	26.013,26.014
01.014/path-0114	DONE	app/core/gimpperspectiveguide.h	98a1dfbe8d604cd0ed4d582f254eec9bdd54d44c	3587	functional-source-or-data	NO	Nonempty changed content; filename alone is not removal evidence	Assigned source/asset references retained in hunk-wbs.tsv	KEEP_CONTRACT	08.009,08.009/removed-signal,08.009/guide-owner,08.010,26.001,26.002,26.003,26.004,26.005,26.006,26.007,26.008,26.009,26.010,26.011,26.012	26.013,26.014
01.014/path-0115	DONE	app/core/gimppickable.h	71f4712188d35cb5a8ad1f46d03038b80f786a4e	4096	functional-source-or-data	NO	Nonempty changed content; filename alone is not removal evidence	Assigned source/asset references retained in hunk-wbs.tsv	KEEP_CONTRACT	04.003,04.004,08.019	04.014,04.017
01.014/path-0116	DONE	app/core/gimpprogress.h	9133f9691ce1e6f092843454b8dab40d611c82db	4697	functional-source-or-data	NO	Nonempty changed content; filename alone is not removal evidence	Assigned source/asset references retained in hunk-wbs.tsv	KEEP_CONTRACT	04.003,04.004,08.019	04.014,04.017
01.014/path-0117	DONE	app/core/gimpprojectable.h	9e62887eff8e47e3fa082c513bde8629cba9aeb5	4847	functional-source-or-data	NO	Nonempty changed content; filename alone is not removal evidence	Assigned source/asset references retained in hunk-wbs.tsv	KEEP_CONTRACT	04.003,04.004,08.019	04.014,04.017
01.014/path-0118	DONE	app/core/gimpprojection.c	2c6d0dfc68820f3b13fa168e980d8112d450f45f	27559	functional-source-or-data	NO	Nonempty changed content; filename alone is not removal evidence	Assigned source/asset references retained in hunk-wbs.tsv	KEEP_CONTRACT	09.013/gegl-graph-invalidation,17.002,17.003,17.019,17.020	18.002,18.003,18.017
01.014/path-0119	DONE	app/core/gimpprojection.h	1f346eddd7b2173e2cdd280d5e70b0171f776d35	4040	functional-source-or-data	NO	Nonempty changed content; filename alone is not removal evidence	Assigned source/asset references retained in hunk-wbs.tsv	KEEP_CONTRACT	04.003,04.004,08.019	04.014,04.017
01.014/path-0120	DONE	app/core/gimptemplate.h	f02c9705a7a0536e01de6884e0f4f6c570616b31	3300	functional-source-or-data	NO	Nonempty changed content; filename alone is not removal evidence	Assigned source/asset references retained in hunk-wbs.tsv	KEEP_CONTRACT	04.003,04.004,08.019	04.014,04.017
01.014/path-0121	DONE	app/core/gimptoolgroup.c	a705fff56578d510def0db99970071e45224a393	12438	functional-source-or-data	NO	Nonempty changed content; filename alone is not removal evidence	Assigned source/asset references retained in hunk-wbs.tsv	KEEP_CONTRACT	30.001/tool-group-state,29.009,30.004,30.008	29.020,36.019
01.014/path-0122	DONE	app/core/gimptoolgroup.h	ef4d979b5eeff943df72f3a225dc91c1d0f389e4	2543	functional-source-or-data	NO	Nonempty changed content; filename alone is not removal evidence	Assigned source/asset references retained in hunk-wbs.tsv	KEEP_CONTRACT	30.001/tool-group-state,29.009,30.004,30.008	29.020,36.019
01.014/path-0123	DONE	app/core/gimptoolinfo.c	96036d6e3a5a9498e624568c81719d2bca302551	8758	functional-source-or-data	NO	Nonempty changed content; filename alone is not removal evidence	Assigned source/asset references retained in hunk-wbs.tsv	KEEP_CONTRACT	30.001/tool-group-state,29.009,30.004,30.008	29.020,36.019
01.014/path-0124	DONE	app/core/gimptoolinfo.h	a8885f4749c67c815c0d952e9e5d90245b43f307	3715	functional-source-or-data	NO	Nonempty changed content; filename alone is not removal evidence	Assigned source/asset references retained in hunk-wbs.tsv	KEEP_CONTRACT	30.001/tool-group-state,29.009,30.004,30.008	29.020,36.019
01.014/path-0125	DONE	app/core/gimptoolitem.c	1e27d184e62a65e738dd6b77c7da8ca65361e7ee	4922	functional-source-or-data	NO	Nonempty changed content; filename alone is not removal evidence	Assigned source/asset references retained in hunk-wbs.tsv	KEEP_CONTRACT	30.001/tool-group-state,29.009,30.004,30.008	29.020,36.019
01.014/path-0126	DONE	app/core/gimptoolitem.h	9568bb98ecf9e8b17e5e8f82496a901a4aae5b3b	2201	functional-source-or-data	NO	Nonempty changed content; filename alone is not removal evidence	Assigned source/asset references retained in hunk-wbs.tsv	KEEP_CONTRACT	30.001/tool-group-state,29.009,30.004,30.008	29.020,36.019
01.014/path-0127	DONE	app/core/gimptooloptions.c	301821144de84193f896cbed592a41db451428c1	11972	functional-source-or-data	NO	Nonempty changed content; filename alone is not removal evidence	Assigned source/asset references retained in hunk-wbs.tsv	KEEP_CONTRACT	30.006,30.007,30.008,30.010,30.011	19.016,24.017,36.022
01.014/path-0128	DONE	app/core/gimptooloptions.h	cd1ef21732b203df0e6261d58391c2af363d0cbb	2542	functional-source-or-data	NO	Nonempty changed content; filename alone is not removal evidence	Assigned source/asset references retained in hunk-wbs.tsv	KEEP_CONTRACT	04.003,04.004,08.019	04.014,04.017
01.014/path-0129	DONE	app/core/gimpviewable.c	48f056842c38ed3c0dd9f381a2be75a9a99cd331	40055	functional-source-or-data	NO	Nonempty changed content; filename alone is not removal evidence	Assigned source/asset references retained in hunk-wbs.tsv	KEEP_CONTRACT	08.018/core-extension-hooks,30.001/tool-group-state	14.019,29.020
01.014/path-0130	DONE	app/core/gimpviewable.h	a36f697f8bcfe65e9e9e93d755ec27d5e3511b30	10127	functional-source-or-data	NO	Nonempty changed content; filename alone is not removal evidence	Assigned source/asset references retained in hunk-wbs.tsv	KEEP_CONTRACT	04.003,04.004,08.019	04.014,04.017
01.014/path-0131	DONE	app/core/mypaintbrush-brushsettings.c	9a2f371432252911665cd12db1d3a13887e10c15	28903	functional-source-or-data	NO	Nonempty changed content; filename alone is not removal evidence	Assigned source/asset references retained in hunk-wbs.tsv	KEEP_CONTRACT	04.013/brush-setting-generator,08.007/dict-owner,19.003,19.006/mapping-value-owner,20.001	19.015,20.018,34.013
01.014/path-0132	DONE	app/core/mypaintbrush-brushsettings.h	08618cbc2a696a865978bc1bd88fc09c2fb77da5	3145	functional-source-or-data	NO	Nonempty changed content; filename alone is not removal evidence	Assigned source/asset references retained in hunk-wbs.tsv	KEEP_CONTRACT	04.013/brush-setting-generator,08.007/dict-owner,19.003,19.006/mapping-value-owner,20.001	19.015,20.018,34.013
01.014/path-0133	DONE	app/core/mypaintbrush-enum-settings.h	dd6f3fab46cbba974875b09d1642439033e0e4e8	3672	generated-functional-code	YES_REGENERATE_ONLY	Source marker: // DO NOT EDIT - autogenerated by generate.py; named generate.py is absent in pinned tree; existing 04.013/brush-setting-generator owns recovery	Assigned source/asset references retained in hunk-wbs.tsv	REGENERATE_FROM_AUTHORITATIVE_INPUT	04.013/brush-setting-generator	34.013
01.014/path-0134	DONE	app/core/mypaintbrush-mapping.hpp	6720c2f17b6a14fb9e0cea71f1b2f8c7303af369	4406	functional-source-or-data	NO	Nonempty changed content; filename alone is not removal evidence	Assigned source/asset references retained in hunk-wbs.tsv	KEEP_CONTRACT	04.013/brush-setting-generator,08.007/dict-owner,19.003,19.006/mapping-value-owner,20.001	19.015,20.018,34.013
01.014/path-0135	DONE	app/dialogs/dialogs-constructors.c	d2464ac548d12cd39eac32824ff132a4fc6ca02c	29886	functional-source-or-data	NO	Nonempty changed content; filename alone is not removal evidence	Assigned source/asset references retained in hunk-wbs.tsv	KEEP_CONTRACT	30.001,30.005	24.017,29.020
01.014/path-0136	DONE	app/dialogs/dialogs-constructors.h	9c092482c6e84e40f21c9357a3b693730c451fc2	19273	functional-source-or-data	NO	Nonempty changed content; filename alone is not removal evidence	Assigned source/asset references retained in hunk-wbs.tsv	KEEP_CONTRACT	30.001,30.005	24.017,29.020
01.014/path-0137	DONE	app/dialogs/dialogs.c	6ca2dd159e1e0e2a5a5b2f955c25224f052cc105	26831	functional-source-or-data	NO	Nonempty changed content; filename alone is not removal evidence	Assigned source/asset references retained in hunk-wbs.tsv	KEEP_CONTRACT	30.001,30.005	24.017,29.020
01.014/path-0138	DONE	app/dialogs/preferences-dialog.c	4819980e39350caffb12660858f5afe23a082e4a	103500	functional-source-or-data	NO	Nonempty changed content; filename alone is not removal evidence	Assigned source/asset references retained in hunk-wbs.tsv	KEEP_CONTRACT	30.006,30.007,30.008,30.010,30.011	19.016,24.017,36.022
01.014/path-0139	DONE	app/display/Makefile.am	58e7a1dd8e003489ede49e48793285a51ac83f64	5441	functional-source-or-data	NO	Nonempty changed content; filename alone is not removal evidence	Assigned source/asset references retained in hunk-wbs.tsv	KEEP_CONTRACT	04.002,04.008,04.009	04.015,04.016
01.014/path-0140	DONE	app/display/gimpcanvasarc.c	1296a589f855ee28f0a50acdd120839f6d6e81a4	14869	functional-source-or-data	NO	Nonempty changed content; filename alone is not removal evidence	Assigned source/asset references retained in hunk-wbs.tsv	KEEP_CONTRACT	25.009,26.005,29.017	25.011,26.014,29.020
01.014/path-0141	DONE	app/display/gimpcanvascorner.c	f913521caa3d5e42bbd144fbff24ed69dfa5c143	20925	functional-source-or-data	NO	Nonempty changed content; filename alone is not removal evidence	Assigned source/asset references retained in hunk-wbs.tsv	KEEP_CONTRACT	25.009,26.005,29.017	25.011,26.014,29.020
01.014/path-0142	DONE	app/display/gimpcanvasgrid.c	d18e36c31dab3dbfa6d63e97e9b81acafa5d4e84	13476	functional-source-or-data	NO	Nonempty changed content; filename alone is not removal evidence	Assigned source/asset references retained in hunk-wbs.tsv	KEEP_CONTRACT	25.009,26.005,29.017	25.011,26.014,29.020
01.014/path-0143	DONE	app/display/gimpcanvasguide.c	1b6113650c8ea7e9848da718fa626efaef656dc5	10799	functional-source-or-data	NO	Nonempty changed content; filename alone is not removal evidence	Assigned source/asset references retained in hunk-wbs.tsv	KEEP_CONTRACT	25.009,26.005,29.017	25.011,26.014,29.020
01.014/path-0144	DONE	app/display/gimpcanvashandle.c	6e6b3ed39d08cb2b4ced17dddbec62737f6c3f6f	16289	functional-source-or-data	NO	Nonempty changed content; filename alone is not removal evidence	Assigned source/asset references retained in hunk-wbs.tsv	KEEP_CONTRACT	25.009,26.005,29.017	25.011,26.014,29.020
01.014/path-0145	DONE	app/display/gimpcanvasitem.h	a480e396db1d46bd6faae64501644c3491087573	5123	functional-source-or-data	NO	Nonempty changed content; filename alone is not removal evidence	Assigned source/asset references retained in hunk-wbs.tsv	KEEP_CONTRACT	04.003,04.004,08.019	04.014,04.017
01.014/path-0146	DONE	app/display/gimpcanvaspath.c	89a6e279953ce8e161ad61b6fc98763e56a98465	11788	functional-source-or-data	NO	Nonempty changed content; filename alone is not removal evidence	Assigned source/asset references retained in hunk-wbs.tsv	KEEP_CONTRACT	25.009,26.005,29.017	25.011,26.014,29.020
01.014/path-0147	DONE	app/display/gimpcanvasperspectiveguide.cpp	8238ea7e565a62c92e3afc7b8da5b3235f04d1a6	9428	functional-source-or-data	NO	Nonempty changed content; filename alone is not removal evidence	Assigned source/asset references retained in hunk-wbs.tsv	KEEP_CONTRACT	26.005,26.006,29.017	26.014,29.020
01.014/path-0148	DONE	app/display/gimpcanvasperspectiveguide.h	fb17bd424a7a2bec5043e05c60a35f31862ad256	3170	functional-source-or-data	NO	Nonempty changed content; filename alone is not removal evidence	Assigned source/asset references retained in hunk-wbs.tsv	KEEP_CONTRACT	26.005,26.006,29.017	26.014,29.020
01.014/path-0149	DONE	app/display/gimpcanvasrectangle.c	1d68ac0e25ff4b532e43e7dc3d9cd15c6b154854	13826	functional-source-or-data	NO	Nonempty changed content; filename alone is not removal evidence	Assigned source/asset references retained in hunk-wbs.tsv	KEEP_CONTRACT	25.009,26.005,29.017	25.011,26.014,29.020
01.014/path-0150	DONE	app/display/gimpcanvasrectangleguides.c	fa277a434cec78dabd738a5748f03329a1959bb3	17420	functional-source-or-data	NO	Nonempty changed content; filename alone is not removal evidence	Assigned source/asset references retained in hunk-wbs.tsv	KEEP_CONTRACT	25.009,26.005,29.017	25.011,26.014,29.020
01.014/path-0151	DONE	app/display/gimpdisplay.c	7def0883c4085fdbd4b0ad1b60e63e1643634cbc	26979	functional-source-or-data	NO	Nonempty changed content; filename alone is not removal evidence	Assigned source/asset references retained in hunk-wbs.tsv	KEEP_CONTRACT	29.011,29.016,30.005,30.005/shell-reparent-ref,30.016	29.020,36.019
01.014/path-0152	DONE	app/display/gimpdisplayshell-callbacks.c	79ebbff0a9e6dbd9a3af5f308b7e923068d6b61c	18931	functional-source-or-data	NO	Nonempty changed content; filename alone is not removal evidence	Assigned source/asset references retained in hunk-wbs.tsv	KEEP_CONTRACT	29.001,29.007,29.008,29.010,29.011,29.012,29.013,29.014,29.015,29.016,29.017,29.018,29.019	29.020
01.014/path-0153	DONE	app/display/gimpdisplayshell-close.c	ede471be2e799cd163b474a5e5186c77f8bafe8b	15362	functional-source-or-data	NO	Nonempty changed content; filename alone is not removal evidence	Assigned source/asset references retained in hunk-wbs.tsv	KEEP_CONTRACT	29.011,29.016,30.005,30.005/shell-reparent-ref,30.016	29.020,36.019
01.014/path-0154	DONE	app/display/gimpdisplayshell-draw.c	b8c2d71bd6a9ddd65e79ddc2537af3c50a26b969	8472	functional-source-or-data	NO	Nonempty changed content; filename alone is not removal evidence	Assigned source/asset references retained in hunk-wbs.tsv	KEEP_CONTRACT	25.009,26.005,29.017	25.011,26.014,29.020
01.014/path-0155	DONE	app/display/gimpdisplayshell-expose.c	38d6fe581d7865a4523682bdbcdfd8a23dfb7c28	2322	functional-source-or-data	NO	Nonempty changed content; filename alone is not removal evidence	Assigned source/asset references retained in hunk-wbs.tsv	KEEP_CONTRACT	25.009,26.005,29.017	25.011,26.014,29.020
01.014/path-0156	DONE	app/display/gimpdisplayshell-expose.h	c8c330d7fbb072983289ac26278704c6545559b7	1780	functional-source-or-data	NO	Nonempty changed content; filename alone is not removal evidence	Assigned source/asset references retained in hunk-wbs.tsv	KEEP_CONTRACT	25.009,26.005,29.017	25.011,26.014,29.020
01.014/path-0157	DONE	app/display/gimpdisplayshell-overlays.cpp	6794e74e3d999beb905a31318c0ae631e70eeb6b	23753	functional-source-or-data	NO	Nonempty changed content; filename alone is not removal evidence	Assigned source/asset references retained in hunk-wbs.tsv	KEEP_CONTRACT	29.001,29.007,29.008,29.010,29.011,29.012,29.013,29.014,29.015,29.016,29.017,29.018,29.019	29.020
01.014/path-0158	DONE	app/display/gimpdisplayshell-overlays.h	6596dcca8a3e6fc390ff0df7bbe2a3bf8099546b	1301	functional-source-or-data	NO	Nonempty changed content; filename alone is not removal evidence	Assigned source/asset references retained in hunk-wbs.tsv	KEEP_CONTRACT	29.001,29.007,29.008,29.010,29.011,29.012,29.013,29.014,29.015,29.016,29.017,29.018,29.019	29.020
01.014/path-0159	DONE	app/display/gimpdisplayshell-render.c	199ece7e1c9e2ac2ccd247fb917073343a3db5e4	46970	functional-source-or-data	NO	Nonempty changed content; filename alone is not removal evidence	Assigned source/asset references retained in hunk-wbs.tsv	KEEP_CONTRACT	25.009,26.005,29.017	25.011,26.014,29.020
01.014/path-0160	DONE	app/display/gimpdisplayshell-rotate.c	25081806ecd255b3e54277cefc135ec08aea6488	7604	functional-source-or-data	NO	Nonempty changed content; filename alone is not removal evidence	Assigned source/asset references retained in hunk-wbs.tsv	KEEP_CONTRACT	25.001,25.002,25.003,25.004,25.005,25.006,25.007,25.008,25.009,25.010	25.011,25.012,26.014
01.014/path-0161	DONE	app/display/gimpdisplayshell-rotate.h	44ea702433d22c4410b34d5e44e818799cddabb2	3501	functional-source-or-data	NO	Nonempty changed content; filename alone is not removal evidence	Assigned source/asset references retained in hunk-wbs.tsv	KEEP_CONTRACT	25.001,25.002,25.003,25.004,25.005,25.006,25.007,25.008,25.009,25.010	25.011,25.012,26.014
01.014/path-0162	DONE	app/display/gimpdisplayshell-scroll.c	77fa7c1b9b0bbcdfb3d734c90d99f2e8ae9b8305	17908	functional-source-or-data	NO	Nonempty changed content; filename alone is not removal evidence	Assigned source/asset references retained in hunk-wbs.tsv	KEEP_CONTRACT	25.009,26.005,29.017	25.011,26.014,29.020
01.014/path-0163	DONE	app/display/gimpdisplayshell-scroll.h	79c6eb3175ef854a82010e708f7a068be5d67a77	4886	functional-source-or-data	NO	Nonempty changed content; filename alone is not removal evidence	Assigned source/asset references retained in hunk-wbs.tsv	KEEP_CONTRACT	25.009,26.005,29.017	25.011,26.014,29.020
01.014/path-0164	DONE	app/display/gimpdisplayshell-selection.c	d6abb915f4f387fc72b3e97a4287a63bbe882f2c	14706	functional-source-or-data	NO	Nonempty changed content; filename alone is not removal evidence	Assigned source/asset references retained in hunk-wbs.tsv	KEEP_CONTRACT	25.009,26.005,29.017	25.011,26.014,29.020
01.014/path-0165	DONE	app/display/gimpdisplayshell-tool-events.c	b670161eb5906349f84a51da961ae339b7209574	86398	functional-source-or-data	NO	Nonempty changed content; filename alone is not removal evidence	Assigned source/asset references retained in hunk-wbs.tsv	KEEP_CONTRACT	29.001,29.007,29.008,29.010,29.011,29.012,29.013,29.014,29.015,29.016,29.017,29.018,29.019	29.020
01.014/path-0166	DONE	app/display/gimpdisplayshell-transform.c	11ec34bfee9b0ea7738994388e53bb59a3f50201	15198	functional-source-or-data	NO	Nonempty changed content; filename alone is not removal evidence	Assigned source/asset references retained in hunk-wbs.tsv	KEEP_CONTRACT	25.009,26.005,29.017	25.011,26.014,29.020
01.014/path-0167	DONE	app/display/gimpdisplayshell-transform.h	3a5796b46d2c5f55788c8b3861829b488ff52b7a	4594	functional-source-or-data	NO	Nonempty changed content; filename alone is not removal evidence	Assigned source/asset references retained in hunk-wbs.tsv	KEEP_CONTRACT	25.009,26.005,29.017	25.011,26.014,29.020
01.014/path-0168	DONE	app/display/gimpdisplayshell.c	f8589c1f8bcbb12fc698d3ab9460ffa7e89c55e6	65536	functional-source-or-data	NO	Nonempty changed content; filename alone is not removal evidence	Assigned source/asset references retained in hunk-wbs.tsv	KEEP_CONTRACT	29.001,29.007,29.008,29.010,29.011,29.012,29.013,29.014,29.015,29.016,29.017,29.018,29.019	29.020
01.014/path-0169	DONE	app/display/gimpdisplayshell.h	703b631b434fcc85631660c810c0f5c147ed9617	14424	functional-source-or-data	NO	Nonempty changed content; filename alone is not removal evidence	Assigned source/asset references retained in hunk-wbs.tsv	KEEP_CONTRACT	29.001,29.007,29.008,29.010,29.011,29.012,29.013,29.014,29.015,29.016,29.017,29.018,29.019	29.020
01.014/path-0170	DONE	app/display/gimpimagewindow.c	04ffaff8c116fd995f5eee04a1714dec945952f7	96619	functional-source-or-data	NO	Nonempty changed content; filename alone is not removal evidence	Assigned source/asset references retained in hunk-wbs.tsv	KEEP_CONTRACT	29.011,29.016,30.005,30.005/shell-reparent-ref,30.016	29.020,36.019
01.014/path-0171	DONE	app/display/gimpimagewindow.h	6b092f267a26a022ec1d91c56e032a9e3f5254f8	5611	functional-source-or-data	NO	Nonempty changed content; filename alone is not removal evidence	Assigned source/asset references retained in hunk-wbs.tsv	KEEP_CONTRACT	29.011,29.016,30.005,30.005/shell-reparent-ref,30.016	29.020,36.019
01.014/path-0172	DONE	app/display/gimpmotionbuffer.c	1e2d4c424cde39afa9065e65ec82d7f1b8ee66f2	18939	functional-source-or-data	NO	Nonempty changed content; filename alone is not removal evidence	Assigned source/asset references retained in hunk-wbs.tsv	KEEP_CONTRACT	23.007,23.008,23.009,23.010,23.011,23.012,23.014	23.015,26.013
01.014/path-0173	DONE	app/display/gimpstatusbar.c	198c2829229208387d83bbacb39b9d436038449a	51173	functional-source-or-data	NO	Nonempty changed content; filename alone is not removal evidence	Assigned source/asset references retained in hunk-wbs.tsv	KEEP_CONTRACT	29.010,29.010/toolbar-ref-balance,29.010/standard-tool-options,29.011	29.020
01.014/path-0174	DONE	app/dummy.cpp	e69de29bb2d1d6434b8b29ae775ad8c2e48c5391	0	empty-build-carrier	YES_AFTER_REPLACEMENT	Pinned blob is zero bytes; empty executable input can still select the C++ linker	app/Makefile.am:97:gimp_2_8_SOURCES = $(libapp_sources) main.c dummy.cpp; app/Makefile.am:230:gimp_console_2_8_SOURCES = $(libapp_sources) main.c dummy.cpp	REPLACE_BUILD_ROLE_THEN_EXCLUDE	04.008,31.018	07.014,31.020
01.014/path-0175	DONE	app/file/file-open.c	04a162a3e733ee4ed2812a23b82e22ef0836af5e	25415	functional-source-or-data	NO	Nonempty changed content; filename alone is not removal evidence	Assigned source/asset references retained in hunk-wbs.tsv	KEEP_CONTRACT	08.018/core-extension-hooks	07.013,36.011,36.012
01.014/path-0176	DONE	app/gimp-features.cpp	17fb53441909c532d8039e838e8f40203958039f	3442	functional-source-or-data	NO	Nonempty changed content; filename alone is not removal evidence	Assigned source/asset references retained in hunk-wbs.tsv	KEEP_CONTRACT	30.016,30.016/feature-entry-point	04.016,36.019
01.014/path-0177	DONE	app/gimp-features.h	e71bbe7de1d96251eaa71a2ef16a6364fdccdf4e	2302	functional-source-or-data	NO	Nonempty changed content; filename alone is not removal evidence	Assigned source/asset references retained in hunk-wbs.tsv	KEEP_CONTRACT	30.016,30.016/feature-entry-point	04.016,36.019
01.014/path-0178	DONE	app/gui/gimpuiconfigurer.c	333f0de563dafeda12b6b4851f46e7a484769db2	25892	functional-source-or-data	NO	Nonempty changed content; filename alone is not removal evidence	Assigned source/asset references retained in hunk-wbs.tsv	KEEP_CONTRACT	29.011,29.016,30.005,30.005/shell-reparent-ref,30.016	29.020,36.019
01.014/path-0179	DONE	app/gui/gui-vtable.c	3bae6e65d7ad5a556b298f5661c9def5c7ea0e6e	23784	functional-source-or-data	NO	Nonempty changed content; filename alone is not removal evidence	Assigned source/asset references retained in hunk-wbs.tsv	KEEP_CONTRACT	29.011,29.016,30.005,30.005/shell-reparent-ref,30.016	29.020,36.019
01.014/path-0180	DONE	app/gui/gui.c	26ec908f6c0165df08b34869a2137625420a0d45	26570	functional-source-or-data	NO	Nonempty changed content; filename alone is not removal evidence	Assigned source/asset references retained in hunk-wbs.tsv	KEEP_CONTRACT	29.011,29.016,30.005,30.005/shell-reparent-ref,30.016	29.020,36.019
01.014/path-0181	DONE	app/httpd/.gitignore	ca8504bbc5dbab867d1d59c678012d68effb0d46	74	build-ignore-metadata	YES_AFTER_BUILD_REPLACEMENT	Git ignore patterns affect generated build outputs, not painting runtime	Replacement build/install rules must own generated outputs	REPLACE_WITH_CURRENT_BUILD_RULES	04.002,31.018	04.015,31.020
01.014/path-0182	DONE	app/httpd/Makefile.am	90d9e83353cc27d314914b3e25b16ebc89c5083d	2099	functional-source-or-data	NO	Nonempty changed content; filename alone is not removal evidence	Assigned source/asset references retained in hunk-wbs.tsv	KEEP_CONTRACT	04.002,04.008,04.009	04.015,04.016
01.014/path-0183	DONE	app/httpd/httpd-enums.c	52f78beac689e673aa79aecf0e738916964ff7f9	197	generated-empty-api-carrier	YES_REGENERATE_ONLY	Source marker: /* Generated data (by gimp-mkenums) */; include-only generated translation unit is not a zero-byte file	Assigned source/asset references retained in hunk-wbs.tsv	REGENERATE_FROM_AUTHORITATIVE_INPUT	04.013,30.013	34.013
01.014/path-0184	DONE	app/httpd/httpd-enums.h	a8cec89388dad8a4e3656edcc278bf590562e5be	1195	functional-source-or-data	NO	Nonempty changed content; filename alone is not removal evidence	Assigned source/asset references retained in hunk-wbs.tsv	KEEP_CONTRACT	31.001,31.002,31.003,31.004,31.005,31.006,31.007,31.008,31.008/router-lifetime	31.009,31.010
01.014/path-0185	DONE	app/httpd/httpd-features-gui.cpp	487f25de9a4303ba127509c9603eb14e530ab47c	3117	functional-source-or-data	NO	Nonempty changed content; filename alone is not removal evidence	Assigned source/asset references retained in hunk-wbs.tsv	KEEP_CONTRACT	31.001,31.002,31.003,31.004,31.005,31.006,31.007,31.008,31.008/router-lifetime	31.009,31.010
01.014/path-0186	DONE	app/httpd/httpd-features-gui.h	20515e2f45736082da5f210e675b11f04635dcc7	1021	functional-source-or-data	NO	Nonempty changed content; filename alone is not removal evidence	Assigned source/asset references retained in hunk-wbs.tsv	KEEP_CONTRACT	31.001,31.002,31.003,31.004,31.005,31.006,31.007,31.008,31.008/router-lifetime	31.009,31.010
01.014/path-0187	DONE	app/httpd/httpd-features.cpp	ae50998a7e7084ab3216e9fb2445273968138c49	2774	functional-source-or-data	NO	Nonempty changed content; filename alone is not removal evidence	Assigned source/asset references retained in hunk-wbs.tsv	KEEP_CONTRACT	31.001,31.002,31.003,31.004,31.005,31.006,31.007,31.008,31.008/router-lifetime	31.009,31.010
01.014/path-0188	DONE	app/httpd/httpd-features.h	7b626fe42668f7007cf82fee1e7228d220c4e3eb	1005	functional-source-or-data	NO	Nonempty changed content; filename alone is not removal evidence	Assigned source/asset references retained in hunk-wbs.tsv	KEEP_CONTRACT	31.001,31.002,31.003,31.004,31.005,31.006,31.007,31.008,31.008/router-lifetime	31.009,31.010
01.014/path-0189	DONE	app/httpd/httpd.cpp	8820797ec8961d6e9cdcb86d45baa6cd8dae73bb	4619	functional-source-or-data	NO	Nonempty changed content; filename alone is not removal evidence	Assigned source/asset references retained in hunk-wbs.tsv	KEEP_CONTRACT	31.001,31.002,31.003,31.004,31.005,31.006,31.007,31.008,31.008/router-lifetime	31.009,31.010
01.014/path-0190	DONE	app/httpd/httpd.h	d806b5216c77d831f705a6b278f829e8bd698245	3839	functional-source-or-data	NO	Nonempty changed content; filename alone is not removal evidence	Assigned source/asset references retained in hunk-wbs.tsv	KEEP_CONTRACT	31.001,31.002,31.003,31.004,31.005,31.006,31.007,31.008,31.008/router-lifetime	31.009,31.010
01.014/path-0191	DONE	app/httpd/navigation-guide.cpp	eea7d5d5bba235cb6c73dc9dde85f6105365e153	8920	functional-source-or-data	NO	Nonempty changed content; filename alone is not removal evidence	Assigned source/asset references retained in hunk-wbs.tsv	KEEP_CONTRACT	31.001,31.002,31.003,31.004,31.005,31.006,31.007,31.008,31.008/router-lifetime	31.009,31.010
01.014/path-0192	DONE	app/httpd/navigation-guide.h	d19ab17cff86eda765f1ca86c820a5d8cf68671c	420	functional-source-or-data	NO	Nonempty changed content; filename alone is not removal evidence	Assigned source/asset references retained in hunk-wbs.tsv	KEEP_CONTRACT	31.001,31.002,31.003,31.004,31.005,31.006,31.007,31.008,31.008/router-lifetime	31.009,31.010
01.014/path-0193	DONE	app/httpd/rest-image-tree.cpp	7fd52cf446abf0255b43ddaf4b2ed61e86d9d560	21147	functional-source-or-data	NO	Nonempty changed content; filename alone is not removal evidence	Assigned source/asset references retained in hunk-wbs.tsv	KEEP_CONTRACT	31.001,31.002,31.003,31.004,31.005,31.006,31.007,31.008,31.008/router-lifetime	31.009,31.010
01.014/path-0194	DONE	app/httpd/rest-image-tree.h	5e4badf8a33084f11b4e04b1aa448597d9902356	414	functional-source-or-data	NO	Nonempty changed content; filename alone is not removal evidence	Assigned source/asset references retained in hunk-wbs.tsv	KEEP_CONTRACT	31.001,31.002,31.003,31.004,31.005,31.006,31.007,31.008,31.008/router-lifetime	31.009,31.010
01.014/path-0195	DONE	app/httpd/rest-pdb.cpp	1016695d7850350cbfa776b4cdbf6ce69649f363	37375	functional-source-or-data	NO	Nonempty changed content; filename alone is not removal evidence	Assigned source/asset references retained in hunk-wbs.tsv	KEEP_CONTRACT	31.001,31.002,31.003,31.004,31.005,31.006,31.007,31.008,31.008/router-lifetime	31.009,31.010
01.014/path-0196	DONE	app/httpd/rest-pdb.h	01405ff187d47b963137d768a4c5492c4a6aaf1f	1473	functional-source-or-data	NO	Nonempty changed content; filename alone is not removal evidence	Assigned source/asset references retained in hunk-wbs.tsv	KEEP_CONTRACT	31.001,31.002,31.003,31.004,31.005,31.006,31.007,31.008,31.008/router-lifetime	31.009,31.010
01.014/path-0197	DONE	app/menus/menus.c	3cae9cddaf94abea9eadcba3e61279ec5ce1a149	20191	functional-source-or-data	NO	Nonempty changed content; filename alone is not removal evidence	Assigned source/asset references retained in hunk-wbs.tsv	KEEP_CONTRACT	30.001,30.005	24.017,29.020
01.014/path-0198	DONE	app/paint-funcs/Makefile.am	3bef64dffd7481c46130642bad7455141878fa86	677	functional-source-or-data	NO	Nonempty changed content; filename alone is not removal evidence	Assigned source/asset references retained in hunk-wbs.tsv	KEEP_CONTRACT	04.002,04.008,04.009	04.015,04.016
01.014/path-0199	DONE	app/paint-funcs/mypaint-brushmodes.hpp	3110ebebb7b236785ca27dd8ef196fb0f2fa80cb	22800	functional-source-or-data	NO	Nonempty changed content; filename alone is not removal evidence	Assigned source/asset references retained in hunk-wbs.tsv	KEEP_CONTRACT	09.003/region-lifetime,21.001,21.002,21.002/resource-owner,21.003,21.004,21.005,21.006,21.007,21.008,21.009,21.010,21.011,21.012,21.013,21.014,21.015,21.016,21.017,22.007	21.018,21.019,21.020,22.010
01.014/path-0200	DONE	app/paint-funcs/paint-funcs-generic.h	754486c369ffecf4c38f64c02504b610d3e9ca34	23408	functional-source-or-data	NO	Nonempty changed content; filename alone is not removal evidence	Assigned source/asset references retained in hunk-wbs.tsv	KEEP_CONTRACT	13.001,13.001/gegl-operation-route,13.002,13.003,13.004,13.005,13.006,13.007,13.008,13.010,13.011,13.012	13.013,13.014
01.014/path-0201	DONE	app/paint-funcs/paint-funcs.c	4f3c573229ef49ce6bd0e6038dc67eae92d73620	127002	functional-source-or-data	NO	Nonempty changed content; filename alone is not removal evidence	Assigned source/asset references retained in hunk-wbs.tsv	KEEP_CONTRACT	13.001,13.001/gegl-operation-route,13.002,13.003,13.004,13.005,13.006,13.007,13.008,13.010,13.011,13.012	13.013,13.014
01.014/path-0202	DONE	app/paint-funcs/paint-funcs.h	9e12b613918e60c24708676bea6c127031576a76	24127	functional-source-or-data	NO	Nonempty changed content; filename alone is not removal evidence	Assigned source/asset references retained in hunk-wbs.tsv	KEEP_CONTRACT	13.001,13.001/gegl-operation-route,13.002,13.003,13.004,13.005,13.006,13.007,13.008,13.010,13.011,13.012	13.013,13.014
01.014/path-0203	DONE	app/paint/Makefile.am	c70a724ef07f1070c7059b82392f31c8b0ce090f	3473	functional-source-or-data	NO	Nonempty changed content; filename alone is not removal evidence	Assigned source/asset references retained in hunk-wbs.tsv	KEEP_CONTRACT	04.002,04.008,04.009	04.015,04.016
01.014/path-0204	DONE	app/paint/gimp-paint.c	cbe166cc20440d10c0bf203d8152c0b8fee32942	4260	functional-source-or-data	NO	Nonempty changed content; filename alone is not removal evidence	Assigned source/asset references retained in hunk-wbs.tsv	KEEP_CONTRACT	30.016,30.016/feature-entry-point	04.016,36.019
01.014/path-0205	DONE	app/paint/gimp-paint.h	6747864952d1899c3d04bb0cef1a8cc0040df87d	987	functional-source-or-data	NO	Nonempty changed content; filename alone is not removal evidence	Assigned source/asset references retained in hunk-wbs.tsv	KEEP_CONTRACT	30.016,30.016/feature-entry-point	04.016,36.019
01.014/path-0206	DONE	app/paint/gimpbrushcore.c	89a06853c33b39aa050453a680aa3ab2e5558513	67236	functional-source-or-data	NO	Nonempty changed content; filename alone is not removal evidence	Assigned source/asset references retained in hunk-wbs.tsv	KEEP_CONTRACT	23.001,23.002,23.003,23.004,23.005	23.006
01.014/path-0207	DONE	app/paint/gimpbrushcore.h	e5e17105aca0f14029efbd23b082d7dd315f2367	7206	functional-source-or-data	NO	Nonempty changed content; filename alone is not removal evidence	Assigned source/asset references retained in hunk-wbs.tsv	KEEP_CONTRACT	04.003,04.004,08.019	04.014,04.017
01.014/path-0208	DONE	app/paint/gimpink.c	3706f6e2890d963286658f7825d3191345edd872	18881	functional-source-or-data	NO	Nonempty changed content; filename alone is not removal evidence	Assigned source/asset references retained in hunk-wbs.tsv	KEEP_CONTRACT	23.007,23.008,23.009,23.010,23.011,23.012,23.014	23.015,26.013
01.014/path-0209	DONE	app/paint/gimpink.h	c2e686a966e80836fcc088bbe59ce41acabd6410	2014	functional-source-or-data	NO	Nonempty changed content; filename alone is not removal evidence	Assigned source/asset references retained in hunk-wbs.tsv	KEEP_CONTRACT	23.007,23.008,23.009,23.010,23.011,23.012,23.014	23.015,26.013
01.014/path-0210	DONE	app/paint/gimpmypaintcore-brushfeature.hpp	bdf7750f9612b615e454b4633523f28353667a01	20738	functional-source-or-data	NO	Nonempty changed content; filename alone is not removal evidence	Assigned source/asset references retained in hunk-wbs.tsv	KEEP_CONTRACT	21.002,21.002/resource-owner,21.003,21.004,21.005,21.006,22.003,22.005	21.019,22.010
01.014/path-0211	DONE	app/paint/gimpmypaintcore-drawablefeature.hpp	f822f8d4ede027ac9185d38669b66f7133d8a7d7	12566	functional-source-or-data	NO	Nonempty changed content; filename alone is not removal evidence	Assigned source/asset references retained in hunk-wbs.tsv	KEEP_CONTRACT	09.003,09.003/region-lifetime,09.004,09.006,09.007,09.008,09.009,09.010,09.011,09.012,09.013,21.010,21.011	09.016,09.017,21.019
01.014/path-0212	DONE	app/paint/gimpmypaintcore-surface.cpp	f07d825fef2e0a566de28385231e1ae2722fb6c7	20282	functional-source-or-data	NO	Nonempty changed content; filename alone is not removal evidence	Assigned source/asset references retained in hunk-wbs.tsv	KEEP_CONTRACT	09.003/region-lifetime,21.001,21.002,21.002/resource-owner,21.003,21.004,21.005,21.006,21.007,21.008,21.009,21.010,21.011,21.012,21.013,21.014,21.015,21.016,21.017,22.007	21.018,21.019,21.020,22.010
01.014/path-0213	DONE	app/paint/gimpmypaintcore-surface.hpp	5f532004d8bd9ec0fbf302b730e159167a9dbc4e	1951	functional-source-or-data	NO	Nonempty changed content; filename alone is not removal evidence	Assigned source/asset references retained in hunk-wbs.tsv	KEEP_CONTRACT	09.003/region-lifetime,21.001,21.002,21.002/resource-owner,21.003,21.004,21.005,21.006,21.007,21.008,21.009,21.010,21.011,21.012,21.013,21.014,21.015,21.016,21.017,22.007	21.018,21.019,21.020,22.010
01.014/path-0214	DONE	app/paint/gimpmypaintcore.cpp	0677f863605baf22755075cc13d535361a50af28	13569	functional-source-or-data	NO	Nonempty changed content; filename alone is not removal evidence	Assigned source/asset references retained in hunk-wbs.tsv	KEEP_CONTRACT	08.006,08.006/core-options-init,20.017,21.014,21.015,21.016	09.017,21.019,36.019
01.014/path-0215	DONE	app/paint/gimpmypaintcore.h.bak	f1b49c7cbebf9d24354ec2b87c354d99bd4a73de	8883	nonempty-backup-source	YES_AFTER_REFERENCE_REVIEW	Contains 162 lines of declarations, not an empty file	No literal repository reference found; dynamic/indirect use is not disproven	COMPARE_LIVE_HEADER_THEN_EXCLUDE	08.006,31.018	04.014,31.020
01.014/path-0216	DONE	app/paint/gimpmypaintcore.hpp	fc73490665cdafeed00c3fda2d78a1d99734b24f	2162	functional-source-or-data	NO	Nonempty changed content; filename alone is not removal evidence	Assigned source/asset references retained in hunk-wbs.tsv	KEEP_CONTRACT	08.006,08.006/core-options-init,20.017,21.014,21.015,21.016	09.017,21.019,36.019
01.014/path-0217	DONE	app/paint/gimpmypaintcoreundo.cpp	dfb3bf35071e30b1da87dc0ff09e0b34c88d6095	5487	functional-source-or-data	NO	Nonempty changed content; filename alone is not removal evidence	Assigned source/asset references retained in hunk-wbs.tsv	KEEP_CONTRACT	09.011/mypaint-undo-stroke,21.014	09.017,21.019
01.014/path-0218	DONE	app/paint/gimpmypaintcoreundo.h	71a2d240f6cb6a193612287e36e98343d946db36	1921	functional-source-or-data	NO	Nonempty changed content; filename alone is not removal evidence	Assigned source/asset references retained in hunk-wbs.tsv	KEEP_CONTRACT	09.011/mypaint-undo-stroke,21.014	09.017,21.019
01.014/path-0219	DONE	app/paint/gimpmypaintoptions-history.cpp	16239cd9a78950dc2549a1df7189e48770a4d432	2465	functional-source-or-data	NO	Nonempty changed content; filename alone is not removal evidence	Assigned source/asset references retained in hunk-wbs.tsv	KEEP_CONTRACT	24.010,24.011	24.017
01.014/path-0220	DONE	app/paint/gimpmypaintoptions-history.hpp	dc06447082ff5d501694b2be0e24a81065ff687d	1165	functional-source-or-data	NO	Nonempty changed content; filename alone is not removal evidence	Assigned source/asset references retained in hunk-wbs.tsv	KEEP_CONTRACT	24.010,24.011	24.017
01.014/path-0221	DONE	app/paint/gimpmypaintoptions.cpp	a2952003b6908b7eaf4a0e7ac53a2b3a7fcf27eb	21735	functional-source-or-data	NO	Nonempty changed content; filename alone is not removal evidence	Assigned source/asset references retained in hunk-wbs.tsv	KEEP_CONTRACT	08.007,08.007/dict-owner,19.016,24.001,30.007	19.015,24.017
01.014/path-0222	DONE	app/paint/gimpmypaintoptions.h	e572a23475f04fbb1d4a1f02a24a995f66e4fd21	4061	functional-source-or-data	NO	Nonempty changed content; filename alone is not removal evidence	Assigned source/asset references retained in hunk-wbs.tsv	KEEP_CONTRACT	08.007,08.007/dict-owner,19.016,24.001,30.007	19.015,24.017
01.014/path-0223	DONE	app/paint/gimppaintcore.c	d3b66dcc34444f63e45fe27c63b665cd2580b3c1	45332	comments-or-whitespace-only-delta	YES_SOURCE_NOOP	Whole-file C-like tokens are identical after removing comments/whitespace while retaining string/char literals	Assigned source/asset references retained in hunk-wbs.tsv	DO_NOT_PORT_NONFUNCTIONAL_DIFF	31.018	31.020
01.014/path-0224	DONE	app/paint/gimppaintcore.h	4493f064204c4f3440e0ed1690d8a12a609e4a73	11705	functional-source-or-data	NO	Nonempty changed content; filename alone is not removal evidence	Assigned source/asset references retained in hunk-wbs.tsv	KEEP_CONTRACT	04.003,04.004,08.019	04.014,04.017
01.014/path-0225	DONE	app/paint/gimppaintoptions.c	60025a2d4838a20414f5f9890e53a8870f18c175	29208	functional-source-or-data	NO	Nonempty changed content; filename alone is not removal evidence	Assigned source/asset references retained in hunk-wbs.tsv	KEEP_CONTRACT	22.001,22.002,22.003,22.005,22.006,22.008,22.009,30.007	22.010,24.017
01.014/path-0226	DONE	app/paint/gimppaintoptions.h	0cb042630b3b2f5b1e456a3624973819ec6c4c47	6965	functional-source-or-data	NO	Nonempty changed content; filename alone is not removal evidence	Assigned source/asset references retained in hunk-wbs.tsv	KEEP_CONTRACT	04.003,04.004,08.019	04.014,04.017
01.014/path-0227	DONE	app/paint/gimpsmudge.c	4d5cd380aa0bcc8f3d15482a21adfb2689cf7b6b	20566	functional-source-or-data	NO	Nonempty changed content; filename alone is not removal evidence	Assigned source/asset references retained in hunk-wbs.tsv	KEEP_CONTRACT	23.001,23.002,23.003,23.004,23.005	23.006
01.014/path-0228	DONE	app/paint/gimpsmudge.h	9999ae8afa641df8c6bbaddcf1e7aca260b09bff	2014	functional-source-or-data	NO	Nonempty changed content; filename alone is not removal evidence	Assigned source/asset references retained in hunk-wbs.tsv	KEEP_CONTRACT	23.001,23.002,23.003,23.004,23.005	23.006
01.014/path-0229	DONE	app/paint/gimpsmudgeoptions.c	a6fee419d58daef2099b87ca0667efd29b0e49dc	3859	functional-source-or-data	NO	Nonempty changed content; filename alone is not removal evidence	Assigned source/asset references retained in hunk-wbs.tsv	KEEP_CONTRACT	23.001,23.002,23.003,23.004,23.005	23.006
01.014/path-0230	DONE	app/paint/gimpsmudgeoptions.h	8ce4f06d0064db8ea789d1dd3220b137303b87c6	1914	functional-source-or-data	NO	Nonempty changed content; filename alone is not removal evidence	Assigned source/asset references retained in hunk-wbs.tsv	KEEP_CONTRACT	23.001,23.002,23.003,23.004,23.005	23.006
01.014/path-0231	DONE	app/paint/mypaintbrush-brush.hpp	87af9fbd14c684882b1024e96a36c2046a0c5b35	35472	functional-source-or-data	NO	Nonempty changed content; filename alone is not removal evidence	Assigned source/asset references retained in hunk-wbs.tsv	KEEP_CONTRACT	20.001,20.002,20.003,20.004,20.005,20.006,20.007,20.008,20.009,20.010,20.011,20.012,20.013,20.014,20.015,20.016,20.017	20.018,21.019,21.020
01.014/path-0232	DONE	app/paint/mypaintbrush-stroke.cpp	454e8b98e0bc71d15151760eb20feb83fb88f643	1929	functional-source-or-data	NO	Nonempty changed content; filename alone is not removal evidence	Assigned source/asset references retained in hunk-wbs.tsv	KEEP_CONTRACT	20.001,20.002,20.003,20.004,20.005,20.006,20.007,20.008,20.009,20.010,20.011,20.012,20.013,20.014,20.015,20.016,20.017	20.018,21.019,21.020
01.014/path-0233	DONE	app/paint/mypaintbrush-stroke.hpp	a0b662841885063279c3d75009f5cedbb992694a	780	functional-source-or-data	NO	Nonempty changed content; filename alone is not removal evidence	Assigned source/asset references retained in hunk-wbs.tsv	KEEP_CONTRACT	20.001,20.002,20.003,20.004,20.005,20.006,20.007,20.008,20.009,20.010,20.011,20.012,20.013,20.014,20.015,20.016,20.017	20.018,21.019,21.020
01.014/path-0234	DONE	app/paint/mypaintbrush-surface.hpp	95c330dd4781974cf1475188ee3418c46bd5a130	1993	functional-source-or-data	NO	Nonempty changed content; filename alone is not removal evidence	Assigned source/asset references retained in hunk-wbs.tsv	KEEP_CONTRACT	20.001,20.002,20.003,20.004,20.005,20.006,20.007,20.008,20.009,20.010,20.011,20.012,20.013,20.014,20.015,20.016,20.017	20.018,21.019,21.020
01.014/path-0235	DONE	app/paint/paint-types.h	effcf09b0b57f290426cb6e465095bbf9780f5fa	3202	functional-source-or-data	NO	Nonempty changed content; filename alone is not removal evidence	Assigned source/asset references retained in hunk-wbs.tsv	KEEP_CONTRACT	30.016,30.016/feature-entry-point	04.016,36.019
01.014/path-0236	DONE	app/pdb/Makefile.am	12a94259835da77e2a77e97848b11619c61a7c5e	1860	functional-source-or-data	NO	Nonempty changed content; filename alone is not removal evidence	Assigned source/asset references retained in hunk-wbs.tsv	KEEP_CONTRACT	04.002,04.008,04.009	04.015,04.016
01.014/path-0237	DONE	app/pdb/gimp-pdb-compat.c	3258321a876bf10f00eccfa59b50ba0aad0cd0bd	21914	functional-source-or-data	NO	Nonempty changed content; filename alone is not removal evidence	Assigned source/asset references retained in hunk-wbs.tsv	KEEP_CONTRACT	16.002,16.003,16.005,16.006,16.007,16.008,16.009,16.010,16.011,16.012,16.013,16.014,16.015,16.016,16.017,16.018,16.019,16.020,16.021	16.023,18.013,18.014
01.014/path-0238	DONE	app/pdb/gimp-pdb-compat.h	86aa6d1da5e8bd21f9bb85325e61bd3b6e184b75	1635	functional-source-or-data	NO	Nonempty changed content; filename alone is not removal evidence	Assigned source/asset references retained in hunk-wbs.tsv	KEEP_CONTRACT	16.002,16.003,16.005,16.006,16.007,16.008,16.009,16.010,16.011,16.012,16.013,16.014,16.015,16.016,16.017,16.018,16.019,16.020,16.021	16.023,18.013,18.014
01.014/path-0239	DONE	app/pdb/gimpprocedure.h	f97af4366b4b082ad1c54326c09c558f98f7949d	8004	functional-source-or-data	NO	Nonempty changed content; filename alone is not removal evidence	Assigned source/asset references retained in hunk-wbs.tsv	KEEP_CONTRACT	04.003,04.004,08.019	04.014,04.017
01.014/path-0240	DONE	app/pdb/internal-procs.c	e227c08b581c5ebb532a8ba21b230c41afac1105	2770	generated-functional-code	YES_REGENERATE_ONLY	Source marker: /* NOTE: This file is auto-generated by pdbgen.pl. */	Assigned source/asset references retained in hunk-wbs.tsv	REGENERATE_FROM_AUTHORITATIVE_INPUT	04.013,30.013	34.013
01.014/path-0241	DONE	app/pdb/internal-procs.h	f69e9374a657ba91596589f19c809d640e144fb1	4031	generated-functional-code	YES_REGENERATE_ONLY	Source marker: /* NOTE: This file is auto-generated by pdbgen.pl. */	Assigned source/asset references retained in hunk-wbs.tsv	REGENERATE_FROM_AUTHORITATIVE_INPUT	04.013,30.013	34.013
01.014/path-0242	DONE	app/pdb/mypaint-brush-select-cmds.c	eda86582596bc556beedce0b636487f466bb527c	10131	generated-functional-code	YES_REGENERATE_ONLY	Source marker: /* NOTE: This file is auto-generated by pdbgen.pl. */	Assigned source/asset references retained in hunk-wbs.tsv	REGENERATE_FROM_AUTHORITATIVE_INPUT	04.013,30.013	34.013
01.014/path-0243	DONE	app/pdb/pdb-cxx-utils.cpp	d95d0267231a3d56e2047486a99a02e66e170273	115	functional-source-or-data	NO	Nonempty changed content; filename alone is not removal evidence	Assigned source/asset references retained in hunk-wbs.tsv	KEEP_CONTRACT	16.002,16.003,16.005,16.006,16.007,16.008,16.009,16.010,16.011,16.012,16.013,16.014,16.015,16.016,16.017,16.018,16.019,16.020,16.021	16.023,18.013,18.014
01.014/path-0244	DONE	app/pdb/pdb-cxx-utils.hpp	7f5880352a2a41bc160260a915ce99b5663b6272	7953	functional-source-or-data	NO	Nonempty changed content; filename alone is not removal evidence	Assigned source/asset references retained in hunk-wbs.tsv	KEEP_CONTRACT	16.002,16.003,16.005,16.006,16.007,16.008,16.009,16.010,16.011,16.012,16.013,16.014,16.015,16.016,16.017,16.018,16.019,16.020,16.021	16.023,18.013,18.014
01.014/path-0245	DONE	app/plug-in/gimpplugin-message.c	c3d598d0cae86fd9e58a3c054e1166a47a72fabe	35007	functional-source-or-data	NO	Nonempty changed content; filename alone is not removal evidence	Assigned source/asset references retained in hunk-wbs.tsv	KEEP_CONTRACT	16.002,16.003,16.005,16.006,16.007,16.008,16.009,16.010,16.011,16.012,16.013,16.014,16.015,16.016,16.017,16.018,16.019,16.020,16.021	16.023,18.013,18.014
01.014/path-0246	DONE	app/plug-in/gimpplugin.c	b0578d498c25b06acef5c6a6e492ef14a5f806c6	29995	comments-or-whitespace-only-delta	YES_SOURCE_NOOP	Whole-file C-like tokens are identical after removing comments/whitespace while retaining string/char literals	Assigned source/asset references retained in hunk-wbs.tsv	DO_NOT_PORT_NONFUNCTIONAL_DIFF	31.018	31.020
01.014/path-0247	DONE	app/plug-in/gimppluginmanager-call.c	a66c39d1f3604e1b5fd7f0f64d0de7aa91e4f72d	13436	functional-source-or-data	NO	Nonempty changed content; filename alone is not removal evidence	Assigned source/asset references retained in hunk-wbs.tsv	KEEP_CONTRACT	16.002,16.003,16.005,16.006,16.007,16.008,16.009,16.010,16.011,16.012,16.013,16.014,16.015,16.016,16.017,16.018,16.019,16.020,16.021	16.023,18.013,18.014
01.014/path-0248	DONE	app/plug-in/gimppluginmanager-call.h	b97c462de98e1238593055a56006c9c7404bb93c	3457	functional-source-or-data	NO	Nonempty changed content; filename alone is not removal evidence	Assigned source/asset references retained in hunk-wbs.tsv	KEEP_CONTRACT	16.002,16.003,16.005,16.006,16.007,16.008,16.009,16.010,16.011,16.012,16.013,16.014,16.015,16.016,16.017,16.018,16.019,16.020,16.021	16.023,18.013,18.014
01.014/path-0249	DONE	app/plug-in/gimppluginprocedure.c	df2489136536dbae0ca5f7f48677afab86d43635	31293	functional-source-or-data	NO	Nonempty changed content; filename alone is not removal evidence	Assigned source/asset references retained in hunk-wbs.tsv	KEEP_CONTRACT	16.002,16.003,16.005,16.006,16.007,16.008,16.009,16.010,16.011,16.012,16.013,16.014,16.015,16.016,16.017,16.018,16.019,16.020,16.021	16.023,18.013,18.014
01.014/path-0250	DONE	app/plug-in/gimppluginprocedure.h	6343f917a5366878f51e5e9b2093e096ad25e48e	7211	functional-source-or-data	NO	Nonempty changed content; filename alone is not removal evidence	Assigned source/asset references retained in hunk-wbs.tsv	KEEP_CONTRACT	16.002,16.003,16.005,16.006,16.007,16.008,16.009,16.010,16.011,16.012,16.013,16.014,16.015,16.016,16.017,16.018,16.019,16.020,16.021	16.023,18.013,18.014
01.014/path-0251	DONE	app/plug-in/gimppluginprocframe.c	37608d0602df09cb7f132df75552036dee56428e	6674	functional-source-or-data	NO	Nonempty changed content; filename alone is not removal evidence	Assigned source/asset references retained in hunk-wbs.tsv	KEEP_CONTRACT	16.002,16.003,16.005,16.006,16.007,16.008,16.009,16.010,16.011,16.012,16.013,16.014,16.015,16.016,16.017,16.018,16.019,16.020,16.021	16.023,18.013,18.014
01.014/path-0252	DONE	app/plug-in/gimppluginprocframe.h	12b876fda31511c0dfc3b6239aaf40f8a910c682	2676	functional-source-or-data	NO	Nonempty changed content; filename alone is not removal evidence	Assigned source/asset references retained in hunk-wbs.tsv	KEEP_CONTRACT	16.002,16.003,16.005,16.006,16.007,16.008,16.009,16.010,16.011,16.012,16.013,16.014,16.015,16.016,16.017,16.018,16.019,16.020,16.021	16.023,18.013,18.014
01.014/path-0253	DONE	app/plug-in/plug-in-rc.c	7b863c047e9c8f71b810613de81c69f8148d70f9	31216	functional-source-or-data	NO	Nonempty changed content; filename alone is not removal evidence	Assigned source/asset references retained in hunk-wbs.tsv	KEEP_CONTRACT	16.002,16.003,16.005,16.006,16.007,16.008,16.009,16.010,16.011,16.012,16.013,16.014,16.015,16.016,16.017,16.018,16.019,16.020,16.021	16.023,18.013,18.014
01.014/path-0254	DONE	app/presets/.gitignore	c6598aed0586325e111a9b2b964dc8350f52c5f6	78	build-ignore-metadata	YES_AFTER_BUILD_REPLACEMENT	Git ignore patterns affect generated build outputs, not painting runtime	Replacement build/install rules must own generated outputs	REPLACE_WITH_CURRENT_BUILD_RULES	04.002,31.018	04.015,31.020
01.014/path-0255	DONE	app/presets/Makefile.am	d874add9c485d04b46255309c0228463e0062663	2069	functional-source-or-data	NO	Nonempty changed content; filename alone is not removal evidence	Assigned source/asset references retained in hunk-wbs.tsv	KEEP_CONTRACT	04.002,04.008,04.009	04.015,04.016
01.014/path-0256	DONE	app/presets/gimpjsonresource.cpp	35c3a7fa63cd714a4dcbef0bb8ad9b10499385ee	6377	functional-source-or-data	NO	Nonempty changed content; filename alone is not removal evidence	Assigned source/asset references retained in hunk-wbs.tsv	KEEP_CONTRACT	28.001,28.002,28.003	28.013,28.015
01.014/path-0257	DONE	app/presets/gimpjsonresource.h	e65c89336f1cd371e6e64fea6bab40abcde7338f	3136	functional-source-or-data	NO	Nonempty changed content; filename alone is not removal evidence	Assigned source/asset references retained in hunk-wbs.tsv	KEEP_CONTRACT	28.001,28.002,28.003	28.013,28.015
01.014/path-0258	DONE	app/presets/layer-preset-gui.cpp	166fa6a39c34e3e12635556015d244708a5081b3	8012	functional-source-or-data	NO	Nonempty changed content; filename alone is not removal evidence	Assigned source/asset references retained in hunk-wbs.tsv	KEEP_CONTRACT	28.014,28.014/applier-owner,28.014/preset-preferences,28.014/preset-dialog-actions,28.014/preset-action-group	28.013,28.015,29.020
01.014/path-0259	DONE	app/presets/layer-preset-gui.h	fd5162a3fad2c52c6463f22b4833c819ade8309c	1771	functional-source-or-data	NO	Nonempty changed content; filename alone is not removal evidence	Assigned source/asset references retained in hunk-wbs.tsv	KEEP_CONTRACT	28.014,28.014/applier-owner,28.014/preset-preferences,28.014/preset-dialog-actions,28.014/preset-action-group	28.013,28.015,29.020
01.014/path-0260	DONE	app/presets/layer-preset.cpp	c6c6f186604e123e8ce0e034b707d8b49110f705	23819	functional-source-or-data	NO	Nonempty changed content; filename alone is not removal evidence	Assigned source/asset references retained in hunk-wbs.tsv	KEEP_CONTRACT	28.004,28.005,28.006,28.007,28.008,28.009,28.010,28.014/applier-owner	28.011,28.012,28.013,28.015
01.014/path-0261	DONE	app/presets/layer-preset.h	30a3a4dec58d0ca053dcb61c50225e9000cf16a5	1653	functional-source-or-data	NO	Nonempty changed content; filename alone is not removal evidence	Assigned source/asset references retained in hunk-wbs.tsv	KEEP_CONTRACT	28.004,28.005,28.006,28.007,28.008,28.009,28.010,28.014/applier-owner	28.011,28.012,28.013,28.015
01.014/path-0262	DONE	app/presets/preset-factory-gui.cpp	c2f8bae6204ca16d4913a36cd6410ddf5dfe1c84	7587	functional-source-or-data	NO	Nonempty changed content; filename alone is not removal evidence	Assigned source/asset references retained in hunk-wbs.tsv	KEEP_CONTRACT	28.014,28.014/applier-owner,28.014/preset-preferences,28.014/preset-dialog-actions,28.014/preset-action-group	28.013,28.015,29.020
01.014/path-0263	DONE	app/presets/preset-factory-gui.h	20003524d91df77589b5e5a8d16e5f29bf46a61f	4337	functional-source-or-data	NO	Nonempty changed content; filename alone is not removal evidence	Assigned source/asset references retained in hunk-wbs.tsv	KEEP_CONTRACT	28.014,28.014/applier-owner,28.014/preset-preferences,28.014/preset-dialog-actions,28.014/preset-action-group	28.013,28.015,29.020
01.014/path-0264	DONE	app/presets/preset-factory.cpp	93987b2677855e99b692f411ce8f2f61a5bdf95b	8219	functional-source-or-data	NO	Nonempty changed content; filename alone is not removal evidence	Assigned source/asset references retained in hunk-wbs.tsv	KEEP_CONTRACT	28.001,28.002,28.003	28.013,28.015
01.014/path-0265	DONE	app/presets/preset-factory.h	b619ab4f1fe076f14636408ad603c0c2819d0bbe	4323	functional-source-or-data	NO	Nonempty changed content; filename alone is not removal evidence	Assigned source/asset references retained in hunk-wbs.tsv	KEEP_CONTRACT	28.001,28.002,28.003	28.013,28.015
01.014/path-0266	DONE	app/presets/presets-enums.c	be92e6bc920f857fc85cb8221f13631b6cdfeecf	199	generated-empty-api-carrier	YES_REGENERATE_ONLY	Source marker: /* Generated data (by gimp-mkenums) */; include-only generated translation unit is not a zero-byte file	Assigned source/asset references retained in hunk-wbs.tsv	REGENERATE_FROM_AUTHORITATIVE_INPUT	04.013,30.013	34.013
01.014/path-0267	DONE	app/presets/presets-enums.h	2ed799648e3db88edbae2aa5827f944eaf1b9ca5	1366	functional-source-or-data	NO	Nonempty changed content; filename alone is not removal evidence	Assigned source/asset references retained in hunk-wbs.tsv	KEEP_CONTRACT	28.001,28.002,28.003	28.013,28.015
01.014/path-0268	DONE	app/sanity.c	85fea55296ed2b87faf156b962c57d5ba6a50741	14394	functional-source-or-data	NO	Nonempty changed content; filename alone is not removal evidence	Assigned source/asset references retained in hunk-wbs.tsv	KEEP_CONTRACT	08.018/core-extension-hooks	07.013,36.011,36.012
01.014/path-0269	DONE	app/signals.c	57b3b27fd47d1a5d544c550e3157fb11de4f06f2	2972	functional-source-or-data	NO	Nonempty changed content; filename alone is not removal evidence	Assigned source/asset references retained in hunk-wbs.tsv	KEEP_CONTRACT	08.018/core-extension-hooks	07.013,36.011,36.012
01.014/path-0270	DONE	app/tools/Makefile.am	1bcf07be0e3f7b5db0223172b33a6f70fcf1501c	6591	functional-source-or-data	NO	Nonempty changed content; filename alone is not removal evidence	Assigned source/asset references retained in hunk-wbs.tsv	KEEP_CONTRACT	04.002,04.008,04.009	04.015,04.016
01.014/path-0271	DONE	app/tools/gimp-tools.c	018aa68742928631399a43506e7fdd047c6f4126	25700	functional-source-or-data	NO	Nonempty changed content; filename alone is not removal evidence	Assigned source/asset references retained in hunk-wbs.tsv	KEEP_CONTRACT	30.001/tool-group-state,29.009,30.004,30.008	29.020,36.019
01.014/path-0272	DONE	app/tools/gimp-tools.h	21dcb2a444bd09f5e5174907495176528b9a8f24	2061	functional-source-or-data	NO	Nonempty changed content; filename alone is not removal evidence	Assigned source/asset references retained in hunk-wbs.tsv	KEEP_CONTRACT	30.001/tool-group-state,29.009,30.004,30.008	29.020,36.019
01.014/path-0273	DONE	app/tools/gimpairbrushtool.c	a67e472ca16b9c41b9bba99260bc970250890dce	5211	functional-source-or-data	NO	Nonempty changed content; filename alone is not removal evidence	Assigned source/asset references retained in hunk-wbs.tsv	KEEP_CONTRACT	29.010,29.010/toolbar-ref-balance,29.010/standard-tool-options,29.011	29.020
01.014/path-0274	DONE	app/tools/gimpalignoptions.c	14aa6f9a36b1cbacb2aa654124faca33af482dac	12803	functional-source-or-data	NO	Nonempty changed content; filename alone is not removal evidence	Assigned source/asset references retained in hunk-wbs.tsv	KEEP_CONTRACT	29.010,29.010/toolbar-ref-balance,29.010/standard-tool-options,29.011	29.020
01.014/path-0275	DONE	app/tools/gimpalignoptions.h	fa22dbee3ef3e1f548d2207ac0e8853258b2ad74	2389	functional-source-or-data	NO	Nonempty changed content; filename alone is not removal evidence	Assigned source/asset references retained in hunk-wbs.tsv	KEEP_CONTRACT	29.010,29.010/toolbar-ref-balance,29.010/standard-tool-options,29.011	29.020
01.014/path-0276	DONE	app/tools/gimpaligntool.c	0fbe6a953f41e2b851ce482488952337810f856c	29240	functional-source-or-data	NO	Nonempty changed content; filename alone is not removal evidence	Assigned source/asset references retained in hunk-wbs.tsv	KEEP_CONTRACT	29.010,29.010/toolbar-ref-balance,29.010/standard-tool-options,29.011	29.020
01.014/path-0277	DONE	app/tools/gimpblendoptions.c	f96e9c001ee508cc3253c49bbbbdee7ade56c700	12988	functional-source-or-data	NO	Nonempty changed content; filename alone is not removal evidence	Assigned source/asset references retained in hunk-wbs.tsv	KEEP_CONTRACT	29.010,29.010/toolbar-ref-balance,29.010/standard-tool-options,29.011	29.020
01.014/path-0278	DONE	app/tools/gimpblendoptions.h	4d1413cf0a8d5fe557f81d354defc99a4b7ebc0c	2183	functional-source-or-data	NO	Nonempty changed content; filename alone is not removal evidence	Assigned source/asset references retained in hunk-wbs.tsv	KEEP_CONTRACT	29.010,29.010/toolbar-ref-balance,29.010/standard-tool-options,29.011	29.020
01.014/path-0279	DONE	app/tools/gimpblendtool.c	6543680f78a8ea724e4c17d4a9951289724b8f85	17587	functional-source-or-data	NO	Nonempty changed content; filename alone is not removal evidence	Assigned source/asset references retained in hunk-wbs.tsv	KEEP_CONTRACT	29.010,29.010/toolbar-ref-balance,29.010/standard-tool-options,29.011	29.020
01.014/path-0280	DONE	app/tools/gimpbrightnesscontrasttool.c	cdb1c5e15e221174e3ff5299993bd43e6ac2290f	16352	functional-source-or-data	NO	Nonempty changed content; filename alone is not removal evidence	Assigned source/asset references retained in hunk-wbs.tsv	KEEP_CONTRACT	29.010,29.010/toolbar-ref-balance,29.010/standard-tool-options,29.011	29.020
01.014/path-0281	DONE	app/tools/gimpbrushoptions-gui.c	fdd5d93c008db5cd1e34bf8a38044b1db59005b0	28148	functional-source-or-data	NO	Nonempty changed content; filename alone is not removal evidence	Assigned source/asset references retained in hunk-wbs.tsv	KEEP_CONTRACT	29.010,29.010/toolbar-ref-balance,29.010/standard-tool-options,29.011	29.020
01.014/path-0282	DONE	app/tools/gimpbrushoptions-gui.h	55c4e1d40e476cf3c158a19abdbf3000996013ac	946	functional-source-or-data	NO	Nonempty changed content; filename alone is not removal evidence	Assigned source/asset references retained in hunk-wbs.tsv	KEEP_CONTRACT	29.010,29.010/toolbar-ref-balance,29.010/standard-tool-options,29.011	29.020
01.014/path-0283	DONE	app/tools/gimpbrushtool.c	b033922b60422e385e44cbfc60f1debdec0fe29a	15468	functional-source-or-data	NO	Nonempty changed content; filename alone is not removal evidence	Assigned source/asset references retained in hunk-wbs.tsv	KEEP_CONTRACT	29.010,29.010/toolbar-ref-balance,29.010/standard-tool-options,29.011	29.020
01.014/path-0284	DONE	app/tools/gimpbucketfillbrushtool.cpp	5dfc07e7f163fd44119eeae74c5011a1af398a22	19773	functional-source-or-data	NO	Nonempty changed content; filename alone is not removal evidence	Assigned source/asset references retained in hunk-wbs.tsv	KEEP_CONTRACT	08.011,08.012,27.001,27.001/snapshot-contract,27.002,27.003,27.004/gegl-bounded-search,27.005/selection-barrier,27.006,27.007/paintcore-gegl-compose,27.008,27.009/stroke-lifecycle,27.010,27.011,27.012	27.013,27.013/gegl-render-regression,27.014,27.015
01.014/path-0285	DONE	app/tools/gimpbucketfillbrushtool.h	3d4a9f269907420ca1e5a4dd3d2e9dd314a5fffb	2307	functional-source-or-data	NO	Nonempty changed content; filename alone is not removal evidence	Assigned source/asset references retained in hunk-wbs.tsv	KEEP_CONTRACT	08.011,08.012,27.001,27.001/snapshot-contract,27.002,27.003,27.004/gegl-bounded-search,27.005/selection-barrier,27.006,27.007/paintcore-gegl-compose,27.008,27.009/stroke-lifecycle,27.010,27.011,27.012	27.013,27.013/gegl-render-regression,27.014,27.015
01.014/path-0286	DONE	app/tools/gimpbucketfilloptions.c	e397d3ae62ea0cd1db07496c998cb19ef097a945	12494	functional-source-or-data	NO	Nonempty changed content; filename alone is not removal evidence	Assigned source/asset references retained in hunk-wbs.tsv	KEEP_CONTRACT	29.010,29.010/toolbar-ref-balance,29.010/standard-tool-options,29.011	29.020
01.014/path-0287	DONE	app/tools/gimpbucketfilloptions.h	16af19d84e2dd69ea27be3118c576e6c17224c5a	2334	functional-source-or-data	NO	Nonempty changed content; filename alone is not removal evidence	Assigned source/asset references retained in hunk-wbs.tsv	KEEP_CONTRACT	29.010,29.010/toolbar-ref-balance,29.010/standard-tool-options,29.011	29.020
01.014/path-0288	DONE	app/tools/gimpbucketfilltool.c	3e828007904c3b6b9c8641184f4f9b8a7a3ea389	10484	functional-source-or-data	NO	Nonempty changed content; filename alone is not removal evidence	Assigned source/asset references retained in hunk-wbs.tsv	KEEP_CONTRACT	29.010,29.010/toolbar-ref-balance,29.010/standard-tool-options,29.011	29.020
01.014/path-0289	DONE	app/tools/gimpbycolorselecttool.c	7f9595788f3dc98bf375267a5b374e7dace0cc41	4525	functional-source-or-data	NO	Nonempty changed content; filename alone is not removal evidence	Assigned source/asset references retained in hunk-wbs.tsv	KEEP_CONTRACT	29.010,29.010/toolbar-ref-balance,29.010/standard-tool-options,29.011	29.020
01.014/path-0290	DONE	app/tools/gimpcageoptions.c	2784819b325ca0a6baa26760be29c4eb22cedb59	5316	functional-source-or-data	NO	Nonempty changed content; filename alone is not removal evidence	Assigned source/asset references retained in hunk-wbs.tsv	KEEP_CONTRACT	29.010,29.010/toolbar-ref-balance,29.010/standard-tool-options,29.011	29.020
01.014/path-0291	DONE	app/tools/gimpcageoptions.h	82ebffad25b27c489d80e0ced3c9b2bd01895386	2114	functional-source-or-data	NO	Nonempty changed content; filename alone is not removal evidence	Assigned source/asset references retained in hunk-wbs.tsv	KEEP_CONTRACT	29.010,29.010/toolbar-ref-balance,29.010/standard-tool-options,29.011	29.020
01.014/path-0292	DONE	app/tools/gimpcagetool.c	aafcaf03d5a6f53fcb0ae02539933689053a9f35	42503	functional-source-or-data	NO	Nonempty changed content; filename alone is not removal evidence	Assigned source/asset references retained in hunk-wbs.tsv	KEEP_CONTRACT	29.010,29.010/toolbar-ref-balance,29.010/standard-tool-options,29.011	29.020
01.014/path-0293	DONE	app/tools/gimpclonetool.c	a59190bd3c33e295d969a8c7190d7b2e31454445	6558	functional-source-or-data	NO	Nonempty changed content; filename alone is not removal evidence	Assigned source/asset references retained in hunk-wbs.tsv	KEEP_CONTRACT	29.010,29.010/toolbar-ref-balance,29.010/standard-tool-options,29.011	29.020
01.014/path-0294	DONE	app/tools/gimpcolorbalancetool.c	222f44f3d973f1d2e26bd6cfde8cc3d959d7fd0c	16767	functional-source-or-data	NO	Nonempty changed content; filename alone is not removal evidence	Assigned source/asset references retained in hunk-wbs.tsv	KEEP_CONTRACT	29.010,29.010/toolbar-ref-balance,29.010/standard-tool-options,29.011	29.020
01.014/path-0295	DONE	app/tools/gimpcolorizetool.c	47544a67d8eee9a41accebf2bea0e32fe1c5f80d	11244	functional-source-or-data	NO	Nonempty changed content; filename alone is not removal evidence	Assigned source/asset references retained in hunk-wbs.tsv	KEEP_CONTRACT	29.010,29.010/toolbar-ref-balance,29.010/standard-tool-options,29.011	29.020
01.014/path-0296	DONE	app/tools/gimpcoloroptions.c	5b72071952feebeba280c05fce78088c19863407	7422	functional-source-or-data	NO	Nonempty changed content; filename alone is not removal evidence	Assigned source/asset references retained in hunk-wbs.tsv	KEEP_CONTRACT	29.010,29.010/toolbar-ref-balance,29.010/standard-tool-options,29.011	29.020
01.014/path-0297	DONE	app/tools/gimpcoloroptions.h	bec673d68a92d8e3e2477d4c2f865c5b749ca306	2176	functional-source-or-data	NO	Nonempty changed content; filename alone is not removal evidence	Assigned source/asset references retained in hunk-wbs.tsv	KEEP_CONTRACT	29.010,29.010/toolbar-ref-balance,29.010/standard-tool-options,29.011	29.020
01.014/path-0298	DONE	app/tools/gimpcolorpickeroptions.c	c78f9af04d22ec4b205d81f324ab6a65f50091f3	7078	functional-source-or-data	NO	Nonempty changed content; filename alone is not removal evidence	Assigned source/asset references retained in hunk-wbs.tsv	KEEP_CONTRACT	29.010,29.010/toolbar-ref-balance,29.010/standard-tool-options,29.011	29.020
01.014/path-0299	DONE	app/tools/gimpcolorpickeroptions.h	a5387cf871950bab1b590b27de8a1cc19d96546a	2206	functional-source-or-data	NO	Nonempty changed content; filename alone is not removal evidence	Assigned source/asset references retained in hunk-wbs.tsv	KEEP_CONTRACT	29.010,29.010/toolbar-ref-balance,29.010/standard-tool-options,29.011	29.020
01.014/path-0300	DONE	app/tools/gimpcolorpickertool.c	723d5eacc9d11e4ece0782c4fdb5e13ef0d6e6d3	15762	functional-source-or-data	NO	Nonempty changed content; filename alone is not removal evidence	Assigned source/asset references retained in hunk-wbs.tsv	KEEP_CONTRACT	29.010,29.010/toolbar-ref-balance,29.010/standard-tool-options,29.011	29.020
01.014/path-0301	DONE	app/tools/gimpconvolvetool.c	67a4719d8dada26cb5ecf582394b1ff0c1d7d745	9499	functional-source-or-data	NO	Nonempty changed content; filename alone is not removal evidence	Assigned source/asset references retained in hunk-wbs.tsv	KEEP_CONTRACT	29.010,29.010/toolbar-ref-balance,29.010/standard-tool-options,29.011	29.020
01.014/path-0302	DONE	app/tools/gimpcropoptions.c	0a844312a78833134507b40beca70d2479010055	6337	functional-source-or-data	NO	Nonempty changed content; filename alone is not removal evidence	Assigned source/asset references retained in hunk-wbs.tsv	KEEP_CONTRACT	29.010,29.010/toolbar-ref-balance,29.010/standard-tool-options,29.011	29.020
01.014/path-0303	DONE	app/tools/gimpcropoptions.h	84df6a18805c6682588d17f5e5d5a3f602ee57a7	2182	functional-source-or-data	NO	Nonempty changed content; filename alone is not removal evidence	Assigned source/asset references retained in hunk-wbs.tsv	KEEP_CONTRACT	29.010,29.010/toolbar-ref-balance,29.010/standard-tool-options,29.011	29.020
01.014/path-0304	DONE	app/tools/gimpcroptool.c	4317f4c4ecbe978c7cb18f668357449fc603a3da	17793	functional-source-or-data	NO	Nonempty changed content; filename alone is not removal evidence	Assigned source/asset references retained in hunk-wbs.tsv	KEEP_CONTRACT	29.010,29.010/toolbar-ref-balance,29.010/standard-tool-options,29.011	29.020
01.014/path-0305	DONE	app/tools/gimpcurvestool.c	0acf07fa487759e6cb01530041f0b89febd119b7	32234	functional-source-or-data	NO	Nonempty changed content; filename alone is not removal evidence	Assigned source/asset references retained in hunk-wbs.tsv	KEEP_CONTRACT	29.010,29.010/toolbar-ref-balance,29.010/standard-tool-options,29.011	29.020
01.014/path-0306	DONE	app/tools/gimpdesaturatetool.c	0df983838281959f85a990a0e599aad10c75c4cc	7787	functional-source-or-data	NO	Nonempty changed content; filename alone is not removal evidence	Assigned source/asset references retained in hunk-wbs.tsv	KEEP_CONTRACT	29.010,29.010/toolbar-ref-balance,29.010/standard-tool-options,29.011	29.020
01.014/path-0307	DONE	app/tools/gimpdodgeburntool.c	eebe3c4065efe91ef33262f9f50498491f4c2ee4	9943	functional-source-or-data	NO	Nonempty changed content; filename alone is not removal evidence	Assigned source/asset references retained in hunk-wbs.tsv	KEEP_CONTRACT	29.010,29.010/toolbar-ref-balance,29.010/standard-tool-options,29.011	29.020
01.014/path-0308	DONE	app/tools/gimpdrawtool.c	fe40a3f60d33add8cfea8e038c7da5a0eca67a89	41617	functional-source-or-data	NO	Nonempty changed content; filename alone is not removal evidence	Assigned source/asset references retained in hunk-wbs.tsv	KEEP_CONTRACT	08.009,08.009/removed-signal,08.009/guide-owner,08.010,26.001,26.002,26.003,26.004,26.005,26.006,26.007,26.008,26.009,26.010,26.011,26.012	26.013,26.014
01.014/path-0309	DONE	app/tools/gimpdrawtool.h	21e796894ccba73b7c62546f1dbbe47cf0c9fa40	16328	functional-source-or-data	NO	Nonempty changed content; filename alone is not removal evidence	Assigned source/asset references retained in hunk-wbs.tsv	KEEP_CONTRACT	04.003,04.004,08.019	04.014,04.017
01.014/path-0310	DONE	app/tools/gimpdynamicsoptions-gui.c	9e14a9fac4588c0770cf656c7133a8ff9e2d43f3	12973	functional-source-or-data	NO	Nonempty changed content; filename alone is not removal evidence	Assigned source/asset references retained in hunk-wbs.tsv	KEEP_CONTRACT	29.010,29.010/toolbar-ref-balance,29.010/standard-tool-options,29.011	29.020
01.014/path-0311	DONE	app/tools/gimpdynamicsoptions-gui.h	098039a4d21e154a565218ec3e8e901ee3df8a7a	955	functional-source-or-data	NO	Nonempty changed content; filename alone is not removal evidence	Assigned source/asset references retained in hunk-wbs.tsv	KEEP_CONTRACT	29.010,29.010/toolbar-ref-balance,29.010/standard-tool-options,29.011	29.020
01.014/path-0312	DONE	app/tools/gimpellipseselecttool.c	41a9d29e8b28c3d083b75bf4fcc41e8759db3074	4723	functional-source-or-data	NO	Nonempty changed content; filename alone is not removal evidence	Assigned source/asset references retained in hunk-wbs.tsv	KEEP_CONTRACT	29.010,29.010/toolbar-ref-balance,29.010/standard-tool-options,29.011	29.020
01.014/path-0313	DONE	app/tools/gimperasertool.c	c2d3b570071b397858e48fb9a8ecbd4edd7ab3a7	5793	functional-source-or-data	NO	Nonempty changed content; filename alone is not removal evidence	Assigned source/asset references retained in hunk-wbs.tsv	KEEP_CONTRACT	29.010,29.010/toolbar-ref-balance,29.010/standard-tool-options,29.011	29.020
01.014/path-0314	DONE	app/tools/gimpflipoptions.c	5136362d71033b0c0d06c0cd5fce8cf7b43aa51c	5330	functional-source-or-data	NO	Nonempty changed content; filename alone is not removal evidence	Assigned source/asset references retained in hunk-wbs.tsv	KEEP_CONTRACT	29.010,29.010/toolbar-ref-balance,29.010/standard-tool-options,29.011	29.020
01.014/path-0315	DONE	app/tools/gimpflipoptions.h	e985d211dbe252b778e310c3ebb3573e8b5d862c	1983	functional-source-or-data	NO	Nonempty changed content; filename alone is not removal evidence	Assigned source/asset references retained in hunk-wbs.tsv	KEEP_CONTRACT	29.010,29.010/toolbar-ref-balance,29.010/standard-tool-options,29.011	29.020
01.014/path-0316	DONE	app/tools/gimpfliptool.c	0efc566ff61ca1247a7827809eb5d2f2e2aef83d	9301	functional-source-or-data	NO	Nonempty changed content; filename alone is not removal evidence	Assigned source/asset references retained in hunk-wbs.tsv	KEEP_CONTRACT	29.010,29.010/toolbar-ref-balance,29.010/standard-tool-options,29.011	29.020
01.014/path-0317	DONE	app/tools/gimpforegroundselectoptions.c	38d5b7cdcef41bf7ece342d7ed9b300d3107af6e	15447	functional-source-or-data	NO	Nonempty changed content; filename alone is not removal evidence	Assigned source/asset references retained in hunk-wbs.tsv	KEEP_CONTRACT	29.010,29.010/toolbar-ref-balance,29.010/standard-tool-options,29.011	29.020
01.014/path-0318	DONE	app/tools/gimpforegroundselectoptions.h	86768b18de7f01398c01b81fde939198ba9d2817	2740	functional-source-or-data	NO	Nonempty changed content; filename alone is not removal evidence	Assigned source/asset references retained in hunk-wbs.tsv	KEEP_CONTRACT	29.010,29.010/toolbar-ref-balance,29.010/standard-tool-options,29.011	29.020
01.014/path-0319	DONE	app/tools/gimpforegroundselecttool.c	9fe9f3aab2da39ecbcc69c95c9ba60ded04a6b8c	31667	functional-source-or-data	NO	Nonempty changed content; filename alone is not removal evidence	Assigned source/asset references retained in hunk-wbs.tsv	KEEP_CONTRACT	29.010,29.010/toolbar-ref-balance,29.010/standard-tool-options,29.011	29.020
01.014/path-0320	DONE	app/tools/gimpfreeselecttool.c	bb335520796f9e96fd7cc682f411a1efb5983f94	55418	functional-source-or-data	NO	Nonempty changed content; filename alone is not removal evidence	Assigned source/asset references retained in hunk-wbs.tsv	KEEP_CONTRACT	29.010,29.010/toolbar-ref-balance,29.010/standard-tool-options,29.011	29.020
01.014/path-0321	DONE	app/tools/gimpfuzzyselecttool.c	5a3ceb26a71e101ea6cc1e8cb950c3100c37733a	4102	functional-source-or-data	NO	Nonempty changed content; filename alone is not removal evidence	Assigned source/asset references retained in hunk-wbs.tsv	KEEP_CONTRACT	29.010,29.010/toolbar-ref-balance,29.010/standard-tool-options,29.011	29.020
01.014/path-0322	DONE	app/tools/gimpgegltool.c	3430347281f7c16ccb5b2f38237bed9fb8961bbe	19840	functional-source-or-data	NO	Nonempty changed content; filename alone is not removal evidence	Assigned source/asset references retained in hunk-wbs.tsv	KEEP_CONTRACT	29.010,29.010/toolbar-ref-balance,29.010/standard-tool-options,29.011	29.020
01.014/path-0323	DONE	app/tools/gimphealtool.c	dba98fff55b6ae7e10dc1b1b1a3f006978ef3a26	4206	functional-source-or-data	NO	Nonempty changed content; filename alone is not removal evidence	Assigned source/asset references retained in hunk-wbs.tsv	KEEP_CONTRACT	29.010,29.010/toolbar-ref-balance,29.010/standard-tool-options,29.011	29.020
01.014/path-0324	DONE	app/tools/gimphistogramoptions.c	a8e2f8724c75706ca915657939187444aab2175b	4971	functional-source-or-data	NO	Nonempty changed content; filename alone is not removal evidence	Assigned source/asset references retained in hunk-wbs.tsv	KEEP_CONTRACT	29.010,29.010/toolbar-ref-balance,29.010/standard-tool-options,29.011	29.020
01.014/path-0325	DONE	app/tools/gimphistogramoptions.h	cae64d387df19a9c81bd4af8aef8f92c00d95bea	2263	functional-source-or-data	NO	Nonempty changed content; filename alone is not removal evidence	Assigned source/asset references retained in hunk-wbs.tsv	KEEP_CONTRACT	29.010,29.010/toolbar-ref-balance,29.010/standard-tool-options,29.011	29.020
01.014/path-0326	DONE	app/tools/gimphuesaturationtool.c	3a42ebcc93b741c66dbe3eaa7fb1d875425b4cbb	21786	functional-source-or-data	NO	Nonempty changed content; filename alone is not removal evidence	Assigned source/asset references retained in hunk-wbs.tsv	KEEP_CONTRACT	29.010,29.010/toolbar-ref-balance,29.010/standard-tool-options,29.011	29.020
01.014/path-0327	DONE	app/tools/gimpimagegeneratortool.cpp	283cffb0901ec4987aec21bd6af6993492d38f02	15021	executable-placeholder	YES_AFTER_DEPENDENCY_REVIEW	Actual registered tool/vfunc source; placeholder status is not evidence of absent consumers	Assigned source/asset references retained in hunk-wbs.tsv	PROVE_NO_PERSISTED_FEATURE_THEN_EXCLUDE	31.011,31.012	31.020
01.014/path-0328	DONE	app/tools/gimpimagegeneratortool.h	92025ee63d70845624429dd669f329d81575c4cd	2334	executable-placeholder	YES_AFTER_DEPENDENCY_REVIEW	Actual registered tool/vfunc source; placeholder status is not evidence of absent consumers	Assigned source/asset references retained in hunk-wbs.tsv	PROVE_NO_PERSISTED_FEATURE_THEN_EXCLUDE	31.011,31.012	31.020
01.014/path-0329	DONE	app/tools/gimpimagemaptool.c	b53ab5688257443047db968632ccf1bd3a60031a	27341	functional-source-or-data	NO	Nonempty changed content; filename alone is not removal evidence	Assigned source/asset references retained in hunk-wbs.tsv	KEEP_CONTRACT	29.010,29.010/toolbar-ref-balance,29.010/standard-tool-options,29.011	29.020
01.014/path-0330	DONE	app/tools/gimpinkoptions-gui.c	fd22b44ebb71e8e9c117f23a1e74dd28e8ff97eb	6782	functional-source-or-data	NO	Nonempty changed content; filename alone is not removal evidence	Assigned source/asset references retained in hunk-wbs.tsv	KEEP_CONTRACT	29.010,29.010/toolbar-ref-balance,29.010/standard-tool-options,29.011	29.020
01.014/path-0331	DONE	app/tools/gimpinkoptions-gui.h	1ac0f63502f400f2ef0e9345b462f4f2813af7e6	1026	functional-source-or-data	NO	Nonempty changed content; filename alone is not removal evidence	Assigned source/asset references retained in hunk-wbs.tsv	KEEP_CONTRACT	29.010,29.010/toolbar-ref-balance,29.010/standard-tool-options,29.011	29.020
01.014/path-0332	DONE	app/tools/gimpinktool.c	05114ae3b4ef35e8f84cf92bbe0b8b69482a9055	2668	functional-source-or-data	NO	Nonempty changed content; filename alone is not removal evidence	Assigned source/asset references retained in hunk-wbs.tsv	KEEP_CONTRACT	29.010,29.010/toolbar-ref-balance,29.010/standard-tool-options,29.011	29.020
01.014/path-0333	DONE	app/tools/gimpiscissorsoptions.c	fc8bc218f2a64dc2cd75829ca32cd393e17c6f62	4451	functional-source-or-data	NO	Nonempty changed content; filename alone is not removal evidence	Assigned source/asset references retained in hunk-wbs.tsv	KEEP_CONTRACT	29.010,29.010/toolbar-ref-balance,29.010/standard-tool-options,29.011	29.020
01.014/path-0334	DONE	app/tools/gimpiscissorsoptions.h	3ccb4719e96513253ee2ae9e21cc703c364406df	2119	functional-source-or-data	NO	Nonempty changed content; filename alone is not removal evidence	Assigned source/asset references retained in hunk-wbs.tsv	KEEP_CONTRACT	29.010,29.010/toolbar-ref-balance,29.010/standard-tool-options,29.011	29.020
01.014/path-0335	DONE	app/tools/gimpiscissorstool.c	2af02b84acc8e48cec3558b28820959f7ed80cdd	60770	functional-source-or-data	NO	Nonempty changed content; filename alone is not removal evidence	Assigned source/asset references retained in hunk-wbs.tsv	KEEP_CONTRACT	29.010,29.010/toolbar-ref-balance,29.010/standard-tool-options,29.011	29.020
01.014/path-0336	DONE	app/tools/gimplevelstool.c	2869b696517d58003caa5e428b1712252ae90438	44207	functional-source-or-data	NO	Nonempty changed content; filename alone is not removal evidence	Assigned source/asset references retained in hunk-wbs.tsv	KEEP_CONTRACT	29.010,29.010/toolbar-ref-balance,29.010/standard-tool-options,29.011	29.020
01.014/path-0337	DONE	app/tools/gimpmagnifyoptions.c	35cb6308a6d8a4c468245b7519d80a04c5c54427	6516	functional-source-or-data	NO	Nonempty changed content; filename alone is not removal evidence	Assigned source/asset references retained in hunk-wbs.tsv	KEEP_CONTRACT	29.010,29.010/toolbar-ref-balance,29.010/standard-tool-options,29.011	29.020
01.014/path-0338	DONE	app/tools/gimpmagnifyoptions.h	02db75f5fd241de948822c4d1fdadb31dc7da6c2	2089	functional-source-or-data	NO	Nonempty changed content; filename alone is not removal evidence	Assigned source/asset references retained in hunk-wbs.tsv	KEEP_CONTRACT	29.010,29.010/toolbar-ref-balance,29.010/standard-tool-options,29.011	29.020
01.014/path-0339	DONE	app/tools/gimpmagnifytool.c	efc46c85e630def584473e79e21c72f936110f05	14230	functional-source-or-data	NO	Nonempty changed content; filename alone is not removal evidence	Assigned source/asset references retained in hunk-wbs.tsv	KEEP_CONTRACT	29.010,29.010/toolbar-ref-balance,29.010/standard-tool-options,29.011	29.020
01.014/path-0340	DONE	app/tools/gimpmeasureoptions.c	9e33bd57793766af04e606c4f87c4eab69860a25	4414	functional-source-or-data	NO	Nonempty changed content; filename alone is not removal evidence	Assigned source/asset references retained in hunk-wbs.tsv	KEEP_CONTRACT	29.010,29.010/toolbar-ref-balance,29.010/standard-tool-options,29.011	29.020
01.014/path-0341	DONE	app/tools/gimpmeasureoptions.h	2e21007bcca33dbed70a82108b658d828309ae74	2060	functional-source-or-data	NO	Nonempty changed content; filename alone is not removal evidence	Assigned source/asset references retained in hunk-wbs.tsv	KEEP_CONTRACT	29.010,29.010/toolbar-ref-balance,29.010/standard-tool-options,29.011	29.020
01.014/path-0342	DONE	app/tools/gimpmeasuretool.c	464003dcea00271f3d11dce9a0908619192bf5e2	41591	functional-source-or-data	NO	Nonempty changed content; filename alone is not removal evidence	Assigned source/asset references retained in hunk-wbs.tsv	KEEP_CONTRACT	29.010,29.010/toolbar-ref-balance,29.010/standard-tool-options,29.011	29.020
01.014/path-0343	DONE	app/tools/gimpmoveoptions.c	dc6bb4b7cb1ec3b389ae2b1eac8cc3788cfe0737	6920	functional-source-or-data	NO	Nonempty changed content; filename alone is not removal evidence	Assigned source/asset references retained in hunk-wbs.tsv	KEEP_CONTRACT	29.010,29.010/toolbar-ref-balance,29.010/standard-tool-options,29.011	29.020
01.014/path-0344	DONE	app/tools/gimpmoveoptions.h	0c76f3da1d4a33efd15ee3315429f161c090f324	2017	functional-source-or-data	NO	Nonempty changed content; filename alone is not removal evidence	Assigned source/asset references retained in hunk-wbs.tsv	KEEP_CONTRACT	29.010,29.010/toolbar-ref-balance,29.010/standard-tool-options,29.011	29.020
01.014/path-0345	DONE	app/tools/gimpmovetool.c	1d746b6451425ff082f165da043fb73cdab8716c	29053	functional-source-or-data	NO	Nonempty changed content; filename alone is not removal evidence	Assigned source/asset references retained in hunk-wbs.tsv	KEEP_CONTRACT	29.010,29.010/toolbar-ref-balance,29.010/standard-tool-options,29.011	29.020
01.014/path-0346	DONE	app/tools/gimpmypaint-gui-base.hpp	0ee264a00b248cb4c1168baf9993c06cf0127ebd	4421	functional-source-or-data	NO	Nonempty changed content; filename alone is not removal evidence	Assigned source/asset references retained in hunk-wbs.tsv	KEEP_CONTRACT	24.001,24.001/editor-context-contract,24.002,24.003,24.004,24.005,24.006,24.008,24.012,24.013,24.014,24.015,24.015/mypaint-editor-create,24.016	24.017,24.017/mypaint-editor-constructor-test
01.014/path-0347	DONE	app/tools/gimpmypaintbrusheditor.cpp	3d23d1bde319b76e1c97dae09c8391a65300bd95	30920	live-overlapping-editor-implementation	YES_AFTER_SHARED_REPLACEMENT	Tools and widgets editors are separate live C++ implementations, not byte-identical backup copies	Assigned source/asset references retained in hunk-wbs.tsv	SHARE_MODEL_KEEP_ALL_CONTROLS	24.001,24.015,24.016,31.013	24.017,29.020
01.014/path-0348	DONE	app/tools/gimpmypaintbrusheditor.hpp	6f52ddb784fb1909e1e05bc6d14b00e246216e04	1235	functional-source-or-data	NO	Nonempty changed content; filename alone is not removal evidence	Assigned source/asset references retained in hunk-wbs.tsv	KEEP_CONTRACT	24.001,24.001/editor-context-contract,24.002,24.003,24.004,24.005,24.006,24.008,24.012,24.013,24.014,24.015,24.015/mypaint-editor-create,24.016	24.017,24.017/mypaint-editor-constructor-test
01.014/path-0349	DONE	app/tools/gimpmypaintbrushoptions-gui.cpp	ecfff403eb0fb689fa344c037863ac6767756cf5	11782	functional-source-or-data	NO	Nonempty changed content; filename alone is not removal evidence	Assigned source/asset references retained in hunk-wbs.tsv	KEEP_CONTRACT	24.001,24.001/editor-context-contract,24.002,24.003,24.004,24.005,24.006,24.008,24.012,24.013,24.014,24.015,24.015/mypaint-editor-create,24.016	24.017,24.017/mypaint-editor-constructor-test
01.014/path-0350	DONE	app/tools/gimpmypaintbrushoptions-gui.h	34e2f78a64f95dc99d533e5c801fe8451334e249	979	functional-source-or-data	NO	Nonempty changed content; filename alone is not removal evidence	Assigned source/asset references retained in hunk-wbs.tsv	KEEP_CONTRACT	24.001,24.001/editor-context-contract,24.002,24.003,24.004,24.005,24.006,24.008,24.012,24.013,24.014,24.015,24.015/mypaint-editor-create,24.016	24.017,24.017/mypaint-editor-constructor-test
01.014/path-0351	DONE	app/tools/gimpmypaintoptions-gui.cpp	15bba77f91de8f0491aa345e52152406c859d6e0	20986	functional-source-or-data	NO	Nonempty changed content; filename alone is not removal evidence	Assigned source/asset references retained in hunk-wbs.tsv	KEEP_CONTRACT	24.001,24.001/editor-context-contract,24.002,24.003,24.004,24.005,24.006,24.008,24.012,24.013,24.014,24.015,24.015/mypaint-editor-create,24.016	24.017,24.017/mypaint-editor-constructor-test
01.014/path-0352	DONE	app/tools/gimpmypaintoptions-gui.h	d8b8a9561859ec448b5adc35322f8a0431fcfb96	1132	functional-source-or-data	NO	Nonempty changed content; filename alone is not removal evidence	Assigned source/asset references retained in hunk-wbs.tsv	KEEP_CONTRACT	24.001,24.001/editor-context-contract,24.002,24.003,24.004,24.005,24.006,24.008,24.012,24.013,24.014,24.015,24.015/mypaint-editor-create,24.016	24.017,24.017/mypaint-editor-constructor-test
01.014/path-0353	DONE	app/tools/gimpmypainttool.cpp	08adf2e9b690fd4cbe620c3ab890844ad99e9517	31476	functional-source-or-data	NO	Nonempty changed content; filename alone is not removal evidence	Assigned source/asset references retained in hunk-wbs.tsv	KEEP_CONTRACT	08.008,08.008/tool-core-lifetime,23.007,23.008,23.009,23.012,23.014	23.015,26.013,36.019
01.014/path-0354	DONE	app/tools/gimpmypainttool.h	cc1e53eb815409ed71f960cd90d116df5738b200	2731	functional-source-or-data	NO	Nonempty changed content; filename alone is not removal evidence	Assigned source/asset references retained in hunk-wbs.tsv	KEEP_CONTRACT	08.008,08.008/tool-core-lifetime,23.007,23.008,23.009,23.012,23.014	23.015,26.013,36.019
01.014/path-0355	DONE	app/tools/gimppaintbrushtool.c	3fa60ee5a4ae39114208d36f4293f6b672251514	2313	functional-source-or-data	NO	Nonempty changed content; filename alone is not removal evidence	Assigned source/asset references retained in hunk-wbs.tsv	KEEP_CONTRACT	29.010,29.010/toolbar-ref-balance,29.010/standard-tool-options,29.011	29.020
01.014/path-0356	DONE	app/tools/gimppaintoptions-gui.c	64cd82d6995fd93f1e9329ca8ad0c42a64fb21bf	24061	functional-source-or-data	NO	Nonempty changed content; filename alone is not removal evidence	Assigned source/asset references retained in hunk-wbs.tsv	KEEP_CONTRACT	29.010,29.010/toolbar-ref-balance,29.010/standard-tool-options,29.011	29.020
01.014/path-0357	DONE	app/tools/gimppaintoptions-gui.h	c55a794c642f2e6582d5ba83e9020afb9de148ba	1120	functional-source-or-data	NO	Nonempty changed content; filename alone is not removal evidence	Assigned source/asset references retained in hunk-wbs.tsv	KEEP_CONTRACT	29.010,29.010/toolbar-ref-balance,29.010/standard-tool-options,29.011	29.020
01.014/path-0358	DONE	app/tools/gimppainttool.c	e8a79052efe0fc0fb9306c4f226ee4f43ccf58d7	27859	functional-source-or-data	NO	Nonempty changed content; filename alone is not removal evidence	Assigned source/asset references retained in hunk-wbs.tsv	KEEP_CONTRACT	14.006/editability-contract,15.006/editability-contract,16.021	09.017,14.019,18.010
01.014/path-0359	DONE	app/tools/gimppenciltool.c	20351ad0c26b84e8eacea89ec086eee2e23a15e4	2062	functional-source-or-data	NO	Nonempty changed content; filename alone is not removal evidence	Assigned source/asset references retained in hunk-wbs.tsv	KEEP_CONTRACT	29.010,29.010/toolbar-ref-balance,29.010/standard-tool-options,29.011	29.020
01.014/path-0360	DONE	app/tools/gimpperspectiveclonetool.c	b65da99abfaf4b60a7fb03fe5f6324c4a397a384	37752	functional-source-or-data	NO	Nonempty changed content; filename alone is not removal evidence	Assigned source/asset references retained in hunk-wbs.tsv	KEEP_CONTRACT	29.010,29.010/toolbar-ref-balance,29.010/standard-tool-options,29.011	29.020
01.014/path-0361	DONE	app/tools/gimpperspectiveguidetool.cpp	f78df23259748af0217c7fd26a3924bcbf0d9d9b	20636	functional-source-or-data	NO	Nonempty changed content; filename alone is not removal evidence	Assigned source/asset references retained in hunk-wbs.tsv	KEEP_CONTRACT	08.009,08.009/removed-signal,08.009/guide-owner,08.010,26.001,26.002,26.003,26.004,26.005,26.006,26.007,26.008,26.009,26.010,26.011,26.012	26.013,26.014
01.014/path-0362	DONE	app/tools/gimpperspectiveguidetool.h	225c7d194448a68f5d44dfdd98dfb2f7b3429e21	2397	functional-source-or-data	NO	Nonempty changed content; filename alone is not removal evidence	Assigned source/asset references retained in hunk-wbs.tsv	KEEP_CONTRACT	08.009,08.009/removed-signal,08.009/guide-owner,08.010,26.001,26.002,26.003,26.004,26.005,26.006,26.007,26.008,26.009,26.010,26.011,26.012	26.013,26.014
01.014/path-0363	DONE	app/tools/gimpperspectivetool.c	a5ef55637c38af16eb37bfa25280310ce21c7a1d	8238	functional-source-or-data	NO	Nonempty changed content; filename alone is not removal evidence	Assigned source/asset references retained in hunk-wbs.tsv	KEEP_CONTRACT	29.010,29.010/toolbar-ref-balance,29.010/standard-tool-options,29.011	29.020
01.014/path-0364	DONE	app/tools/gimpposterizetool.c	48e6e8a64ccfaa9177c01116922dab5e5719b9c8	8641	functional-source-or-data	NO	Nonempty changed content; filename alone is not removal evidence	Assigned source/asset references retained in hunk-wbs.tsv	KEEP_CONTRACT	29.010,29.010/toolbar-ref-balance,29.010/standard-tool-options,29.011	29.020
01.014/path-0365	DONE	app/tools/gimprectangleoptions.c	e104a527c2705f878e78362cb29ef58dfb6ebf79	56189	functional-source-or-data	NO	Nonempty changed content; filename alone is not removal evidence	Assigned source/asset references retained in hunk-wbs.tsv	KEEP_CONTRACT	29.010,29.010/toolbar-ref-balance,29.010/standard-tool-options,29.011	29.020
01.014/path-0366	DONE	app/tools/gimprectangleoptions.h	35a1a97ead36a8542f82398c03066594669a2f78	6934	functional-source-or-data	NO	Nonempty changed content; filename alone is not removal evidence	Assigned source/asset references retained in hunk-wbs.tsv	KEEP_CONTRACT	29.010,29.010/toolbar-ref-balance,29.010/standard-tool-options,29.011	29.020
01.014/path-0367	DONE	app/tools/gimprectangleselectoptions.c	78829540798d40840dd9536aca823197a9a59e87	7845	functional-source-or-data	NO	Nonempty changed content; filename alone is not removal evidence	Assigned source/asset references retained in hunk-wbs.tsv	KEEP_CONTRACT	29.010,29.010/toolbar-ref-balance,29.010/standard-tool-options,29.011	29.020
01.014/path-0368	DONE	app/tools/gimprectangleselectoptions.h	b103724ebf3fb22d1a79aa23076f30408389917d	2326	functional-source-or-data	NO	Nonempty changed content; filename alone is not removal evidence	Assigned source/asset references retained in hunk-wbs.tsv	KEEP_CONTRACT	29.010,29.010/toolbar-ref-balance,29.010/standard-tool-options,29.011	29.020
01.014/path-0369	DONE	app/tools/gimprectangleselecttool.c	aaea363d830cacef07bae7f29b05b38c936bb209	37543	functional-source-or-data	NO	Nonempty changed content; filename alone is not removal evidence	Assigned source/asset references retained in hunk-wbs.tsv	KEEP_CONTRACT	29.010,29.010/toolbar-ref-balance,29.010/standard-tool-options,29.011	29.020
01.014/path-0370	DONE	app/tools/gimpregionselectoptions.c	21a8dca0dcac5f9f9009d472487b4829646d9965	8238	functional-source-or-data	NO	Nonempty changed content; filename alone is not removal evidence	Assigned source/asset references retained in hunk-wbs.tsv	KEEP_CONTRACT	29.010,29.010/toolbar-ref-balance,29.010/standard-tool-options,29.011	29.020
01.014/path-0371	DONE	app/tools/gimpregionselectoptions.h	f9d5e4aa789a6e110897d6795e4500121e6e766a	2338	functional-source-or-data	NO	Nonempty changed content; filename alone is not removal evidence	Assigned source/asset references retained in hunk-wbs.tsv	KEEP_CONTRACT	29.010,29.010/toolbar-ref-balance,29.010/standard-tool-options,29.011	29.020
01.014/path-0372	DONE	app/tools/gimprotatetool.c	b6f28b9429d0e9111e6b0dcf3db75202aa399e35	14387	functional-source-or-data	NO	Nonempty changed content; filename alone is not removal evidence	Assigned source/asset references retained in hunk-wbs.tsv	KEEP_CONTRACT	29.010,29.010/toolbar-ref-balance,29.010/standard-tool-options,29.011	29.020
01.014/path-0373	DONE	app/tools/gimpscaletool.c	6bde2071efda60900f88d89e6f4e5c00a47ad1e6	12108	functional-source-or-data	NO	Nonempty changed content; filename alone is not removal evidence	Assigned source/asset references retained in hunk-wbs.tsv	KEEP_CONTRACT	29.010,29.010/toolbar-ref-balance,29.010/standard-tool-options,29.011	29.020
01.014/path-0374	DONE	app/tools/gimpselectionoptions.c	4c3df85bcbd5c44f7eefce7ed4cf180a01ca3ce1	10012	functional-source-or-data	NO	Nonempty changed content; filename alone is not removal evidence	Assigned source/asset references retained in hunk-wbs.tsv	KEEP_CONTRACT	29.010,29.010/toolbar-ref-balance,29.010/standard-tool-options,29.011	29.020
01.014/path-0375	DONE	app/tools/gimpselectionoptions.h	94f3b2de22fa1efd16d76c4845b94ed30c894602	2415	functional-source-or-data	NO	Nonempty changed content; filename alone is not removal evidence	Assigned source/asset references retained in hunk-wbs.tsv	KEEP_CONTRACT	29.010,29.010/toolbar-ref-balance,29.010/standard-tool-options,29.011	29.020
01.014/path-0376	DONE	app/tools/gimpselectiontool.c	df47c7d1ce6b53266e1fdce2339702b73d02a89f	14964	functional-source-or-data	NO	Nonempty changed content; filename alone is not removal evidence	Assigned source/asset references retained in hunk-wbs.tsv	KEEP_CONTRACT	29.010,29.010/toolbar-ref-balance,29.010/standard-tool-options,29.011	29.020
01.014/path-0377	DONE	app/tools/gimpsheartool.c	234397deb15670892d552f08a5c7fca21dd1d646	9898	functional-source-or-data	NO	Nonempty changed content; filename alone is not removal evidence	Assigned source/asset references retained in hunk-wbs.tsv	KEEP_CONTRACT	29.010,29.010/toolbar-ref-balance,29.010/standard-tool-options,29.011	29.020
01.014/path-0378	DONE	app/tools/gimpsmudgetool.c	c54fe94fa1293af426e1f0ed8246a8bdf12442bf	3564	functional-source-or-data	NO	Nonempty changed content; filename alone is not removal evidence	Assigned source/asset references retained in hunk-wbs.tsv	KEEP_CONTRACT	29.010,29.010/toolbar-ref-balance,29.010/standard-tool-options,29.011	29.020
01.014/path-0379	DONE	app/tools/gimptextoptions.c	10b75d9f3446453b6d301b2739559db76dbdd753	28330	functional-source-or-data	NO	Nonempty changed content; filename alone is not removal evidence	Assigned source/asset references retained in hunk-wbs.tsv	KEEP_CONTRACT	29.010,29.010/toolbar-ref-balance,29.010/standard-tool-options,29.011	29.020
01.014/path-0380	DONE	app/tools/gimptextoptions.h	668a97fcd6eff5ccf450e89077f1a045709e442a	3288	functional-source-or-data	NO	Nonempty changed content; filename alone is not removal evidence	Assigned source/asset references retained in hunk-wbs.tsv	KEEP_CONTRACT	29.010,29.010/toolbar-ref-balance,29.010/standard-tool-options,29.011	29.020
01.014/path-0381	DONE	app/tools/gimptexttool.c	9884909dac370a53e210700a6e59ba2f5ba77988	66313	functional-source-or-data	NO	Nonempty changed content; filename alone is not removal evidence	Assigned source/asset references retained in hunk-wbs.tsv	KEEP_CONTRACT	29.010,29.010/toolbar-ref-balance,29.010/standard-tool-options,29.011	29.020
01.014/path-0382	DONE	app/tools/gimpthresholdtool.c	d11bfdfc7857659e950a8ca234d8bb3a0574a238	11321	functional-source-or-data	NO	Nonempty changed content; filename alone is not removal evidence	Assigned source/asset references retained in hunk-wbs.tsv	KEEP_CONTRACT	29.010,29.010/toolbar-ref-balance,29.010/standard-tool-options,29.011	29.020
01.014/path-0383	DONE	app/tools/gimptool.c	1092b2dab71d22979e26db35537a8509813f0f9f	40262	functional-source-or-data	NO	Nonempty changed content; filename alone is not removal evidence	Assigned source/asset references retained in hunk-wbs.tsv	KEEP_CONTRACT	08.018/core-extension-hooks	07.013,36.011,36.012
01.014/path-0384	DONE	app/tools/gimptool.h	fc8590fe01e02ac9a752a44ed49d0e5ed6e3a860	14475	functional-source-or-data	NO	Nonempty changed content; filename alone is not removal evidence	Assigned source/asset references retained in hunk-wbs.tsv	KEEP_CONTRACT	04.003,04.004,08.019	04.014,04.017
01.014/path-0385	DONE	app/tools/gimptooloptions-gui-cxx.cpp	892710f834b32dc26c1a39211469ddc0c0a7b91e	1672	functional-source-or-data	NO	Nonempty changed content; filename alone is not removal evidence	Assigned source/asset references retained in hunk-wbs.tsv	KEEP_CONTRACT	29.010,29.010/toolbar-ref-balance,29.010/standard-tool-options,29.011	29.020
01.014/path-0386	DONE	app/tools/gimptooloptions-gui-cxx.hpp	0fe6b81f255da10d4a19e87fc7f245ac61968ed6	3875	functional-source-or-data	NO	Nonempty changed content; filename alone is not removal evidence	Assigned source/asset references retained in hunk-wbs.tsv	KEEP_CONTRACT	29.010,29.010/toolbar-ref-balance,29.010/standard-tool-options,29.011	29.020
01.014/path-0387	DONE	app/tools/gimptooloptions-gui.c	c0f732882e457ffaa3ef3b154623ff58a4ee7bf2	23022	functional-source-or-data	NO	Nonempty changed content; filename alone is not removal evidence	Assigned source/asset references retained in hunk-wbs.tsv	KEEP_CONTRACT	29.010,29.010/toolbar-ref-balance,29.010/standard-tool-options,29.011	29.020
01.014/path-0388	DONE	app/tools/gimptooloptions-gui.h	f0d05c78cdbccbd3ca51360b6394829cce547093	5561	functional-source-or-data	NO	Nonempty changed content; filename alone is not removal evidence	Assigned source/asset references retained in hunk-wbs.tsv	KEEP_CONTRACT	29.010,29.010/toolbar-ref-balance,29.010/standard-tool-options,29.011	29.020
01.014/path-0389	DONE	app/tools/gimptransformoptions.c	436d5e33a059821d38dd72d7cd1f99711c312d30	17654	functional-source-or-data	NO	Nonempty changed content; filename alone is not removal evidence	Assigned source/asset references retained in hunk-wbs.tsv	KEEP_CONTRACT	29.010,29.010/toolbar-ref-balance,29.010/standard-tool-options,29.011	29.020
01.014/path-0390	DONE	app/tools/gimptransformoptions.h	021c1c0933c39688e098a6febfc2abe27987fab0	2638	functional-source-or-data	NO	Nonempty changed content; filename alone is not removal evidence	Assigned source/asset references retained in hunk-wbs.tsv	KEEP_CONTRACT	29.010,29.010/toolbar-ref-balance,29.010/standard-tool-options,29.011	29.020
01.014/path-0391	DONE	app/tools/gimptransformtool.c	178b9769d78eaa4d06dcc38ccc405864f5458377	55596	functional-source-or-data	NO	Nonempty changed content; filename alone is not removal evidence	Assigned source/asset references retained in hunk-wbs.tsv	KEEP_CONTRACT	29.010,29.010/toolbar-ref-balance,29.010/standard-tool-options,29.011	29.020
01.014/path-0392	DONE	app/tools/gimpvectoroptions.c	42dc5592cf16721e8487d0b377082770f32b20ec	7523	functional-source-or-data	NO	Nonempty changed content; filename alone is not removal evidence	Assigned source/asset references retained in hunk-wbs.tsv	KEEP_CONTRACT	29.010,29.010/toolbar-ref-balance,29.010/standard-tool-options,29.011	29.020
01.014/path-0393	DONE	app/tools/gimpvectoroptions.h	556b8e2ec7d5b57ed80923a5e6fdb01e8d223bac	2157	functional-source-or-data	NO	Nonempty changed content; filename alone is not removal evidence	Assigned source/asset references retained in hunk-wbs.tsv	KEEP_CONTRACT	29.010,29.010/toolbar-ref-balance,29.010/standard-tool-options,29.011	29.020
01.014/path-0394	DONE	app/tools/gimpvectortool.c	52704bf3899800ff475460a850e1255deceaf3a6	66824	functional-source-or-data	NO	Nonempty changed content; filename alone is not removal evidence	Assigned source/asset references retained in hunk-wbs.tsv	KEEP_CONTRACT	29.010,29.010/toolbar-ref-balance,29.010/standard-tool-options,29.011	29.020
01.014/path-0395	DONE	app/tools/tools-types.h	df4d66bed622aa7f3f0b708af7a45483e1076cff	3210	functional-source-or-data	NO	Nonempty changed content; filename alone is not removal evidence	Assigned source/asset references retained in hunk-wbs.tsv	KEEP_CONTRACT	29.010,29.010/toolbar-ref-balance,29.010/standard-tool-options,29.011	29.020
01.014/path-0396	DONE	app/widgets/Makefile.am	943009bb3350e08938bda729500f73cc17a28522	11724	functional-source-or-data	NO	Nonempty changed content; filename alone is not removal evidence	Assigned source/asset references retained in hunk-wbs.tsv	KEEP_CONTRACT	04.002,04.008,04.009	04.015,04.016
01.014/path-0397	DONE	app/widgets/gimpcellrendererpopup.cpp	9fcecab914869bd18ca3085bbbe64003b6eac195	12278	functional-source-or-data	NO	Nonempty changed content; filename alone is not removal evidence	Assigned source/asset references retained in hunk-wbs.tsv	KEEP_CONTRACT	08.015,08.016,08.016/pixbuf-owner,29.006/cellrenderer-gtk3,29.006/popover-class-signals,29.006/popover-handler-teardown,29.015,29.019	29.020
01.014/path-0398	DONE	app/widgets/gimpcellrendererpopup.h	ba74530b87d8b783cab934d4c00dd3a451065bfd	3009	functional-source-or-data	NO	Nonempty changed content; filename alone is not removal evidence	Assigned source/asset references retained in hunk-wbs.tsv	KEEP_CONTRACT	08.015,08.016,08.016/pixbuf-owner,29.006/cellrenderer-gtk3,29.006/popover-class-signals,29.006/popover-handler-teardown,29.015,29.019	29.020
01.014/path-0399	DONE	app/widgets/gimpcellrendererviewable.c	52f500289e6b07c987e821482294258961ca7cde	14671	comments-or-whitespace-only-delta	YES_SOURCE_NOOP	Whole-file C-like tokens are identical after removing comments/whitespace while retaining string/char literals	Assigned source/asset references retained in hunk-wbs.tsv	DO_NOT_PORT_NONFUNCTIONAL_DIFF	31.018	31.020
01.014/path-0400	DONE	app/widgets/gimpcontainerbox.c	5d27d334a18a5440d44236486d67c903e66ff4c6	7507	functional-source-or-data	NO	Nonempty changed content; filename alone is not removal evidence	Assigned source/asset references retained in hunk-wbs.tsv	KEEP_CONTRACT	06.023,08.017,29.010/standard-tool-options	07.008,29.020
01.014/path-0401	DONE	app/widgets/gimpcontainereditor.h	07e40a05c9e526031aef779df6eac99b848c890e	2849	functional-source-or-data	NO	Nonempty changed content; filename alone is not removal evidence	Assigned source/asset references retained in hunk-wbs.tsv	KEEP_CONTRACT	04.003,04.004,08.019	04.014,04.017
01.014/path-0402	DONE	app/widgets/gimpcontainertreeview-dnd.c	9cf301e34a8009be656525833e61cc944df4ae4e	24203	functional-source-or-data	NO	Nonempty changed content; filename alone is not removal evidence	Assigned source/asset references retained in hunk-wbs.tsv	KEEP_CONTRACT	06.023,08.017,29.010/standard-tool-options	07.008,29.020
01.014/path-0403	DONE	app/widgets/gimpcontainertreeview-private.h	3ed36476d817cedf216937e1e56a4794b57d0497	1462	functional-source-or-data	NO	Nonempty changed content; filename alone is not removal evidence	Assigned source/asset references retained in hunk-wbs.tsv	KEEP_CONTRACT	06.023,08.017,29.010/standard-tool-options	07.008,29.020
01.014/path-0404	DONE	app/widgets/gimpcontainertreeview.c	55dca4604894743f81e78d4e6e164be9339156ea	57408	functional-source-or-data	NO	Nonempty changed content; filename alone is not removal evidence	Assigned source/asset references retained in hunk-wbs.tsv	KEEP_CONTRACT	06.023,08.017,29.010/standard-tool-options	07.008,29.020
01.014/path-0405	DONE	app/widgets/gimpcontainertreeview.h	c64299a23406408100810b882ec2464b0bc0ad5c	6739	functional-source-or-data	NO	Nonempty changed content; filename alone is not removal evidence	Assigned source/asset references retained in hunk-wbs.tsv	KEEP_CONTRACT	06.023,08.017,29.010/standard-tool-options	07.008,29.020
01.014/path-0406	DONE	app/widgets/gimpcontainerview.h	a3035ee408d8300af71632952f6373b30c066340	8499	functional-source-or-data	NO	Nonempty changed content; filename alone is not removal evidence	Assigned source/asset references retained in hunk-wbs.tsv	KEEP_CONTRACT	04.003,04.004,08.019	04.014,04.017
01.014/path-0407	DONE	app/widgets/gimpcurveview.c	f5e9a596d73c84781ccecf8878d1bd0f546e3454	40609	functional-source-or-data	NO	Nonempty changed content; filename alone is not removal evidence	Assigned source/asset references retained in hunk-wbs.tsv	KEEP_CONTRACT	24.001,24.001/editor-context-contract,24.002,24.003,24.004,24.005,24.006,24.008,24.012,24.013,24.014,24.015,24.015/mypaint-editor-create,24.016	24.017,24.017/mypaint-editor-constructor-test
01.014/path-0408	DONE	app/widgets/gimpcurveview.h	3a23e1fe4e59085cd60d8c2c969867432bf2269b	4913	functional-source-or-data	NO	Nonempty changed content; filename alone is not removal evidence	Assigned source/asset references retained in hunk-wbs.tsv	KEEP_CONTRACT	24.001,24.001/editor-context-contract,24.002,24.003,24.004,24.005,24.006,24.008,24.012,24.013,24.014,24.015,24.015/mypaint-editor-create,24.016	24.017,24.017/mypaint-editor-constructor-test
01.014/path-0409	DONE	app/widgets/gimpdatafactoryview.c	663fbf9f2220d7566b2c847acb9327c4b12efe20	21339	functional-source-or-data	NO	Nonempty changed content; filename alone is not removal evidence	Assigned source/asset references retained in hunk-wbs.tsv	KEEP_CONTRACT	06.023,08.017,29.010/standard-tool-options	07.008,29.020
01.014/path-0410	DONE	app/widgets/gimpdatafactoryview.h	ab93f3df8dfd69f5fbac0e440ffb99fa416961ba	3813	functional-source-or-data	NO	Nonempty changed content; filename alone is not removal evidence	Assigned source/asset references retained in hunk-wbs.tsv	KEEP_CONTRACT	04.003,04.004,08.019	04.014,04.017
01.014/path-0411	DONE	app/widgets/gimpdeviceinfo-coords.c	a67562249b84ccc380b42e3df19c9221d7fae0f5	7745	functional-source-or-data	NO	Nonempty changed content; filename alone is not removal evidence	Assigned source/asset references retained in hunk-wbs.tsv	KEEP_CONTRACT	23.007,23.008,23.009,23.010,23.011,23.012,23.014	23.015,26.013
01.014/path-0412	DONE	app/widgets/gimpdevicemanager.c	7c91cdd73017176878aee15de3a2c690ace48e64	12045	functional-source-or-data	NO	Nonempty changed content; filename alone is not removal evidence	Assigned source/asset references retained in hunk-wbs.tsv	KEEP_CONTRACT	30.007/device-name-identity	23.015,36.019
01.014/path-0413	DONE	app/widgets/gimpdnd.c	dbba64c0533161d48d07646c80b1bdbf83496c28	76869	functional-source-or-data	NO	Nonempty changed content; filename alone is not removal evidence	Assigned source/asset references retained in hunk-wbs.tsv	KEEP_CONTRACT	06.023,08.017,29.010/standard-tool-options	07.008,29.020
01.014/path-0414	DONE	app/widgets/gimpdnd.h	f7e1788b34c8362ba8afe1ae61dc46d0f22ea004	11849	functional-source-or-data	NO	Nonempty changed content; filename alone is not removal evidence	Assigned source/asset references retained in hunk-wbs.tsv	KEEP_CONTRACT	06.023,08.017,29.010/standard-tool-options	07.008,29.020
01.014/path-0415	DONE	app/widgets/gimpdock.c	267a80c6c56c79abc90e3dc934cbdb751680acb8	34092	functional-source-or-data	NO	Nonempty changed content; filename alone is not removal evidence	Assigned source/asset references retained in hunk-wbs.tsv	KEEP_CONTRACT	29.011,29.016,30.005,30.005/shell-reparent-ref,30.016	29.020,36.019
01.014/path-0416	DONE	app/widgets/gimpdock.h	88f031d754148a37dd7af9cb8e2d271e0afccfea	5733	functional-source-or-data	NO	Nonempty changed content; filename alone is not removal evidence	Assigned source/asset references retained in hunk-wbs.tsv	KEEP_CONTRACT	29.011,29.016,30.005,30.005/shell-reparent-ref,30.016	29.020,36.019
01.014/path-0417	DONE	app/widgets/gimpdockable.c	0f581dce98420035272721405e9dd94a2943a6f2	29076	functional-source-or-data	NO	Nonempty changed content; filename alone is not removal evidence	Assigned source/asset references retained in hunk-wbs.tsv	KEEP_CONTRACT	29.011,29.016,30.005,30.005/shell-reparent-ref,30.016	29.020,36.019
01.014/path-0418	DONE	app/widgets/gimpdockbook.c	1c8aed8ed34f11de3ae293877fdb99dff5f6205e	59569	functional-source-or-data	NO	Nonempty changed content; filename alone is not removal evidence	Assigned source/asset references retained in hunk-wbs.tsv	KEEP_CONTRACT	29.011,29.016,30.005,30.005/shell-reparent-ref,30.016	29.020,36.019
01.014/path-0419	DONE	app/widgets/gimpdynamicsoutputeditor.c	028856f1e08e97e262ca43987cc384db14b07262	18543	functional-source-or-data	NO	Nonempty changed content; filename alone is not removal evidence	Assigned source/asset references retained in hunk-wbs.tsv	KEEP_CONTRACT	31.018	31.020,38.001
01.014/path-0420	DONE	app/widgets/gimpeditor-cxx.cpp	e6dbc942f739500df988e43399fc05f024c1b5bd	8102	functional-source-or-data	NO	Nonempty changed content; filename alone is not removal evidence	Assigned source/asset references retained in hunk-wbs.tsv	KEEP_CONTRACT	06.023,08.017,29.010/standard-tool-options	07.008,29.020
01.014/path-0421	DONE	app/widgets/gimpeditor-cxx.h	3ece43b3150fafb60cb37e0428cf1097dd919778	966	functional-source-or-data	NO	Nonempty changed content; filename alone is not removal evidence	Assigned source/asset references retained in hunk-wbs.tsv	KEEP_CONTRACT	06.023,08.017,29.010/standard-tool-options	07.008,29.020
01.014/path-0422	DONE	app/widgets/gimpeditor-private.h	3676494c641ac40a673ecfc52071b305ea9e8aa9	1062	functional-source-or-data	NO	Nonempty changed content; filename alone is not removal evidence	Assigned source/asset references retained in hunk-wbs.tsv	KEEP_CONTRACT	06.023,08.017,29.010/standard-tool-options	07.008,29.020
01.014/path-0423	DONE	app/widgets/gimpeditor.c	e95e403fb53887faeedcbf3ce3e924fc8aa74302	27405	functional-source-or-data	NO	Nonempty changed content; filename alone is not removal evidence	Assigned source/asset references retained in hunk-wbs.tsv	KEEP_CONTRACT	06.023,08.017,29.010/standard-tool-options	07.008,29.020
01.014/path-0424	DONE	app/widgets/gimpeditor.h	35e74ca7a5de0033c60aae7a4e4169dde92a45be	4668	functional-source-or-data	NO	Nonempty changed content; filename alone is not removal evidence	Assigned source/asset references retained in hunk-wbs.tsv	KEEP_CONTRACT	04.003,04.004,08.019	04.014,04.017
01.014/path-0425	DONE	app/widgets/gimpfgbgeditor.c	b38fb0fbd7b658f1fab6c155146afa9659373123	25530	functional-source-or-data	NO	Nonempty changed content; filename alone is not removal evidence	Assigned source/asset references retained in hunk-wbs.tsv	KEEP_CONTRACT	29.007,29.007/palette-popup-teardown	29.020
01.014/path-0426	DONE	app/widgets/gimpfgbgeditor.h	8bea5335bb0d41c3e96230168a45c99be86c8e1d	2566	functional-source-or-data	NO	Nonempty changed content; filename alone is not removal evidence	Assigned source/asset references retained in hunk-wbs.tsv	KEEP_CONTRACT	29.007,29.007/palette-popup-teardown	29.020
01.014/path-0427	DONE	app/widgets/gimphelp-ids.h	edcdb6e694ab67aac8e1d5f6f64a693892c68571	36322	functional-source-or-data	NO	Nonempty changed content; filename alone is not removal evidence	Assigned source/asset references retained in hunk-wbs.tsv	KEEP_CONTRACT	30.014,30.015	29.020,34.002
01.014/path-0428	DONE	app/widgets/gimpitemtreeview.c	3c35fd5b3a6d4d4beb5140e8e5c2c9b53183178e	59294	functional-source-or-data	NO	Nonempty changed content; filename alone is not removal evidence	Assigned source/asset references retained in hunk-wbs.tsv	KEEP_CONTRACT	06.023,08.017,29.010/standard-tool-options	07.008,29.020
01.014/path-0429	DONE	app/widgets/gimplayerpopup.cpp	75ef0f1afcd688e199b58891ef7a813688e678f8	47358	functional-source-or-data	NO	Nonempty changed content; filename alone is not removal evidence	Assigned source/asset references retained in hunk-wbs.tsv	KEEP_CONTRACT	29.006,29.006/proc-args-owner,29.006/menu-borrowed-reference,29.006/popover-handler-teardown	15.014,29.020
01.014/path-0430	DONE	app/widgets/gimplayerpopup.h	cc18b9429ac954d569984477d119dc2a8060ac9d	375	functional-source-or-data	NO	Nonempty changed content; filename alone is not removal evidence	Assigned source/asset references retained in hunk-wbs.tsv	KEEP_CONTRACT	29.006,29.006/proc-args-owner,29.006/menu-borrowed-reference,29.006/popover-handler-teardown	15.014,29.020
01.014/path-0431	DONE	app/widgets/gimplayertileview.cpp	1f78b0d6269b88aa78cfd9ce80b30f7cceb5ad24	53654	functional-source-or-data	NO	Nonempty changed content; filename alone is not removal evidence	Assigned source/asset references retained in hunk-wbs.tsv	KEEP_CONTRACT	08.013,29.001,29.002,29.002/add-timeout-owner,29.003,29.004,29.005,29.006,29.008/icon-null,29.019/preview-idle-owner	29.020,29.020/preview-idle-teardown
01.014/path-0432	DONE	app/widgets/gimplayertileview.h	cb3b4bf03cdb77791cf72d80aa599e6523990bad	2370	functional-source-or-data	NO	Nonempty changed content; filename alone is not removal evidence	Assigned source/asset references retained in hunk-wbs.tsv	KEEP_CONTRACT	08.013,29.001,29.002,29.002/add-timeout-owner,29.003,29.004,29.005,29.006,29.008/icon-null,29.019/preview-idle-owner	29.020,29.020/preview-idle-teardown
01.014/path-0433	DONE	app/widgets/gimplayertreeview.c	3b4dffc801e2e5cda03c28db13463d5d55345bd9	56213	functional-source-or-data	NO	Nonempty changed content; filename alone is not removal evidence	Assigned source/asset references retained in hunk-wbs.tsv	KEEP_CONTRACT	06.023,08.017,29.010/standard-tool-options	07.008,29.020
01.014/path-0434	DONE	app/widgets/gimpmypaintbrusheditor.cpp	44b8ef4d54cdac45a23afe0d908f15fdafffe8da	17123	live-overlapping-editor-implementation	YES_AFTER_SHARED_REPLACEMENT	Tools and widgets editors are separate live C++ implementations, not byte-identical backup copies	Assigned source/asset references retained in hunk-wbs.tsv	SHARE_MODEL_KEEP_ALL_CONTROLS	24.001,24.015,24.016,31.013	24.017,29.020
01.014/path-0435	DONE	app/widgets/gimpmypaintbrusheditor.h	4564c17b50a89e8e1833a8ad7a11f2069b7698be	2339	functional-source-or-data	NO	Nonempty changed content; filename alone is not removal evidence	Assigned source/asset references retained in hunk-wbs.tsv	KEEP_CONTRACT	24.001,24.001/editor-context-contract,24.002,24.003,24.004,24.005,24.006,24.008,24.012,24.013,24.014,24.015,24.015/mypaint-editor-create,24.016	24.017,24.017/mypaint-editor-constructor-test
01.014/path-0436	DONE	app/widgets/gimpmypaintbrushfactoryview.c	0cdfc6f93b3fde9ed010b7d001ba814a2e4bf3b4	8861	functional-source-or-data	NO	Nonempty changed content; filename alone is not removal evidence	Assigned source/asset references retained in hunk-wbs.tsv	KEEP_CONTRACT	24.007,24.008,24.009,30.005	19.015,24.017,29.020
01.014/path-0437	DONE	app/widgets/gimpmypaintbrushfactoryview.h	472d9c3a54ebedffe4af302bc1f076d90669ddd0	2875	functional-source-or-data	NO	Nonempty changed content; filename alone is not removal evidence	Assigned source/asset references retained in hunk-wbs.tsv	KEEP_CONTRACT	24.007,24.008,24.009,30.005	19.015,24.017,29.020
01.014/path-0438	DONE	app/widgets/gimpmypaintbrushselect.c	fbef840677ade14f9b6c4e483887f44c52d3aea9	6103	functional-source-or-data	NO	Nonempty changed content; filename alone is not removal evidence	Assigned source/asset references retained in hunk-wbs.tsv	KEEP_CONTRACT	24.007,24.008,24.009,30.005	19.015,24.017,29.020
01.014/path-0439	DONE	app/widgets/gimpmypaintbrushselect.h	5f764b748926de359914b1387ad567cc4db104a1	2217	functional-source-or-data	NO	Nonempty changed content; filename alone is not removal evidence	Assigned source/asset references retained in hunk-wbs.tsv	KEEP_CONTRACT	24.007,24.008,24.009,30.005	19.015,24.017,29.020
01.014/path-0440	DONE	app/widgets/gimpnavigationview.c	1df1ddc40b3cbd56b244ddf4b45fca49089ef147	17085	functional-source-or-data	NO	Nonempty changed content; filename alone is not removal evidence	Assigned source/asset references retained in hunk-wbs.tsv	KEEP_CONTRACT	25.009,26.005,29.017	25.011,26.014,29.020
01.014/path-0441	DONE	app/widgets/gimpoverlaybox.c	1188df092a9c38bbf8629ef3b0e359978a1f2384	16119	functional-source-or-data	NO	Nonempty changed content; filename alone is not removal evidence	Assigned source/asset references retained in hunk-wbs.tsv	KEEP_CONTRACT	29.001,29.007,29.008,29.010,29.011,29.012,29.013,29.014,29.015,29.016,29.017,29.018,29.019	29.020
01.014/path-0442	DONE	app/widgets/gimpoverlaychild.c	fb324b4db182aa96358c7826b2daa1685228f3e4	16752	functional-source-or-data	NO	Nonempty changed content; filename alone is not removal evidence	Assigned source/asset references retained in hunk-wbs.tsv	KEEP_CONTRACT	29.001,29.007,29.008,29.010,29.011,29.012,29.013,29.014,29.015,29.016,29.017,29.018,29.019	29.020
01.014/path-0443	DONE	app/widgets/gimppaletteview.c	99f6422032be305db04fe75f95a931b5709edfc5	17333	functional-source-or-data	NO	Nonempty changed content; filename alone is not removal evidence	Assigned source/asset references retained in hunk-wbs.tsv	KEEP_CONTRACT	29.007,29.007/palette-popup-teardown	29.020
01.014/path-0444	DONE	app/widgets/gimppaletteview.h	3d2b38ac7ed7f4ff0aa5062204c34ac002acf11a	2800	functional-source-or-data	NO	Nonempty changed content; filename alone is not removal evidence	Assigned source/asset references retained in hunk-wbs.tsv	KEEP_CONTRACT	29.007,29.007/palette-popup-teardown	29.020
01.014/path-0445	DONE	app/widgets/gimppanedbox.c	dfff9403fc6d2a6a33a09675c8ba93e73857487e	25818	functional-source-or-data	NO	Nonempty changed content; filename alone is not removal evidence	Assigned source/asset references retained in hunk-wbs.tsv	KEEP_CONTRACT	29.011,29.016,30.005,30.005/shell-reparent-ref,30.016	29.020,36.019
01.014/path-0446	DONE	app/widgets/gimppopupbutton.c	ed6fe2c206913f8106f03097d407369ecd7a7c8c	18328	functional-source-or-data	NO	Nonempty changed content; filename alone is not removal evidence	Assigned source/asset references retained in hunk-wbs.tsv	KEEP_CONTRACT	08.015,08.016,08.016/pixbuf-owner,29.006/cellrenderer-gtk3,29.006/popover-class-signals,29.006/popover-handler-teardown,29.015,29.019	29.020
01.014/path-0447	DONE	app/widgets/gimppopupbutton.h	260f814f35329d21b91149df73adc7da7ee40e52	4864	functional-source-or-data	NO	Nonempty changed content; filename alone is not removal evidence	Assigned source/asset references retained in hunk-wbs.tsv	KEEP_CONTRACT	08.015,08.016,08.016/pixbuf-owner,29.006/cellrenderer-gtk3,29.006/popover-class-signals,29.006/popover-handler-teardown,29.015,29.019	29.020
01.014/path-0448	DONE	app/widgets/gimpselectiondata.c	85aca887a91232be3d750fbab1c2aae050b7232b	24435	functional-source-or-data	NO	Nonempty changed content; filename alone is not removal evidence	Assigned source/asset references retained in hunk-wbs.tsv	KEEP_CONTRACT	06.023,08.017,29.010/standard-tool-options	07.008,29.020
01.014/path-0449	DONE	app/widgets/gimpselectiondata.h	02bae18ac371aef9ad8557409c9ee3758f5fff9c	4881	functional-source-or-data	NO	Nonempty changed content; filename alone is not removal evidence	Assigned source/asset references retained in hunk-wbs.tsv	KEEP_CONTRACT	06.023,08.017,29.010/standard-tool-options	07.008,29.020
01.014/path-0450	DONE	app/widgets/gimpsessioninfo-dock.c	182ac2cadd4ffc3833fa67ff6e8967f5141dada8	11318	functional-source-or-data	NO	Nonempty changed content; filename alone is not removal evidence	Assigned source/asset references retained in hunk-wbs.tsv	KEEP_CONTRACT	29.011,29.016,30.005,30.005/shell-reparent-ref,30.016	29.020,36.019
01.014/path-0451	DONE	app/widgets/gimpsessioninfo-dock.h	26f462a05dd6adb322c41e1459551826747c031b	2726	functional-source-or-data	NO	Nonempty changed content; filename alone is not removal evidence	Assigned source/asset references retained in hunk-wbs.tsv	KEEP_CONTRACT	29.011,29.016,30.005,30.005/shell-reparent-ref,30.016	29.020,36.019
01.014/path-0452	DONE	app/widgets/gimptitlebaricon-pixbuf.h	e506de18567c2af2a20be6d074453aa2a3f51e5f	1737	functional-source-or-data	NO	Nonempty changed content; filename alone is not removal evidence	Assigned source/asset references retained in hunk-wbs.tsv	KEEP_CONTRACT	30.003,30.017	29.020,34.014
01.014/path-0453	DONE	app/widgets/gimptoolbox.c	cab929b9a8863766cab427a59bf827051579e364	28275	functional-source-or-data	NO	Nonempty changed content; filename alone is not removal evidence	Assigned source/asset references retained in hunk-wbs.tsv	KEEP_CONTRACT	30.001/tool-group-state,29.009,30.004,30.008	29.020,36.019
01.014/path-0454	DONE	app/widgets/gimptooleditor.c	2102e8353e6b780f42e9bfc6029ed334c242fe78	30940	functional-source-or-data	NO	Nonempty changed content; filename alone is not removal evidence	Assigned source/asset references retained in hunk-wbs.tsv	KEEP_CONTRACT	30.001/tool-group-state,29.009,30.004,30.008	29.020,36.019
01.014/path-0455	DONE	app/widgets/gimptooleditor.h	7271fb78c021a9f5392fec0d41d0287c8bc226d9	2418	functional-source-or-data	NO	Nonempty changed content; filename alone is not removal evidence	Assigned source/asset references retained in hunk-wbs.tsv	KEEP_CONTRACT	30.001/tool-group-state,29.009,30.004,30.008	29.020,36.019
01.014/path-0456	DONE	app/widgets/gimptooloptionstoolbar.c	f65ba197f2d572b4926a59ca239df0efa675286b	12612	functional-source-or-data	NO	Nonempty changed content; filename alone is not removal evidence	Assigned source/asset references retained in hunk-wbs.tsv	KEEP_CONTRACT	29.010,29.010/toolbar-ref-balance,29.010/standard-tool-options,29.011	29.020
01.014/path-0457	DONE	app/widgets/gimptooloptionstoolbar.h	776da6303477ddd206955a9623745babaee20cba	2587	functional-source-or-data	NO	Nonempty changed content; filename alone is not removal evidence	Assigned source/asset references retained in hunk-wbs.tsv	KEEP_CONTRACT	29.010,29.010/toolbar-ref-balance,29.010/standard-tool-options,29.011	29.020
01.014/path-0458	DONE	app/widgets/gimptoolpalette.c	eed3dc084d696062840285b99091d68547266da5	16690	functional-source-or-data	NO	Nonempty changed content; filename alone is not removal evidence	Assigned source/asset references retained in hunk-wbs.tsv	KEEP_CONTRACT	30.001/tool-group-state,29.009,30.004,30.008	29.020,36.019
01.014/path-0459	DONE	app/widgets/gimptooltileview.cpp	32f50f094620089216fddf829d534a953efd9c30	19507	functional-source-or-data	NO	Nonempty changed content; filename alone is not removal evidence	Assigned source/asset references retained in hunk-wbs.tsv	KEEP_CONTRACT	08.014,29.008,29.008/icon-null,29.009,30.001/tool-group-state	29.020
01.014/path-0460	DONE	app/widgets/gimptooltileview.h	0354ce300e494750a2998a2691ff17a8fd59acee	2337	functional-source-or-data	NO	Nonempty changed content; filename alone is not removal evidence	Assigned source/asset references retained in hunk-wbs.tsv	KEEP_CONTRACT	08.014,29.008,29.008/icon-null,29.009,30.001/tool-group-state	29.020
01.014/path-0461	DONE	app/widgets/gimpviewrenderer.c	67b0ff4ab5e4a34434f72c594ad712362de4be7c	35487	functional-source-or-data	NO	Nonempty changed content; filename alone is not removal evidence	Assigned source/asset references retained in hunk-wbs.tsv	KEEP_CONTRACT	06.023,08.017,29.010/standard-tool-options	07.008,29.020
01.014/path-0462	DONE	app/widgets/gimpviewrenderer.h	731346e05adda29c4c4796371a6fe39df37c7185	7676	functional-source-or-data	NO	Nonempty changed content; filename alone is not removal evidence	Assigned source/asset references retained in hunk-wbs.tsv	KEEP_CONTRACT	06.023,08.017,29.010/standard-tool-options	07.008,29.020
01.014/path-0463	DONE	app/widgets/gimpwidgets-constructors.c	76b9abea29e3c2866705d236bea1be27bd65f990	8739	functional-source-or-data	NO	Nonempty changed content; filename alone is not removal evidence	Assigned source/asset references retained in hunk-wbs.tsv	KEEP_CONTRACT	06.023,08.017,29.010/standard-tool-options	07.008,29.020
01.014/path-0464	DONE	app/widgets/gimpwidgets-utils.c	efeec486e5fde3a5864a99d4a65e1dbcfd159830	38463	functional-source-or-data	NO	Nonempty changed content; filename alone is not removal evidence	Assigned source/asset references retained in hunk-wbs.tsv	KEEP_CONTRACT	06.023,08.017,29.010/standard-tool-options	07.008,29.020
01.014/path-0465	DONE	app/widgets/gimpwidgets-utils.h	48504c29b9f90195fe940ed2c458aea39a472063	7216	functional-source-or-data	NO	Nonempty changed content; filename alone is not removal evidence	Assigned source/asset references retained in hunk-wbs.tsv	KEEP_CONTRACT	06.023,08.017,29.010/standard-tool-options	07.008,29.020
01.014/path-0466	DONE	app/widgets/popupper.cpp	6aa874674b3773478e9b29e5e287746d3879d1ac	18541	functional-source-or-data	NO	Nonempty changed content; filename alone is not removal evidence	Assigned source/asset references retained in hunk-wbs.tsv	KEEP_CONTRACT	08.015,08.016,08.016/pixbuf-owner,29.006/cellrenderer-gtk3,29.006/popover-class-signals,29.006/popover-handler-teardown,29.015,29.019	29.020
01.014/path-0467	DONE	app/widgets/popupper.h	dc77ab8cc739b28628726a186e139a47fda85353	1900	functional-source-or-data	NO	Nonempty changed content; filename alone is not removal evidence	Assigned source/asset references retained in hunk-wbs.tsv	KEEP_CONTRACT	08.015,08.016,08.016/pixbuf-owner,29.006/cellrenderer-gtk3,29.006/popover-class-signals,29.006/popover-handler-teardown,29.015,29.019	29.020
01.014/path-0468	DONE	app/widgets/widgets-enums.h	d81781718efb6f9a450f8b26334b2a48d839b252	8163	functional-source-or-data	NO	Nonempty changed content; filename alone is not removal evidence	Assigned source/asset references retained in hunk-wbs.tsv	KEEP_CONTRACT	06.023,08.017,29.010/standard-tool-options	07.008,29.020
01.014/path-0469	DONE	app/widgets/widgets-types.h	4077d5123fdaa5546361610094e1a09b76e95e7b	13602	functional-source-or-data	NO	Nonempty changed content; filename alone is not removal evidence	Assigned source/asset references retained in hunk-wbs.tsv	KEEP_CONTRACT	06.023,08.017,29.010/standard-tool-options	07.008,29.020
01.014/path-0470	DONE	app/xcf/xcf-load.c	e95e126acd1ad59e65780c0da47eb99dc9411660	75817	functional-source-or-data	NO	Nonempty changed content; filename alone is not removal evidence	Assigned source/asset references retained in hunk-wbs.tsv	KEEP_CONTRACT	10.002,10.003,10.004,10.006,10.007,10.008,10.009,10.010,11.001,11.002,11.003,11.005,11.006,11.007,11.008,11.010,11.011,11.017,11.018,11.019,11.020,11.021	36.001,36.002,36.003,36.005,36.007,36.021
01.014/path-0471	DONE	app/xcf/xcf-private.h	e823a8ee3edd9fc3330910d0ea0565ecd15a6286	8401	functional-source-or-data	NO	Nonempty changed content; filename alone is not removal evidence	Assigned source/asset references retained in hunk-wbs.tsv	KEEP_CONTRACT	10.002,10.003,10.004,10.006,10.007,10.008,10.009,10.010,11.001,11.002,11.003,11.005,11.006,11.007,11.008,11.010,11.011,11.017,11.018,11.019,11.020,11.021	36.001,36.002,36.003,36.005,36.007,36.021
01.014/path-0472	DONE	app/xcf/xcf-save.c	c894ac58f7866196b21507508cd6c1245d9b64c4	70509	functional-source-or-data	NO	Nonempty changed content; filename alone is not removal evidence	Assigned source/asset references retained in hunk-wbs.tsv	KEEP_CONTRACT	10.011,10.012,10.013,10.014,12.001,12.002,12.002/clone-unresolved-write,12.003,12.003/filter-args-ownership,12.004,12.005,12.008,12.009	12.013,12.014,12.015,12.015/clone-unresolved-roundtrip,12.015/filter-args-roundtrip
01.014/path-0473	DONE	app/xcf/xcf.c	f02ccdb3f45da188d00d16a364abfce50aa670a0	17414	functional-source-or-data	NO	Nonempty changed content; filename alone is not removal evidence	Assigned source/asset references retained in hunk-wbs.tsv	KEEP_CONTRACT	10.002,10.003,10.004,10.006,10.007,10.008,10.009,10.010,11.001,11.002,11.003,11.005,11.006,11.007,11.008,11.010,11.011,11.017,11.018,11.019,11.020,11.021	36.001,36.002,36.003,36.005,36.007,36.021
01.014/path-0474	DONE	build/flatpak/flatpak-howto.txt	818c3dab77bf84e86e0657b4783a5ad9a22dec13	7112	functional-source-or-data	NO	Nonempty changed content; filename alone is not removal evidence	Assigned source/asset references retained in hunk-wbs.tsv	KEEP_CONTRACT	32.001,33.001,34.005,34.005/license-manifest	32.012,33.009,34.002
01.014/path-0475	DONE	build/flatpak/io.github.seagetch.GIMP-PAINTER-BaseApp.yml	d75b95ef5b59c4a3d7788f0a0940dbd4fa51a3c1	5899	functional-source-or-data	NO	Nonempty changed content; filename alone is not removal evidence	Assigned source/asset references retained in hunk-wbs.tsv	KEEP_CONTRACT	32.001,33.001,34.005,34.005/license-manifest	32.012,33.009,34.002
01.014/path-0476	DONE	build/flatpak/io.github.seagetch.GIMP-PAINTER.yml	c1ea9f59f24d4dba3fb6f85acecd4dc46cdb38ce	1350	functional-source-or-data	NO	Nonempty changed content; filename alone is not removal evidence	Assigned source/asset references retained in hunk-wbs.tsv	KEEP_CONTRACT	32.001,33.001,34.005,34.005/license-manifest	32.012,33.009,34.002
01.014/path-0477	DONE	build/flatpak/patches/webkitgtk-2.4.11.patch	85e9ad57be044b00c807ec5a23d8dc65f35588ad	602	functional-source-or-data	NO	Nonempty changed content; filename alone is not removal evidence	Assigned source/asset references retained in hunk-wbs.tsv	KEEP_CONTRACT	32.001,33.001,34.005,34.005/license-manifest	32.012,33.009,34.002
01.014/path-0478	DONE	configure.ac	f47f24a189e35eb614be51b166c6b2a71edfdf93	73666	functional-source-or-data	NO	Nonempty changed content; filename alone is not removal evidence	Assigned source/asset references retained in hunk-wbs.tsv	KEEP_CONTRACT	04.007,04.008,04.010,04.012,31.003	07.014,31.009
01.014/path-0479	DONE	data/Makefile.am	f02d9a8d9ba4fc5501cd8e5a5292e09688853a57	302	functional-source-or-data	NO	Nonempty changed content; filename alone is not removal evidence	Assigned source/asset references retained in hunk-wbs.tsv	KEEP_CONTRACT	30.009,30.010,30.011,30.017	34.002,34.014,38.005
01.014/path-0480	DONE	data/layer-presets/.gitignore	9ee6454019447a69aa7d51ee37338021285b1388	23	build-ignore-metadata	YES_AFTER_BUILD_REPLACEMENT	Git ignore patterns affect generated build outputs, not painting runtime	Replacement build/install rules must own generated outputs	REPLACE_WITH_CURRENT_BUILD_RULES	04.002,31.018	04.015,31.020
01.014/path-0481	DONE	data/layer-presets/Makefile.am	b09563576330cca863bd153d3e4e89e340fe02ea	366	functional-source-or-data	NO	Nonempty changed content; filename alone is not removal evidence	Assigned source/asset references retained in hunk-wbs.tsv	KEEP_CONTRACT	30.009,30.010,30.011,30.017	34.002,34.014,38.005
01.014/path-0482	DONE	data/layer-presets/crop-with-selection.json	e4d55ddecd572cb46897911919b255ddbbfc7e68	264	functional-source-or-data	NO	Nonempty changed content; filename alone is not removal evidence	Assigned source/asset references retained in hunk-wbs.tsv	KEEP_CONTRACT	28.001,28.004,28.005,28.006,28.007,28.008,30.017	28.011,28.012,28.013,28.015,34.014
01.014/path-0483	DONE	data/layer-presets/duplicate-as-clone.json	3dcd488c2fcc0ba163a1bc45f55d3e8f7efeabd4	388	functional-source-or-data	NO	Nonempty changed content; filename alone is not removal evidence	Assigned source/asset references retained in hunk-wbs.tsv	KEEP_CONTRACT	28.001,28.004,28.005,28.006,28.007,28.008,30.017	28.011,28.012,28.013,28.015,34.014
01.014/path-0484	DONE	data/layer-presets/duplicate-as-normal.json	d2efa2ddf698f3538effe08aed441e308d194a8c	348	functional-source-or-data	NO	Nonempty changed content; filename alone is not removal evidence	Assigned source/asset references retained in hunk-wbs.tsv	KEEP_CONTRACT	28.001,28.004,28.005,28.006,28.007,28.008,30.017	28.011,28.012,28.013,28.015,34.014
01.014/path-0485	DONE	data/layer-presets/new-anime-layer.json	3a9d4d03be789ab1264ef4b8e72bbe2dc3ad7c6f	909	functional-source-or-data	NO	Nonempty changed content; filename alone is not removal evidence	Assigned source/asset references retained in hunk-wbs.tsv	KEEP_CONTRACT	28.001,28.004,28.005,28.006,28.007,28.008,30.017	28.011,28.012,28.013,28.015,34.014
01.014/path-0486	DONE	data/layer-presets/new-cropped-layer.json	0b8ce8e816e34ecbb97be51872eb0cffc9a2111f	547	functional-source-or-data	NO	Nonempty changed content; filename alone is not removal evidence	Assigned source/asset references retained in hunk-wbs.tsv	KEEP_CONTRACT	28.001,28.004,28.005,28.006,28.007,28.008,30.017	28.011,28.012,28.013,28.015,34.014
01.014/path-0487	DONE	data/layer-presets/test.json	d27f53f873e4df40e188ca004515185c9488106d	458	functional-test-named-preset	NO	JSON version=1 contains source-layer and replacement-layer operations	Assigned source/asset references retained in hunk-wbs.tsv	KEEP_EDITABLE_ASSET	28.001,28.007,28.008,30.017	28.013,28.015,34.014
01.014/path-0488	DONE	data/layer-presets/test2.json	66fc85da19bd78e9f160ad3df7b3d3bf43b3358d	796	functional-test-named-preset	NO	JSON version=1 contains source-layer and replacement-layer operations	Assigned source/asset references retained in hunk-wbs.tsv	KEEP_EDITABLE_ASSET	28.001,28.007,28.008,30.017	28.013,28.015,34.014
01.014/path-0489	DONE	data/layer-presets/watercolor.json	1e322fbb144afa943bb1c1d18c942fc643d80ca5	874	functional-source-or-data	NO	Nonempty changed content; filename alone is not removal evidence	Assigned source/asset references retained in hunk-wbs.tsv	KEEP_CONTRACT	28.001,28.004,28.005,28.006,28.007,28.008,30.017	28.011,28.012,28.013,28.015,34.014
01.014/path-0490	DONE	data/mypaint-brushes/.gitignore	2db531ae3ab6a41a7a637a69b94bdb793c38af4b	29	build-ignore-metadata	YES_AFTER_BUILD_REPLACEMENT	Git ignore patterns affect generated build outputs, not painting runtime	Replacement build/install rules must own generated outputs	REPLACE_WITH_CURRENT_BUILD_RULES	04.002,31.018	04.015,31.020
01.014/path-0491	DONE	data/mypaint-brushes/FX_blender_prev.png	9d9a62e36cf65662a4483ff5d0c267fc09349b8f	6695	functional-source-or-data	NO	Nonempty changed content; filename alone is not removal evidence	Assigned source/asset references retained in hunk-wbs.tsv	KEEP_CONTRACT	19.013/preview-contract,30.017	24.017,34.014
01.014/path-0492	DONE	data/mypaint-brushes/Makefile.am	3a6e950b6d944e2d81f9a092a0b2f3377b239b2c	129	functional-source-or-data	NO	Nonempty changed content; filename alone is not removal evidence	Assigned source/asset references retained in hunk-wbs.tsv	KEEP_CONTRACT	30.009,30.010,30.011,30.017	34.002,34.014,38.005
01.014/path-0493	DONE	data/mypaint-brushes/Makefile.am.skel	b1fab22b8d2a14b4e70d62774e804d754bb6dd65	704	executable-ruby-generator	NO	Shebang #!/usr/bin/env ruby; generate_skel scans myb/preview pairs and writes per-directory Makefile.am	Assigned source/asset references retained in hunk-wbs.tsv	KEEP_GENERATOR_PURPOSE	30.017	34.013,34.014
01.014/path-0494	DONE	data/mypaint-brushes/classic/Makefile.am	ad34cd417924978b8ff80fd374b94c9cec1dd503	1524	functional-source-or-data	NO	Nonempty changed content; filename alone is not removal evidence	Assigned source/asset references retained in hunk-wbs.tsv	KEEP_CONTRACT	30.009,30.010,30.011,30.017	34.002,34.014,38.005
01.014/path-0495	DONE	data/mypaint-brushes/classic/blend+paint.myb	b6ce32f86f556aca96a0c7b70e015ddbb18f3f2b	4817	functional-source-or-data	NO	Nonempty changed content; filename alone is not removal evidence	Assigned source/asset references retained in hunk-wbs.tsv	KEEP_CONTRACT	19.001,19.002,19.003,19.004,19.005,19.006,19.007,19.008,19.009,30.009,30.017	19.015,36.014,36.015,34.014
01.014/path-0496	DONE	data/mypaint-brushes/classic/blend+paint_prev.png	309433a769a0c5369317f01b960f3d91164d9fc3	12001	functional-source-or-data	NO	Nonempty changed content; filename alone is not removal evidence	Assigned source/asset references retained in hunk-wbs.tsv	KEEP_CONTRACT	19.013/preview-contract,30.017	24.017,34.014
01.014/path-0497	DONE	data/mypaint-brushes/classic/blending_knife.myb	141b6a10434261bd483afc92be94353192aa1621	6475	functional-source-or-data	NO	Nonempty changed content; filename alone is not removal evidence	Assigned source/asset references retained in hunk-wbs.tsv	KEEP_CONTRACT	19.001,19.002,19.003,19.004,19.005,19.006,19.007,19.008,19.009,30.009,30.017	19.015,36.014,36.015,34.014
01.014/path-0498	DONE	data/mypaint-brushes/classic/blending_knife_prev.png	bbaf671c852ed3672020ca67c1df413938c63856	13255	functional-source-or-data	NO	Nonempty changed content; filename alone is not removal evidence	Assigned source/asset references retained in hunk-wbs.tsv	KEEP_CONTRACT	19.013/preview-contract,30.017	24.017,34.014
01.014/path-0499	DONE	data/mypaint-brushes/classic/blur.myb	518ed4db2cdb17d1214f5072121f2540fc30f9a8	5398	functional-source-or-data	NO	Nonempty changed content; filename alone is not removal evidence	Assigned source/asset references retained in hunk-wbs.tsv	KEEP_CONTRACT	19.001,19.002,19.003,19.004,19.005,19.006,19.007,19.008,19.009,30.009,30.017	19.015,36.014,36.015,34.014
01.014/path-0500	DONE	data/mypaint-brushes/classic/blur_prev.png	9fd4f31c67b4aaed451105b3f5fc8e48bba9bf61	6971	functional-source-or-data	NO	Nonempty changed content; filename alone is not removal evidence	Assigned source/asset references retained in hunk-wbs.tsv	KEEP_CONTRACT	19.013/preview-contract,30.017	24.017,34.014
01.014/path-0501	DONE	data/mypaint-brushes/classic/brush.myb	f18af6878dc45415cd6c41631ed6f42d6341beb2	6039	functional-source-or-data	NO	Nonempty changed content; filename alone is not removal evidence	Assigned source/asset references retained in hunk-wbs.tsv	KEEP_CONTRACT	19.001,19.002,19.003,19.004,19.005,19.006,19.007,19.008,19.009,30.009,30.017	19.015,36.014,36.015,34.014
01.014/path-0502	DONE	data/mypaint-brushes/classic/brush_prev.png	e81c052b8ccc02f5c1cd07f1c36bd1fcaf2d1ff8	5594	functional-source-or-data	NO	Nonempty changed content; filename alone is not removal evidence	Assigned source/asset references retained in hunk-wbs.tsv	KEEP_CONTRACT	19.013/preview-contract,30.017	24.017,34.014
01.014/path-0503	DONE	data/mypaint-brushes/classic/bulk.myb	7db1a633e40ca81cc459b202ae313ded10437849	5097	functional-source-or-data	NO	Nonempty changed content; filename alone is not removal evidence	Assigned source/asset references retained in hunk-wbs.tsv	KEEP_CONTRACT	19.001,19.002,19.003,19.004,19.005,19.006,19.007,19.008,19.009,30.009,30.017	19.015,36.014,36.015,34.014
01.014/path-0504	DONE	data/mypaint-brushes/classic/bulk_prev.png	391cef6b64b45abd837b8d2940cd766368f54380	7139	functional-source-or-data	NO	Nonempty changed content; filename alone is not removal evidence	Assigned source/asset references retained in hunk-wbs.tsv	KEEP_CONTRACT	19.013/preview-contract,30.017	24.017,34.014
01.014/path-0505	DONE	data/mypaint-brushes/classic/calligraphy.myb	3cd1441740e006eba9da367c1a8f7e0b767ee5a0	5881	functional-source-or-data	NO	Nonempty changed content; filename alone is not removal evidence	Assigned source/asset references retained in hunk-wbs.tsv	KEEP_CONTRACT	19.001,19.002,19.003,19.004,19.005,19.006,19.007,19.008,19.009,30.009,30.017	19.015,36.014,36.015,34.014
01.014/path-0506	DONE	data/mypaint-brushes/classic/calligraphy_prev.png	49c4e3e0b39231896509d8435de026dfd19439d7	8646	functional-source-or-data	NO	Nonempty changed content; filename alone is not removal evidence	Assigned source/asset references retained in hunk-wbs.tsv	KEEP_CONTRACT	19.013/preview-contract,30.017	24.017,34.014
01.014/path-0507	DONE	data/mypaint-brushes/classic/charcoal.myb	f4d9df8683e45a9e1d476b842f8537f6b1816083	5163	functional-source-or-data	NO	Nonempty changed content; filename alone is not removal evidence	Assigned source/asset references retained in hunk-wbs.tsv	KEEP_CONTRACT	19.001,19.002,19.003,19.004,19.005,19.006,19.007,19.008,19.009,30.009,30.017	19.015,36.014,36.015,34.014
01.014/path-0508	DONE	data/mypaint-brushes/classic/charcoal_prev.png	24a020fa794fbc846c2730cf33c48d7764dc676c	8417	functional-source-or-data	NO	Nonempty changed content; filename alone is not removal evidence	Assigned source/asset references retained in hunk-wbs.tsv	KEEP_CONTRACT	19.013/preview-contract,30.017	24.017,34.014
01.014/path-0509	DONE	data/mypaint-brushes/classic/coarse_bulk_1.myb	ebf414e50254aa447b8594940770c4303556246b	4622	functional-source-or-data	NO	Nonempty changed content; filename alone is not removal evidence	Assigned source/asset references retained in hunk-wbs.tsv	KEEP_CONTRACT	19.001,19.002,19.003,19.004,19.005,19.006,19.007,19.008,19.009,30.009,30.017	19.015,36.014,36.015,34.014
01.014/path-0510	DONE	data/mypaint-brushes/classic/coarse_bulk_1_prev.png	85b0e09d6be6f005c26e387070e76f477cf91180	19186	functional-source-or-data	NO	Nonempty changed content; filename alone is not removal evidence	Assigned source/asset references retained in hunk-wbs.tsv	KEEP_CONTRACT	19.013/preview-contract,30.017	24.017,34.014
01.014/path-0511	DONE	data/mypaint-brushes/classic/coarse_bulk_2.myb	7c00b339ab771db8ec589ddfea55daf553f493de	4887	functional-source-or-data	NO	Nonempty changed content; filename alone is not removal evidence	Assigned source/asset references retained in hunk-wbs.tsv	KEEP_CONTRACT	19.001,19.002,19.003,19.004,19.005,19.006,19.007,19.008,19.009,30.009,30.017	19.015,36.014,36.015,34.014
01.014/path-0512	DONE	data/mypaint-brushes/classic/coarse_bulk_2_prev.png	e410a1a64b236e0a42d34b5eec3c120a155b96c7	12260	functional-source-or-data	NO	Nonempty changed content; filename alone is not removal evidence	Assigned source/asset references retained in hunk-wbs.tsv	KEEP_CONTRACT	19.013/preview-contract,30.017	24.017,34.014
01.014/path-0513	DONE	data/mypaint-brushes/classic/coarse_bulk_3.myb	9e8f6c1019f3eeb21d75b1e63dd0d56e410c4929	4620	functional-source-or-data	NO	Nonempty changed content; filename alone is not removal evidence	Assigned source/asset references retained in hunk-wbs.tsv	KEEP_CONTRACT	19.001,19.002,19.003,19.004,19.005,19.006,19.007,19.008,19.009,30.009,30.017	19.015,36.014,36.015,34.014
01.014/path-0514	DONE	data/mypaint-brushes/classic/coarse_bulk_3_prev.png	da2acf0576d38c82fab8e61b46c7159f7147c388	12221	functional-source-or-data	NO	Nonempty changed content; filename alone is not removal evidence	Assigned source/asset references retained in hunk-wbs.tsv	KEEP_CONTRACT	19.013/preview-contract,30.017	24.017,34.014
01.014/path-0515	DONE	data/mypaint-brushes/classic/dry_brush.myb	c3dd829b14f974e47245e7758ac1e4baa93a2ba2	5399	functional-source-or-data	NO	Nonempty changed content; filename alone is not removal evidence	Assigned source/asset references retained in hunk-wbs.tsv	KEEP_CONTRACT	19.001,19.002,19.003,19.004,19.005,19.006,19.007,19.008,19.009,30.009,30.017	19.015,36.014,36.015,34.014
01.014/path-0516	DONE	data/mypaint-brushes/classic/dry_brush_prev.png	c554a3a9f2c46e6f70b0baf6bfc1c7e39d967a76	6995	functional-source-or-data	NO	Nonempty changed content; filename alone is not removal evidence	Assigned source/asset references retained in hunk-wbs.tsv	KEEP_CONTRACT	19.013/preview-contract,30.017	24.017,34.014
01.014/path-0517	DONE	data/mypaint-brushes/classic/files	9b5ce39ca19cf1acfd971eb3d1bd5c253bbb9dff	923	functional-source-or-data	NO	Nonempty changed content; filename alone is not removal evidence	Assigned source/asset references retained in hunk-wbs.tsv	KEEP_CONTRACT	30.009,30.010,30.011,30.017	34.002,34.014,38.005
01.014/path-0518	DONE	data/mypaint-brushes/classic/imp_blending.myb	16aa0bb4c0acda35621e232a251be5dd977552e2	8876	functional-source-or-data	NO	Nonempty changed content; filename alone is not removal evidence	Assigned source/asset references retained in hunk-wbs.tsv	KEEP_CONTRACT	19.001,19.002,19.003,19.004,19.005,19.006,19.007,19.008,19.009,30.009,30.017	19.015,36.014,36.015,34.014
01.014/path-0519	DONE	data/mypaint-brushes/classic/imp_blending_prev.png	6f39b81f7cd61fdda666a3a65160cf1b54542170	18360	functional-source-or-data	NO	Nonempty changed content; filename alone is not removal evidence	Assigned source/asset references retained in hunk-wbs.tsv	KEEP_CONTRACT	19.013/preview-contract,30.017	24.017,34.014
01.014/path-0520	DONE	data/mypaint-brushes/classic/imp_details.myb	aaf3a1f7077505b8209c6bc7a13f7ec85243bec0	9901	functional-source-or-data	NO	Nonempty changed content; filename alone is not removal evidence	Assigned source/asset references retained in hunk-wbs.tsv	KEEP_CONTRACT	19.001,19.002,19.003,19.004,19.005,19.006,19.007,19.008,19.009,30.009,30.017	19.015,36.014,36.015,34.014
01.014/path-0521	DONE	data/mypaint-brushes/classic/imp_details_prev.png	89453b3f70202145b44e95ee2038d2f024caefdd	14813	functional-source-or-data	NO	Nonempty changed content; filename alone is not removal evidence	Assigned source/asset references retained in hunk-wbs.tsv	KEEP_CONTRACT	19.013/preview-contract,30.017	24.017,34.014
01.014/path-0522	DONE	data/mypaint-brushes/classic/impressionism.myb	68f16e3b2436bdc578d92953de22978c6fabaa69	9411	functional-source-or-data	NO	Nonempty changed content; filename alone is not removal evidence	Assigned source/asset references retained in hunk-wbs.tsv	KEEP_CONTRACT	19.001,19.002,19.003,19.004,19.005,19.006,19.007,19.008,19.009,30.009,30.017	19.015,36.014,36.015,34.014
01.014/path-0523	DONE	data/mypaint-brushes/classic/impressionism_prev.png	e4d9fa1e5f06c6e8199bacc24282e4b7fa6ee2b6	23739	functional-source-or-data	NO	Nonempty changed content; filename alone is not removal evidence	Assigned source/asset references retained in hunk-wbs.tsv	KEEP_CONTRACT	19.013/preview-contract,30.017	24.017,34.014
01.014/path-0524	DONE	data/mypaint-brushes/classic/ink_blot.myb	aa843165b56a4598e685f74640e8787e2d3958f5	4616	functional-source-or-data	NO	Nonempty changed content; filename alone is not removal evidence	Assigned source/asset references retained in hunk-wbs.tsv	KEEP_CONTRACT	19.001,19.002,19.003,19.004,19.005,19.006,19.007,19.008,19.009,30.009,30.017	19.015,36.014,36.015,34.014
01.014/path-0525	DONE	data/mypaint-brushes/classic/ink_blot_prev.png	5f8f68c77d2d9b51f426cc5a377dbe8b4db3f4b4	11191	functional-source-or-data	NO	Nonempty changed content; filename alone is not removal evidence	Assigned source/asset references retained in hunk-wbs.tsv	KEEP_CONTRACT	19.013/preview-contract,30.017	24.017,34.014
01.014/path-0526	DONE	data/mypaint-brushes/classic/ink_eraser.myb	e8527ba0f9100e8bfe1f86f1ecd608664f6a4ba9	5858	functional-source-or-data	NO	Nonempty changed content; filename alone is not removal evidence	Assigned source/asset references retained in hunk-wbs.tsv	KEEP_CONTRACT	19.001,19.002,19.003,19.004,19.005,19.006,19.007,19.008,19.009,30.009,30.017	19.015,36.014,36.015,34.014
01.014/path-0527	DONE	data/mypaint-brushes/classic/ink_eraser_prev.png	1325e99458635eeb096bd886ff20c9cbdfb0f95f	9111	functional-source-or-data	NO	Nonempty changed content; filename alone is not removal evidence	Assigned source/asset references retained in hunk-wbs.tsv	KEEP_CONTRACT	19.013/preview-contract,30.017	24.017,34.014
01.014/path-0528	DONE	data/mypaint-brushes/classic/kabura.myb	499f273adb4d60a7ed46e7a8d2535d47d36884a5	6569	functional-source-or-data	NO	Nonempty changed content; filename alone is not removal evidence	Assigned source/asset references retained in hunk-wbs.tsv	KEEP_CONTRACT	19.001,19.002,19.003,19.004,19.005,19.006,19.007,19.008,19.009,30.009,30.017	19.015,36.014,36.015,34.014
01.014/path-0529	DONE	data/mypaint-brushes/classic/kabura_prev.png	17335f9fc030ae84624d0c9ed998be5734f98bb4	8465	functional-source-or-data	NO	Nonempty changed content; filename alone is not removal evidence	Assigned source/asset references retained in hunk-wbs.tsv	KEEP_CONTRACT	19.013/preview-contract,30.017	24.017,34.014
01.014/path-0530	DONE	data/mypaint-brushes/classic/knife.myb	126e25a7b37ebd6e7d7117929ba7580343191e79	4883	functional-source-or-data	NO	Nonempty changed content; filename alone is not removal evidence	Assigned source/asset references retained in hunk-wbs.tsv	KEEP_CONTRACT	19.001,19.002,19.003,19.004,19.005,19.006,19.007,19.008,19.009,30.009,30.017	19.015,36.014,36.015,34.014
01.014/path-0531	DONE	data/mypaint-brushes/classic/knife_prev.png	535976c3b05660b14af784867fa639c5a3dc17ac	7694	functional-source-or-data	NO	Nonempty changed content; filename alone is not removal evidence	Assigned source/asset references retained in hunk-wbs.tsv	KEEP_CONTRACT	19.013/preview-contract,30.017	24.017,34.014
01.014/path-0532	DONE	data/mypaint-brushes/classic/long_grass.myb	d49235577e8b985f7b69c37f2cfebf6532ec53a7	8863	functional-source-or-data	NO	Nonempty changed content; filename alone is not removal evidence	Assigned source/asset references retained in hunk-wbs.tsv	KEEP_CONTRACT	19.001,19.002,19.003,19.004,19.005,19.006,19.007,19.008,19.009,30.009,30.017	19.015,36.014,36.015,34.014
01.014/path-0533	DONE	data/mypaint-brushes/classic/long_grass_prev.png	cd5a4a37d427851f1661c175ee3729d234b39fb8	16579	functional-source-or-data	NO	Nonempty changed content; filename alone is not removal evidence	Assigned source/asset references retained in hunk-wbs.tsv	KEEP_CONTRACT	19.013/preview-contract,30.017	24.017,34.014
01.014/path-0534	DONE	data/mypaint-brushes/classic/marker_fat.myb	509c7c2c96aada59e3982b915dc72255f122f3f9	5783	functional-source-or-data	NO	Nonempty changed content; filename alone is not removal evidence	Assigned source/asset references retained in hunk-wbs.tsv	KEEP_CONTRACT	19.001,19.002,19.003,19.004,19.005,19.006,19.007,19.008,19.009,30.009,30.017	19.015,36.014,36.015,34.014
01.014/path-0535	DONE	data/mypaint-brushes/classic/marker_fat_prev.png	5d99b17b1a32ea60cf489003e670d6fff5077190	9065	functional-source-or-data	NO	Nonempty changed content; filename alone is not removal evidence	Assigned source/asset references retained in hunk-wbs.tsv	KEEP_CONTRACT	19.013/preview-contract,30.017	24.017,34.014
01.014/path-0536	DONE	data/mypaint-brushes/classic/marker_small.myb	281d2c44bb1edbb7b102e0e829abc7a8da2b894c	5782	functional-source-or-data	NO	Nonempty changed content; filename alone is not removal evidence	Assigned source/asset references retained in hunk-wbs.tsv	KEEP_CONTRACT	19.001,19.002,19.003,19.004,19.005,19.006,19.007,19.008,19.009,30.009,30.017	19.015,36.014,36.015,34.014
01.014/path-0537	DONE	data/mypaint-brushes/classic/marker_small_prev.png	3834028df463d38a4a8dbf7ce4ec6407abb9a1e8	9933	functional-source-or-data	NO	Nonempty changed content; filename alone is not removal evidence	Assigned source/asset references retained in hunk-wbs.tsv	KEEP_CONTRACT	19.013/preview-contract,30.017	24.017,34.014
01.014/path-0538	DONE	data/mypaint-brushes/classic/modelling.myb	348f93e7ba82ff0283e6b0c51bfdb1fe8687cf00	6391	functional-source-or-data	NO	Nonempty changed content; filename alone is not removal evidence	Assigned source/asset references retained in hunk-wbs.tsv	KEEP_CONTRACT	19.001,19.002,19.003,19.004,19.005,19.006,19.007,19.008,19.009,30.009,30.017	19.015,36.014,36.015,34.014
01.014/path-0539	DONE	data/mypaint-brushes/classic/modelling2.myb	3e08e7569fc6af72d5bbc8e4ce14b13224bcf023	9469	functional-source-or-data	NO	Nonempty changed content; filename alone is not removal evidence	Assigned source/asset references retained in hunk-wbs.tsv	KEEP_CONTRACT	19.001,19.002,19.003,19.004,19.005,19.006,19.007,19.008,19.009,30.009,30.017	19.015,36.014,36.015,34.014
01.014/path-0540	DONE	data/mypaint-brushes/classic/modelling2_prev.png	179c84de67f1fe36026c4905fd433d7f96163d77	8746	functional-source-or-data	NO	Nonempty changed content; filename alone is not removal evidence	Assigned source/asset references retained in hunk-wbs.tsv	KEEP_CONTRACT	19.013/preview-contract,30.017	24.017,34.014
01.014/path-0541	DONE	data/mypaint-brushes/classic/modelling_prev.png	5ec6c93e26cfef9bfb7d6547cd013334dab65766	11835	functional-source-or-data	NO	Nonempty changed content; filename alone is not removal evidence	Assigned source/asset references retained in hunk-wbs.tsv	KEEP_CONTRACT	19.013/preview-contract,30.017	24.017,34.014
01.014/path-0542	DONE	data/mypaint-brushes/classic/pen.myb	605789620961946efc844da9f6360e4010ccfa6a	5869	functional-source-or-data	NO	Nonempty changed content; filename alone is not removal evidence	Assigned source/asset references retained in hunk-wbs.tsv	KEEP_CONTRACT	19.001,19.002,19.003,19.004,19.005,19.006,19.007,19.008,19.009,30.009,30.017	19.015,36.014,36.015,34.014
01.014/path-0543	DONE	data/mypaint-brushes/classic/pen_prev.png	b87e2487bf1b47e843c79072f72223abd2d256c8	8554	functional-source-or-data	NO	Nonempty changed content; filename alone is not removal evidence	Assigned source/asset references retained in hunk-wbs.tsv	KEEP_CONTRACT	19.013/preview-contract,30.017	24.017,34.014
01.014/path-0544	DONE	data/mypaint-brushes/classic/pencil.myb	28784348d6eceb07bc9cac4e8c81373050b57142	5143	functional-source-or-data	NO	Nonempty changed content; filename alone is not removal evidence	Assigned source/asset references retained in hunk-wbs.tsv	KEEP_CONTRACT	19.001,19.002,19.003,19.004,19.005,19.006,19.007,19.008,19.009,30.009,30.017	19.015,36.014,36.015,34.014
01.014/path-0545	DONE	data/mypaint-brushes/classic/pencil_prev.png	6e618eba8ad523b1f68368ec0f036202870b5b36	17394	functional-source-or-data	NO	Nonempty changed content; filename alone is not removal evidence	Assigned source/asset references retained in hunk-wbs.tsv	KEEP_CONTRACT	19.013/preview-contract,30.017	24.017,34.014
01.014/path-0546	DONE	data/mypaint-brushes/classic/pointy_ink.myb	d6e77be0b47f26d455145605ee5e19f5a6a974f5	6595	functional-source-or-data	NO	Nonempty changed content; filename alone is not removal evidence	Assigned source/asset references retained in hunk-wbs.tsv	KEEP_CONTRACT	19.001,19.002,19.003,19.004,19.005,19.006,19.007,19.008,19.009,30.009,30.017	19.015,36.014,36.015,34.014
01.014/path-0547	DONE	data/mypaint-brushes/classic/pointy_ink_prev.png	1b0aafa09158bc7301fb6cca9348f97b08fe2f98	9458	functional-source-or-data	NO	Nonempty changed content; filename alone is not removal evidence	Assigned source/asset references retained in hunk-wbs.tsv	KEEP_CONTRACT	19.013/preview-contract,30.017	24.017,34.014
01.014/path-0548	DONE	data/mypaint-brushes/classic/puantilism.myb	dd6db48ccc977909f5df943139b93c1d7c3d1a1b	8508	functional-source-or-data	NO	Nonempty changed content; filename alone is not removal evidence	Assigned source/asset references retained in hunk-wbs.tsv	KEEP_CONTRACT	19.001,19.002,19.003,19.004,19.005,19.006,19.007,19.008,19.009,30.009,30.017	19.015,36.014,36.015,34.014
01.014/path-0549	DONE	data/mypaint-brushes/classic/puantilism2.myb	5fc00294f2db0057b5c2cbe332a7e4a7d69d930b	9422	functional-source-or-data	NO	Nonempty changed content; filename alone is not removal evidence	Assigned source/asset references retained in hunk-wbs.tsv	KEEP_CONTRACT	19.001,19.002,19.003,19.004,19.005,19.006,19.007,19.008,19.009,30.009,30.017	19.015,36.014,36.015,34.014
01.014/path-0550	DONE	data/mypaint-brushes/classic/puantilism2_prev.png	399c09313f79f1535f52a2d326f24a01fa4603da	15435	functional-source-or-data	NO	Nonempty changed content; filename alone is not removal evidence	Assigned source/asset references retained in hunk-wbs.tsv	KEEP_CONTRACT	19.013/preview-contract,30.017	24.017,34.014
01.014/path-0551	DONE	data/mypaint-brushes/classic/puantilism_prev.png	306b4dda0ebfd76a70922039277f1ff4ee70c819	19825	functional-source-or-data	NO	Nonempty changed content; filename alone is not removal evidence	Assigned source/asset references retained in hunk-wbs.tsv	KEEP_CONTRACT	19.013/preview-contract,30.017	24.017,34.014
01.014/path-0552	DONE	data/mypaint-brushes/classic/rounded.myb	5295d7e0b225514fae0ef74b4b6f367f4ef6946c	5372	functional-source-or-data	NO	Nonempty changed content; filename alone is not removal evidence	Assigned source/asset references retained in hunk-wbs.tsv	KEEP_CONTRACT	19.001,19.002,19.003,19.004,19.005,19.006,19.007,19.008,19.009,30.009,30.017	19.015,36.014,36.015,34.014
01.014/path-0553	DONE	data/mypaint-brushes/classic/rounded_prev.png	6c706a77f2744c4bef9fa1699dc2a0dfaa96d20a	7134	functional-source-or-data	NO	Nonempty changed content; filename alone is not removal evidence	Assigned source/asset references retained in hunk-wbs.tsv	KEEP_CONTRACT	19.013/preview-contract,30.017	24.017,34.014
01.014/path-0554	DONE	data/mypaint-brushes/classic/short_grass.myb	1521fbec52ff94b075bb1efef329cb921f3b990a	7087	functional-source-or-data	NO	Nonempty changed content; filename alone is not removal evidence	Assigned source/asset references retained in hunk-wbs.tsv	KEEP_CONTRACT	19.001,19.002,19.003,19.004,19.005,19.006,19.007,19.008,19.009,30.009,30.017	19.015,36.014,36.015,34.014
01.014/path-0555	DONE	data/mypaint-brushes/classic/short_grass_prev.png	181375de3efa5a6486e25608879ac7267c5a86e9	15107	functional-source-or-data	NO	Nonempty changed content; filename alone is not removal evidence	Assigned source/asset references retained in hunk-wbs.tsv	KEEP_CONTRACT	19.013/preview-contract,30.017	24.017,34.014
01.014/path-0556	DONE	data/mypaint-brushes/classic/slow_ink.myb	7452fa8f2c5c4c3c85f81dbde2cc5864fe36ed78	5876	functional-source-or-data	NO	Nonempty changed content; filename alone is not removal evidence	Assigned source/asset references retained in hunk-wbs.tsv	KEEP_CONTRACT	19.001,19.002,19.003,19.004,19.005,19.006,19.007,19.008,19.009,30.009,30.017	19.015,36.014,36.015,34.014
01.014/path-0557	DONE	data/mypaint-brushes/classic/slow_ink_prev.png	29dbeb991ddf2a5310b6cd4b22c65d459f3f3c11	8517	functional-source-or-data	NO	Nonempty changed content; filename alone is not removal evidence	Assigned source/asset references retained in hunk-wbs.tsv	KEEP_CONTRACT	19.013/preview-contract,30.017	24.017,34.014
01.014/path-0558	DONE	data/mypaint-brushes/classic/smudge+paint.myb	bf747b66e93eb7aef14e90742625c947bc7219b8	6454	functional-source-or-data	NO	Nonempty changed content; filename alone is not removal evidence	Assigned source/asset references retained in hunk-wbs.tsv	KEEP_CONTRACT	19.001,19.002,19.003,19.004,19.005,19.006,19.007,19.008,19.009,30.009,30.017	19.015,36.014,36.015,34.014
01.014/path-0559	DONE	data/mypaint-brushes/classic/smudge+paint_prev.png	261ef9a522de67d9b90f85660cba8c75f6d246d5	11746	functional-source-or-data	NO	Nonempty changed content; filename alone is not removal evidence	Assigned source/asset references retained in hunk-wbs.tsv	KEEP_CONTRACT	19.013/preview-contract,30.017	24.017,34.014
01.014/path-0560	DONE	data/mypaint-brushes/classic/smudge.myb	876fdd194bf5f56cfa47f3ca2555d3b8977e1cc0	5142	functional-source-or-data	NO	Nonempty changed content; filename alone is not removal evidence	Assigned source/asset references retained in hunk-wbs.tsv	KEEP_CONTRACT	19.001,19.002,19.003,19.004,19.005,19.006,19.007,19.008,19.009,30.009,30.017	19.015,36.014,36.015,34.014
01.014/path-0561	DONE	data/mypaint-brushes/classic/smudge_prev.png	e9e08ee5a17c47f99a76f9088e77cac0745b4f8d	11419	functional-source-or-data	NO	Nonempty changed content; filename alone is not removal evidence	Assigned source/asset references retained in hunk-wbs.tsv	KEEP_CONTRACT	19.013/preview-contract,30.017	24.017,34.014
01.014/path-0562	DONE	data/mypaint-brushes/classic/textured_ink.myb	30588b50fcfb2506007718e35848855ab4c7669e	5534	functional-source-or-data	NO	Nonempty changed content; filename alone is not removal evidence	Assigned source/asset references retained in hunk-wbs.tsv	KEEP_CONTRACT	19.001,19.002,19.003,19.004,19.005,19.006,19.007,19.008,19.009,30.009,30.017	19.015,36.014,36.015,34.014
01.014/path-0563	DONE	data/mypaint-brushes/classic/textured_ink_prev.png	2affba569d6efd2a52a27ac39a95acdcc1eb1dde	8441	functional-source-or-data	NO	Nonempty changed content; filename alone is not removal evidence	Assigned source/asset references retained in hunk-wbs.tsv	KEEP_CONTRACT	19.013/preview-contract,30.017	24.017,34.014
01.014/path-0564	DONE	data/mypaint-brushes/classic/wet_knife.myb	dfafb983ccd9357cd82e731370c468c108364192	5380	functional-source-or-data	NO	Nonempty changed content; filename alone is not removal evidence	Assigned source/asset references retained in hunk-wbs.tsv	KEEP_CONTRACT	19.001,19.002,19.003,19.004,19.005,19.006,19.007,19.008,19.009,30.009,30.017	19.015,36.014,36.015,34.014
01.014/path-0565	DONE	data/mypaint-brushes/classic/wet_knife_prev.png	2e3e6412a3d1bbb20c3f3884be3c1a59e234ca09	10073	functional-source-or-data	NO	Nonempty changed content; filename alone is not removal evidence	Assigned source/asset references retained in hunk-wbs.tsv	KEEP_CONTRACT	19.013/preview-contract,30.017	24.017,34.014
01.014/path-0566	DONE	data/mypaint-brushes/deevad/2B_pencil.myb	3205cbc98c1272249a2c3a8cf557006887db3c10	5555	functional-source-or-data	NO	Nonempty changed content; filename alone is not removal evidence	Assigned source/asset references retained in hunk-wbs.tsv	KEEP_CONTRACT	19.001,19.002,19.003,19.004,19.005,19.006,19.007,19.008,19.009,30.009,30.017	19.015,36.014,36.015,34.014
01.014/path-0567	DONE	data/mypaint-brushes/deevad/2B_pencil_prev.png	73d3a99e9e9a6bf5b8baa594401c7db1b8fde4e1	21701	functional-source-or-data	NO	Nonempty changed content; filename alone is not removal evidence	Assigned source/asset references retained in hunk-wbs.tsv	KEEP_CONTRACT	19.013/preview-contract,30.017	24.017,34.014
01.014/path-0568	DONE	data/mypaint-brushes/deevad/4H_pencil.myb	0a80faac850ec78d6057b65b506c93d2d979293e	5545	functional-source-or-data	NO	Nonempty changed content; filename alone is not removal evidence	Assigned source/asset references retained in hunk-wbs.tsv	KEEP_CONTRACT	19.001,19.002,19.003,19.004,19.005,19.006,19.007,19.008,19.009,30.009,30.017	19.015,36.014,36.015,34.014
01.014/path-0569	DONE	data/mypaint-brushes/deevad/4H_pencil_prev.png	1a5b4e7bcb6a5b63109719b2ded924b1631d1b45	18569	functional-source-or-data	NO	Nonempty changed content; filename alone is not removal evidence	Assigned source/asset references retained in hunk-wbs.tsv	KEEP_CONTRACT	19.013/preview-contract,30.017	24.017,34.014
01.014/path-0570	DONE	data/mypaint-brushes/deevad/Makefile.am	e6fe2d15fa9be04d3bb1c556ee4e77c46ee87be5	1884	functional-source-or-data	NO	Nonempty changed content; filename alone is not removal evidence	Assigned source/asset references retained in hunk-wbs.tsv	KEEP_CONTRACT	30.009,30.010,30.011,30.017	34.002,34.014,38.005
01.014/path-0571	DONE	data/mypaint-brushes/deevad/airbrush.myb	8b4249019795f36f56f0a724d07e2614bc3656e2	5646	functional-source-or-data	NO	Nonempty changed content; filename alone is not removal evidence	Assigned source/asset references retained in hunk-wbs.tsv	KEEP_CONTRACT	19.001,19.002,19.003,19.004,19.005,19.006,19.007,19.008,19.009,30.009,30.017	19.015,36.014,36.015,34.014
01.014/path-0572	DONE	data/mypaint-brushes/deevad/airbrush_prev.png	188ebaae4d02489f790387216353ee975a5e0843	14571	functional-source-or-data	NO	Nonempty changed content; filename alone is not removal evidence	Assigned source/asset references retained in hunk-wbs.tsv	KEEP_CONTRACT	19.013/preview-contract,30.017	24.017,34.014
01.014/path-0573	DONE	data/mypaint-brushes/deevad/ballpen.myb	259fe8622808c7ebd79bbe996ea5d5c260e98f8f	5659	functional-source-or-data	NO	Nonempty changed content; filename alone is not removal evidence	Assigned source/asset references retained in hunk-wbs.tsv	KEEP_CONTRACT	19.001,19.002,19.003,19.004,19.005,19.006,19.007,19.008,19.009,30.009,30.017	19.015,36.014,36.015,34.014
01.014/path-0574	DONE	data/mypaint-brushes/deevad/ballpen_prev.png	d74140f40993b6080fdfca4ca3727a3a49186443	20033	functional-source-or-data	NO	Nonempty changed content; filename alone is not removal evidence	Assigned source/asset references retained in hunk-wbs.tsv	KEEP_CONTRACT	19.013/preview-contract,30.017	24.017,34.014
01.014/path-0575	DONE	data/mypaint-brushes/deevad/basic_digital_brush.myb	7245fa7aac4c12d03b4c975f55c8e1755eb4c03b	6715	functional-source-or-data	NO	Nonempty changed content; filename alone is not removal evidence	Assigned source/asset references retained in hunk-wbs.tsv	KEEP_CONTRACT	19.001,19.002,19.003,19.004,19.005,19.006,19.007,19.008,19.009,30.009,30.017	19.015,36.014,36.015,34.014
01.014/path-0576	DONE	data/mypaint-brushes/deevad/basic_digital_brush_prev.png	75a6a40c9cebdbc492312a2c0f37801dafd2b377	17952	functional-source-or-data	NO	Nonempty changed content; filename alone is not removal evidence	Assigned source/asset references retained in hunk-wbs.tsv	KEEP_CONTRACT	19.013/preview-contract,30.017	24.017,34.014
01.014/path-0577	DONE	data/mypaint-brushes/deevad/basic_digital_brush_smudging.myb	c3b3dbba024f03028a412bc6736563db6bc94653	6288	functional-source-or-data	NO	Nonempty changed content; filename alone is not removal evidence	Assigned source/asset references retained in hunk-wbs.tsv	KEEP_CONTRACT	19.001,19.002,19.003,19.004,19.005,19.006,19.007,19.008,19.009,30.009,30.017	19.015,36.014,36.015,34.014
01.014/path-0578	DONE	data/mypaint-brushes/deevad/basic_digital_brush_smudging_prev.png	dfc1f039295a9093ee4387f80d5062ececa9c244	18682	functional-source-or-data	NO	Nonempty changed content; filename alone is not removal evidence	Assigned source/asset references retained in hunk-wbs.tsv	KEEP_CONTRACT	19.013/preview-contract,30.017	24.017,34.014
01.014/path-0579	DONE	data/mypaint-brushes/deevad/basic_digital_knife.myb	355c44c7a96fa43f3b13e60b27ead37491846c25	6733	functional-source-or-data	NO	Nonempty changed content; filename alone is not removal evidence	Assigned source/asset references retained in hunk-wbs.tsv	KEEP_CONTRACT	19.001,19.002,19.003,19.004,19.005,19.006,19.007,19.008,19.009,30.009,30.017	19.015,36.014,36.015,34.014
01.014/path-0580	DONE	data/mypaint-brushes/deevad/basic_digital_knife_prev.png	3b06ffe4ea9aa5011d491c691ce83b72806f1c18	17603	functional-source-or-data	NO	Nonempty changed content; filename alone is not removal evidence	Assigned source/asset references retained in hunk-wbs.tsv	KEEP_CONTRACT	19.013/preview-contract,30.017	24.017,34.014
01.014/path-0581	DONE	data/mypaint-brushes/deevad/basic_digital_knife_smudging.myb	ef074467996709da8dd614206b6ac93766b04815	5988	functional-source-or-data	NO	Nonempty changed content; filename alone is not removal evidence	Assigned source/asset references retained in hunk-wbs.tsv	KEEP_CONTRACT	19.001,19.002,19.003,19.004,19.005,19.006,19.007,19.008,19.009,30.009,30.017	19.015,36.014,36.015,34.014
01.014/path-0582	DONE	data/mypaint-brushes/deevad/basic_digital_knife_smudging_prev.png	626abe4b6a773d4da2e217b64125dfc1e34425f8	18613	functional-source-or-data	NO	Nonempty changed content; filename alone is not removal evidence	Assigned source/asset references retained in hunk-wbs.tsv	KEEP_CONTRACT	19.013/preview-contract,30.017	24.017,34.014
01.014/path-0583	DONE	data/mypaint-brushes/deevad/blending.myb	2aaa94dcca6528d39ec9bf0c598badacf4bf1f84	5180	functional-source-or-data	NO	Nonempty changed content; filename alone is not removal evidence	Assigned source/asset references retained in hunk-wbs.tsv	KEEP_CONTRACT	19.001,19.002,19.003,19.004,19.005,19.006,19.007,19.008,19.009,30.009,30.017	19.015,36.014,36.015,34.014
01.014/path-0584	DONE	data/mypaint-brushes/deevad/blending_prev.png	8b05d04b31ff85f9ec491dbdbaa256fbd5bac0de	11624	functional-source-or-data	NO	Nonempty changed content; filename alone is not removal evidence	Assigned source/asset references retained in hunk-wbs.tsv	KEEP_CONTRACT	19.013/preview-contract,30.017	24.017,34.014
01.014/path-0585	DONE	data/mypaint-brushes/deevad/brush.myb	7dcb8206ea51f9a3054cfcf5f6a34fe734c573f6	5589	functional-source-or-data	NO	Nonempty changed content; filename alone is not removal evidence	Assigned source/asset references retained in hunk-wbs.tsv	KEEP_CONTRACT	19.001,19.002,19.003,19.004,19.005,19.006,19.007,19.008,19.009,30.009,30.017	19.015,36.014,36.015,34.014
01.014/path-0586	DONE	data/mypaint-brushes/deevad/brush_prev.png	17725ba59b7f80ccb947f9b4f06794e4a170ac26	13836	functional-source-or-data	NO	Nonempty changed content; filename alone is not removal evidence	Assigned source/asset references retained in hunk-wbs.tsv	KEEP_CONTRACT	19.013/preview-contract,30.017	24.017,34.014
01.014/path-0587	DONE	data/mypaint-brushes/deevad/chalk.myb	c2a272e5c99ebb2c22bfc3c758a09339b2eb9ee8	6029	functional-source-or-data	NO	Nonempty changed content; filename alone is not removal evidence	Assigned source/asset references retained in hunk-wbs.tsv	KEEP_CONTRACT	19.001,19.002,19.003,19.004,19.005,19.006,19.007,19.008,19.009,30.009,30.017	19.015,36.014,36.015,34.014
01.014/path-0588	DONE	data/mypaint-brushes/deevad/chalk_prev.png	a4927ba6a0643c10d7e7ee886ca7d25800d37555	15425	functional-source-or-data	NO	Nonempty changed content; filename alone is not removal evidence	Assigned source/asset references retained in hunk-wbs.tsv	KEEP_CONTRACT	19.013/preview-contract,30.017	24.017,34.014
01.014/path-0589	DONE	data/mypaint-brushes/deevad/detail_brush_large.myb	71c75d19b3dc3ad9a3e9017a83d53c2818f0e1d7	5837	functional-source-or-data	NO	Nonempty changed content; filename alone is not removal evidence	Assigned source/asset references retained in hunk-wbs.tsv	KEEP_CONTRACT	19.001,19.002,19.003,19.004,19.005,19.006,19.007,19.008,19.009,30.009,30.017	19.015,36.014,36.015,34.014
01.014/path-0590	DONE	data/mypaint-brushes/deevad/detail_brush_large_glazing.myb	02e3b5dcc58ec786a88d8f67a9b3747f062f333e	5848	functional-source-or-data	NO	Nonempty changed content; filename alone is not removal evidence	Assigned source/asset references retained in hunk-wbs.tsv	KEEP_CONTRACT	19.001,19.002,19.003,19.004,19.005,19.006,19.007,19.008,19.009,30.009,30.017	19.015,36.014,36.015,34.014
01.014/path-0591	DONE	data/mypaint-brushes/deevad/detail_brush_large_glazing_prev.png	be7980975ec398647aa8de4fa860c493726c0f0d	13913	functional-source-or-data	NO	Nonempty changed content; filename alone is not removal evidence	Assigned source/asset references retained in hunk-wbs.tsv	KEEP_CONTRACT	19.013/preview-contract,30.017	24.017,34.014
01.014/path-0592	DONE	data/mypaint-brushes/deevad/detail_brush_large_prev.png	a075e4e8092546253f69f55290755ec2e8531e65	17562	functional-source-or-data	NO	Nonempty changed content; filename alone is not removal evidence	Assigned source/asset references retained in hunk-wbs.tsv	KEEP_CONTRACT	19.013/preview-contract,30.017	24.017,34.014
01.014/path-0593	DONE	data/mypaint-brushes/deevad/detail_brush_thin.myb	eb4586df41a01de7dace8014c4720cb639f0fed0	5867	functional-source-or-data	NO	Nonempty changed content; filename alone is not removal evidence	Assigned source/asset references retained in hunk-wbs.tsv	KEEP_CONTRACT	19.001,19.002,19.003,19.004,19.005,19.006,19.007,19.008,19.009,30.009,30.017	19.015,36.014,36.015,34.014
01.014/path-0594	DONE	data/mypaint-brushes/deevad/detail_brush_thin_glazing.myb	9947ea8ff62666f26d3368545d63821860a918d7	5822	functional-source-or-data	NO	Nonempty changed content; filename alone is not removal evidence	Assigned source/asset references retained in hunk-wbs.tsv	KEEP_CONTRACT	19.001,19.002,19.003,19.004,19.005,19.006,19.007,19.008,19.009,30.009,30.017	19.015,36.014,36.015,34.014
01.014/path-0595	DONE	data/mypaint-brushes/deevad/detail_brush_thin_glazing_prev.png	546ac3a3916c86bb7272e27cafd5b614d8e017d0	13453	functional-source-or-data	NO	Nonempty changed content; filename alone is not removal evidence	Assigned source/asset references retained in hunk-wbs.tsv	KEEP_CONTRACT	19.013/preview-contract,30.017	24.017,34.014
01.014/path-0596	DONE	data/mypaint-brushes/deevad/detail_brush_thin_prev.png	d6d45a12a06c2d63a115d6983f7cd13055530bc4	17096	functional-source-or-data	NO	Nonempty changed content; filename alone is not removal evidence	Assigned source/asset references retained in hunk-wbs.tsv	KEEP_CONTRACT	19.013/preview-contract,30.017	24.017,34.014
01.014/path-0597	DONE	data/mypaint-brushes/deevad/files	63a6339823e55b01e425953b2c73cc1b599a8d11	932	functional-source-or-data	NO	Nonempty changed content; filename alone is not removal evidence	Assigned source/asset references retained in hunk-wbs.tsv	KEEP_CONTRACT	30.009,30.010,30.011,30.017	34.002,34.014,38.005
01.014/path-0598	DONE	data/mypaint-brushes/deevad/fill.myb	a933a3a346c8bb56e216b2fcd5610fab23231c3e	5353	functional-source-or-data	NO	Nonempty changed content; filename alone is not removal evidence	Assigned source/asset references retained in hunk-wbs.tsv	KEEP_CONTRACT	19.001,19.002,19.003,19.004,19.005,19.006,19.007,19.008,19.009,30.009,30.017	19.015,36.014,36.015,34.014
01.014/path-0599	DONE	data/mypaint-brushes/deevad/fill_prev.png	beb79e51f62e4700db2ba476f96ac93df6c29d69	12848	functional-source-or-data	NO	Nonempty changed content; filename alone is not removal evidence	Assigned source/asset references retained in hunk-wbs.tsv	KEEP_CONTRACT	19.013/preview-contract,30.017	24.017,34.014
01.014/path-0600	DONE	data/mypaint-brushes/deevad/grainy_blending.myb	19a166d9ee8ab5a2906b5e58688a806793263841	4885	functional-source-or-data	NO	Nonempty changed content; filename alone is not removal evidence	Assigned source/asset references retained in hunk-wbs.tsv	KEEP_CONTRACT	19.001,19.002,19.003,19.004,19.005,19.006,19.007,19.008,19.009,30.009,30.017	19.015,36.014,36.015,34.014
01.014/path-0601	DONE	data/mypaint-brushes/deevad/grainy_blending_prev.png	2aa178efb84248f6afe8be370141cfc17731f8c0	18520	functional-source-or-data	NO	Nonempty changed content; filename alone is not removal evidence	Assigned source/asset references retained in hunk-wbs.tsv	KEEP_CONTRACT	19.013/preview-contract,30.017	24.017,34.014
01.014/path-0602	DONE	data/mypaint-brushes/deevad/kneaded_eraser.myb	1e9590678e0c7eeb2963bca38c5ae1d2c8d13731	5823	functional-source-or-data	NO	Nonempty changed content; filename alone is not removal evidence	Assigned source/asset references retained in hunk-wbs.tsv	KEEP_CONTRACT	19.001,19.002,19.003,19.004,19.005,19.006,19.007,19.008,19.009,30.009,30.017	19.015,36.014,36.015,34.014
01.014/path-0603	DONE	data/mypaint-brushes/deevad/kneaded_eraser_large.myb	7c7c4f97613e4e288993799bdfa01c76584a6ea8	5823	functional-source-or-data	NO	Nonempty changed content; filename alone is not removal evidence	Assigned source/asset references retained in hunk-wbs.tsv	KEEP_CONTRACT	19.001,19.002,19.003,19.004,19.005,19.006,19.007,19.008,19.009,30.009,30.017	19.015,36.014,36.015,34.014
01.014/path-0604	DONE	data/mypaint-brushes/deevad/kneaded_eraser_large_prev.png	cff00372802fa2c66623d9adc3c0ec34ba8efa1e	14808	functional-source-or-data	NO	Nonempty changed content; filename alone is not removal evidence	Assigned source/asset references retained in hunk-wbs.tsv	KEEP_CONTRACT	19.013/preview-contract,30.017	24.017,34.014
01.014/path-0605	DONE	data/mypaint-brushes/deevad/kneaded_eraser_prev.png	0d83136f266c70f5fcc9682320bb0f2c00dfb433	17528	functional-source-or-data	NO	Nonempty changed content; filename alone is not removal evidence	Assigned source/asset references retained in hunk-wbs.tsv	KEEP_CONTRACT	19.013/preview-contract,30.017	24.017,34.014
01.014/path-0606	DONE	data/mypaint-brushes/deevad/large_hard_eraser.myb	38cae31a26c1fd918b9e80437b6fcd5fc016ea8b	5426	functional-source-or-data	NO	Nonempty changed content; filename alone is not removal evidence	Assigned source/asset references retained in hunk-wbs.tsv	KEEP_CONTRACT	19.001,19.002,19.003,19.004,19.005,19.006,19.007,19.008,19.009,30.009,30.017	19.015,36.014,36.015,34.014
01.014/path-0607	DONE	data/mypaint-brushes/deevad/large_hard_eraser_prev.png	b8d8d68449618dc8b69c7267ccbd3adef4774ed9	14896	functional-source-or-data	NO	Nonempty changed content; filename alone is not removal evidence	Assigned source/asset references retained in hunk-wbs.tsv	KEEP_CONTRACT	19.013/preview-contract,30.017	24.017,34.014
01.014/path-0608	DONE	data/mypaint-brushes/deevad/large_watercolor_fringe.myb	3de572ff641141691a104cb0b03a0cebb6906124	5584	functional-source-or-data	NO	Nonempty changed content; filename alone is not removal evidence	Assigned source/asset references retained in hunk-wbs.tsv	KEEP_CONTRACT	19.001,19.002,19.003,19.004,19.005,19.006,19.007,19.008,19.009,30.009,30.017	19.015,36.014,36.015,34.014
01.014/path-0609	DONE	data/mypaint-brushes/deevad/large_watercolor_fringe_prev.png	624e1277c9e75e2a84128585b9ec1714e7def995	18605	functional-source-or-data	NO	Nonempty changed content; filename alone is not removal evidence	Assigned source/asset references retained in hunk-wbs.tsv	KEEP_CONTRACT	19.013/preview-contract,30.017	24.017,34.014
01.014/path-0610	DONE	data/mypaint-brushes/deevad/liner.myb	46e868fba9c3327cbfd1dadc4b99d0cc299a95a0	4840	functional-source-or-data	NO	Nonempty changed content; filename alone is not removal evidence	Assigned source/asset references retained in hunk-wbs.tsv	KEEP_CONTRACT	19.001,19.002,19.003,19.004,19.005,19.006,19.007,19.008,19.009,30.009,30.017	19.015,36.014,36.015,34.014
01.014/path-0611	DONE	data/mypaint-brushes/deevad/liner_prev.png	d30843451e8fa637b1a0c8fa73b90368d7ca658a	20752	functional-source-or-data	NO	Nonempty changed content; filename alone is not removal evidence	Assigned source/asset references retained in hunk-wbs.tsv	KEEP_CONTRACT	19.013/preview-contract,30.017	24.017,34.014
01.014/path-0612	DONE	data/mypaint-brushes/deevad/only_water_fringe.myb	9132b447b278315ffc16affd05709cdec977bbba	5558	functional-source-or-data	NO	Nonempty changed content; filename alone is not removal evidence	Assigned source/asset references retained in hunk-wbs.tsv	KEEP_CONTRACT	19.001,19.002,19.003,19.004,19.005,19.006,19.007,19.008,19.009,30.009,30.017	19.015,36.014,36.015,34.014
01.014/path-0613	DONE	data/mypaint-brushes/deevad/only_water_fringe_prev.png	19563bd8524f02561fba91b10f8307e2a89fadbe	18322	functional-source-or-data	NO	Nonempty changed content; filename alone is not removal evidence	Assigned source/asset references retained in hunk-wbs.tsv	KEEP_CONTRACT	19.013/preview-contract,30.017	24.017,34.014
01.014/path-0614	DONE	data/mypaint-brushes/deevad/pen-note.myb	a3a92aa4f5621bd1d170dc0932ccada1ef94fef0	5898	functional-source-or-data	NO	Nonempty changed content; filename alone is not removal evidence	Assigned source/asset references retained in hunk-wbs.tsv	KEEP_CONTRACT	19.001,19.002,19.003,19.004,19.005,19.006,19.007,19.008,19.009,30.009,30.017	19.015,36.014,36.015,34.014
01.014/path-0615	DONE	data/mypaint-brushes/deevad/pen-note_prev.png	184693842dc4453043a8d04778bbfe922a9062e9	16093	functional-source-or-data	NO	Nonempty changed content; filename alone is not removal evidence	Assigned source/asset references retained in hunk-wbs.tsv	KEEP_CONTRACT	19.013/preview-contract,30.017	24.017,34.014
01.014/path-0616	DONE	data/mypaint-brushes/deevad/pen.myb	cffd5c1fde84a81b6310791e7655522d48235110	5836	functional-source-or-data	NO	Nonempty changed content; filename alone is not removal evidence	Assigned source/asset references retained in hunk-wbs.tsv	KEEP_CONTRACT	19.001,19.002,19.003,19.004,19.005,19.006,19.007,19.008,19.009,30.009,30.017	19.015,36.014,36.015,34.014
01.014/path-0617	DONE	data/mypaint-brushes/deevad/pen_prev.png	660a32c25824a79a9acf9f1c674f047bc43e808e	19388	functional-source-or-data	NO	Nonempty changed content; filename alone is not removal evidence	Assigned source/asset references retained in hunk-wbs.tsv	KEEP_CONTRACT	19.013/preview-contract,30.017	24.017,34.014
01.014/path-0618	DONE	data/mypaint-brushes/deevad/readme.txt	ca68ce3e83f95db45299f124c640032e2247de93	771	functional-source-or-data	NO	Nonempty changed content; filename alone is not removal evidence	Assigned source/asset references retained in hunk-wbs.tsv	KEEP_CONTRACT	34.005/license-manifest,38.010	34.014,38.005
01.014/path-0619	DONE	data/mypaint-brushes/deevad/rigger_brush.myb	cc542f62cde13a584cffb592f32f63946eec918e	5824	functional-source-or-data	NO	Nonempty changed content; filename alone is not removal evidence	Assigned source/asset references retained in hunk-wbs.tsv	KEEP_CONTRACT	19.001,19.002,19.003,19.004,19.005,19.006,19.007,19.008,19.009,30.009,30.017	19.015,36.014,36.015,34.014
01.014/path-0620	DONE	data/mypaint-brushes/deevad/rigger_brush_prev.png	6db91b125a6a143380ab987f9084968b727600fd	19378	functional-source-or-data	NO	Nonempty changed content; filename alone is not removal evidence	Assigned source/asset references retained in hunk-wbs.tsv	KEEP_CONTRACT	19.013/preview-contract,30.017	24.017,34.014
01.014/path-0621	DONE	data/mypaint-brushes/deevad/rigger_brush_thin.myb	e1c511d50fdf3d330b074557bab92a6e739721ad	5852	functional-source-or-data	NO	Nonempty changed content; filename alone is not removal evidence	Assigned source/asset references retained in hunk-wbs.tsv	KEEP_CONTRACT	19.001,19.002,19.003,19.004,19.005,19.006,19.007,19.008,19.009,30.009,30.017	19.015,36.014,36.015,34.014
01.014/path-0622	DONE	data/mypaint-brushes/deevad/rigger_brush_thin_prev.png	16dc0a89aad0060e1861757bfb954cd2ad688e88	18996	functional-source-or-data	NO	Nonempty changed content; filename alone is not removal evidence	Assigned source/asset references retained in hunk-wbs.tsv	KEEP_CONTRACT	19.013/preview-contract,30.017	24.017,34.014
01.014/path-0623	DONE	data/mypaint-brushes/deevad/rough.myb	35bd670e3d0374b0ec3466ac3061750e73abd0aa	5856	functional-source-or-data	NO	Nonempty changed content; filename alone is not removal evidence	Assigned source/asset references retained in hunk-wbs.tsv	KEEP_CONTRACT	19.001,19.002,19.003,19.004,19.005,19.006,19.007,19.008,19.009,30.009,30.017	19.015,36.014,36.015,34.014
01.014/path-0624	DONE	data/mypaint-brushes/deevad/rough_prev.png	a1dbb92ca851272aed7e9619cf2c91d363ab88dc	14895	functional-source-or-data	NO	Nonempty changed content; filename alone is not removal evidence	Assigned source/asset references retained in hunk-wbs.tsv	KEEP_CONTRACT	19.013/preview-contract,30.017	24.017,34.014
01.014/path-0625	DONE	data/mypaint-brushes/deevad/soft-dip-pen.myb	2aa1040980fbb2f4aa6fec2fbfebcd4ad2d33b5c	6566	functional-source-or-data	NO	Nonempty changed content; filename alone is not removal evidence	Assigned source/asset references retained in hunk-wbs.tsv	KEEP_CONTRACT	19.001,19.002,19.003,19.004,19.005,19.006,19.007,19.008,19.009,30.009,30.017	19.015,36.014,36.015,34.014
01.014/path-0626	DONE	data/mypaint-brushes/deevad/soft-dip-pen_prev.png	2d9f249e7444b63226a34ecafc1e96a686895612	16913	functional-source-or-data	NO	Nonempty changed content; filename alone is not removal evidence	Assigned source/asset references retained in hunk-wbs.tsv	KEEP_CONTRACT	19.013/preview-contract,30.017	24.017,34.014
01.014/path-0627	DONE	data/mypaint-brushes/deevad/sponge_smudging.myb	1c54048e92bced0b7eafefeaaf1a3f7320bbd886	6076	functional-source-or-data	NO	Nonempty changed content; filename alone is not removal evidence	Assigned source/asset references retained in hunk-wbs.tsv	KEEP_CONTRACT	19.001,19.002,19.003,19.004,19.005,19.006,19.007,19.008,19.009,30.009,30.017	19.015,36.014,36.015,34.014
01.014/path-0628	DONE	data/mypaint-brushes/deevad/sponge_smudging_prev.png	7653555a24412f89d23f91bc7cde89b562446609	22826	functional-source-or-data	NO	Nonempty changed content; filename alone is not removal evidence	Assigned source/asset references retained in hunk-wbs.tsv	KEEP_CONTRACT	19.013/preview-contract,30.017	24.017,34.014
01.014/path-0629	DONE	data/mypaint-brushes/deevad/spray.myb	9f5593a2c9c933439ec3bf8f30355850a0c70e4e	5624	functional-source-or-data	NO	Nonempty changed content; filename alone is not removal evidence	Assigned source/asset references retained in hunk-wbs.tsv	KEEP_CONTRACT	19.001,19.002,19.003,19.004,19.005,19.006,19.007,19.008,19.009,30.009,30.017	19.015,36.014,36.015,34.014
01.014/path-0630	DONE	data/mypaint-brushes/deevad/spray2.myb	9417b0892f9de94b3647f795ba5536a80d749765	5910	functional-source-or-data	NO	Nonempty changed content; filename alone is not removal evidence	Assigned source/asset references retained in hunk-wbs.tsv	KEEP_CONTRACT	19.001,19.002,19.003,19.004,19.005,19.006,19.007,19.008,19.009,30.009,30.017	19.015,36.014,36.015,34.014
01.014/path-0631	DONE	data/mypaint-brushes/deevad/spray2_prev.png	0f92af7640ef3e15c564f14922673a7b92641aa0	23774	functional-source-or-data	NO	Nonempty changed content; filename alone is not removal evidence	Assigned source/asset references retained in hunk-wbs.tsv	KEEP_CONTRACT	19.013/preview-contract,30.017	24.017,34.014
01.014/path-0632	DONE	data/mypaint-brushes/deevad/spray_prev.png	2447deffa3c44688324ba7b97b596ec017a46339	24931	functional-source-or-data	NO	Nonempty changed content; filename alone is not removal evidence	Assigned source/asset references retained in hunk-wbs.tsv	KEEP_CONTRACT	19.013/preview-contract,30.017	24.017,34.014
01.014/path-0633	DONE	data/mypaint-brushes/deevad/thin_hard_eraser.myb	2622a79090dd69b9aabcd486869a23aeb826814b	5426	functional-source-or-data	NO	Nonempty changed content; filename alone is not removal evidence	Assigned source/asset references retained in hunk-wbs.tsv	KEEP_CONTRACT	19.001,19.002,19.003,19.004,19.005,19.006,19.007,19.008,19.009,30.009,30.017	19.015,36.014,36.015,34.014
01.014/path-0634	DONE	data/mypaint-brushes/deevad/thin_hard_eraser_prev.png	c039bbf58e0d4b76c1bdf95575370bfa33f9996f	16351	functional-source-or-data	NO	Nonempty changed content; filename alone is not removal evidence	Assigned source/asset references retained in hunk-wbs.tsv	KEEP_CONTRACT	19.013/preview-contract,30.017	24.017,34.014
01.014/path-0635	DONE	data/mypaint-brushes/deevad/thin_watercolor.myb	34cfbbaddd3debdfec06090a42d3e6443bf97312	1329	functional-source-or-data	NO	Nonempty changed content; filename alone is not removal evidence	Assigned source/asset references retained in hunk-wbs.tsv	KEEP_CONTRACT	19.001,19.002,19.003,19.004,19.005,19.006,19.007,19.008,19.009,30.009,30.017	19.015,36.014,36.015,34.014
01.014/path-0636	DONE	data/mypaint-brushes/deevad/thin_watercolor_prev.png	b0267ad1b1080a24e7bdc0100d3a9ef80407cddb	17227	functional-source-or-data	NO	Nonempty changed content; filename alone is not removal evidence	Assigned source/asset references retained in hunk-wbs.tsv	KEEP_CONTRACT	19.013/preview-contract,30.017	24.017,34.014
01.014/path-0637	DONE	data/mypaint-brushes/deevad/watercolor_expressive.myb	2402e51e2cfcc31980bf4ee52aa39e6c0ee8fb23	7887	functional-source-or-data	NO	Nonempty changed content; filename alone is not removal evidence	Assigned source/asset references retained in hunk-wbs.tsv	KEEP_CONTRACT	19.001,19.002,19.003,19.004,19.005,19.006,19.007,19.008,19.009,30.009,30.017	19.015,36.014,36.015,34.014
01.014/path-0638	DONE	data/mypaint-brushes/deevad/watercolor_expressive_prev.png	da9b8cbe4cea68696c6882c6775bbb38ca19b5c9	21150	functional-source-or-data	NO	Nonempty changed content; filename alone is not removal evidence	Assigned source/asset references retained in hunk-wbs.tsv	KEEP_CONTRACT	19.013/preview-contract,30.017	24.017,34.014
01.014/path-0639	DONE	data/mypaint-brushes/deevad/watercolor_glazing.myb	c8945f8e0e37c0943ada9e554b65e3c99f30372c	6155	functional-source-or-data	NO	Nonempty changed content; filename alone is not removal evidence	Assigned source/asset references retained in hunk-wbs.tsv	KEEP_CONTRACT	19.001,19.002,19.003,19.004,19.005,19.006,19.007,19.008,19.009,30.009,30.017	19.015,36.014,36.015,34.014
01.014/path-0640	DONE	data/mypaint-brushes/deevad/watercolor_glazing_prev.png	834144d61737c8e2eb44a4c3a9b51fd1e194a371	17827	functional-source-or-data	NO	Nonempty changed content; filename alone is not removal evidence	Assigned source/asset references retained in hunk-wbs.tsv	KEEP_CONTRACT	19.013/preview-contract,30.017	24.017,34.014
01.014/path-0641	DONE	data/mypaint-brushes/experimental/1pixel.myb	cc83fa3ba9624246d57e83eca08c12821e02453a	6283	functional-source-or-data	NO	Nonempty changed content; filename alone is not removal evidence	Assigned source/asset references retained in hunk-wbs.tsv	KEEP_CONTRACT	19.001,19.002,19.003,19.004,19.005,19.006,19.007,19.008,19.009,30.009,30.017	19.015,36.014,36.015,34.014
01.014/path-0642	DONE	data/mypaint-brushes/experimental/1pixel_prev.png	5a3c68e96dcde37736b101d7756cf787ca6ea321	2937	functional-source-or-data	NO	Nonempty changed content; filename alone is not removal evidence	Assigned source/asset references retained in hunk-wbs.tsv	KEEP_CONTRACT	19.013/preview-contract,30.017	24.017,34.014
01.014/path-0643	DONE	data/mypaint-brushes/experimental/DNA_brush.myb	02f6be9cf44090aaf48a9d2bd9a57540b54c17d4	6705	functional-source-or-data	NO	Nonempty changed content; filename alone is not removal evidence	Assigned source/asset references retained in hunk-wbs.tsv	KEEP_CONTRACT	19.001,19.002,19.003,19.004,19.005,19.006,19.007,19.008,19.009,30.009,30.017	19.015,36.014,36.015,34.014
01.014/path-0644	DONE	data/mypaint-brushes/experimental/DNA_brush_prev.png	c695e23c687761ade856f6a265b3fd1d5aaaebc6	18196	functional-source-or-data	NO	Nonempty changed content; filename alone is not removal evidence	Assigned source/asset references retained in hunk-wbs.tsv	KEEP_CONTRACT	19.013/preview-contract,30.017	24.017,34.014
01.014/path-0645	DONE	data/mypaint-brushes/experimental/Makefile.am	ad1ffea0bc72081bad1b4f2aea331a65476bd149	1093	functional-source-or-data	NO	Nonempty changed content; filename alone is not removal evidence	Assigned source/asset references retained in hunk-wbs.tsv	KEEP_CONTRACT	30.009,30.010,30.011,30.017	34.002,34.014,38.005
01.014/path-0646	DONE	data/mypaint-brushes/experimental/basic.myb	2283362de5a1c9686d9259aa9bf4cf6b300a6d62	4594	functional-source-or-data	NO	Nonempty changed content; filename alone is not removal evidence	Assigned source/asset references retained in hunk-wbs.tsv	KEEP_CONTRACT	19.001,19.002,19.003,19.004,19.005,19.006,19.007,19.008,19.009,30.009,30.017	19.015,36.014,36.015,34.014
01.014/path-0647	DONE	data/mypaint-brushes/experimental/basic_prev.png	d3a9cefa151011c13c21e458ca18bd61ecbfc8ec	5531	functional-source-or-data	NO	Nonempty changed content; filename alone is not removal evidence	Assigned source/asset references retained in hunk-wbs.tsv	KEEP_CONTRACT	19.013/preview-contract,30.017	24.017,34.014
01.014/path-0648	DONE	data/mypaint-brushes/experimental/bubble.myb	0bec9acf93ed1af7c9a6197b5c8a1ec27cfe1c4d	7661	functional-source-or-data	NO	Nonempty changed content; filename alone is not removal evidence	Assigned source/asset references retained in hunk-wbs.tsv	KEEP_CONTRACT	19.001,19.002,19.003,19.004,19.005,19.006,19.007,19.008,19.009,30.009,30.017	19.015,36.014,36.015,34.014
01.014/path-0649	DONE	data/mypaint-brushes/experimental/bubble_prev.png	1f554150d415ac0e944f952ac5bc69e071bf52e3	9151	functional-source-or-data	NO	Nonempty changed content; filename alone is not removal evidence	Assigned source/asset references retained in hunk-wbs.tsv	KEEP_CONTRACT	19.013/preview-contract,30.017	24.017,34.014
01.014/path-0650	DONE	data/mypaint-brushes/experimental/files	63a6339823e55b01e425953b2c73cc1b599a8d11	932	functional-source-or-data	NO	Nonempty changed content; filename alone is not removal evidence	Assigned source/asset references retained in hunk-wbs.tsv	KEEP_CONTRACT	30.009,30.010,30.011,30.017	34.002,34.014,38.005
01.014/path-0651	DONE	data/mypaint-brushes/experimental/fur.myb	65cf214b0daaae27edd66531fbda541b712ab301	9692	functional-source-or-data	NO	Nonempty changed content; filename alone is not removal evidence	Assigned source/asset references retained in hunk-wbs.tsv	KEEP_CONTRACT	19.001,19.002,19.003,19.004,19.005,19.006,19.007,19.008,19.009,30.009,30.017	19.015,36.014,36.015,34.014
01.014/path-0652	DONE	data/mypaint-brushes/experimental/fur_prev.png	91bf05cf624f5ef8decf04802bde06f8c2f593b5	10903	functional-source-or-data	NO	Nonempty changed content; filename alone is not removal evidence	Assigned source/asset references retained in hunk-wbs.tsv	KEEP_CONTRACT	19.013/preview-contract,30.017	24.017,34.014
01.014/path-0653	DONE	data/mypaint-brushes/experimental/glow.myb	8974018147d49d9e5e6daada96a21aae16ed96ba	5865	functional-source-or-data	NO	Nonempty changed content; filename alone is not removal evidence	Assigned source/asset references retained in hunk-wbs.tsv	KEEP_CONTRACT	19.001,19.002,19.003,19.004,19.005,19.006,19.007,19.008,19.009,30.009,30.017	19.015,36.014,36.015,34.014
01.014/path-0654	DONE	data/mypaint-brushes/experimental/glow_prev.png	6a71f0fc87f385b3f8a10b689d360daef3cd911d	7943	functional-source-or-data	NO	Nonempty changed content; filename alone is not removal evidence	Assigned source/asset references retained in hunk-wbs.tsv	KEEP_CONTRACT	19.013/preview-contract,30.017	24.017,34.014
01.014/path-0655	DONE	data/mypaint-brushes/experimental/hard_blot.myb	a8ffe8e22a53b9669d46bc5812be4cc4d01f120a	4592	functional-source-or-data	NO	Nonempty changed content; filename alone is not removal evidence	Assigned source/asset references retained in hunk-wbs.tsv	KEEP_CONTRACT	19.001,19.002,19.003,19.004,19.005,19.006,19.007,19.008,19.009,30.009,30.017	19.015,36.014,36.015,34.014
01.014/path-0656	DONE	data/mypaint-brushes/experimental/hard_blot_prev.png	7613d83f6002c8d44705f9e56bf70c6d80ddd160	9685	functional-source-or-data	NO	Nonempty changed content; filename alone is not removal evidence	Assigned source/asset references retained in hunk-wbs.tsv	KEEP_CONTRACT	19.013/preview-contract,30.017	24.017,34.014
01.014/path-0657	DONE	data/mypaint-brushes/experimental/hard_sting.myb	e83912b6091aadc95753e4c66fcf5d01cac05dfb	6545	functional-source-or-data	NO	Nonempty changed content; filename alone is not removal evidence	Assigned source/asset references retained in hunk-wbs.tsv	KEEP_CONTRACT	19.001,19.002,19.003,19.004,19.005,19.006,19.007,19.008,19.009,30.009,30.017	19.015,36.014,36.015,34.014
01.014/path-0658	DONE	data/mypaint-brushes/experimental/hard_sting_prev.png	bebdc16ae44b07f6b9535bf2a712d0d30b86fb64	14056	functional-source-or-data	NO	Nonempty changed content; filename alone is not removal evidence	Assigned source/asset references retained in hunk-wbs.tsv	KEEP_CONTRACT	19.013/preview-contract,30.017	24.017,34.014
01.014/path-0659	DONE	data/mypaint-brushes/experimental/irregular_ink.myb	aec1fdc052c0d8f7c76ba1cb5ca2de46675089da	6423	functional-source-or-data	NO	Nonempty changed content; filename alone is not removal evidence	Assigned source/asset references retained in hunk-wbs.tsv	KEEP_CONTRACT	19.001,19.002,19.003,19.004,19.005,19.006,19.007,19.008,19.009,30.009,30.017	19.015,36.014,36.015,34.014
01.014/path-0660	DONE	data/mypaint-brushes/experimental/irregular_ink_prev.png	249f6f6b8530fdd5f66d50789a1da576232b5a90	13722	functional-source-or-data	NO	Nonempty changed content; filename alone is not removal evidence	Assigned source/asset references retained in hunk-wbs.tsv	KEEP_CONTRACT	19.013/preview-contract,30.017	24.017,34.014
01.014/path-0661	DONE	data/mypaint-brushes/experimental/leaves.myb	42809a5f9769f12c14cc76a98aab88aec43cf53f	7861	functional-source-or-data	NO	Nonempty changed content; filename alone is not removal evidence	Assigned source/asset references retained in hunk-wbs.tsv	KEEP_CONTRACT	19.001,19.002,19.003,19.004,19.005,19.006,19.007,19.008,19.009,30.009,30.017	19.015,36.014,36.015,34.014
01.014/path-0662	DONE	data/mypaint-brushes/experimental/leaves_prev.png	c071a57e2c63db895b359abcf66fd1683915ede7	11856	functional-source-or-data	NO	Nonempty changed content; filename alone is not removal evidence	Assigned source/asset references retained in hunk-wbs.tsv	KEEP_CONTRACT	19.013/preview-contract,30.017	24.017,34.014
01.014/path-0663	DONE	data/mypaint-brushes/experimental/particules_3.myb	59eb476f0c2f00d50bd1d37d15a937a1aa534b18	7874	functional-source-or-data	NO	Nonempty changed content; filename alone is not removal evidence	Assigned source/asset references retained in hunk-wbs.tsv	KEEP_CONTRACT	19.001,19.002,19.003,19.004,19.005,19.006,19.007,19.008,19.009,30.009,30.017	19.015,36.014,36.015,34.014
01.014/path-0664	DONE	data/mypaint-brushes/experimental/particules_3_prev.png	cc4fa69bf9199bb3488143f6bf643b3b3983ed57	16226	functional-source-or-data	NO	Nonempty changed content; filename alone is not removal evidence	Assigned source/asset references retained in hunk-wbs.tsv	KEEP_CONTRACT	19.013/preview-contract,30.017	24.017,34.014
01.014/path-0665	DONE	data/mypaint-brushes/experimental/particules_eraser.myb	cf7d1e28f81251404911234bd5d4f0ee12c3713b	6692	functional-source-or-data	NO	Nonempty changed content; filename alone is not removal evidence	Assigned source/asset references retained in hunk-wbs.tsv	KEEP_CONTRACT	19.001,19.002,19.003,19.004,19.005,19.006,19.007,19.008,19.009,30.009,30.017	19.015,36.014,36.015,34.014
01.014/path-0666	DONE	data/mypaint-brushes/experimental/particules_eraser_prev.png	d2572b4f96c7f961bb1908cfc363608e1221de97	27238	functional-source-or-data	NO	Nonempty changed content; filename alone is not removal evidence	Assigned source/asset references retained in hunk-wbs.tsv	KEEP_CONTRACT	19.013/preview-contract,30.017	24.017,34.014
01.014/path-0667	DONE	data/mypaint-brushes/experimental/pick_and_drag.myb	4b6fe2aafb378966729a71eb8be11a0204228bb3	7075	functional-source-or-data	NO	Nonempty changed content; filename alone is not removal evidence	Assigned source/asset references retained in hunk-wbs.tsv	KEEP_CONTRACT	19.001,19.002,19.003,19.004,19.005,19.006,19.007,19.008,19.009,30.009,30.017	19.015,36.014,36.015,34.014
01.014/path-0668	DONE	data/mypaint-brushes/experimental/pick_and_drag_prev.png	141ea9e6db1089b498d2f5b07032709718f75bcb	11706	functional-source-or-data	NO	Nonempty changed content; filename alone is not removal evidence	Assigned source/asset references retained in hunk-wbs.tsv	KEEP_CONTRACT	19.013/preview-contract,30.017	24.017,34.014
01.014/path-0669	DONE	data/mypaint-brushes/experimental/pixel_hardink.myb	6fa68989d49c2eb68a72c3f5bb192bf0ab785ac4	6776	functional-source-or-data	NO	Nonempty changed content; filename alone is not removal evidence	Assigned source/asset references retained in hunk-wbs.tsv	KEEP_CONTRACT	19.001,19.002,19.003,19.004,19.005,19.006,19.007,19.008,19.009,30.009,30.017	19.015,36.014,36.015,34.014
01.014/path-0670	DONE	data/mypaint-brushes/experimental/pixel_hardink_prev.png	5a253969d4d74d0684dcdc444724a980e40de3ac	6981	functional-source-or-data	NO	Nonempty changed content; filename alone is not removal evidence	Assigned source/asset references retained in hunk-wbs.tsv	KEEP_CONTRACT	19.013/preview-contract,30.017	24.017,34.014
01.014/path-0671	DONE	data/mypaint-brushes/experimental/pixelblocking.myb	ab1c15c3cdd30f9b86c2b81a35167d9ae2402105	6289	functional-source-or-data	NO	Nonempty changed content; filename alone is not removal evidence	Assigned source/asset references retained in hunk-wbs.tsv	KEEP_CONTRACT	19.001,19.002,19.003,19.004,19.005,19.006,19.007,19.008,19.009,30.009,30.017	19.015,36.014,36.015,34.014
01.014/path-0672	DONE	data/mypaint-brushes/experimental/pixelblocking_prev.png	c5436a67285c92b39269a419bafcf1529394ad14	4109	functional-source-or-data	NO	Nonempty changed content; filename alone is not removal evidence	Assigned source/asset references retained in hunk-wbs.tsv	KEEP_CONTRACT	19.013/preview-contract,30.017	24.017,34.014
01.014/path-0673	DONE	data/mypaint-brushes/experimental/sewing.myb	f351f3cc612fdca553f140c0850d824cfd191134	6120	functional-source-or-data	NO	Nonempty changed content; filename alone is not removal evidence	Assigned source/asset references retained in hunk-wbs.tsv	KEEP_CONTRACT	19.001,19.002,19.003,19.004,19.005,19.006,19.007,19.008,19.009,30.009,30.017	19.015,36.014,36.015,34.014
01.014/path-0674	DONE	data/mypaint-brushes/experimental/sewing_prev.png	234ab80a30b6f77fa742259061bcb175022fcbf8	7667	functional-source-or-data	NO	Nonempty changed content; filename alone is not removal evidence	Assigned source/asset references retained in hunk-wbs.tsv	KEEP_CONTRACT	19.013/preview-contract,30.017	24.017,34.014
01.014/path-0675	DONE	data/mypaint-brushes/experimental/small_blot.myb	ed1d3539606e26a370486e862196efc566b62d55	4861	functional-source-or-data	NO	Nonempty changed content; filename alone is not removal evidence	Assigned source/asset references retained in hunk-wbs.tsv	KEEP_CONTRACT	19.001,19.002,19.003,19.004,19.005,19.006,19.007,19.008,19.009,30.009,30.017	19.015,36.014,36.015,34.014
01.014/path-0676	DONE	data/mypaint-brushes/experimental/small_blot_prev.png	4f3a96c98324cd338bb265ae36df6bb2ea086eea	5490	functional-source-or-data	NO	Nonempty changed content; filename alone is not removal evidence	Assigned source/asset references retained in hunk-wbs.tsv	KEEP_CONTRACT	19.013/preview-contract,30.017	24.017,34.014
01.014/path-0677	DONE	data/mypaint-brushes/experimental/soft.myb	662c34673ea815a00785d69bffa749789dda382c	5620	functional-source-or-data	NO	Nonempty changed content; filename alone is not removal evidence	Assigned source/asset references retained in hunk-wbs.tsv	KEEP_CONTRACT	19.001,19.002,19.003,19.004,19.005,19.006,19.007,19.008,19.009,30.009,30.017	19.015,36.014,36.015,34.014
01.014/path-0678	DONE	data/mypaint-brushes/experimental/soft_irregular.myb	8f429c483dbe3063eb744d4d209d216084cd1755	6151	functional-source-or-data	NO	Nonempty changed content; filename alone is not removal evidence	Assigned source/asset references retained in hunk-wbs.tsv	KEEP_CONTRACT	19.001,19.002,19.003,19.004,19.005,19.006,19.007,19.008,19.009,30.009,30.017	19.015,36.014,36.015,34.014
01.014/path-0679	DONE	data/mypaint-brushes/experimental/soft_irregular_prev.png	9ccd1705740a43fdb57912545554af763f56d2c5	7267	functional-source-or-data	NO	Nonempty changed content; filename alone is not removal evidence	Assigned source/asset references retained in hunk-wbs.tsv	KEEP_CONTRACT	19.013/preview-contract,30.017	24.017,34.014
01.014/path-0680	DONE	data/mypaint-brushes/experimental/soft_prev.png	befb8a7b96977aea182f3a243adb200315a76632	9852	functional-source-or-data	NO	Nonempty changed content; filename alone is not removal evidence	Assigned source/asset references retained in hunk-wbs.tsv	KEEP_CONTRACT	19.013/preview-contract,30.017	24.017,34.014
01.014/path-0681	DONE	data/mypaint-brushes/experimental/spaced-blot.myb	5f534a219551538640f68c16b8108ea3dba5b521	5640	functional-source-or-data	NO	Nonempty changed content; filename alone is not removal evidence	Assigned source/asset references retained in hunk-wbs.tsv	KEEP_CONTRACT	19.001,19.002,19.003,19.004,19.005,19.006,19.007,19.008,19.009,30.009,30.017	19.015,36.014,36.015,34.014
01.014/path-0682	DONE	data/mypaint-brushes/experimental/spaced-blot_prev.png	64a2f47a6d9be571e38c15bba8540b051165b53d	12934	functional-source-or-data	NO	Nonempty changed content; filename alone is not removal evidence	Assigned source/asset references retained in hunk-wbs.tsv	KEEP_CONTRACT	19.013/preview-contract,30.017	24.017,34.014
01.014/path-0683	DONE	data/mypaint-brushes/experimental/speed_blot.myb	5998c3740c605e86cbb77b26d3168184b574752b	4868	functional-source-or-data	NO	Nonempty changed content; filename alone is not removal evidence	Assigned source/asset references retained in hunk-wbs.tsv	KEEP_CONTRACT	19.001,19.002,19.003,19.004,19.005,19.006,19.007,19.008,19.009,30.009,30.017	19.015,36.014,36.015,34.014
01.014/path-0684	DONE	data/mypaint-brushes/experimental/speed_blot_prev.png	420cc630574b44dcacb378813379d689579fb558	10615	functional-source-or-data	NO	Nonempty changed content; filename alone is not removal evidence	Assigned source/asset references retained in hunk-wbs.tsv	KEEP_CONTRACT	19.013/preview-contract,30.017	24.017,34.014
01.014/path-0685	DONE	data/mypaint-brushes/experimental/subtle_pencil.myb	92c640e0932605e1d555b959ff4b0bf75632f740	6656	functional-source-or-data	NO	Nonempty changed content; filename alone is not removal evidence	Assigned source/asset references retained in hunk-wbs.tsv	KEEP_CONTRACT	19.001,19.002,19.003,19.004,19.005,19.006,19.007,19.008,19.009,30.009,30.017	19.015,36.014,36.015,34.014
01.014/path-0686	DONE	data/mypaint-brushes/experimental/subtle_pencil_prev.png	370aae327c7756e0f18023daac2dc93fa58c084d	7699	functional-source-or-data	NO	Nonempty changed content; filename alone is not removal evidence	Assigned source/asset references retained in hunk-wbs.tsv	KEEP_CONTRACT	19.013/preview-contract,30.017	24.017,34.014
01.014/path-0687	DONE	data/mypaint-brushes/experimental/track.myb	eddd8b434b6699f6385a7ff6f7ff827498642962	5092	functional-source-or-data	NO	Nonempty changed content; filename alone is not removal evidence	Assigned source/asset references retained in hunk-wbs.tsv	KEEP_CONTRACT	19.001,19.002,19.003,19.004,19.005,19.006,19.007,19.008,19.009,30.009,30.017	19.015,36.014,36.015,34.014
01.014/path-0688	DONE	data/mypaint-brushes/experimental/track_prev.png	7eec85f65277164acbe07f21146b6ff36ce67b0e	9070	functional-source-or-data	NO	Nonempty changed content; filename alone is not removal evidence	Assigned source/asset references retained in hunk-wbs.tsv	KEEP_CONTRACT	19.013/preview-contract,30.017	24.017,34.014
01.014/path-0689	DONE	data/mypaint-brushes/kaerhon/Airbrush_a.myb	6c2a3e99aa7692e0ed1c8a190c2b6f85583e2065	5840	functional-source-or-data	NO	Nonempty changed content; filename alone is not removal evidence	Assigned source/asset references retained in hunk-wbs.tsv	KEEP_CONTRACT	19.001,19.002,19.003,19.004,19.005,19.006,19.007,19.008,19.009,30.009,30.017	19.015,36.014,36.015,34.014
01.014/path-0690	DONE	data/mypaint-brushes/kaerhon/Airbrush_a_prev.png	55d0ab1773ee051805758ee4879fbf84191ff6df	5499	functional-source-or-data	NO	Nonempty changed content; filename alone is not removal evidence	Assigned source/asset references retained in hunk-wbs.tsv	KEEP_CONTRACT	19.013/preview-contract,30.017	24.017,34.014
01.014/path-0691	DONE	data/mypaint-brushes/kaerhon/Dirty_Transparent_sk.myb	2b878ea0033bda0f509833ab160b7eeb8d58f270	6241	functional-source-or-data	NO	Nonempty changed content; filename alone is not removal evidence	Assigned source/asset references retained in hunk-wbs.tsv	KEEP_CONTRACT	19.001,19.002,19.003,19.004,19.005,19.006,19.007,19.008,19.009,30.009,30.017	19.015,36.014,36.015,34.014
01.014/path-0692	DONE	data/mypaint-brushes/kaerhon/Dirty_Transparent_sk_prev.png	5767f46eb922f50904cb3c11b05106bd4dda525b	4585	functional-source-or-data	NO	Nonempty changed content; filename alone is not removal evidence	Assigned source/asset references retained in hunk-wbs.tsv	KEEP_CONTRACT	19.013/preview-contract,30.017	24.017,34.014
01.014/path-0693	DONE	data/mypaint-brushes/kaerhon/Makefile.am	ff1ce29dc22560969cc7c0495d8e9019cefa1f77	1119	functional-source-or-data	NO	Nonempty changed content; filename alone is not removal evidence	Assigned source/asset references retained in hunk-wbs.tsv	KEEP_CONTRACT	30.009,30.010,30.011,30.017	34.002,34.014,38.005
01.014/path-0694	DONE	data/mypaint-brushes/kaerhon/ReadMe.txt	c8ff7ed492c5c55f593f8c5be57116bb0018000d	88	functional-source-or-data	NO	Nonempty changed content; filename alone is not removal evidence	Assigned source/asset references retained in hunk-wbs.tsv	KEEP_CONTRACT	34.005/license-manifest,38.010	34.014,38.005
01.014/path-0695	DONE	data/mypaint-brushes/kaerhon/Sketcher2_sk.myb	3cebd483e3b6ed5d25774f0f5a7f5754c1c11fc6	8104	functional-source-or-data	NO	Nonempty changed content; filename alone is not removal evidence	Assigned source/asset references retained in hunk-wbs.tsv	KEEP_CONTRACT	19.001,19.002,19.003,19.004,19.005,19.006,19.007,19.008,19.009,30.009,30.017	19.015,36.014,36.015,34.014
01.014/path-0696	DONE	data/mypaint-brushes/kaerhon/Sketcher2_sk_prev.png	a61bb5054b96e7f05877fff5287d5af3f77289f6	5878	functional-source-or-data	NO	Nonempty changed content; filename alone is not removal evidence	Assigned source/asset references retained in hunk-wbs.tsv	KEEP_CONTRACT	19.013/preview-contract,30.017	24.017,34.014
01.014/path-0697	DONE	data/mypaint-brushes/kaerhon/Smear_sm.myb	845bc617fdce5c0b0d384420d5df152d865463c1	6557	functional-source-or-data	NO	Nonempty changed content; filename alone is not removal evidence	Assigned source/asset references retained in hunk-wbs.tsv	KEEP_CONTRACT	19.001,19.002,19.003,19.004,19.005,19.006,19.007,19.008,19.009,30.009,30.017	19.015,36.014,36.015,34.014
01.014/path-0698	DONE	data/mypaint-brushes/kaerhon/Smear_sm_prev.png	4756d24b8a4b2819b67cdb9c9b6ef46b3985ed92	4865	functional-source-or-data	NO	Nonempty changed content; filename alone is not removal evidence	Assigned source/asset references retained in hunk-wbs.tsv	KEEP_CONTRACT	19.013/preview-contract,30.017	24.017,34.014
01.014/path-0699	DONE	data/mypaint-brushes/kaerhon/airbruch_press_a.myb	a59a19798456818279d2818591b59b20b649fe2a	6112	functional-source-or-data	NO	Nonempty changed content; filename alone is not removal evidence	Assigned source/asset references retained in hunk-wbs.tsv	KEEP_CONTRACT	19.001,19.002,19.003,19.004,19.005,19.006,19.007,19.008,19.009,30.009,30.017	19.015,36.014,36.015,34.014
01.014/path-0700	DONE	data/mypaint-brushes/kaerhon/airbruch_press_a_prev.png	c549b46d3b66e46ae7da77fbf372551362097d9a	4498	functional-source-or-data	NO	Nonempty changed content; filename alone is not removal evidence	Assigned source/asset references retained in hunk-wbs.tsv	KEEP_CONTRACT	19.013/preview-contract,30.017	24.017,34.014
01.014/path-0701	DONE	data/mypaint-brushes/kaerhon/airsmudge_a.myb	5909fff54f75267d2c6f40fd1dc58476982d7e82	6475	functional-source-or-data	NO	Nonempty changed content; filename alone is not removal evidence	Assigned source/asset references retained in hunk-wbs.tsv	KEEP_CONTRACT	19.001,19.002,19.003,19.004,19.005,19.006,19.007,19.008,19.009,30.009,30.017	19.015,36.014,36.015,34.014
01.014/path-0702	DONE	data/mypaint-brushes/kaerhon/airsmudge_a_prev.png	bdfd9e867667a649a8e427d0a398c4456dc39197	5705	functional-source-or-data	NO	Nonempty changed content; filename alone is not removal evidence	Assigned source/asset references retained in hunk-wbs.tsv	KEEP_CONTRACT	19.013/preview-contract,30.017	24.017,34.014
01.014/path-0703	DONE	data/mypaint-brushes/kaerhon/airsmudgeultimate_sk.myb	bbaf477f60caa54491ae2742e7fba8b140c8b0eb	7355	functional-source-or-data	NO	Nonempty changed content; filename alone is not removal evidence	Assigned source/asset references retained in hunk-wbs.tsv	KEEP_CONTRACT	19.001,19.002,19.003,19.004,19.005,19.006,19.007,19.008,19.009,30.009,30.017	19.015,36.014,36.015,34.014
01.014/path-0704	DONE	data/mypaint-brushes/kaerhon/airsmudgeultimate_sk_prev.png	1da355e88ec76a80629c70c92623ce0bfbf5f87c	4072	functional-source-or-data	NO	Nonempty changed content; filename alone is not removal evidence	Assigned source/asset references retained in hunk-wbs.tsv	KEEP_CONTRACT	19.013/preview-contract,30.017	24.017,34.014
01.014/path-0705	DONE	data/mypaint-brushes/kaerhon/classic_sk.myb	40a64198716f46a2992edfccc49dcecd0fc71f57	6849	functional-source-or-data	NO	Nonempty changed content; filename alone is not removal evidence	Assigned source/asset references retained in hunk-wbs.tsv	KEEP_CONTRACT	19.001,19.002,19.003,19.004,19.005,19.006,19.007,19.008,19.009,30.009,30.017	19.015,36.014,36.015,34.014
01.014/path-0706	DONE	data/mypaint-brushes/kaerhon/classic_sk_prev.png	2027ea4d172c722b8960e10b25f821b19b1f8997	3934	functional-source-or-data	NO	Nonempty changed content; filename alone is not removal evidence	Assigned source/asset references retained in hunk-wbs.tsv	KEEP_CONTRACT	19.013/preview-contract,30.017	24.017,34.014
01.014/path-0707	DONE	data/mypaint-brushes/kaerhon/classicroundblock_static_c.myb	3f87d60311244d3e9d47b448a49514e9e610fd2c	6636	functional-source-or-data	NO	Nonempty changed content; filename alone is not removal evidence	Assigned source/asset references retained in hunk-wbs.tsv	KEEP_CONTRACT	19.001,19.002,19.003,19.004,19.005,19.006,19.007,19.008,19.009,30.009,30.017	19.015,36.014,36.015,34.014
01.014/path-0708	DONE	data/mypaint-brushes/kaerhon/classicroundblock_static_c_prev.png	80ca14b800bd3aeeb34bad02702ea3e520788b3e	6382	functional-source-or-data	NO	Nonempty changed content; filename alone is not removal evidence	Assigned source/asset references retained in hunk-wbs.tsv	KEEP_CONTRACT	19.013/preview-contract,30.017	24.017,34.014
01.014/path-0709	DONE	data/mypaint-brushes/kaerhon/extreme_round_l.myb	3b8d53675dbd695990e0c47321378141ccdfe6f3	6724	functional-source-or-data	NO	Nonempty changed content; filename alone is not removal evidence	Assigned source/asset references retained in hunk-wbs.tsv	KEEP_CONTRACT	19.001,19.002,19.003,19.004,19.005,19.006,19.007,19.008,19.009,30.009,30.017	19.015,36.014,36.015,34.014
01.014/path-0710	DONE	data/mypaint-brushes/kaerhon/extreme_round_l_prev.png	d3122e454d80e714a6f32e37b4a742c01b002a4c	2261	functional-source-or-data	NO	Nonempty changed content; filename alone is not removal evidence	Assigned source/asset references retained in hunk-wbs.tsv	KEEP_CONTRACT	19.013/preview-contract,30.017	24.017,34.014
01.014/path-0711	DONE	data/mypaint-brushes/kaerhon/files	9b5ce39ca19cf1acfd971eb3d1bd5c253bbb9dff	923	functional-source-or-data	NO	Nonempty changed content; filename alone is not removal evidence	Assigned source/asset references retained in hunk-wbs.tsv	KEEP_CONTRACT	30.009,30.010,30.011,30.017	34.002,34.014,38.005
01.014/path-0712	DONE	data/mypaint-brushes/kaerhon/fill_c.myb	dd36501430c915db227c857c86f178e646f9776e	5828	functional-source-or-data	NO	Nonempty changed content; filename alone is not removal evidence	Assigned source/asset references retained in hunk-wbs.tsv	KEEP_CONTRACT	19.001,19.002,19.003,19.004,19.005,19.006,19.007,19.008,19.009,30.009,30.017	19.015,36.014,36.015,34.014
01.014/path-0713	DONE	data/mypaint-brushes/kaerhon/fill_c_prev.png	25df6b65c80f810dcf75d8bcbaf75a1bcdec5a60	3465	functional-source-or-data	NO	Nonempty changed content; filename alone is not removal evidence	Assigned source/asset references retained in hunk-wbs.tsv	KEEP_CONTRACT	19.013/preview-contract,30.017	24.017,34.014
01.014/path-0714	DONE	data/mypaint-brushes/kaerhon/flat_bar_l.myb	f6a2a44feccd892c511384ad40c462f2e4f0b27a	6945	functional-source-or-data	NO	Nonempty changed content; filename alone is not removal evidence	Assigned source/asset references retained in hunk-wbs.tsv	KEEP_CONTRACT	19.001,19.002,19.003,19.004,19.005,19.006,19.007,19.008,19.009,30.009,30.017	19.015,36.014,36.015,34.014
01.014/path-0715	DONE	data/mypaint-brushes/kaerhon/flat_bar_l_prev.png	e9949709dab2c8d4db5b8b0b6df73f327810e8a2	2542	functional-source-or-data	NO	Nonempty changed content; filename alone is not removal evidence	Assigned source/asset references retained in hunk-wbs.tsv	KEEP_CONTRACT	19.013/preview-contract,30.017	24.017,34.014
01.014/path-0716	DONE	data/mypaint-brushes/kaerhon/ink-slowline_s.myb	a8539ebfc41d0b2d3a4111710dd45c36f5dd7e31	6635	functional-source-or-data	NO	Nonempty changed content; filename alone is not removal evidence	Assigned source/asset references retained in hunk-wbs.tsv	KEEP_CONTRACT	19.001,19.002,19.003,19.004,19.005,19.006,19.007,19.008,19.009,30.009,30.017	19.015,36.014,36.015,34.014
01.014/path-0717	DONE	data/mypaint-brushes/kaerhon/ink-slowline_s_prev.png	4377bd0eca84ba8b304c8379460cbadcbfb213ba	2372	functional-source-or-data	NO	Nonempty changed content; filename alone is not removal evidence	Assigned source/asset references retained in hunk-wbs.tsv	KEEP_CONTRACT	19.013/preview-contract,30.017	24.017,34.014
01.014/path-0718	DONE	data/mypaint-brushes/kaerhon/ink_slow_s.myb	c477434d92f83f2a68e4e882d25ac98ac1fa7150	6907	functional-source-or-data	NO	Nonempty changed content; filename alone is not removal evidence	Assigned source/asset references retained in hunk-wbs.tsv	KEEP_CONTRACT	19.001,19.002,19.003,19.004,19.005,19.006,19.007,19.008,19.009,30.009,30.017	19.015,36.014,36.015,34.014
01.014/path-0719	DONE	data/mypaint-brushes/kaerhon/ink_slow_s_prev.png	324befd71448eb1dcec13ac15998c8a7fa94f851	4583	functional-source-or-data	NO	Nonempty changed content; filename alone is not removal evidence	Assigned source/asset references retained in hunk-wbs.tsv	KEEP_CONTRACT	19.013/preview-contract,30.017	24.017,34.014
01.014/path-0720	DONE	data/mypaint-brushes/kaerhon/inkster_l.myb	9f6c7d166b586fe7cc4395272de2f0c13bf68d16	6834	functional-source-or-data	NO	Nonempty changed content; filename alone is not removal evidence	Assigned source/asset references retained in hunk-wbs.tsv	KEEP_CONTRACT	19.001,19.002,19.003,19.004,19.005,19.006,19.007,19.008,19.009,30.009,30.017	19.015,36.014,36.015,34.014
01.014/path-0721	DONE	data/mypaint-brushes/kaerhon/inkster_l_prev.png	5ab74804922dc1383d88992b91e18319f21d4e12	3846	functional-source-or-data	NO	Nonempty changed content; filename alone is not removal evidence	Assigned source/asset references retained in hunk-wbs.tsv	KEEP_CONTRACT	19.013/preview-contract,30.017	24.017,34.014
01.014/path-0722	DONE	data/mypaint-brushes/kaerhon/paint_barrr_sm.myb	bd179d8e55de0acf17041dfe44597db5386aef4e	6604	functional-source-or-data	NO	Nonempty changed content; filename alone is not removal evidence	Assigned source/asset references retained in hunk-wbs.tsv	KEEP_CONTRACT	19.001,19.002,19.003,19.004,19.005,19.006,19.007,19.008,19.009,30.009,30.017	19.015,36.014,36.015,34.014
01.014/path-0723	DONE	data/mypaint-brushes/kaerhon/paint_barrr_sm_prev.png	b76cc031ddcb8a2958e14a7ff0fab2bc9c9987ee	6291	functional-source-or-data	NO	Nonempty changed content; filename alone is not removal evidence	Assigned source/asset references retained in hunk-wbs.tsv	KEEP_CONTRACT	19.013/preview-contract,30.017	24.017,34.014
01.014/path-0724	DONE	data/mypaint-brushes/kaerhon/paint_radius_2_sm.myb	00542f56712fb15cd2b6d6504028b711e849f858	7180	functional-source-or-data	NO	Nonempty changed content; filename alone is not removal evidence	Assigned source/asset references retained in hunk-wbs.tsv	KEEP_CONTRACT	19.001,19.002,19.003,19.004,19.005,19.006,19.007,19.008,19.009,30.009,30.017	19.015,36.014,36.015,34.014
01.014/path-0725	DONE	data/mypaint-brushes/kaerhon/paint_radius_2_sm_prev.png	c430790fc2af80d524feb38f6ee98314c105da7b	5484	functional-source-or-data	NO	Nonempty changed content; filename alone is not removal evidence	Assigned source/asset references retained in hunk-wbs.tsv	KEEP_CONTRACT	19.013/preview-contract,30.017	24.017,34.014
01.014/path-0726	DONE	data/mypaint-brushes/kaerhon/paint_sm.myb	c54d12107591321874db3904279797c3c955976c	6870	functional-source-or-data	NO	Nonempty changed content; filename alone is not removal evidence	Assigned source/asset references retained in hunk-wbs.tsv	KEEP_CONTRACT	19.001,19.002,19.003,19.004,19.005,19.006,19.007,19.008,19.009,30.009,30.017	19.015,36.014,36.015,34.014
01.014/path-0727	DONE	data/mypaint-brushes/kaerhon/paint_sm_prev.png	b73a0aedc5051cc29660c19a8cde64f6605d4c71	5630	functional-source-or-data	NO	Nonempty changed content; filename alone is not removal evidence	Assigned source/asset references retained in hunk-wbs.tsv	KEEP_CONTRACT	19.013/preview-contract,30.017	24.017,34.014
01.014/path-0728	DONE	data/mypaint-brushes/kaerhon/smudge_ink(0.7)_sm.myb	c989fe517fadecee252bbfb57a00089d30a560fd	6281	functional-source-or-data	NO	Nonempty changed content; filename alone is not removal evidence	Assigned source/asset references retained in hunk-wbs.tsv	KEEP_CONTRACT	19.001,19.002,19.003,19.004,19.005,19.006,19.007,19.008,19.009,30.009,30.017	19.015,36.014,36.015,34.014
01.014/path-0729	DONE	data/mypaint-brushes/kaerhon/smudge_ink(0.7)_sm_prev.png	5bd8a44be66bb99b46730b00b2f78c87e1dc2d4c	5134	functional-source-or-data	NO	Nonempty changed content; filename alone is not removal evidence	Assigned source/asset references retained in hunk-wbs.tsv	KEEP_CONTRACT	19.013/preview-contract,30.017	24.017,34.014
01.014/path-0730	DONE	data/mypaint-brushes/kaerhon/wet_paint_sm.myb	c4fad9d68b9c114c56c5462c27fedfa46c867989	6302	functional-source-or-data	NO	Nonempty changed content; filename alone is not removal evidence	Assigned source/asset references retained in hunk-wbs.tsv	KEEP_CONTRACT	19.001,19.002,19.003,19.004,19.005,19.006,19.007,19.008,19.009,30.009,30.017	19.015,36.014,36.015,34.014
01.014/path-0731	DONE	data/mypaint-brushes/kaerhon/wet_paint_sm_prev.png	ded71b9d60315616513bc30bd07caa160a78528b	4852	functional-source-or-data	NO	Nonempty changed content; filename alone is not removal evidence	Assigned source/asset references retained in hunk-wbs.tsv	KEEP_CONTRACT	19.013/preview-contract,30.017	24.017,34.014
01.014/path-0732	DONE	data/mypaint-brushes/label-brush-mypaint.sh	b640164fae398977f576b30550492dfb4e2e8e65	604	functional-source-or-data	NO	Nonempty changed content; filename alone is not removal evidence	Assigned source/asset references retained in hunk-wbs.tsv	KEEP_CONTRACT	30.017/brush-preview-generator	34.013,34.014
01.014/path-0733	DONE	data/mypaint-brushes/prev-template.xcf.gz	3cd1bd9a2058d5755f0c0e10bbf05caec776a118	8890	functional-source-or-data	NO	Nonempty changed content; filename alone is not removal evidence	Assigned source/asset references retained in hunk-wbs.tsv	KEEP_CONTRACT	19.013/preview-contract,30.017	24.017,34.014
01.014/path-0734	DONE	data/mypaint-brushes/ramon/100%_Opaque.myb	939be0ce2b84b1b6a6dbada2f34fa490c5da6107	4837	functional-source-or-data	NO	Nonempty changed content; filename alone is not removal evidence	Assigned source/asset references retained in hunk-wbs.tsv	KEEP_CONTRACT	19.001,19.002,19.003,19.004,19.005,19.006,19.007,19.008,19.009,30.009,30.017	19.015,36.014,36.015,34.014
01.014/path-0735	DONE	data/mypaint-brushes/ramon/100%_Opaque_prev.png	6b4b8169374141a26de20e119bd29ba89b71b42c	6991	functional-source-or-data	NO	Nonempty changed content; filename alone is not removal evidence	Assigned source/asset references retained in hunk-wbs.tsv	KEEP_CONTRACT	19.013/preview-contract,30.017	24.017,34.014
01.014/path-0736	DONE	data/mypaint-brushes/ramon/2B_pencil.myb	28dd91f73325a84e4281b5cae8c02dcc98653b11	5621	functional-source-or-data	NO	Nonempty changed content; filename alone is not removal evidence	Assigned source/asset references retained in hunk-wbs.tsv	KEEP_CONTRACT	19.001,19.002,19.003,19.004,19.005,19.006,19.007,19.008,19.009,30.009,30.017	19.015,36.014,36.015,34.014
01.014/path-0737	DONE	data/mypaint-brushes/ramon/2B_pencil_prev.png	6020ae9f01996ba40c5e0eaa47ccdc2f9b7e18c8	16008	functional-source-or-data	NO	Nonempty changed content; filename alone is not removal evidence	Assigned source/asset references retained in hunk-wbs.tsv	KEEP_CONTRACT	19.013/preview-contract,30.017	24.017,34.014
01.014/path-0738	DONE	data/mypaint-brushes/ramon/B-pencil.myb	daf65acad90c49e1b66b531363eeeb9e1bfd47df	6202	functional-source-or-data	NO	Nonempty changed content; filename alone is not removal evidence	Assigned source/asset references retained in hunk-wbs.tsv	KEEP_CONTRACT	19.001,19.002,19.003,19.004,19.005,19.006,19.007,19.008,19.009,30.009,30.017	19.015,36.014,36.015,34.014
01.014/path-0739	DONE	data/mypaint-brushes/ramon/B-pencil_prev.png	d5ad20e1189f5689dbc69a08ddf7a88b9953047f	11998	functional-source-or-data	NO	Nonempty changed content; filename alone is not removal evidence	Assigned source/asset references retained in hunk-wbs.tsv	KEEP_CONTRACT	19.013/preview-contract,30.017	24.017,34.014
01.014/path-0740	DONE	data/mypaint-brushes/ramon/Beamlight.myb	598c3580169f3ed84fa943ef599f9b0c81151f90	5936	functional-source-or-data	NO	Nonempty changed content; filename alone is not removal evidence	Assigned source/asset references retained in hunk-wbs.tsv	KEEP_CONTRACT	19.001,19.002,19.003,19.004,19.005,19.006,19.007,19.008,19.009,30.009,30.017	19.015,36.014,36.015,34.014
01.014/path-0741	DONE	data/mypaint-brushes/ramon/Beamlight_prev.png	a78f1ab9ae97ccfb2f2aaa0891c1e3950f187e3b	15316	functional-source-or-data	NO	Nonempty changed content; filename alone is not removal evidence	Assigned source/asset references retained in hunk-wbs.tsv	KEEP_CONTRACT	19.013/preview-contract,30.017	24.017,34.014
01.014/path-0742	DONE	data/mypaint-brushes/ramon/BigAirbrush.myb	b99688f208f9e25d7d649c0f699e083507bdd85e	5112	functional-source-or-data	NO	Nonempty changed content; filename alone is not removal evidence	Assigned source/asset references retained in hunk-wbs.tsv	KEEP_CONTRACT	19.001,19.002,19.003,19.004,19.005,19.006,19.007,19.008,19.009,30.009,30.017	19.015,36.014,36.015,34.014
01.014/path-0743	DONE	data/mypaint-brushes/ramon/BigAirbrush_prev.png	8ee9146f76f7147ec9a1533bae7024c856eb69cf	14871	functional-source-or-data	NO	Nonempty changed content; filename alone is not removal evidence	Assigned source/asset references retained in hunk-wbs.tsv	KEEP_CONTRACT	19.013/preview-contract,30.017	24.017,34.014
01.014/path-0744	DONE	data/mypaint-brushes/ramon/Blur_Fast.myb	bc84f82dcbab8c9cc90021881bb37417b8d94fa3	4879	functional-source-or-data	NO	Nonempty changed content; filename alone is not removal evidence	Assigned source/asset references retained in hunk-wbs.tsv	KEEP_CONTRACT	19.001,19.002,19.003,19.004,19.005,19.006,19.007,19.008,19.009,30.009,30.017	19.015,36.014,36.015,34.014
01.014/path-0745	DONE	data/mypaint-brushes/ramon/Blur_Fast_prev.png	34a33a019b9176ee632aabb38440496759616321	7368	functional-source-or-data	NO	Nonempty changed content; filename alone is not removal evidence	Assigned source/asset references retained in hunk-wbs.tsv	KEEP_CONTRACT	19.013/preview-contract,30.017	24.017,34.014
01.014/path-0746	DONE	data/mypaint-brushes/ramon/Classic_Paint.myb	18f29744007c1c7ca3c67aa1a3b2de2074f8709b	6747	functional-source-or-data	NO	Nonempty changed content; filename alone is not removal evidence	Assigned source/asset references retained in hunk-wbs.tsv	KEEP_CONTRACT	19.001,19.002,19.003,19.004,19.005,19.006,19.007,19.008,19.009,30.009,30.017	19.015,36.014,36.015,34.014
01.014/path-0747	DONE	data/mypaint-brushes/ramon/Classic_Paint_prev.png	8db33cea67e5bce736fa057ce2851aa4ba122c42	11263	functional-source-or-data	NO	Nonempty changed content; filename alone is not removal evidence	Assigned source/asset references retained in hunk-wbs.tsv	KEEP_CONTRACT	19.013/preview-contract,30.017	24.017,34.014
01.014/path-0748	DONE	data/mypaint-brushes/ramon/Clouds.myb	4f8006100734f70dcc2f5db1e63e6af4f0ff6f01	6778	functional-source-or-data	NO	Nonempty changed content; filename alone is not removal evidence	Assigned source/asset references retained in hunk-wbs.tsv	KEEP_CONTRACT	19.001,19.002,19.003,19.004,19.005,19.006,19.007,19.008,19.009,30.009,30.017	19.015,36.014,36.015,34.014
01.014/path-0749	DONE	data/mypaint-brushes/ramon/Clouds_prev.png	b481ce7a0b860346d4df0106637a7f21d3fa1142	12460	functional-source-or-data	NO	Nonempty changed content; filename alone is not removal evidence	Assigned source/asset references retained in hunk-wbs.tsv	KEEP_CONTRACT	19.013/preview-contract,30.017	24.017,34.014
01.014/path-0750	DONE	data/mypaint-brushes/ramon/Delayed_.myb	ef5edd5f595ff331563f807ee8f52c997f0655d1	6145	functional-source-or-data	NO	Nonempty changed content; filename alone is not removal evidence	Assigned source/asset references retained in hunk-wbs.tsv	KEEP_CONTRACT	19.001,19.002,19.003,19.004,19.005,19.006,19.007,19.008,19.009,30.009,30.017	19.015,36.014,36.015,34.014
01.014/path-0751	DONE	data/mypaint-brushes/ramon/Delayed__prev.png	f75c3f660ed75ba86c2174369f36dd982b5ad540	6746	functional-source-or-data	NO	Nonempty changed content; filename alone is not removal evidence	Assigned source/asset references retained in hunk-wbs.tsv	KEEP_CONTRACT	19.013/preview-contract,30.017	24.017,34.014
01.014/path-0752	DONE	data/mypaint-brushes/ramon/Dirty_Noise.myb	d27ba1793e7fcf9af68a22ce08215599cecf5d84	7360	functional-source-or-data	NO	Nonempty changed content; filename alone is not removal evidence	Assigned source/asset references retained in hunk-wbs.tsv	KEEP_CONTRACT	19.001,19.002,19.003,19.004,19.005,19.006,19.007,19.008,19.009,30.009,30.017	19.015,36.014,36.015,34.014
01.014/path-0753	DONE	data/mypaint-brushes/ramon/Dirty_Noise_prev.png	7bc0a2e26a1a03ad01ee1bb4faebd811fafd705e	15534	functional-source-or-data	NO	Nonempty changed content; filename alone is not removal evidence	Assigned source/asset references retained in hunk-wbs.tsv	KEEP_CONTRACT	19.013/preview-contract,30.017	24.017,34.014
01.014/path-0754	DONE	data/mypaint-brushes/ramon/Glow_Airbrush.myb	9e8bbff03bf4b1862dcfce5ddef697e3afae1ec4	6503	functional-source-or-data	NO	Nonempty changed content; filename alone is not removal evidence	Assigned source/asset references retained in hunk-wbs.tsv	KEEP_CONTRACT	19.001,19.002,19.003,19.004,19.005,19.006,19.007,19.008,19.009,30.009,30.017	19.015,36.014,36.015,34.014
01.014/path-0755	DONE	data/mypaint-brushes/ramon/Glow_Airbrush_prev.png	2ab739235feb758931b3fc09030d0d407c482992	15823	functional-source-or-data	NO	Nonempty changed content; filename alone is not removal evidence	Assigned source/asset references retained in hunk-wbs.tsv	KEEP_CONTRACT	19.013/preview-contract,30.017	24.017,34.014
01.014/path-0756	DONE	data/mypaint-brushes/ramon/Grain.myb	650eb09e2924efa452fcbb1a4239c70f1f71975d	5639	functional-source-or-data	NO	Nonempty changed content; filename alone is not removal evidence	Assigned source/asset references retained in hunk-wbs.tsv	KEEP_CONTRACT	19.001,19.002,19.003,19.004,19.005,19.006,19.007,19.008,19.009,30.009,30.017	19.015,36.014,36.015,34.014
01.014/path-0757	DONE	data/mypaint-brushes/ramon/Grain_prev.png	1a5e9998b5bda77f40065506fe1d97eb58fae14a	14261	functional-source-or-data	NO	Nonempty changed content; filename alone is not removal evidence	Assigned source/asset references retained in hunk-wbs.tsv	KEEP_CONTRACT	19.013/preview-contract,30.017	24.017,34.014
01.014/path-0758	DONE	data/mypaint-brushes/ramon/Hard_Eraser.myb	1c35b986e8a12863a013cfad62d4045fb3843ff5	5951	functional-source-or-data	NO	Nonempty changed content; filename alone is not removal evidence	Assigned source/asset references retained in hunk-wbs.tsv	KEEP_CONTRACT	19.001,19.002,19.003,19.004,19.005,19.006,19.007,19.008,19.009,30.009,30.017	19.015,36.014,36.015,34.014
01.014/path-0759	DONE	data/mypaint-brushes/ramon/Hard_Eraser_prev.png	2134b1e69bd67ccd399c2d7e40f444502faea301	9338	functional-source-or-data	NO	Nonempty changed content; filename alone is not removal evidence	Assigned source/asset references retained in hunk-wbs.tsv	KEEP_CONTRACT	19.013/preview-contract,30.017	24.017,34.014
01.014/path-0760	DONE	data/mypaint-brushes/ramon/Knife.myb	6c165798ca4e66aa77d0263d31706e42827b5160	5643	functional-source-or-data	NO	Nonempty changed content; filename alone is not removal evidence	Assigned source/asset references retained in hunk-wbs.tsv	KEEP_CONTRACT	19.001,19.002,19.003,19.004,19.005,19.006,19.007,19.008,19.009,30.009,30.017	19.015,36.014,36.015,34.014
01.014/path-0761	DONE	data/mypaint-brushes/ramon/Knife_prev.png	c9bf0e315f2840894579d8b40218c99bf2dd7a8e	9313	functional-source-or-data	NO	Nonempty changed content; filename alone is not removal evidence	Assigned source/asset references retained in hunk-wbs.tsv	KEEP_CONTRACT	19.013/preview-contract,30.017	24.017,34.014
01.014/path-0762	DONE	data/mypaint-brushes/ramon/Makefile.am	dff1e44dee2c1264ee90030d06c56b7d78da0a86	1207	functional-source-or-data	NO	Nonempty changed content; filename alone is not removal evidence	Assigned source/asset references retained in hunk-wbs.tsv	KEEP_CONTRACT	30.009,30.010,30.011,30.017	34.002,34.014,38.005
01.014/path-0763	DONE	data/mypaint-brushes/ramon/Marker.myb	98dbc6979be06fbd22f798c8294bed206434dbbb	7835	functional-source-or-data	NO	Nonempty changed content; filename alone is not removal evidence	Assigned source/asset references retained in hunk-wbs.tsv	KEEP_CONTRACT	19.001,19.002,19.003,19.004,19.005,19.006,19.007,19.008,19.009,30.009,30.017	19.015,36.014,36.015,34.014
01.014/path-0764	DONE	data/mypaint-brushes/ramon/Marker_prev.png	804051f8f807b6df5947634a31500c6a79ca39c2	9219	functional-source-or-data	NO	Nonempty changed content; filename alone is not removal evidence	Assigned source/asset references retained in hunk-wbs.tsv	KEEP_CONTRACT	19.013/preview-contract,30.017	24.017,34.014
01.014/path-0765	DONE	data/mypaint-brushes/ramon/P._Shade.myb	3b169a8cfd69c7720ef3938567ff3d742ab4928e	5692	functional-source-or-data	NO	Nonempty changed content; filename alone is not removal evidence	Assigned source/asset references retained in hunk-wbs.tsv	KEEP_CONTRACT	19.001,19.002,19.003,19.004,19.005,19.006,19.007,19.008,19.009,30.009,30.017	19.015,36.014,36.015,34.014
01.014/path-0766	DONE	data/mypaint-brushes/ramon/P._Shade_prev.png	baa2b19cb92e44142c48aee1419a6015f34b1ada	17863	functional-source-or-data	NO	Nonempty changed content; filename alone is not removal evidence	Assigned source/asset references retained in hunk-wbs.tsv	KEEP_CONTRACT	19.013/preview-contract,30.017	24.017,34.014
01.014/path-0767	DONE	data/mypaint-brushes/ramon/Pastel_1.myb	63e9ad5d1739449db21f6ebc48bc0d4bf1439d19	6496	functional-source-or-data	NO	Nonempty changed content; filename alone is not removal evidence	Assigned source/asset references retained in hunk-wbs.tsv	KEEP_CONTRACT	19.001,19.002,19.003,19.004,19.005,19.006,19.007,19.008,19.009,30.009,30.017	19.015,36.014,36.015,34.014
01.014/path-0768	DONE	data/mypaint-brushes/ramon/Pastel_1_prev.png	d489cd951911ef9c568968af23e09d2a1f73d80a	22177	functional-source-or-data	NO	Nonempty changed content; filename alone is not removal evidence	Assigned source/asset references retained in hunk-wbs.tsv	KEEP_CONTRACT	19.013/preview-contract,30.017	24.017,34.014
01.014/path-0769	DONE	data/mypaint-brushes/ramon/Pen.myb	74de6b0a50fd1c0256b7d29ce5595ff18de9c0b0	5242	functional-source-or-data	NO	Nonempty changed content; filename alone is not removal evidence	Assigned source/asset references retained in hunk-wbs.tsv	KEEP_CONTRACT	19.001,19.002,19.003,19.004,19.005,19.006,19.007,19.008,19.009,30.009,30.017	19.015,36.014,36.015,34.014
01.014/path-0770	DONE	data/mypaint-brushes/ramon/PenBrush.myb	2f54ef455d0fc833e702f7512c839b6623c844dd	6036	functional-source-or-data	NO	Nonempty changed content; filename alone is not removal evidence	Assigned source/asset references retained in hunk-wbs.tsv	KEEP_CONTRACT	19.001,19.002,19.003,19.004,19.005,19.006,19.007,19.008,19.009,30.009,30.017	19.015,36.014,36.015,34.014
01.014/path-0771	DONE	data/mypaint-brushes/ramon/PenBrush_prev.png	61e9f397e35b839ce84014c88cde3b68fe2d6bb7	10111	functional-source-or-data	NO	Nonempty changed content; filename alone is not removal evidence	Assigned source/asset references retained in hunk-wbs.tsv	KEEP_CONTRACT	19.013/preview-contract,30.017	24.017,34.014
01.014/path-0772	DONE	data/mypaint-brushes/ramon/Pen_prev.png	8d92608e1cfa347f9f203b25f31da8bed8fb672c	9846	functional-source-or-data	NO	Nonempty changed content; filename alone is not removal evidence	Assigned source/asset references retained in hunk-wbs.tsv	KEEP_CONTRACT	19.013/preview-contract,30.017	24.017,34.014
01.014/path-0773	DONE	data/mypaint-brushes/ramon/RS_blendOP.myb	a895ba84d58e040562d125220636dfa30733a3cb	7135	functional-source-or-data	NO	Nonempty changed content; filename alone is not removal evidence	Assigned source/asset references retained in hunk-wbs.tsv	KEEP_CONTRACT	19.001,19.002,19.003,19.004,19.005,19.006,19.007,19.008,19.009,30.009,30.017	19.015,36.014,36.015,34.014
01.014/path-0774	DONE	data/mypaint-brushes/ramon/RS_blendOP_prev.png	e25ab5130cba64226564fe0ad8863ef481f266e9	10738	functional-source-or-data	NO	Nonempty changed content; filename alone is not removal evidence	Assigned source/asset references retained in hunk-wbs.tsv	KEEP_CONTRACT	19.013/preview-contract,30.017	24.017,34.014
01.014/path-0775	DONE	data/mypaint-brushes/ramon/Round.myb	6cbff103d9db457b438b70e94d05352497bd7258	6382	functional-source-or-data	NO	Nonempty changed content; filename alone is not removal evidence	Assigned source/asset references retained in hunk-wbs.tsv	KEEP_CONTRACT	19.001,19.002,19.003,19.004,19.005,19.006,19.007,19.008,19.009,30.009,30.017	19.015,36.014,36.015,34.014
01.014/path-0776	DONE	data/mypaint-brushes/ramon/Round_Bl.myb	8b17f667642d87a5f6e382c662cd9f7596cbdab4	7225	functional-source-or-data	NO	Nonempty changed content; filename alone is not removal evidence	Assigned source/asset references retained in hunk-wbs.tsv	KEEP_CONTRACT	19.001,19.002,19.003,19.004,19.005,19.006,19.007,19.008,19.009,30.009,30.017	19.015,36.014,36.015,34.014
01.014/path-0777	DONE	data/mypaint-brushes/ramon/Round_Bl_prev.png	656f5c7d74a171b99f6ae188b70eb6309b712e24	11678	functional-source-or-data	NO	Nonempty changed content; filename alone is not removal evidence	Assigned source/asset references retained in hunk-wbs.tsv	KEEP_CONTRACT	19.013/preview-contract,30.017	24.017,34.014
01.014/path-0778	DONE	data/mypaint-brushes/ramon/Round_prev.png	b5ba66326434c95be5eb605efb739132620b9a02	10353	functional-source-or-data	NO	Nonempty changed content; filename alone is not removal evidence	Assigned source/asset references retained in hunk-wbs.tsv	KEEP_CONTRACT	19.013/preview-contract,30.017	24.017,34.014
01.014/path-0779	DONE	data/mypaint-brushes/ramon/Sketch_1.myb	3c263a62d3e89df29c1f26e9acac7a338a5e193e	5334	functional-source-or-data	NO	Nonempty changed content; filename alone is not removal evidence	Assigned source/asset references retained in hunk-wbs.tsv	KEEP_CONTRACT	19.001,19.002,19.003,19.004,19.005,19.006,19.007,19.008,19.009,30.009,30.017	19.015,36.014,36.015,34.014
01.014/path-0780	DONE	data/mypaint-brushes/ramon/Sketch_1_prev.png	55ee7980d3a1c2e78dc606dbb268cda6d62d2a04	14255	functional-source-or-data	NO	Nonempty changed content; filename alone is not removal evidence	Assigned source/asset references retained in hunk-wbs.tsv	KEEP_CONTRACT	19.013/preview-contract,30.017	24.017,34.014
01.014/path-0781	DONE	data/mypaint-brushes/ramon/Smear.myb	e636403032858d994e4d3b947226f19f92cc1c05	5638	functional-source-or-data	NO	Nonempty changed content; filename alone is not removal evidence	Assigned source/asset references retained in hunk-wbs.tsv	KEEP_CONTRACT	19.001,19.002,19.003,19.004,19.005,19.006,19.007,19.008,19.009,30.009,30.017	19.015,36.014,36.015,34.014
01.014/path-0782	DONE	data/mypaint-brushes/ramon/Smear_prev.png	57b1e1e552f734d8fe5edc97195278a0f79e85da	9602	functional-source-or-data	NO	Nonempty changed content; filename alone is not removal evidence	Assigned source/asset references retained in hunk-wbs.tsv	KEEP_CONTRACT	19.013/preview-contract,30.017	24.017,34.014
01.014/path-0783	DONE	data/mypaint-brushes/ramon/Soft_Eraser.myb	524075b826af92a224a7b7b47a7a9ea95f15f3a2	4997	functional-source-or-data	NO	Nonempty changed content; filename alone is not removal evidence	Assigned source/asset references retained in hunk-wbs.tsv	KEEP_CONTRACT	19.001,19.002,19.003,19.004,19.005,19.006,19.007,19.008,19.009,30.009,30.017	19.015,36.014,36.015,34.014
01.014/path-0784	DONE	data/mypaint-brushes/ramon/Soft_Eraser_prev.png	b15ecbadca1295b87bf31fbc4e527f2f8b70ca5a	12295	functional-source-or-data	NO	Nonempty changed content; filename alone is not removal evidence	Assigned source/asset references retained in hunk-wbs.tsv	KEEP_CONTRACT	19.013/preview-contract,30.017	24.017,34.014
01.014/path-0785	DONE	data/mypaint-brushes/ramon/Thin_Pen.myb	79ac72ae07a69b028656f6b90f3213082c4437f5	6183	functional-source-or-data	NO	Nonempty changed content; filename alone is not removal evidence	Assigned source/asset references retained in hunk-wbs.tsv	KEEP_CONTRACT	19.001,19.002,19.003,19.004,19.005,19.006,19.007,19.008,19.009,30.009,30.017	19.015,36.014,36.015,34.014
01.014/path-0786	DONE	data/mypaint-brushes/ramon/Thin_Pen_prev.png	f1f5bcae4902f3c52d973fa5cc9e5b1121b72ae9	6540	functional-source-or-data	NO	Nonempty changed content; filename alone is not removal evidence	Assigned source/asset references retained in hunk-wbs.tsv	KEEP_CONTRACT	19.013/preview-contract,30.017	24.017,34.014
01.014/path-0787	DONE	data/mypaint-brushes/ramon/Wet_Direction.myb	e500a03cbde74a73c1dc269030ddedb80f36d78d	5426	functional-source-or-data	NO	Nonempty changed content; filename alone is not removal evidence	Assigned source/asset references retained in hunk-wbs.tsv	KEEP_CONTRACT	19.001,19.002,19.003,19.004,19.005,19.006,19.007,19.008,19.009,30.009,30.017	19.015,36.014,36.015,34.014
01.014/path-0788	DONE	data/mypaint-brushes/ramon/Wet_Direction_prev.png	45955c4cc9635b8f7c87f68f46e713f019c42e3c	11373	functional-source-or-data	NO	Nonempty changed content; filename alone is not removal evidence	Assigned source/asset references retained in hunk-wbs.tsv	KEEP_CONTRACT	19.013/preview-contract,30.017	24.017,34.014
01.014/path-0789	DONE	data/mypaint-brushes/ramon/files	9b5ce39ca19cf1acfd971eb3d1bd5c253bbb9dff	923	functional-source-or-data	NO	Nonempty changed content; filename alone is not removal evidence	Assigned source/asset references retained in hunk-wbs.tsv	KEEP_CONTRACT	30.009,30.010,30.011,30.017	34.002,34.014,38.005
01.014/path-0790	DONE	data/mypaint-brushes/ramon/wet_round.myb	924424b49eb5321f43d909db07d2272d75e3a628	5993	functional-source-or-data	NO	Nonempty changed content; filename alone is not removal evidence	Assigned source/asset references retained in hunk-wbs.tsv	KEEP_CONTRACT	19.001,19.002,19.003,19.004,19.005,19.006,19.007,19.008,19.009,30.009,30.017	19.015,36.014,36.015,34.014
01.014/path-0791	DONE	data/mypaint-brushes/ramon/wet_round_prev.png	b08d7226a5e0b1452e3090d37af31394040c5a1f	10031	functional-source-or-data	NO	Nonempty changed content; filename alone is not removal evidence	Assigned source/asset references retained in hunk-wbs.tsv	KEEP_CONTRACT	19.013/preview-contract,30.017	24.017,34.014
01.014/path-0792	DONE	data/mypaint-brushes/tanda/Makefile.am	9b3d71b27b6b9e7fe0b0fd57bf0370a4f997d03e	1778	functional-source-or-data	NO	Nonempty changed content; filename alone is not removal evidence	Assigned source/asset references retained in hunk-wbs.tsv	KEEP_CONTRACT	30.009,30.010,30.011,30.017	34.002,34.014,38.005
01.014/path-0793	DONE	data/mypaint-brushes/tanda/acrylic-03-only-water.myb	94c2398a492887fc220457fcd8c37ca739191339	7300	functional-source-or-data	NO	Nonempty changed content; filename alone is not removal evidence	Assigned source/asset references retained in hunk-wbs.tsv	KEEP_CONTRACT	19.001,19.002,19.003,19.004,19.005,19.006,19.007,19.008,19.009,30.009,30.017	19.015,36.014,36.015,34.014
01.014/path-0794	DONE	data/mypaint-brushes/tanda/acrylic-03-only-water_prev.png	7e2df057b3e6b6fc995550d64048ae657ff9030f	17827	functional-source-or-data	NO	Nonempty changed content; filename alone is not removal evidence	Assigned source/asset references retained in hunk-wbs.tsv	KEEP_CONTRACT	19.013/preview-contract,30.017	24.017,34.014
01.014/path-0795	DONE	data/mypaint-brushes/tanda/acrylic-03-paint.myb	e36fa0d32c38a099a704bfd68841026fb1e41798	6822	functional-source-or-data	NO	Nonempty changed content; filename alone is not removal evidence	Assigned source/asset references retained in hunk-wbs.tsv	KEEP_CONTRACT	19.001,19.002,19.003,19.004,19.005,19.006,19.007,19.008,19.009,30.009,30.017	19.015,36.014,36.015,34.014
01.014/path-0796	DONE	data/mypaint-brushes/tanda/acrylic-03-paint_prev.png	f11629b007d4b04f4370992f49c7e4997a82bf29	17415	functional-source-or-data	NO	Nonempty changed content; filename alone is not removal evidence	Assigned source/asset references retained in hunk-wbs.tsv	KEEP_CONTRACT	19.013/preview-contract,30.017	24.017,34.014
01.014/path-0797	DONE	data/mypaint-brushes/tanda/acrylic-03-with-water.myb	72de643b139189e76cf1e92f7f98d15f46d0cb48	5928	functional-source-or-data	NO	Nonempty changed content; filename alone is not removal evidence	Assigned source/asset references retained in hunk-wbs.tsv	KEEP_CONTRACT	19.001,19.002,19.003,19.004,19.005,19.006,19.007,19.008,19.009,30.009,30.017	19.015,36.014,36.015,34.014
01.014/path-0798	DONE	data/mypaint-brushes/tanda/acrylic-03-with-water_prev.png	14d12328127a6dbf7cec7050204771bb3d89c59b	19197	functional-source-or-data	NO	Nonempty changed content; filename alone is not removal evidence	Assigned source/asset references retained in hunk-wbs.tsv	KEEP_CONTRACT	19.013/preview-contract,30.017	24.017,34.014
01.014/path-0799	DONE	data/mypaint-brushes/tanda/acrylic-04-only-water.myb	15d8c3d7148ef926016ed4043f3c5705d32058d1	7508	functional-source-or-data	NO	Nonempty changed content; filename alone is not removal evidence	Assigned source/asset references retained in hunk-wbs.tsv	KEEP_CONTRACT	19.001,19.002,19.003,19.004,19.005,19.006,19.007,19.008,19.009,30.009,30.017	19.015,36.014,36.015,34.014
01.014/path-0800	DONE	data/mypaint-brushes/tanda/acrylic-04-only-water_prev.png	2895b0d06e421381f1b39324b5032e2dcd2bb9b7	17062	functional-source-or-data	NO	Nonempty changed content; filename alone is not removal evidence	Assigned source/asset references retained in hunk-wbs.tsv	KEEP_CONTRACT	19.013/preview-contract,30.017	24.017,34.014
01.014/path-0801	DONE	data/mypaint-brushes/tanda/acrylic-04-paint.myb	58152d0d65c671ab3c765ffe5ae10a7c080e28dd	6159	functional-source-or-data	NO	Nonempty changed content; filename alone is not removal evidence	Assigned source/asset references retained in hunk-wbs.tsv	KEEP_CONTRACT	19.001,19.002,19.003,19.004,19.005,19.006,19.007,19.008,19.009,30.009,30.017	19.015,36.014,36.015,34.014
01.014/path-0802	DONE	data/mypaint-brushes/tanda/acrylic-04-paint_prev.png	0f53b2ff07ca603a298a1af5d5ae22a974d2deb4	13295	functional-source-or-data	NO	Nonempty changed content; filename alone is not removal evidence	Assigned source/asset references retained in hunk-wbs.tsv	KEEP_CONTRACT	19.013/preview-contract,30.017	24.017,34.014
01.014/path-0803	DONE	data/mypaint-brushes/tanda/acrylic-04-with-water.myb	9b501c59f54581a7dfa9cbd4d9090e38b90fe03a	6403	functional-source-or-data	NO	Nonempty changed content; filename alone is not removal evidence	Assigned source/asset references retained in hunk-wbs.tsv	KEEP_CONTRACT	19.001,19.002,19.003,19.004,19.005,19.006,19.007,19.008,19.009,30.009,30.017	19.015,36.014,36.015,34.014
01.014/path-0804	DONE	data/mypaint-brushes/tanda/acrylic-04-with-water_prev.png	aad96b7c1fe9602786c48411e1f0c5cc1e95cb98	18632	functional-source-or-data	NO	Nonempty changed content; filename alone is not removal evidence	Assigned source/asset references retained in hunk-wbs.tsv	KEEP_CONTRACT	19.013/preview-contract,30.017	24.017,34.014
01.014/path-0805	DONE	data/mypaint-brushes/tanda/acrylic-05-only-water.myb	cbea5d0e6c5d8ffe4d44b40845696f09586f6fa3	5648	functional-source-or-data	NO	Nonempty changed content; filename alone is not removal evidence	Assigned source/asset references retained in hunk-wbs.tsv	KEEP_CONTRACT	19.001,19.002,19.003,19.004,19.005,19.006,19.007,19.008,19.009,30.009,30.017	19.015,36.014,36.015,34.014
01.014/path-0806	DONE	data/mypaint-brushes/tanda/acrylic-05-only-water_prev.png	9c4f9aa0bedabbe624ebef8a8b9d2a1cfb3fa9d0	17972	functional-source-or-data	NO	Nonempty changed content; filename alone is not removal evidence	Assigned source/asset references retained in hunk-wbs.tsv	KEEP_CONTRACT	19.013/preview-contract,30.017	24.017,34.014
01.014/path-0807	DONE	data/mypaint-brushes/tanda/acrylic-05-paint.myb	3df38af1e61fa6e4a512d8340319489a961ed7c9	5642	functional-source-or-data	NO	Nonempty changed content; filename alone is not removal evidence	Assigned source/asset references retained in hunk-wbs.tsv	KEEP_CONTRACT	19.001,19.002,19.003,19.004,19.005,19.006,19.007,19.008,19.009,30.009,30.017	19.015,36.014,36.015,34.014
01.014/path-0808	DONE	data/mypaint-brushes/tanda/acrylic-05-paint_prev.png	1004ff8385f59691dfac59f5770e52a82ed1f6df	18768	functional-source-or-data	NO	Nonempty changed content; filename alone is not removal evidence	Assigned source/asset references retained in hunk-wbs.tsv	KEEP_CONTRACT	19.013/preview-contract,30.017	24.017,34.014
01.014/path-0809	DONE	data/mypaint-brushes/tanda/acrylic-05-with-water.myb	daa14f3b955a2d74bc4670000e7a159da95994f3	5689	functional-source-or-data	NO	Nonempty changed content; filename alone is not removal evidence	Assigned source/asset references retained in hunk-wbs.tsv	KEEP_CONTRACT	19.001,19.002,19.003,19.004,19.005,19.006,19.007,19.008,19.009,30.009,30.017	19.015,36.014,36.015,34.014
01.014/path-0810	DONE	data/mypaint-brushes/tanda/acrylic-05-with-water_prev.png	6082a1b6eb6d556a13e59dd13bff2e31eea82564	17699	functional-source-or-data	NO	Nonempty changed content; filename alone is not removal evidence	Assigned source/asset references retained in hunk-wbs.tsv	KEEP_CONTRACT	19.013/preview-contract,30.017	24.017,34.014
01.014/path-0811	DONE	data/mypaint-brushes/tanda/charcoal-01.myb	efda2625e965f8ae2c9209ae5f089a6ec4dd3b9b	6310	functional-source-or-data	NO	Nonempty changed content; filename alone is not removal evidence	Assigned source/asset references retained in hunk-wbs.tsv	KEEP_CONTRACT	19.001,19.002,19.003,19.004,19.005,19.006,19.007,19.008,19.009,30.009,30.017	19.015,36.014,36.015,34.014
01.014/path-0812	DONE	data/mypaint-brushes/tanda/charcoal-01_prev.png	a00f558d6df6f1e740d2ccced96f628a614e0ca9	22725	functional-source-or-data	NO	Nonempty changed content; filename alone is not removal evidence	Assigned source/asset references retained in hunk-wbs.tsv	KEEP_CONTRACT	19.013/preview-contract,30.017	24.017,34.014
01.014/path-0813	DONE	data/mypaint-brushes/tanda/charcoal-03.myb	a3450e9dc80a16f6f4a3af07c5a367b1d40b3cd2	6264	functional-source-or-data	NO	Nonempty changed content; filename alone is not removal evidence	Assigned source/asset references retained in hunk-wbs.tsv	KEEP_CONTRACT	19.001,19.002,19.003,19.004,19.005,19.006,19.007,19.008,19.009,30.009,30.017	19.015,36.014,36.015,34.014
01.014/path-0814	DONE	data/mypaint-brushes/tanda/charcoal-03_prev.png	2e13ee0f5f3dd3e69aecbd2c6ef307973e1e9ddf	21876	functional-source-or-data	NO	Nonempty changed content; filename alone is not removal evidence	Assigned source/asset references retained in hunk-wbs.tsv	KEEP_CONTRACT	19.013/preview-contract,30.017	24.017,34.014
01.014/path-0815	DONE	data/mypaint-brushes/tanda/charcoal-04.myb	9541a17544d62c2db65ab7a3db65fe5af73c445b	6000	functional-source-or-data	NO	Nonempty changed content; filename alone is not removal evidence	Assigned source/asset references retained in hunk-wbs.tsv	KEEP_CONTRACT	19.001,19.002,19.003,19.004,19.005,19.006,19.007,19.008,19.009,30.009,30.017	19.015,36.014,36.015,34.014
01.014/path-0816	DONE	data/mypaint-brushes/tanda/charcoal-04_prev.png	8747a6a02b2786f96571165a73e2b982f7995904	25806	functional-source-or-data	NO	Nonempty changed content; filename alone is not removal evidence	Assigned source/asset references retained in hunk-wbs.tsv	KEEP_CONTRACT	19.013/preview-contract,30.017	24.017,34.014
01.014/path-0817	DONE	data/mypaint-brushes/tanda/charcoal-blur1.myb	74b7e4829d77fe9eb228aefab44ef736e613d233	5626	functional-source-or-data	NO	Nonempty changed content; filename alone is not removal evidence	Assigned source/asset references retained in hunk-wbs.tsv	KEEP_CONTRACT	19.001,19.002,19.003,19.004,19.005,19.006,19.007,19.008,19.009,30.009,30.017	19.015,36.014,36.015,34.014
01.014/path-0818	DONE	data/mypaint-brushes/tanda/charcoal-blur1_prev.png	b8c8b3d268725504ee2fa0ac12d5f3e1319e8c0d	21348	functional-source-or-data	NO	Nonempty changed content; filename alone is not removal evidence	Assigned source/asset references retained in hunk-wbs.tsv	KEEP_CONTRACT	19.013/preview-contract,30.017	24.017,34.014
01.014/path-0819	DONE	data/mypaint-brushes/tanda/files	9b5ce39ca19cf1acfd971eb3d1bd5c253bbb9dff	923	functional-source-or-data	NO	Nonempty changed content; filename alone is not removal evidence	Assigned source/asset references retained in hunk-wbs.tsv	KEEP_CONTRACT	30.009,30.010,30.011,30.017	34.002,34.014,38.005
01.014/path-0820	DONE	data/mypaint-brushes/tanda/marker-01.myb	e697bcac116bf67bf44ebd3a483f261278b4eaeb	5514	functional-source-or-data	NO	Nonempty changed content; filename alone is not removal evidence	Assigned source/asset references retained in hunk-wbs.tsv	KEEP_CONTRACT	19.001,19.002,19.003,19.004,19.005,19.006,19.007,19.008,19.009,30.009,30.017	19.015,36.014,36.015,34.014
01.014/path-0821	DONE	data/mypaint-brushes/tanda/marker-01_prev.png	e2abd3274aa39099aca6d84539cfd3961cc140ca	20829	functional-source-or-data	NO	Nonempty changed content; filename alone is not removal evidence	Assigned source/asset references retained in hunk-wbs.tsv	KEEP_CONTRACT	19.013/preview-contract,30.017	24.017,34.014
01.014/path-0822	DONE	data/mypaint-brushes/tanda/marker-05.myb	f04f675c9643416d447441786ecfab7231535ef3	5676	functional-source-or-data	NO	Nonempty changed content; filename alone is not removal evidence	Assigned source/asset references retained in hunk-wbs.tsv	KEEP_CONTRACT	19.001,19.002,19.003,19.004,19.005,19.006,19.007,19.008,19.009,30.009,30.017	19.015,36.014,36.015,34.014
01.014/path-0823	DONE	data/mypaint-brushes/tanda/marker-05_prev.png	969ae88fdb23a14d82387c62f902d479799577c9	20304	functional-source-or-data	NO	Nonempty changed content; filename alone is not removal evidence	Assigned source/asset references retained in hunk-wbs.tsv	KEEP_CONTRACT	19.013/preview-contract,30.017	24.017,34.014
01.014/path-0824	DONE	data/mypaint-brushes/tanda/oil-01-clean.myb	f046a3ae051f0e190fd93519bef895999db7a654	6762	functional-source-or-data	NO	Nonempty changed content; filename alone is not removal evidence	Assigned source/asset references retained in hunk-wbs.tsv	KEEP_CONTRACT	19.001,19.002,19.003,19.004,19.005,19.006,19.007,19.008,19.009,30.009,30.017	19.015,36.014,36.015,34.014
01.014/path-0825	DONE	data/mypaint-brushes/tanda/oil-01-clean_prev.png	c930617c78c2e6ca3a147e1806654b46fc4c2532	18529	functional-source-or-data	NO	Nonempty changed content; filename alone is not removal evidence	Assigned source/asset references retained in hunk-wbs.tsv	KEEP_CONTRACT	19.013/preview-contract,30.017	24.017,34.014
01.014/path-0826	DONE	data/mypaint-brushes/tanda/oil-01-paint.myb	20f2c49bced504143b0b5314703c39e0b3ae8557	7395	functional-source-or-data	NO	Nonempty changed content; filename alone is not removal evidence	Assigned source/asset references retained in hunk-wbs.tsv	KEEP_CONTRACT	19.001,19.002,19.003,19.004,19.005,19.006,19.007,19.008,19.009,30.009,30.017	19.015,36.014,36.015,34.014
01.014/path-0827	DONE	data/mypaint-brushes/tanda/oil-01-paint_prev.png	c5c94e5dbe521e358590ae0d946747885e939e4b	18625	functional-source-or-data	NO	Nonempty changed content; filename alone is not removal evidence	Assigned source/asset references retained in hunk-wbs.tsv	KEEP_CONTRACT	19.013/preview-contract,30.017	24.017,34.014
01.014/path-0828	DONE	data/mypaint-brushes/tanda/oil-03-clean.myb	3d75f68bbe8a95d40d3ff507758540e7559749e0	7023	functional-source-or-data	NO	Nonempty changed content; filename alone is not removal evidence	Assigned source/asset references retained in hunk-wbs.tsv	KEEP_CONTRACT	19.001,19.002,19.003,19.004,19.005,19.006,19.007,19.008,19.009,30.009,30.017	19.015,36.014,36.015,34.014
01.014/path-0829	DONE	data/mypaint-brushes/tanda/oil-03-clean_prev.png	f84d6d50e2cb63e8769afb238522bcce3b699ca0	17815	functional-source-or-data	NO	Nonempty changed content; filename alone is not removal evidence	Assigned source/asset references retained in hunk-wbs.tsv	KEEP_CONTRACT	19.013/preview-contract,30.017	24.017,34.014
01.014/path-0830	DONE	data/mypaint-brushes/tanda/oil-03-paint.myb	eb0bf4a6cedce7658471d07578159a3f1be0d6f3	7813	functional-source-or-data	NO	Nonempty changed content; filename alone is not removal evidence	Assigned source/asset references retained in hunk-wbs.tsv	KEEP_CONTRACT	19.001,19.002,19.003,19.004,19.005,19.006,19.007,19.008,19.009,30.009,30.017	19.015,36.014,36.015,34.014
01.014/path-0831	DONE	data/mypaint-brushes/tanda/oil-03-paint_prev.png	04ff7f979306a15d56940bc702c52d18423ebd29	19485	functional-source-or-data	NO	Nonempty changed content; filename alone is not removal evidence	Assigned source/asset references retained in hunk-wbs.tsv	KEEP_CONTRACT	19.013/preview-contract,30.017	24.017,34.014
01.014/path-0832	DONE	data/mypaint-brushes/tanda/oil-06-clean.myb	d74f74ad80b7e2e76fa52c072560fa64ccd48c85	5639	functional-source-or-data	NO	Nonempty changed content; filename alone is not removal evidence	Assigned source/asset references retained in hunk-wbs.tsv	KEEP_CONTRACT	19.001,19.002,19.003,19.004,19.005,19.006,19.007,19.008,19.009,30.009,30.017	19.015,36.014,36.015,34.014
01.014/path-0833	DONE	data/mypaint-brushes/tanda/oil-06-clean_prev.png	402f30dc6b2d0ce9e2e44e54f0e3d0218f092f0a	15356	functional-source-or-data	NO	Nonempty changed content; filename alone is not removal evidence	Assigned source/asset references retained in hunk-wbs.tsv	KEEP_CONTRACT	19.013/preview-contract,30.017	24.017,34.014
01.014/path-0834	DONE	data/mypaint-brushes/tanda/oil-06-paint.myb	6ecdb046a2984ffd1969cc03955f34b6ce5b32c2	6008	functional-source-or-data	NO	Nonempty changed content; filename alone is not removal evidence	Assigned source/asset references retained in hunk-wbs.tsv	KEEP_CONTRACT	19.001,19.002,19.003,19.004,19.005,19.006,19.007,19.008,19.009,30.009,30.017	19.015,36.014,36.015,34.014
01.014/path-0835	DONE	data/mypaint-brushes/tanda/oil-06-paint_prev.png	41c82273789e19589971f47bcc330bbff8e749c8	16163	functional-source-or-data	NO	Nonempty changed content; filename alone is not removal evidence	Assigned source/asset references retained in hunk-wbs.tsv	KEEP_CONTRACT	19.013/preview-contract,30.017	24.017,34.014
01.014/path-0836	DONE	data/mypaint-brushes/tanda/oil-mop.myb	84abcf58d8d333de1b360193af3db22ebcfc20b1	6324	functional-source-or-data	NO	Nonempty changed content; filename alone is not removal evidence	Assigned source/asset references retained in hunk-wbs.tsv	KEEP_CONTRACT	19.001,19.002,19.003,19.004,19.005,19.006,19.007,19.008,19.009,30.009,30.017	19.015,36.014,36.015,34.014
01.014/path-0837	DONE	data/mypaint-brushes/tanda/oil-mop_prev.png	5325cedf986bfe113079744c210777e8c265492b	14836	functional-source-or-data	NO	Nonempty changed content; filename alone is not removal evidence	Assigned source/asset references retained in hunk-wbs.tsv	KEEP_CONTRACT	19.013/preview-contract,30.017	24.017,34.014
01.014/path-0838	DONE	data/mypaint-brushes/tanda/pencil-2b.myb	a094b1ad2d53b76288b9ac3460abe1595efca6b1	5538	functional-source-or-data	NO	Nonempty changed content; filename alone is not removal evidence	Assigned source/asset references retained in hunk-wbs.tsv	KEEP_CONTRACT	19.001,19.002,19.003,19.004,19.005,19.006,19.007,19.008,19.009,30.009,30.017	19.015,36.014,36.015,34.014
01.014/path-0839	DONE	data/mypaint-brushes/tanda/pencil-2b_prev.png	7e8f5f2a270e1507424b266684229159b7e4b2ea	29006	functional-source-or-data	NO	Nonempty changed content; filename alone is not removal evidence	Assigned source/asset references retained in hunk-wbs.tsv	KEEP_CONTRACT	19.013/preview-contract,30.017	24.017,34.014
01.014/path-0840	DONE	data/mypaint-brushes/tanda/pencil-8b.myb	8c0ab0d7d8843d49a117aa9b72e73d3b1e702b97	5787	functional-source-or-data	NO	Nonempty changed content; filename alone is not removal evidence	Assigned source/asset references retained in hunk-wbs.tsv	KEEP_CONTRACT	19.001,19.002,19.003,19.004,19.005,19.006,19.007,19.008,19.009,30.009,30.017	19.015,36.014,36.015,34.014
01.014/path-0841	DONE	data/mypaint-brushes/tanda/pencil-8b_prev.png	a1281b0d3e8bffe443e474b22072502ba2caf636	31076	functional-source-or-data	NO	Nonempty changed content; filename alone is not removal evidence	Assigned source/asset references retained in hunk-wbs.tsv	KEEP_CONTRACT	19.013/preview-contract,30.017	24.017,34.014
01.014/path-0842	DONE	data/mypaint-brushes/tanda/splatter-02.myb	8517a2f83320a5278e33b0b1f07d2575b3acae96	4883	functional-source-or-data	NO	Nonempty changed content; filename alone is not removal evidence	Assigned source/asset references retained in hunk-wbs.tsv	KEEP_CONTRACT	19.001,19.002,19.003,19.004,19.005,19.006,19.007,19.008,19.009,30.009,30.017	19.015,36.014,36.015,34.014
01.014/path-0843	DONE	data/mypaint-brushes/tanda/splatter-02_prev.png	c20a273d6555b6770ccc466736c1f77bad7260d9	16168	functional-source-or-data	NO	Nonempty changed content; filename alone is not removal evidence	Assigned source/asset references retained in hunk-wbs.tsv	KEEP_CONTRACT	19.013/preview-contract,30.017	24.017,34.014
01.014/path-0844	DONE	data/mypaint-brushes/tanda/splatter-04.myb	d9bb3db249d8fca571c368ff22239a8e064c1509	5802	functional-source-or-data	NO	Nonempty changed content; filename alone is not removal evidence	Assigned source/asset references retained in hunk-wbs.tsv	KEEP_CONTRACT	19.001,19.002,19.003,19.004,19.005,19.006,19.007,19.008,19.009,30.009,30.017	19.015,36.014,36.015,34.014
01.014/path-0845	DONE	data/mypaint-brushes/tanda/splatter-04_prev.png	03d801c66e326e6ed4eb6bf9b74dbe2e823492cf	9876	functional-source-or-data	NO	Nonempty changed content; filename alone is not removal evidence	Assigned source/asset references retained in hunk-wbs.tsv	KEEP_CONTRACT	19.013/preview-contract,30.017	24.017,34.014
01.014/path-0846	DONE	data/mypaint-brushes/tanda/texture-03.myb	dd1c04f2455aec376d3772370e5b31f14e14dc03	5401	functional-source-or-data	NO	Nonempty changed content; filename alone is not removal evidence	Assigned source/asset references retained in hunk-wbs.tsv	KEEP_CONTRACT	19.001,19.002,19.003,19.004,19.005,19.006,19.007,19.008,19.009,30.009,30.017	19.015,36.014,36.015,34.014
01.014/path-0847	DONE	data/mypaint-brushes/tanda/texture-03_prev.png	0a746418e94c6e12f63232aa1cd04abb8c1c412a	19667	functional-source-or-data	NO	Nonempty changed content; filename alone is not removal evidence	Assigned source/asset references retained in hunk-wbs.tsv	KEEP_CONTRACT	19.013/preview-contract,30.017	24.017,34.014
01.014/path-0848	DONE	data/mypaint-brushes/tanda/texture-06.myb	341f4415baadd53e7cd77640df10173d6299e35d	5921	functional-source-or-data	NO	Nonempty changed content; filename alone is not removal evidence	Assigned source/asset references retained in hunk-wbs.tsv	KEEP_CONTRACT	19.001,19.002,19.003,19.004,19.005,19.006,19.007,19.008,19.009,30.009,30.017	19.015,36.014,36.015,34.014
01.014/path-0849	DONE	data/mypaint-brushes/tanda/texture-06_prev.png	33e885938bb6910e739a454d10300e5f2864ae7b	21153	functional-source-or-data	NO	Nonempty changed content; filename alone is not removal evidence	Assigned source/asset references retained in hunk-wbs.tsv	KEEP_CONTRACT	19.013/preview-contract,30.017	24.017,34.014
01.014/path-0850	DONE	data/mypaint-brushes/tanda/texture-12.myb	174fef1f6d77c6d5e33e48d846e3d8c5f0034a7d	5949	functional-source-or-data	NO	Nonempty changed content; filename alone is not removal evidence	Assigned source/asset references retained in hunk-wbs.tsv	KEEP_CONTRACT	19.001,19.002,19.003,19.004,19.005,19.006,19.007,19.008,19.009,30.009,30.017	19.015,36.014,36.015,34.014
01.014/path-0851	DONE	data/mypaint-brushes/tanda/texture-12_prev.png	93cd9b6b9dbde6ee90a3cdd18d7364fa2d58f2c0	18720	functional-source-or-data	NO	Nonempty changed content; filename alone is not removal evidence	Assigned source/asset references retained in hunk-wbs.tsv	KEEP_CONTRACT	19.013/preview-contract,30.017	24.017,34.014
01.014/path-0852	DONE	data/mypaint-brushes/tanda/water-01.myb	8d1558cc1339ab6dda67c8e78d680b5c460b1355	5639	functional-source-or-data	NO	Nonempty changed content; filename alone is not removal evidence	Assigned source/asset references retained in hunk-wbs.tsv	KEEP_CONTRACT	19.001,19.002,19.003,19.004,19.005,19.006,19.007,19.008,19.009,30.009,30.017	19.015,36.014,36.015,34.014
01.014/path-0853	DONE	data/mypaint-brushes/tanda/water-01_prev.png	4e8b95a9c20fe3301f2d0fdd30989262aed138a5	18796	functional-source-or-data	NO	Nonempty changed content; filename alone is not removal evidence	Assigned source/asset references retained in hunk-wbs.tsv	KEEP_CONTRACT	19.013/preview-contract,30.017	24.017,34.014
01.014/path-0854	DONE	data/mypaint-brushes/tanda/water-02.myb	4d4cad09edf114b5c2b87e1db8d19225bafa8462	4838	functional-source-or-data	NO	Nonempty changed content; filename alone is not removal evidence	Assigned source/asset references retained in hunk-wbs.tsv	KEEP_CONTRACT	19.001,19.002,19.003,19.004,19.005,19.006,19.007,19.008,19.009,30.009,30.017	19.015,36.014,36.015,34.014
01.014/path-0855	DONE	data/mypaint-brushes/tanda/water-02_prev.png	9b711aa7b954dbe41cdf14b3213bec1f29e58dbc	18624	functional-source-or-data	NO	Nonempty changed content; filename alone is not removal evidence	Assigned source/asset references retained in hunk-wbs.tsv	KEEP_CONTRACT	19.013/preview-contract,30.017	24.017,34.014
01.014/path-0856	DONE	data/mypaint-brushes/tanda/water-05.myb	cb0a2ab32bca209644ee95ea202ac648831bdd8b	4836	functional-source-or-data	NO	Nonempty changed content; filename alone is not removal evidence	Assigned source/asset references retained in hunk-wbs.tsv	KEEP_CONTRACT	19.001,19.002,19.003,19.004,19.005,19.006,19.007,19.008,19.009,30.009,30.017	19.015,36.014,36.015,34.014
01.014/path-0857	DONE	data/mypaint-brushes/tanda/water-05_prev.png	0d699a7b4483f873fc30646e858d643fc8410edc	16770	functional-source-or-data	NO	Nonempty changed content; filename alone is not removal evidence	Assigned source/asset references retained in hunk-wbs.tsv	KEEP_CONTRACT	19.013/preview-contract,30.017	24.017,34.014
01.014/path-0858	DONE	data/mypaint-brushes/tanda/water-06.myb	39537a0b862cdb6ac1736b539c54f423d552b63c	7609	functional-source-or-data	NO	Nonempty changed content; filename alone is not removal evidence	Assigned source/asset references retained in hunk-wbs.tsv	KEEP_CONTRACT	19.001,19.002,19.003,19.004,19.005,19.006,19.007,19.008,19.009,30.009,30.017	19.015,36.014,36.015,34.014
01.014/path-0859	DONE	data/mypaint-brushes/tanda/water-06_prev.png	96eda5ea16f5dfa3d65a6c4c9c25c0d59885e8fd	11826	functional-source-or-data	NO	Nonempty changed content; filename alone is not removal evidence	Assigned source/asset references retained in hunk-wbs.tsv	KEEP_CONTRACT	19.013/preview-contract,30.017	24.017,34.014
01.014/path-0860	DONE	data/mypaint-brushes/tanda/watercolor-02-paint.myb	e0f7542f726fddbf17aed5492252af72562b6b2f	8034	functional-source-or-data	NO	Nonempty changed content; filename alone is not removal evidence	Assigned source/asset references retained in hunk-wbs.tsv	KEEP_CONTRACT	19.001,19.002,19.003,19.004,19.005,19.006,19.007,19.008,19.009,30.009,30.017	19.015,36.014,36.015,34.014
01.014/path-0861	DONE	data/mypaint-brushes/tanda/watercolor-02-paint_prev.png	ffb13821fddaf91239b19c5fe24e31b96e446a15	18875	functional-source-or-data	NO	Nonempty changed content; filename alone is not removal evidence	Assigned source/asset references retained in hunk-wbs.tsv	KEEP_CONTRACT	19.013/preview-contract,30.017	24.017,34.014
01.014/path-0862	DONE	data/mypaint-brushes/tanda/watercolor-02-water.myb	bf8ec2e6c4e32cc5b58a9d7f7c4e140e23193b7f	7251	functional-source-or-data	NO	Nonempty changed content; filename alone is not removal evidence	Assigned source/asset references retained in hunk-wbs.tsv	KEEP_CONTRACT	19.001,19.002,19.003,19.004,19.005,19.006,19.007,19.008,19.009,30.009,30.017	19.015,36.014,36.015,34.014
01.014/path-0863	DONE	data/mypaint-brushes/tanda/watercolor-02-water_prev.png	8b824145e8f6089a22b5975bb8ff812a4758192b	17459	functional-source-or-data	NO	Nonempty changed content; filename alone is not removal evidence	Assigned source/asset references retained in hunk-wbs.tsv	KEEP_CONTRACT	19.013/preview-contract,30.017	24.017,34.014
01.014/path-0864	DONE	etc/Makefile.am	1ae82115d619ff2711374c3caa40656d0b05ea9e	181	functional-source-or-data	NO	Nonempty changed content; filename alone is not removal evidence	Assigned source/asset references retained in hunk-wbs.tsv	KEEP_CONTRACT	30.009,30.010,30.011,30.017	34.002,34.014,38.005
01.014/path-0865	DONE	etc/sessionrc	ccfe4d82b9019ce9ef2f6e2a7a203f3580b6223a	1444	functional-source-or-data	NO	Nonempty changed content; filename alone is not removal evidence	Assigned source/asset references retained in hunk-wbs.tsv	KEEP_CONTRACT	29.011,29.016,30.005,30.005/shell-reparent-ref,30.016	29.020,36.019
01.014/path-0866	DONE	etc/toolrc	b4f33c55bff71428c51c5eebbd14e53c7bd2ba16	5716	functional-source-or-data	NO	Nonempty changed content; filename alone is not removal evidence	Assigned source/asset references retained in hunk-wbs.tsv	KEEP_CONTRACT	30.001/tool-group-state,29.009,30.004,30.008	29.020,36.019
01.014/path-0867	DONE	libgimp/Makefile.am	35a3bb4fd59e387655461b77e8289646a7835cad	11392	functional-source-or-data	NO	Nonempty changed content; filename alone is not removal evidence	Assigned source/asset references retained in hunk-wbs.tsv	KEEP_CONTRACT	04.002,04.008,04.009	04.015,04.016
01.014/path-0868	DONE	libgimp/gimp_pdb_headers.h	a5148b2b4d6528310b5f307eb80f3a12503b638f	3018	generated-functional-code	YES_REGENERATE_ONLY	Source marker: /* NOTE: This file is auto-generated by pdbgen.pl */	Assigned source/asset references retained in hunk-wbs.tsv	REGENERATE_FROM_AUTHORITATIVE_INPUT	04.013,30.013	34.013
01.014/path-0869	DONE	libgimp/gimpenums.c.tail	11e04fc9f3034979b55fb8e4c7af0f7a2770d5bf	4435	functional-source-or-data	NO	Nonempty changed content; filename alone is not removal evidence	Assigned source/asset references retained in hunk-wbs.tsv	KEEP_CONTRACT	10.005,11.004,13.009,30.013	13.013,36.004
01.014/path-0870	DONE	libgimp/gimpenums.h	e74ecd7339a673fcd934782c8a1f692ef1b706b3	6602	generated-functional-code	YES_REGENERATE_ONLY	Source marker: /* NOTE: This file is autogenerated by enumcode.pl */	Assigned source/asset references retained in hunk-wbs.tsv	REGENERATE_FROM_AUTHORITATIVE_INPUT	04.013,30.013	34.013
01.014/path-0871	DONE	libgimp/gimpmypaintbrushselect_pdb.c	ddf318aa591055f454ce957b3f2f7dd9b287d69e	4175	generated-functional-code	YES_REGENERATE_ONLY	Source marker: /* NOTE: This file is auto-generated by pdbgen.pl */	Assigned source/asset references retained in hunk-wbs.tsv	REGENERATE_FROM_AUTHORITATIVE_INPUT	04.013,30.013	34.013
01.014/path-0872	DONE	libgimp/gimpmypaintbrushselect_pdb.h	4e7888eb55e4e49f59be83beb762db919fbb264c	1686	generated-functional-code	YES_REGENERATE_ONLY	Source marker: /* NOTE: This file is auto-generated by pdbgen.pl */	Assigned source/asset references retained in hunk-wbs.tsv	REGENERATE_FROM_AUTHORITATIVE_INPUT	04.013,30.013	34.013
01.014/path-0873	DONE	libgimpbase/gimpbaseenums.c	25bae82855eafc5aaecc116ec577ac4c0709dd1b	42470	generated-functional-code	YES_REGENERATE_ONLY	Source marker: /* Generated data (by gimp-mkenums) */	Assigned source/asset references retained in hunk-wbs.tsv	REGENERATE_FROM_AUTHORITATIVE_INPUT	04.013,30.013	34.013
01.014/path-0874	DONE	libgimpbase/gimpbaseenums.h	44e86bc77418fbc536bf2e9823b9ee5841a3c8c0	15706	functional-source-or-data	NO	Nonempty changed content; filename alone is not removal evidence	Assigned source/asset references retained in hunk-wbs.tsv	KEEP_CONTRACT	30.006,30.007,30.008,30.010,30.011	19.016,24.017,36.022
01.014/path-0875	DONE	libgimpcolor/gimpcairocolor.h	97b177c8f9569547e66a7f6f5ef383bbf6eba66b	5540	functional-source-or-data	NO	Nonempty changed content; filename alone is not removal evidence	Assigned source/asset references retained in hunk-wbs.tsv	KEEP_CONTRACT	04.003,04.004,08.019	04.014,04.017
01.014/path-0876	DONE	libgimpconfig/gimpconfig-params.h	55d8e97ec8e142c65a3fd262040c3a55d0301c38	8564	functional-source-or-data	NO	Nonempty changed content; filename alone is not removal evidence	Assigned source/asset references retained in hunk-wbs.tsv	KEEP_CONTRACT	04.003,04.004,08.019	04.014,04.017
01.014/path-0877	DONE	libgimpwidgets/gimpcolorselector.h	e3ca33b33d6ffcdf057f64ee928fc21490d8340e	5985	functional-source-or-data	NO	Nonempty changed content; filename alone is not removal evidence	Assigned source/asset references retained in hunk-wbs.tsv	KEEP_CONTRACT	04.003,04.004,08.019	04.014,04.017
01.014/path-0878	DONE	libgimpwidgets/gimpenumwidgets.c	40bf91c37dbe4021cf0afd16a09f4e382af752f9	24250	functional-source-or-data	NO	Nonempty changed content; filename alone is not removal evidence	Assigned source/asset references retained in hunk-wbs.tsv	KEEP_CONTRACT	06.023,08.017,29.010/standard-tool-options	07.008,29.020
01.014/path-0879	DONE	libgimpwidgets/gimpenumwidgets.h	ae0f9c3d1d36bde4c9a30f8bbe792a5ddf007b71	6229	functional-source-or-data	NO	Nonempty changed content; filename alone is not removal evidence	Assigned source/asset references retained in hunk-wbs.tsv	KEEP_CONTRACT	06.023,08.017,29.010/standard-tool-options	07.008,29.020
01.014/path-0880	DONE	libgimpwidgets/gimpframe.h	50b4bab37f1fb8133dc24f2b2f5e2a3f27ed4e4d	2315	functional-source-or-data	NO	Nonempty changed content; filename alone is not removal evidence	Assigned source/asset references retained in hunk-wbs.tsv	KEEP_CONTRACT	04.003,04.004,08.019	04.014,04.017
01.014/path-0881	DONE	libgimpwidgets/gimpintcombobox.h	b3662307486e379d8c0314176efd9aaaa0d48ea8	4356	functional-source-or-data	NO	Nonempty changed content; filename alone is not removal evidence	Assigned source/asset references retained in hunk-wbs.tsv	KEEP_CONTRACT	04.003,04.004,08.019	04.014,04.017
01.014/path-0882	DONE	libgimpwidgets/gimppropwidgets.c	3cf7b05422f056484acb772a722959c592d62496	129726	functional-source-or-data	NO	Nonempty changed content; filename alone is not removal evidence	Assigned source/asset references retained in hunk-wbs.tsv	KEEP_CONTRACT	06.023,08.017,29.010/standard-tool-options	07.008,29.020
01.014/path-0883	DONE	libgimpwidgets/gimppropwidgets.h	725fc756fae1e3f6bba585073ca690fdee88d8da	13694	functional-source-or-data	NO	Nonempty changed content; filename alone is not removal evidence	Assigned source/asset references retained in hunk-wbs.tsv	KEEP_CONTRACT	06.023,08.017,29.010/standard-tool-options	07.008,29.020
01.014/path-0884	DONE	libgimpwidgets/gimpstock.c	4c728c2db906a1c910ae7463f1b3831be7faf06b	47499	functional-source-or-data	NO	Nonempty changed content; filename alone is not removal evidence	Assigned source/asset references retained in hunk-wbs.tsv	KEEP_CONTRACT	30.003,30.017	29.020,34.014
01.014/path-0885	DONE	libgimpwidgets/gimpstock.h	7152f473c85e9dcd4ce69f97309be9dd39541303	15217	functional-source-or-data	NO	Nonempty changed content; filename alone is not removal evidence	Assigned source/asset references retained in hunk-wbs.tsv	KEEP_CONTRACT	30.003,30.017	29.020,34.014
01.014/path-0886	DONE	libgimpwidgets/gimpwidgets.c	5b45cd3a537192ca8415632c5d3aec56dab37613	44076	functional-source-or-data	NO	Nonempty changed content; filename alone is not removal evidence	Assigned source/asset references retained in hunk-wbs.tsv	KEEP_CONTRACT	06.023,08.017,29.010/standard-tool-options	07.008,29.020
01.014/path-0887	DONE	libgimpwidgets/gimpwidgets.h	efce63d05a83f9f5ca9422d935b30e6dfd620ac4	12226	functional-source-or-data	NO	Nonempty changed content; filename alone is not removal evidence	Assigned source/asset references retained in hunk-wbs.tsv	KEEP_CONTRACT	06.023,08.017,29.010/standard-tool-options	07.008,29.020
01.014/path-0888	DONE	menus/Makefile.am	fac920998c0c2e5ae46d4240894415b8a4124a0a	1887	functional-source-or-data	NO	Nonempty changed content; filename alone is not removal evidence	Assigned source/asset references retained in hunk-wbs.tsv	KEEP_CONTRACT	04.002,04.008,04.009	04.015,04.016
01.014/path-0889	DONE	menus/dialogs-menuitems.xml	d66c3b9073e599469fc7f0440b83a4048990e53c	1273	functional-source-or-data	NO	Nonempty changed content; filename alone is not removal evidence	Assigned source/asset references retained in hunk-wbs.tsv	KEEP_CONTRACT	30.001,30.005	24.017,29.020
01.014/path-0890	DONE	menus/mypaint-brush-editor-menu.xml	fd3972c3e6e5bab7340e92f5f70d1b2a8e30e8fd	207	functional-source-or-data	NO	Nonempty changed content; filename alone is not removal evidence	Assigned source/asset references retained in hunk-wbs.tsv	KEEP_CONTRACT	30.001,30.005	24.017,29.020
01.014/path-0891	DONE	menus/mypaint-brushes-menu.xml	c26453a58d4cd4d6b4d19bb1a34825fbb7c608ad	497	functional-source-or-data	NO	Nonempty changed content; filename alone is not removal evidence	Assigned source/asset references retained in hunk-wbs.tsv	KEEP_CONTRACT	30.001,30.005	24.017,29.020
01.014/path-0892	DONE	modules/gimpcolorwheel.c	52aaac7f68dfdc4d8861d6a4da1edb7695f6a15a	41804	functional-source-or-data	NO	Nonempty changed content; filename alone is not removal evidence	Assigned source/asset references retained in hunk-wbs.tsv	KEEP_CONTRACT	29.007,29.007/palette-popup-teardown	29.020
01.014/path-0893	DONE	modules/gimpcolorwheel.h	1afd4efdeb7fd3312fb3e5c2c1c2f17367da3dcb	3711	functional-source-or-data	NO	Nonempty changed content; filename alone is not removal evidence	Assigned source/asset references retained in hunk-wbs.tsv	KEEP_CONTRACT	29.007,29.007/palette-popup-teardown	29.020
01.014/path-0894	DONE	plug-ins/common/alien-map.c	61f21dd708dd263ffc9eaeda854b23e26f3819db	22584	functional-source-or-data	NO	Nonempty changed content; filename alone is not removal evidence	Assigned source/asset references retained in hunk-wbs.tsv	KEEP_CONTRACT	16.001,16.003,16.004,16.022	16.023,18.013,28.012
01.014/path-0895	DONE	plug-ins/common/blur-motion.c	407882cd9ae11376d38fc7718a928534a9d24de1	34617	functional-source-or-data	NO	Nonempty changed content; filename alone is not removal evidence	Assigned source/asset references retained in hunk-wbs.tsv	KEEP_CONTRACT	16.001,16.003,16.004,16.022	16.023,18.013,28.012
01.014/path-0896	DONE	plug-ins/common/channel-mixer.c	990fa1bde36351ac1976f6c93323e7c57a5c473b	39434	functional-source-or-data	NO	Nonempty changed content; filename alone is not removal evidence	Assigned source/asset references retained in hunk-wbs.tsv	KEEP_CONTRACT	16.001,16.003,16.004,16.022	16.023,18.013,28.012
01.014/path-0897	DONE	plug-ins/common/color-exchange.c	2382469cfdd38189983ce39f50a2e82204e8eac1	27773	functional-source-or-data	NO	Nonempty changed content; filename alone is not removal evidence	Assigned source/asset references retained in hunk-wbs.tsv	KEEP_CONTRACT	16.001,16.003,16.004,16.022	16.023,18.013,28.012
01.014/path-0898	DONE	plug-ins/common/contrast-retinex.c	e69ec421275420d2349bfe7f1a157e0a896d73ff	24540	functional-source-or-data	NO	Nonempty changed content; filename alone is not removal evidence	Assigned source/asset references retained in hunk-wbs.tsv	KEEP_CONTRACT	16.001,16.003,16.004,16.022	16.023,18.013,28.012
01.014/path-0899	DONE	plug-ins/common/convolution-matrix.c	8b02804acbf6c9486843cb03299e4763879c9fa7	32225	functional-source-or-data	NO	Nonempty changed content; filename alone is not removal evidence	Assigned source/asset references retained in hunk-wbs.tsv	KEEP_CONTRACT	16.001,16.003,16.004,16.022	16.023,18.013,28.012
01.014/path-0900	DONE	plug-ins/common/curve-bend.c	84d2057fda664f4941a2f3cecb5213000ec6e437	107277	functional-source-or-data	NO	Nonempty changed content; filename alone is not removal evidence	Assigned source/asset references retained in hunk-wbs.tsv	KEEP_CONTRACT	16.001,16.003,16.004,16.022	16.023,18.013,28.012
01.014/path-0901	DONE	plug-ins/common/decompose.c	04946bad00d982795411df6a203bd0e8c4752926	49180	functional-source-or-data	NO	Nonempty changed content; filename alone is not removal evidence	Assigned source/asset references retained in hunk-wbs.tsv	KEEP_CONTRACT	16.001,16.003,16.004,16.022	16.023,18.013,28.012
01.014/path-0902	DONE	plug-ins/common/displace.c	0341c46ab4bb748882ec6f2be6675fd65a60c3d2	28184	functional-source-or-data	NO	Nonempty changed content; filename alone is not removal evidence	Assigned source/asset references retained in hunk-wbs.tsv	KEEP_CONTRACT	16.001,16.003,16.004,16.022	16.023,18.013,28.012
01.014/path-0903	DONE	plug-ins/common/edge-neon.c	1a116d826cecae108badb6e63e3b5bef7c83f047	22360	functional-source-or-data	NO	Nonempty changed content; filename alone is not removal evidence	Assigned source/asset references retained in hunk-wbs.tsv	KEEP_CONTRACT	16.001,16.003,16.004,16.022	16.023,18.013,28.012
01.014/path-0904	DONE	plug-ins/common/edge-sobel.c	151a0c74ec7ab5895c6ef3e26593bd1dc0040e11	15060	functional-source-or-data	NO	Nonempty changed content; filename alone is not removal evidence	Assigned source/asset references retained in hunk-wbs.tsv	KEEP_CONTRACT	16.001,16.003,16.004,16.022	16.023,18.013,28.012
01.014/path-0905	DONE	plug-ins/common/edge.c	88e617ce234c23ea3b15cf775379c7112eddaf8a	25649	functional-source-or-data	NO	Nonempty changed content; filename alone is not removal evidence	Assigned source/asset references retained in hunk-wbs.tsv	KEEP_CONTRACT	16.001,16.003,16.004,16.022	16.023,18.013,28.012
01.014/path-0906	DONE	plug-ins/common/emboss.c	d0c66bde4df7c7c71dec9a2ca3a83f55c9ea264c	16791	functional-source-or-data	NO	Nonempty changed content; filename alone is not removal evidence	Assigned source/asset references retained in hunk-wbs.tsv	KEEP_CONTRACT	16.001,16.003,16.004,16.022	16.023,18.013,28.012
01.014/path-0907	DONE	plug-ins/common/fractal-trace.c	f3614a3c4a53e7d973fd2ce98ea502d641d758f5	24546	functional-source-or-data	NO	Nonempty changed content; filename alone is not removal evidence	Assigned source/asset references retained in hunk-wbs.tsv	KEEP_CONTRACT	16.001,16.003,16.004,16.022	16.023,18.013,28.012
01.014/path-0908	DONE	plug-ins/common/hot.c	1cd80f5a9e256b26d122644030a025d6afea8610	24615	functional-source-or-data	NO	Nonempty changed content; filename alone is not removal evidence	Assigned source/asset references retained in hunk-wbs.tsv	KEEP_CONTRACT	16.001,16.003,16.004,16.022	16.023,18.013,28.012
01.014/path-0909	DONE	plug-ins/common/lens-distortion.c	9fa14a2b87a8feb1c381fb71affb5b78a0a4c60c	18459	functional-source-or-data	NO	Nonempty changed content; filename alone is not removal evidence	Assigned source/asset references retained in hunk-wbs.tsv	KEEP_CONTRACT	16.001,16.003,16.004,16.022	16.023,18.013,28.012
01.014/path-0910	DONE	plug-ins/common/lens-flare.c	d0280ae4dd3de6e4e5e1f3b64723fe4b3dc12a8f	27853	functional-source-or-data	NO	Nonempty changed content; filename alone is not removal evidence	Assigned source/asset references retained in hunk-wbs.tsv	KEEP_CONTRACT	16.001,16.003,16.004,16.022	16.023,18.013,28.012
01.014/path-0911	DONE	plug-ins/common/mosaic.c	0c4ecbed8fa9330fa291a03e430d6f265aefe96c	86571	functional-source-or-data	NO	Nonempty changed content; filename alone is not removal evidence	Assigned source/asset references retained in hunk-wbs.tsv	KEEP_CONTRACT	16.001,16.003,16.004,16.022	16.023,18.013,28.012
01.014/path-0912	DONE	plug-ins/common/newsprint.c	a46aac9b5c964992f6d3d1356d66148c98229200	65497	functional-source-or-data	NO	Nonempty changed content; filename alone is not removal evidence	Assigned source/asset references retained in hunk-wbs.tsv	KEEP_CONTRACT	16.001,16.003,16.004,16.022	16.023,18.013,28.012
01.014/path-0913	DONE	plug-ins/common/nl-filter.c	ebcc8356c580e1aa701e83f5d78452133cb56b01	37771	functional-source-or-data	NO	Nonempty changed content; filename alone is not removal evidence	Assigned source/asset references retained in hunk-wbs.tsv	KEEP_CONTRACT	16.001,16.003,16.004,16.022	16.023,18.013,28.012
01.014/path-0914	DONE	plug-ins/common/noise-hsv.c	8ed1153b99b6f99d940d255703c329d8c7c017b8	13767	functional-source-or-data	NO	Nonempty changed content; filename alone is not removal evidence	Assigned source/asset references retained in hunk-wbs.tsv	KEEP_CONTRACT	16.001,16.003,16.004,16.022	16.023,18.013,28.012
01.014/path-0915	DONE	plug-ins/common/noise-randomize.c	1fdaa40c3c7f3cbec72829863e991ee0fddf7cb7	25334	functional-source-or-data	NO	Nonempty changed content; filename alone is not removal evidence	Assigned source/asset references retained in hunk-wbs.tsv	KEEP_CONTRACT	16.001,16.003,16.004,16.022	16.023,18.013,28.012
01.014/path-0916	DONE	plug-ins/common/noise-rgb.c	50eac2374b9decbb021b252ffa539343fe247f60	19304	functional-source-or-data	NO	Nonempty changed content; filename alone is not removal evidence	Assigned source/asset references retained in hunk-wbs.tsv	KEEP_CONTRACT	16.001,16.003,16.004,16.022	16.023,18.013,28.012
01.014/path-0917	DONE	plug-ins/common/noise-solid.c	2d6b57d6c9bb755792b1ae6b894c968244b5788b	19886	functional-source-or-data	NO	Nonempty changed content; filename alone is not removal evidence	Assigned source/asset references retained in hunk-wbs.tsv	KEEP_CONTRACT	16.001,16.003,16.004,16.022	16.023,18.013,28.012
01.014/path-0918	DONE	plug-ins/common/nova.c	da4eee399e6386cfcdf031fe58448c629e0fb594	32769	functional-source-or-data	NO	Nonempty changed content; filename alone is not removal evidence	Assigned source/asset references retained in hunk-wbs.tsv	KEEP_CONTRACT	16.001,16.003,16.004,16.022	16.023,18.013,28.012
01.014/path-0919	DONE	plug-ins/common/sample-colorize.c	c3ffe18febd8c734baf39348a648d55e2d601dd0	93595	functional-source-or-data	NO	Nonempty changed content; filename alone is not removal evidence	Assigned source/asset references retained in hunk-wbs.tsv	KEEP_CONTRACT	16.001,16.003,16.004,16.022	16.023,18.013,28.012
01.014/path-0920	DONE	plug-ins/common/shift.c	98ba39edfb6dcffd6a2ac1c393043d9e3d2d2f7f	13962	functional-source-or-data	NO	Nonempty changed content; filename alone is not removal evidence	Assigned source/asset references retained in hunk-wbs.tsv	KEEP_CONTRACT	16.001,16.003,16.004,16.022	16.023,18.013,28.012
01.014/path-0921	DONE	plug-ins/common/smooth-palette.c	f34cfd2c0bd7cf6732a873b5e7587c28262d0d74	14152	functional-source-or-data	NO	Nonempty changed content; filename alone is not removal evidence	Assigned source/asset references retained in hunk-wbs.tsv	KEEP_CONTRACT	16.001,16.003,16.004,16.022	16.023,18.013,28.012
01.014/path-0922	DONE	plug-ins/common/sparkle.c	9267230c6761f395cf5685b99cffe8157417cd90	37810	functional-source-or-data	NO	Nonempty changed content; filename alone is not removal evidence	Assigned source/asset references retained in hunk-wbs.tsv	KEEP_CONTRACT	16.001,16.003,16.004,16.022	16.023,18.013,28.012
01.014/path-0923	DONE	plug-ins/common/tile-paper.c	a4b049adcf2bc668529bc770ccdd3ea0e234988a	31282	functional-source-or-data	NO	Nonempty changed content; filename alone is not removal evidence	Assigned source/asset references retained in hunk-wbs.tsv	KEEP_CONTRACT	16.001,16.003,16.004,16.022	16.023,18.013,28.012
01.014/path-0924	DONE	plug-ins/common/tile.c	754766a3e0dce3f2020d6375b42310ba919be48d	14192	functional-source-or-data	NO	Nonempty changed content; filename alone is not removal evidence	Assigned source/asset references retained in hunk-wbs.tsv	KEEP_CONTRACT	16.001,16.003,16.004,16.022	16.023,18.013,28.012
01.014/path-0925	DONE	plug-ins/common/value-propagate.c	0670df7bf4ef3140e21aaca2f69dfaacb0781b65	42954	functional-source-or-data	NO	Nonempty changed content; filename alone is not removal evidence	Assigned source/asset references retained in hunk-wbs.tsv	KEEP_CONTRACT	16.001,16.003,16.004,16.022	16.023,18.013,28.012
01.014/path-0926	DONE	plug-ins/common/video.c	b871deaf5e349d2675c4a589aedfa21aba742d66	129685	functional-source-or-data	NO	Nonempty changed content; filename alone is not removal evidence	Assigned source/asset references retained in hunk-wbs.tsv	KEEP_CONTRACT	16.001,16.003,16.004,16.022	16.023,18.013,28.012
01.014/path-0927	DONE	plug-ins/common/warp.c	16623d0d9572b547a43ef6f8a6b2bef49a23609a	60540	functional-source-or-data	NO	Nonempty changed content; filename alone is not removal evidence	Assigned source/asset references retained in hunk-wbs.tsv	KEEP_CONTRACT	16.001,16.003,16.004,16.022	16.023,18.013,28.012
01.014/path-0928	DONE	plug-ins/common/waves.c	cd57eb292f38f31c0ea5b10f3fd466a49c80d314	17631	functional-source-or-data	NO	Nonempty changed content; filename alone is not removal evidence	Assigned source/asset references retained in hunk-wbs.tsv	KEEP_CONTRACT	16.001,16.003,16.004,16.022	16.023,18.013,28.012
01.014/path-0929	DONE	plug-ins/common/wind.c	b304008a76f361866f04bd106aa515897ce1e2a8	31908	functional-source-or-data	NO	Nonempty changed content; filename alone is not removal evidence	Assigned source/asset references retained in hunk-wbs.tsv	KEEP_CONTRACT	16.001,16.003,16.004,16.022	16.023,18.013,28.012
01.014/path-0930	DONE	plug-ins/gradient-flare/gradient-flare.c	f036f1d91b2cad557ca904bfdaaa28f985187653	151510	functional-source-or-data	NO	Nonempty changed content; filename alone is not removal evidence	Assigned source/asset references retained in hunk-wbs.tsv	KEEP_CONTRACT	16.001,16.003,16.004,16.022	16.023,18.013,28.012
01.014/path-0931	DONE	plug-ins/lighting/lighting-main.c	8c49c2e375f891085d6b9d9031895f9d9eeff4ec	12124	functional-source-or-data	NO	Nonempty changed content; filename alone is not removal evidence	Assigned source/asset references retained in hunk-wbs.tsv	KEEP_CONTRACT	16.001,16.003,16.004,16.022	16.023,18.013,28.012
01.014/path-0932	DONE	plug-ins/map-object/map-object-main.c	be098a7f811d82ef84c8cf31c77435e5efda5ea7	13751	functional-source-or-data	NO	Nonempty changed content; filename alone is not removal evidence	Assigned source/asset references retained in hunk-wbs.tsv	KEEP_CONTRACT	16.001,16.003,16.004,16.022	16.023,18.013,28.012
01.014/path-0933	DONE	plug-ins/pagecurl/pagecurl.c	cf1a23e620318ffbb615addfb6fba7e9b919a86b	32592	functional-source-or-data	NO	Nonempty changed content; filename alone is not removal evidence	Assigned source/asset references retained in hunk-wbs.tsv	KEEP_CONTRACT	16.001,16.003,16.004,16.022	16.023,18.013,28.012
01.014/path-0934	DONE	plug-ins/script-fu/scheme-wrapper.c	fa704bc0d2c7d0dbe10760d18ea8799a2718147c	60250	functional-source-or-data	NO	Nonempty changed content; filename alone is not removal evidence	Assigned source/asset references retained in hunk-wbs.tsv	KEEP_CONTRACT	30.012/scheme-mode-constants	13.013,34.013,36.004
01.014/path-0935	DONE	po/POTFILES.in	ec98972bf67280095dd9b3d788646e751d7033d6	14334	functional-source-or-data	NO	Nonempty changed content; filename alone is not removal evidence	Assigned source/asset references retained in hunk-wbs.tsv	KEEP_CONTRACT	30.014,30.015	29.020,34.002
01.014/path-0936	DONE	po/ja.po	9e95220426607ea0e4a907ca2176bfcb8e4a643b	494381	functional-source-or-data	NO	Nonempty changed content; filename alone is not removal evidence	Assigned source/asset references retained in hunk-wbs.tsv	KEEP_CONTRACT	30.014,30.015	29.020,34.002
01.014/path-0937	DONE	themes/Default/images/Makefile.am	828f0f45686a0600e26d3dfc090b48e39954b832	11984	functional-source-or-data	NO	Nonempty changed content; filename alone is not removal evidence	Assigned source/asset references retained in hunk-wbs.tsv	KEEP_CONTRACT	30.009,30.010,30.011,30.017	34.002,34.014,38.005
01.014/path-0938	DONE	themes/Default/images/preferences/Makefile.am	80ffaaa331ddb0ff0ad43e98b9fac23c8f7986cf	1807	functional-source-or-data	NO	Nonempty changed content; filename alone is not removal evidence	Assigned source/asset references retained in hunk-wbs.tsv	KEEP_CONTRACT	30.009,30.010,30.011,30.017	34.002,34.014,38.005
01.014/path-0939	DONE	themes/Default/images/preferences/folders-mypaint-brushes-16.png	fb3dbb777ca5dc19a7f1c25b6f87de6599196d51	877	functional-source-or-data	NO	Nonempty changed content; filename alone is not removal evidence	Assigned source/asset references retained in hunk-wbs.tsv	KEEP_CONTRACT	30.003,30.017	29.020,34.014
01.014/path-0940	DONE	themes/Default/images/preferences/folders-mypaint-brushes-22.png	7f3b3d3fef8f106a3c7bd77dafbc6d434827704b	1334	functional-source-or-data	NO	Nonempty changed content; filename alone is not removal evidence	Assigned source/asset references retained in hunk-wbs.tsv	KEEP_CONTRACT	30.003,30.017	29.020,34.014
01.014/path-0941	DONE	themes/Default/images/stock-layer-menu-16.png	81838b766390ffeea779a9f55b6d28beb72dee31	189	functional-source-or-data	NO	Nonempty changed content; filename alone is not removal evidence	Assigned source/asset references retained in hunk-wbs.tsv	KEEP_CONTRACT	30.003,30.017	29.020,34.014
01.014/path-0942	DONE	themes/Default/images/tools/stock-tool-mypaint-16.png	fb3dbb777ca5dc19a7f1c25b6f87de6599196d51	877	functional-source-or-data	NO	Nonempty changed content; filename alone is not removal evidence	Assigned source/asset references retained in hunk-wbs.tsv	KEEP_CONTRACT	30.003,30.017	29.020,34.014
01.014/path-0943	DONE	themes/Default/images/tools/stock-tool-mypaint-22.png	7f3b3d3fef8f106a3c7bd77dafbc6d434827704b	1334	functional-source-or-data	NO	Nonempty changed content; filename alone is not removal evidence	Assigned source/asset references retained in hunk-wbs.tsv	KEEP_CONTRACT	30.003,30.017	29.020,34.014
01.014/path-0944	DONE	tools/pdbgen/Makefile.am	564d6030f4e1039cf8b8021127b2bbd932e69d17	3689	functional-source-or-data	NO	Nonempty changed content; filename alone is not removal evidence	Assigned source/asset references retained in hunk-wbs.tsv	KEEP_CONTRACT	04.002,04.008,04.009	04.015,04.016
01.014/path-0945	DONE	tools/pdbgen/enums.pl	b7966195c4e130c722f6d8efcc5e6ce9e0b52def	23437	generated-functional-code	YES_REGENERATE_ONLY	Source marker: # autogenerated by enumgen.pl	Assigned source/asset references retained in hunk-wbs.tsv	REGENERATE_FROM_AUTHORITATIVE_INPUT	04.013,30.013	34.013
01.014/path-0946	DONE	tools/pdbgen/groups.pl	3f4dc61dfce5d689fa63123897d48284f8bb6e6a	735	generated-functional-code	YES_REGENERATE_ONLY	Source marker: # This file is autogenerated	Assigned source/asset references retained in hunk-wbs.tsv	REGENERATE_FROM_AUTHORITATIVE_INPUT	04.013,30.013	34.013
01.014/path-0947	DONE	tools/pdbgen/pdb/mypaint_brush_select.pdb	e8d5afc3714832cc20c2bdf21cdb2d15e87d31c3	3805	functional-source-or-data	NO	Nonempty changed content; filename alone is not removal evidence	Assigned source/asset references retained in hunk-wbs.tsv	KEEP_CONTRACT	30.012,30.013,24.007	24.017,34.013
