legacy_site	enum_or_group	name	base_value	legacy_value	generator	outputs	storage_contract	followup	status
app/base/base-enums.h:95	GimpLayerModeEffects	GIMP_SRC_IN_MODE	-	26	tools/gimp-mkenums via directory Makefile.am; public PDB enumgen.pl/enumcode.pl	app/base/base-enums.c;tools/pdbgen/enums.pl	mode: XCF numeric; dynamics/context: config nick or flags; remaining internal enum values	04.013,10.005,30.009	STATIC_DELTA
app/base/base-enums.h:96	GimpLayerModeEffects	GIMP_DST_IN_MODE	-	27	tools/gimp-mkenums via directory Makefile.am; public PDB enumgen.pl/enumcode.pl	app/base/base-enums.c;tools/pdbgen/enums.pl	mode: XCF numeric; dynamics/context: config nick or flags; remaining internal enum values	04.013,10.005,30.009	STATIC_DELTA
app/base/base-enums.h:97	GimpLayerModeEffects	GIMP_SRC_OUT_MODE	-	28	tools/gimp-mkenums via directory Makefile.am; public PDB enumgen.pl/enumcode.pl	app/base/base-enums.c;tools/pdbgen/enums.pl	mode: XCF numeric; dynamics/context: config nick or flags; remaining internal enum values	04.013,10.005,30.009	STATIC_DELTA
app/base/base-enums.h:98	GimpLayerModeEffects	GIMP_DST_OUT_MODE	-	29	tools/gimp-mkenums via directory Makefile.am; public PDB enumgen.pl/enumcode.pl	app/base/base-enums.c;tools/pdbgen/enums.pl	mode: XCF numeric; dynamics/context: config nick or flags; remaining internal enum values	04.013,10.005,30.009	STATIC_DELTA
app/base/glib-cxx-impl.hpp:355	anonymous/internal	value	-	(sizeof(check<Impl>(NULL)) == sizeof(yes))	handwritten local enum; no build generator	none	internal property/state IDs; config persists property name, not ordinal	04.013,30.009	STATIC_DELTA
app/composite/gimp-composite.h:101	GimpCompositeOperation	GIMP_COMPOSITE_SRC_IN	-	GIMP_SRC_IN_MODE	handwritten local enum; no build generator	none	internal property/state IDs; config persists property name, not ordinal	04.013,30.009	STATIC_DELTA
app/composite/gimp-composite.h:102	GimpCompositeOperation	GIMP_COMPOSITE_DST_IN	-	GIMP_DST_IN_MODE	handwritten local enum; no build generator	none	internal property/state IDs; config persists property name, not ordinal	04.013,30.009	STATIC_DELTA
app/composite/gimp-composite.h:103	GimpCompositeOperation	GIMP_COMPOSITE_SRC_OUT	-	GIMP_SRC_OUT_MODE	handwritten local enum; no build generator	none	internal property/state IDs; config persists property name, not ordinal	04.013,30.009	STATIC_DELTA
app/composite/gimp-composite.h:104	GimpCompositeOperation	GIMP_COMPOSITE_DST_OUT	-	GIMP_DST_OUT_MODE	handwritten local enum; no build generator	none	internal property/state IDs; config persists property name, not ordinal	04.013,30.009	STATIC_DELTA
app/composite/gimp-composite.h:105	GimpCompositeOperation	GIMP_COMPOSITE_BLEND	(GIMP_ANTI_ERASE_MODE)+1	(GIMP_DST_OUT_MODE)+1	handwritten local enum; no build generator	none	internal property/state IDs; config persists property name, not ordinal	04.013,30.009	STATIC_DELTA
app/composite/gimp-composite.h:106	GimpCompositeOperation	GIMP_COMPOSITE_SHADE	((GIMP_ANTI_ERASE_MODE)+1)+1	((GIMP_DST_OUT_MODE)+1)+1	handwritten local enum; no build generator	none	internal property/state IDs; config persists property name, not ordinal	04.013,30.009	STATIC_DELTA
app/composite/gimp-composite.h:107	GimpCompositeOperation	GIMP_COMPOSITE_SWAP	(((GIMP_ANTI_ERASE_MODE)+1)+1)+1	(((GIMP_DST_OUT_MODE)+1)+1)+1	handwritten local enum; no build generator	none	internal property/state IDs; config persists property name, not ordinal	04.013,30.009	STATIC_DELTA
app/composite/gimp-composite.h:108	GimpCompositeOperation	GIMP_COMPOSITE_SCALE	((((GIMP_ANTI_ERASE_MODE)+1)+1)+1)+1	((((GIMP_DST_OUT_MODE)+1)+1)+1)+1	handwritten local enum; no build generator	none	internal property/state IDs; config persists property name, not ordinal	04.013,30.009	STATIC_DELTA
app/composite/gimp-composite.h:109	GimpCompositeOperation	GIMP_COMPOSITE_CONVERT	(((((GIMP_ANTI_ERASE_MODE)+1)+1)+1)+1)+1	(((((GIMP_DST_OUT_MODE)+1)+1)+1)+1)+1	handwritten local enum; no build generator	none	internal property/state IDs; config persists property name, not ordinal	04.013,30.009	STATIC_DELTA
app/composite/gimp-composite.h:110	GimpCompositeOperation	GIMP_COMPOSITE_XOR	((((((GIMP_ANTI_ERASE_MODE)+1)+1)+1)+1)+1)+1	((((((GIMP_DST_OUT_MODE)+1)+1)+1)+1)+1)+1	handwritten local enum; no build generator	none	internal property/state IDs; config persists property name, not ordinal	04.013,30.009	STATIC_DELTA
app/composite/gimp-composite.h:111	GimpCompositeOperation	GIMP_COMPOSITE_N	(((((((GIMP_ANTI_ERASE_MODE)+1)+1)+1)+1)+1)+1)+1	(((((((GIMP_DST_OUT_MODE)+1)+1)+1)+1)+1)+1)+1	handwritten local enum; no build generator	none	internal property/state IDs; config persists property name, not ordinal	04.013,30.009	STATIC_DELTA
app/config/gimpcoreconfig.c:76	anonymous/internal	PROP_MYPAINT_BRUSH_PATH	-	22	handwritten local enum; no build generator	none	internal property/state IDs; config persists property name, not ordinal	04.013,30.009	STATIC_DELTA
app/config/gimpcoreconfig.c:77	anonymous/internal	PROP_MYPAINT_BRUSH_PATH_WRITABLE	-	23	handwritten local enum; no build generator	none	internal property/state IDs; config persists property name, not ordinal	04.013,30.009	STATIC_DELTA
app/config/gimpcoreconfig.c:78	anonymous/internal	PROP_DEFAULT_BRUSH	22	24	handwritten local enum; no build generator	none	internal property/state IDs; config persists property name, not ordinal	04.013,30.009	STATIC_DELTA
app/config/gimpcoreconfig.c:79	anonymous/internal	PROP_DEFAULT_DYNAMICS	23	25	handwritten local enum; no build generator	none	internal property/state IDs; config persists property name, not ordinal	04.013,30.009	STATIC_DELTA
app/config/gimpcoreconfig.c:80	anonymous/internal	PROP_DEFAULT_PATTERN	24	26	handwritten local enum; no build generator	none	internal property/state IDs; config persists property name, not ordinal	04.013,30.009	STATIC_DELTA
app/config/gimpcoreconfig.c:81	anonymous/internal	PROP_DEFAULT_PALETTE	25	27	handwritten local enum; no build generator	none	internal property/state IDs; config persists property name, not ordinal	04.013,30.009	STATIC_DELTA
app/config/gimpcoreconfig.c:82	anonymous/internal	PROP_DEFAULT_GRADIENT	26	28	handwritten local enum; no build generator	none	internal property/state IDs; config persists property name, not ordinal	04.013,30.009	STATIC_DELTA
app/config/gimpcoreconfig.c:83	anonymous/internal	PROP_DEFAULT_TOOL_PRESET	27	29	handwritten local enum; no build generator	none	internal property/state IDs; config persists property name, not ordinal	04.013,30.009	STATIC_DELTA
app/config/gimpcoreconfig.c:84	anonymous/internal	PROP_DEFAULT_FONT	28	30	handwritten local enum; no build generator	none	internal property/state IDs; config persists property name, not ordinal	04.013,30.009	STATIC_DELTA
app/config/gimpcoreconfig.c:85	anonymous/internal	PROP_DEFAULT_MYPAINT_BRUSH	-	31	handwritten local enum; no build generator	none	internal property/state IDs; config persists property name, not ordinal	04.013,30.009	STATIC_DELTA
app/config/gimpcoreconfig.c:86	anonymous/internal	PROP_GLOBAL_BRUSH	29	32	handwritten local enum; no build generator	none	internal property/state IDs; config persists property name, not ordinal	04.013,30.009	STATIC_DELTA
app/config/gimpcoreconfig.c:87	anonymous/internal	PROP_GLOBAL_DYNAMICS	30	33	handwritten local enum; no build generator	none	internal property/state IDs; config persists property name, not ordinal	04.013,30.009	STATIC_DELTA
app/config/gimpcoreconfig.c:88	anonymous/internal	PROP_GLOBAL_PATTERN	31	34	handwritten local enum; no build generator	none	internal property/state IDs; config persists property name, not ordinal	04.013,30.009	STATIC_DELTA
app/config/gimpcoreconfig.c:89	anonymous/internal	PROP_GLOBAL_PALETTE	32	35	handwritten local enum; no build generator	none	internal property/state IDs; config persists property name, not ordinal	04.013,30.009	STATIC_DELTA
app/config/gimpcoreconfig.c:90	anonymous/internal	PROP_GLOBAL_GRADIENT	33	36	handwritten local enum; no build generator	none	internal property/state IDs; config persists property name, not ordinal	04.013,30.009	STATIC_DELTA
app/config/gimpcoreconfig.c:91	anonymous/internal	PROP_GLOBAL_FONT	34	37	handwritten local enum; no build generator	none	internal property/state IDs; config persists property name, not ordinal	04.013,30.009	STATIC_DELTA
app/config/gimpcoreconfig.c:92	anonymous/internal	PROP_GLOBAL_MYPAINT_BRUSH	-	38	handwritten local enum; no build generator	none	internal property/state IDs; config persists property name, not ordinal	04.013,30.009	STATIC_DELTA
app/config/gimpcoreconfig.c:93	anonymous/internal	PROP_DEFAULT_IMAGE	35	39	handwritten local enum; no build generator	none	internal property/state IDs; config persists property name, not ordinal	04.013,30.009	STATIC_DELTA
app/config/gimpcoreconfig.c:94	anonymous/internal	PROP_DEFAULT_GRID	36	40	handwritten local enum; no build generator	none	internal property/state IDs; config persists property name, not ordinal	04.013,30.009	STATIC_DELTA
app/config/gimpcoreconfig.c:95	anonymous/internal	PROP_UNDO_LEVELS	37	41	handwritten local enum; no build generator	none	internal property/state IDs; config persists property name, not ordinal	04.013,30.009	STATIC_DELTA
app/config/gimpcoreconfig.c:96	anonymous/internal	PROP_UNDO_SIZE	38	42	handwritten local enum; no build generator	none	internal property/state IDs; config persists property name, not ordinal	04.013,30.009	STATIC_DELTA
app/config/gimpcoreconfig.c:97	anonymous/internal	PROP_UNDO_PREVIEW_SIZE	39	43	handwritten local enum; no build generator	none	internal property/state IDs; config persists property name, not ordinal	04.013,30.009	STATIC_DELTA
app/config/gimpcoreconfig.c:98	anonymous/internal	PROP_PLUG_IN_HISTORY_SIZE	40	44	handwritten local enum; no build generator	none	internal property/state IDs; config persists property name, not ordinal	04.013,30.009	STATIC_DELTA
app/config/gimpcoreconfig.c:99	anonymous/internal	PROP_PLUGINRC_PATH	41	45	handwritten local enum; no build generator	none	internal property/state IDs; config persists property name, not ordinal	04.013,30.009	STATIC_DELTA
app/config/gimpcoreconfig.c:100	anonymous/internal	PROP_LAYER_PREVIEWS	42	46	handwritten local enum; no build generator	none	internal property/state IDs; config persists property name, not ordinal	04.013,30.009	STATIC_DELTA
app/config/gimpcoreconfig.c:101	anonymous/internal	PROP_LAYER_PREVIEW_SIZE	43	47	handwritten local enum; no build generator	none	internal property/state IDs; config persists property name, not ordinal	04.013,30.009	STATIC_DELTA
app/config/gimpcoreconfig.c:102	anonymous/internal	PROP_THUMBNAIL_SIZE	44	48	handwritten local enum; no build generator	none	internal property/state IDs; config persists property name, not ordinal	04.013,30.009	STATIC_DELTA
app/config/gimpcoreconfig.c:103	anonymous/internal	PROP_THUMBNAIL_FILESIZE_LIMIT	45	49	handwritten local enum; no build generator	none	internal property/state IDs; config persists property name, not ordinal	04.013,30.009	STATIC_DELTA
app/config/gimpcoreconfig.c:104	anonymous/internal	PROP_COLOR_MANAGEMENT	46	50	handwritten local enum; no build generator	none	internal property/state IDs; config persists property name, not ordinal	04.013,30.009	STATIC_DELTA
app/config/gimpcoreconfig.c:105	anonymous/internal	PROP_COLOR_PROFILE_POLICY	47	51	handwritten local enum; no build generator	none	internal property/state IDs; config persists property name, not ordinal	04.013,30.009	STATIC_DELTA
app/config/gimpcoreconfig.c:106	anonymous/internal	PROP_SAVE_DOCUMENT_HISTORY	48	52	handwritten local enum; no build generator	none	internal property/state IDs; config persists property name, not ordinal	04.013,30.009	STATIC_DELTA
app/config/gimpcoreconfig.c:107	anonymous/internal	PROP_QUICK_MASK_COLOR	49	53	handwritten local enum; no build generator	none	internal property/state IDs; config persists property name, not ordinal	04.013,30.009	STATIC_DELTA
app/config/gimpcoreconfig.c:108	anonymous/internal	PROP_USE_GEGL	50	54	handwritten local enum; no build generator	none	internal property/state IDs; config persists property name, not ordinal	04.013,30.009	STATIC_DELTA
app/config/gimpcoreconfig.c:111	anonymous/internal	PROP_INSTALL_COLORMAP	51	55	handwritten local enum; no build generator	none	internal property/state IDs; config persists property name, not ordinal	04.013,30.009	STATIC_DELTA
app/config/gimpcoreconfig.c:112	anonymous/internal	PROP_MIN_COLORS	52	56	handwritten local enum; no build generator	none	internal property/state IDs; config persists property name, not ordinal	04.013,30.009	STATIC_DELTA
app/core/core-enums.h:371	GimpUndoType	GIMP_UNDO_GROUP_LAYER_APPLY_PRESET	-	26	tools/gimp-mkenums via directory Makefile.am; public PDB enumgen.pl/enumcode.pl	app/core/core-enums.c;tools/pdbgen/enums.pl	mode: XCF numeric; dynamics/context: config nick or flags; remaining internal enum values	04.013,10.005,30.009	STATIC_DELTA
app/core/core-enums.h:372	GimpUndoType	GIMP_UNDO_GROUP_FS_TO_LAYER	26	27	tools/gimp-mkenums via directory Makefile.am; public PDB enumgen.pl/enumcode.pl	app/core/core-enums.c;tools/pdbgen/enums.pl	mode: XCF numeric; dynamics/context: config nick or flags; remaining internal enum values	04.013,10.005,30.009	STATIC_DELTA
app/core/core-enums.h:373	GimpUndoType	GIMP_UNDO_GROUP_FS_FLOAT	27	28	tools/gimp-mkenums via directory Makefile.am; public PDB enumgen.pl/enumcode.pl	app/core/core-enums.c;tools/pdbgen/enums.pl	mode: XCF numeric; dynamics/context: config nick or flags; remaining internal enum values	04.013,10.005,30.009	STATIC_DELTA
app/core/core-enums.h:374	GimpUndoType	GIMP_UNDO_GROUP_FS_ANCHOR	28	29	tools/gimp-mkenums via directory Makefile.am; public PDB enumgen.pl/enumcode.pl	app/core/core-enums.c;tools/pdbgen/enums.pl	mode: XCF numeric; dynamics/context: config nick or flags; remaining internal enum values	04.013,10.005,30.009	STATIC_DELTA
app/core/core-enums.h:375	GimpUndoType	GIMP_UNDO_GROUP_EDIT_PASTE	29	30	tools/gimp-mkenums via directory Makefile.am; public PDB enumgen.pl/enumcode.pl	app/core/core-enums.c;tools/pdbgen/enums.pl	mode: XCF numeric; dynamics/context: config nick or flags; remaining internal enum values	04.013,10.005,30.009	STATIC_DELTA
app/core/core-enums.h:376	GimpUndoType	GIMP_UNDO_GROUP_EDIT_CUT	30	31	tools/gimp-mkenums via directory Makefile.am; public PDB enumgen.pl/enumcode.pl	app/core/core-enums.c;tools/pdbgen/enums.pl	mode: XCF numeric; dynamics/context: config nick or flags; remaining internal enum values	04.013,10.005,30.009	STATIC_DELTA
app/core/core-enums.h:377	GimpUndoType	GIMP_UNDO_GROUP_TEXT	31	32	tools/gimp-mkenums via directory Makefile.am; public PDB enumgen.pl/enumcode.pl	app/core/core-enums.c;tools/pdbgen/enums.pl	mode: XCF numeric; dynamics/context: config nick or flags; remaining internal enum values	04.013,10.005,30.009	STATIC_DELTA
app/core/core-enums.h:378	GimpUndoType	GIMP_UNDO_GROUP_TRANSFORM	32	33	tools/gimp-mkenums via directory Makefile.am; public PDB enumgen.pl/enumcode.pl	app/core/core-enums.c;tools/pdbgen/enums.pl	mode: XCF numeric; dynamics/context: config nick or flags; remaining internal enum values	04.013,10.005,30.009	STATIC_DELTA
app/core/core-enums.h:379	GimpUndoType	GIMP_UNDO_GROUP_PAINT	33	34	tools/gimp-mkenums via directory Makefile.am; public PDB enumgen.pl/enumcode.pl	app/core/core-enums.c;tools/pdbgen/enums.pl	mode: XCF numeric; dynamics/context: config nick or flags; remaining internal enum values	04.013,10.005,30.009	STATIC_DELTA
app/core/core-enums.h:380	GimpUndoType	GIMP_UNDO_GROUP_MYPAINT	-	35	tools/gimp-mkenums via directory Makefile.am; public PDB enumgen.pl/enumcode.pl	app/core/core-enums.c;tools/pdbgen/enums.pl	mode: XCF numeric; dynamics/context: config nick or flags; remaining internal enum values	04.013,10.005,30.009	STATIC_DELTA
app/core/core-enums.h:381	GimpUndoType	GIMP_UNDO_GROUP_PARASITE_ATTACH	34	36	tools/gimp-mkenums via directory Makefile.am; public PDB enumgen.pl/enumcode.pl	app/core/core-enums.c;tools/pdbgen/enums.pl	mode: XCF numeric; dynamics/context: config nick or flags; remaining internal enum values	04.013,10.005,30.009	STATIC_DELTA
app/core/core-enums.h:382	GimpUndoType	GIMP_UNDO_GROUP_PARASITE_REMOVE	35	37	tools/gimp-mkenums via directory Makefile.am; public PDB enumgen.pl/enumcode.pl	app/core/core-enums.c;tools/pdbgen/enums.pl	mode: XCF numeric; dynamics/context: config nick or flags; remaining internal enum values	04.013,10.005,30.009	STATIC_DELTA
app/core/core-enums.h:383	GimpUndoType	GIMP_UNDO_GROUP_VECTORS_IMPORT	36	38	tools/gimp-mkenums via directory Makefile.am; public PDB enumgen.pl/enumcode.pl	app/core/core-enums.c;tools/pdbgen/enums.pl	mode: XCF numeric; dynamics/context: config nick or flags; remaining internal enum values	04.013,10.005,30.009	STATIC_DELTA
app/core/core-enums.h:384	GimpUndoType	GIMP_UNDO_GROUP_MISC	37	39	tools/gimp-mkenums via directory Makefile.am; public PDB enumgen.pl/enumcode.pl	app/core/core-enums.c;tools/pdbgen/enums.pl	mode: XCF numeric; dynamics/context: config nick or flags; remaining internal enum values	04.013,10.005,30.009	STATIC_DELTA
app/core/core-enums.h:386	GimpUndoType	GIMP_UNDO_GROUP_LAST	37	39	tools/gimp-mkenums via directory Makefile.am; public PDB enumgen.pl/enumcode.pl	app/core/core-enums.c;tools/pdbgen/enums.pl	mode: XCF numeric; dynamics/context: config nick or flags; remaining internal enum values	04.013,10.005,30.009	STATIC_DELTA
app/core/core-enums.h:390	GimpUndoType	GIMP_UNDO_IMAGE_TYPE	38	40	tools/gimp-mkenums via directory Makefile.am; public PDB enumgen.pl/enumcode.pl	app/core/core-enums.c;tools/pdbgen/enums.pl	mode: XCF numeric; dynamics/context: config nick or flags; remaining internal enum values	04.013,10.005,30.009	STATIC_DELTA
app/core/core-enums.h:391	GimpUndoType	GIMP_UNDO_IMAGE_SIZE	39	41	tools/gimp-mkenums via directory Makefile.am; public PDB enumgen.pl/enumcode.pl	app/core/core-enums.c;tools/pdbgen/enums.pl	mode: XCF numeric; dynamics/context: config nick or flags; remaining internal enum values	04.013,10.005,30.009	STATIC_DELTA
app/core/core-enums.h:392	GimpUndoType	GIMP_UNDO_IMAGE_RESOLUTION	40	42	tools/gimp-mkenums via directory Makefile.am; public PDB enumgen.pl/enumcode.pl	app/core/core-enums.c;tools/pdbgen/enums.pl	mode: XCF numeric; dynamics/context: config nick or flags; remaining internal enum values	04.013,10.005,30.009	STATIC_DELTA
app/core/core-enums.h:393	GimpUndoType	GIMP_UNDO_IMAGE_GRID	41	43	tools/gimp-mkenums via directory Makefile.am; public PDB enumgen.pl/enumcode.pl	app/core/core-enums.c;tools/pdbgen/enums.pl	mode: XCF numeric; dynamics/context: config nick or flags; remaining internal enum values	04.013,10.005,30.009	STATIC_DELTA
app/core/core-enums.h:394	GimpUndoType	GIMP_UNDO_IMAGE_COLORMAP	42	44	tools/gimp-mkenums via directory Makefile.am; public PDB enumgen.pl/enumcode.pl	app/core/core-enums.c;tools/pdbgen/enums.pl	mode: XCF numeric; dynamics/context: config nick or flags; remaining internal enum values	04.013,10.005,30.009	STATIC_DELTA
app/core/core-enums.h:395	GimpUndoType	GIMP_UNDO_GUIDE	43	45	tools/gimp-mkenums via directory Makefile.am; public PDB enumgen.pl/enumcode.pl	app/core/core-enums.c;tools/pdbgen/enums.pl	mode: XCF numeric; dynamics/context: config nick or flags; remaining internal enum values	04.013,10.005,30.009	STATIC_DELTA
app/core/core-enums.h:396	GimpUndoType	GIMP_UNDO_SAMPLE_POINT	44	46	tools/gimp-mkenums via directory Makefile.am; public PDB enumgen.pl/enumcode.pl	app/core/core-enums.c;tools/pdbgen/enums.pl	mode: XCF numeric; dynamics/context: config nick or flags; remaining internal enum values	04.013,10.005,30.009	STATIC_DELTA
app/core/core-enums.h:397	GimpUndoType	GIMP_UNDO_DRAWABLE	45	47	tools/gimp-mkenums via directory Makefile.am; public PDB enumgen.pl/enumcode.pl	app/core/core-enums.c;tools/pdbgen/enums.pl	mode: XCF numeric; dynamics/context: config nick or flags; remaining internal enum values	04.013,10.005,30.009	STATIC_DELTA
app/core/core-enums.h:398	GimpUndoType	GIMP_UNDO_DRAWABLE_MOD	46	48	tools/gimp-mkenums via directory Makefile.am; public PDB enumgen.pl/enumcode.pl	app/core/core-enums.c;tools/pdbgen/enums.pl	mode: XCF numeric; dynamics/context: config nick or flags; remaining internal enum values	04.013,10.005,30.009	STATIC_DELTA
app/core/core-enums.h:399	GimpUndoType	GIMP_UNDO_MASK	47	49	tools/gimp-mkenums via directory Makefile.am; public PDB enumgen.pl/enumcode.pl	app/core/core-enums.c;tools/pdbgen/enums.pl	mode: XCF numeric; dynamics/context: config nick or flags; remaining internal enum values	04.013,10.005,30.009	STATIC_DELTA
app/core/core-enums.h:400	GimpUndoType	GIMP_UNDO_ITEM_REORDER	48	50	tools/gimp-mkenums via directory Makefile.am; public PDB enumgen.pl/enumcode.pl	app/core/core-enums.c;tools/pdbgen/enums.pl	mode: XCF numeric; dynamics/context: config nick or flags; remaining internal enum values	04.013,10.005,30.009	STATIC_DELTA
app/core/core-enums.h:401	GimpUndoType	GIMP_UNDO_ITEM_RENAME	49	51	tools/gimp-mkenums via directory Makefile.am; public PDB enumgen.pl/enumcode.pl	app/core/core-enums.c;tools/pdbgen/enums.pl	mode: XCF numeric; dynamics/context: config nick or flags; remaining internal enum values	04.013,10.005,30.009	STATIC_DELTA
app/core/core-enums.h:402	GimpUndoType	GIMP_UNDO_ITEM_DISPLACE	50	52	tools/gimp-mkenums via directory Makefile.am; public PDB enumgen.pl/enumcode.pl	app/core/core-enums.c;tools/pdbgen/enums.pl	mode: XCF numeric; dynamics/context: config nick or flags; remaining internal enum values	04.013,10.005,30.009	STATIC_DELTA
app/core/core-enums.h:403	GimpUndoType	GIMP_UNDO_ITEM_VISIBILITY	51	53	tools/gimp-mkenums via directory Makefile.am; public PDB enumgen.pl/enumcode.pl	app/core/core-enums.c;tools/pdbgen/enums.pl	mode: XCF numeric; dynamics/context: config nick or flags; remaining internal enum values	04.013,10.005,30.009	STATIC_DELTA
app/core/core-enums.h:404	GimpUndoType	GIMP_UNDO_ITEM_LINKED	52	54	tools/gimp-mkenums via directory Makefile.am; public PDB enumgen.pl/enumcode.pl	app/core/core-enums.c;tools/pdbgen/enums.pl	mode: XCF numeric; dynamics/context: config nick or flags; remaining internal enum values	04.013,10.005,30.009	STATIC_DELTA
app/core/core-enums.h:405	GimpUndoType	GIMP_UNDO_LAYER_ADD	53	55	tools/gimp-mkenums via directory Makefile.am; public PDB enumgen.pl/enumcode.pl	app/core/core-enums.c;tools/pdbgen/enums.pl	mode: XCF numeric; dynamics/context: config nick or flags; remaining internal enum values	04.013,10.005,30.009	STATIC_DELTA
app/core/core-enums.h:406	GimpUndoType	GIMP_UNDO_LAYER_REMOVE	54	56	tools/gimp-mkenums via directory Makefile.am; public PDB enumgen.pl/enumcode.pl	app/core/core-enums.c;tools/pdbgen/enums.pl	mode: XCF numeric; dynamics/context: config nick or flags; remaining internal enum values	04.013,10.005,30.009	STATIC_DELTA
app/core/core-enums.h:407	GimpUndoType	GIMP_UNDO_LAYER_MODE	55	57	tools/gimp-mkenums via directory Makefile.am; public PDB enumgen.pl/enumcode.pl	app/core/core-enums.c;tools/pdbgen/enums.pl	mode: XCF numeric; dynamics/context: config nick or flags; remaining internal enum values	04.013,10.005,30.009	STATIC_DELTA
app/core/core-enums.h:408	GimpUndoType	GIMP_UNDO_LAYER_OPACITY	56	58	tools/gimp-mkenums via directory Makefile.am; public PDB enumgen.pl/enumcode.pl	app/core/core-enums.c;tools/pdbgen/enums.pl	mode: XCF numeric; dynamics/context: config nick or flags; remaining internal enum values	04.013,10.005,30.009	STATIC_DELTA
app/core/core-enums.h:409	GimpUndoType	GIMP_UNDO_LAYER_LOCK_ALPHA	57	59	tools/gimp-mkenums via directory Makefile.am; public PDB enumgen.pl/enumcode.pl	app/core/core-enums.c;tools/pdbgen/enums.pl	mode: XCF numeric; dynamics/context: config nick or flags; remaining internal enum values	04.013,10.005,30.009	STATIC_DELTA
app/core/core-enums.h:410	GimpUndoType	GIMP_UNDO_GROUP_LAYER_SUSPEND	58	60	tools/gimp-mkenums via directory Makefile.am; public PDB enumgen.pl/enumcode.pl	app/core/core-enums.c;tools/pdbgen/enums.pl	mode: XCF numeric; dynamics/context: config nick or flags; remaining internal enum values	04.013,10.005,30.009	STATIC_DELTA
app/core/core-enums.h:411	GimpUndoType	GIMP_UNDO_GROUP_LAYER_RESUME	59	61	tools/gimp-mkenums via directory Makefile.am; public PDB enumgen.pl/enumcode.pl	app/core/core-enums.c;tools/pdbgen/enums.pl	mode: XCF numeric; dynamics/context: config nick or flags; remaining internal enum values	04.013,10.005,30.009	STATIC_DELTA
app/core/core-enums.h:412	GimpUndoType	GIMP_UNDO_GROUP_LAYER_CONVERT	60	62	tools/gimp-mkenums via directory Makefile.am; public PDB enumgen.pl/enumcode.pl	app/core/core-enums.c;tools/pdbgen/enums.pl	mode: XCF numeric; dynamics/context: config nick or flags; remaining internal enum values	04.013,10.005,30.009	STATIC_DELTA
app/core/core-enums.h:413	GimpUndoType	GIMP_UNDO_TEXT_LAYER	61	63	tools/gimp-mkenums via directory Makefile.am; public PDB enumgen.pl/enumcode.pl	app/core/core-enums.c;tools/pdbgen/enums.pl	mode: XCF numeric; dynamics/context: config nick or flags; remaining internal enum values	04.013,10.005,30.009	STATIC_DELTA
app/core/core-enums.h:414	GimpUndoType	GIMP_UNDO_TEXT_LAYER_MODIFIED	62	64	tools/gimp-mkenums via directory Makefile.am; public PDB enumgen.pl/enumcode.pl	app/core/core-enums.c;tools/pdbgen/enums.pl	mode: XCF numeric; dynamics/context: config nick or flags; remaining internal enum values	04.013,10.005,30.009	STATIC_DELTA
app/core/core-enums.h:415	GimpUndoType	GIMP_UNDO_LAYER_MASK_ADD	63	65	tools/gimp-mkenums via directory Makefile.am; public PDB enumgen.pl/enumcode.pl	app/core/core-enums.c;tools/pdbgen/enums.pl	mode: XCF numeric; dynamics/context: config nick or flags; remaining internal enum values	04.013,10.005,30.009	STATIC_DELTA
app/core/core-enums.h:416	GimpUndoType	GIMP_UNDO_LAYER_MASK_REMOVE	64	66	tools/gimp-mkenums via directory Makefile.am; public PDB enumgen.pl/enumcode.pl	app/core/core-enums.c;tools/pdbgen/enums.pl	mode: XCF numeric; dynamics/context: config nick or flags; remaining internal enum values	04.013,10.005,30.009	STATIC_DELTA
app/core/core-enums.h:417	GimpUndoType	GIMP_UNDO_LAYER_MASK_APPLY	65	67	tools/gimp-mkenums via directory Makefile.am; public PDB enumgen.pl/enumcode.pl	app/core/core-enums.c;tools/pdbgen/enums.pl	mode: XCF numeric; dynamics/context: config nick or flags; remaining internal enum values	04.013,10.005,30.009	STATIC_DELTA
app/core/core-enums.h:418	GimpUndoType	GIMP_UNDO_LAYER_MASK_SHOW	66	68	tools/gimp-mkenums via directory Makefile.am; public PDB enumgen.pl/enumcode.pl	app/core/core-enums.c;tools/pdbgen/enums.pl	mode: XCF numeric; dynamics/context: config nick or flags; remaining internal enum values	04.013,10.005,30.009	STATIC_DELTA
app/core/core-enums.h:419	GimpUndoType	GIMP_UNDO_CHANNEL_ADD	67	69	tools/gimp-mkenums via directory Makefile.am; public PDB enumgen.pl/enumcode.pl	app/core/core-enums.c;tools/pdbgen/enums.pl	mode: XCF numeric; dynamics/context: config nick or flags; remaining internal enum values	04.013,10.005,30.009	STATIC_DELTA
app/core/core-enums.h:420	GimpUndoType	GIMP_UNDO_CHANNEL_REMOVE	68	70	tools/gimp-mkenums via directory Makefile.am; public PDB enumgen.pl/enumcode.pl	app/core/core-enums.c;tools/pdbgen/enums.pl	mode: XCF numeric; dynamics/context: config nick or flags; remaining internal enum values	04.013,10.005,30.009	STATIC_DELTA
app/core/core-enums.h:421	GimpUndoType	GIMP_UNDO_CHANNEL_COLOR	69	71	tools/gimp-mkenums via directory Makefile.am; public PDB enumgen.pl/enumcode.pl	app/core/core-enums.c;tools/pdbgen/enums.pl	mode: XCF numeric; dynamics/context: config nick or flags; remaining internal enum values	04.013,10.005,30.009	STATIC_DELTA
app/core/core-enums.h:422	GimpUndoType	GIMP_UNDO_VECTORS_ADD	70	72	tools/gimp-mkenums via directory Makefile.am; public PDB enumgen.pl/enumcode.pl	app/core/core-enums.c;tools/pdbgen/enums.pl	mode: XCF numeric; dynamics/context: config nick or flags; remaining internal enum values	04.013,10.005,30.009	STATIC_DELTA
app/core/core-enums.h:423	GimpUndoType	GIMP_UNDO_VECTORS_REMOVE	71	73	tools/gimp-mkenums via directory Makefile.am; public PDB enumgen.pl/enumcode.pl	app/core/core-enums.c;tools/pdbgen/enums.pl	mode: XCF numeric; dynamics/context: config nick or flags; remaining internal enum values	04.013,10.005,30.009	STATIC_DELTA
app/core/core-enums.h:424	GimpUndoType	GIMP_UNDO_VECTORS_MOD	72	74	tools/gimp-mkenums via directory Makefile.am; public PDB enumgen.pl/enumcode.pl	app/core/core-enums.c;tools/pdbgen/enums.pl	mode: XCF numeric; dynamics/context: config nick or flags; remaining internal enum values	04.013,10.005,30.009	STATIC_DELTA
app/core/core-enums.h:425	GimpUndoType	GIMP_UNDO_FS_TO_LAYER	73	75	tools/gimp-mkenums via directory Makefile.am; public PDB enumgen.pl/enumcode.pl	app/core/core-enums.c;tools/pdbgen/enums.pl	mode: XCF numeric; dynamics/context: config nick or flags; remaining internal enum values	04.013,10.005,30.009	STATIC_DELTA
app/core/core-enums.h:426	GimpUndoType	GIMP_UNDO_TRANSFORM	74	76	tools/gimp-mkenums via directory Makefile.am; public PDB enumgen.pl/enumcode.pl	app/core/core-enums.c;tools/pdbgen/enums.pl	mode: XCF numeric; dynamics/context: config nick or flags; remaining internal enum values	04.013,10.005,30.009	STATIC_DELTA
app/core/core-enums.h:427	GimpUndoType	GIMP_UNDO_PAINT	75	77	tools/gimp-mkenums via directory Makefile.am; public PDB enumgen.pl/enumcode.pl	app/core/core-enums.c;tools/pdbgen/enums.pl	mode: XCF numeric; dynamics/context: config nick or flags; remaining internal enum values	04.013,10.005,30.009	STATIC_DELTA
app/core/core-enums.h:428	GimpUndoType	GIMP_UNDO_MYPAINT	-	78	tools/gimp-mkenums via directory Makefile.am; public PDB enumgen.pl/enumcode.pl	app/core/core-enums.c;tools/pdbgen/enums.pl	mode: XCF numeric; dynamics/context: config nick or flags; remaining internal enum values	04.013,10.005,30.009	STATIC_DELTA
app/core/core-enums.h:429	GimpUndoType	GIMP_UNDO_INK	76	79	tools/gimp-mkenums via directory Makefile.am; public PDB enumgen.pl/enumcode.pl	app/core/core-enums.c;tools/pdbgen/enums.pl	mode: XCF numeric; dynamics/context: config nick or flags; remaining internal enum values	04.013,10.005,30.009	STATIC_DELTA
app/core/core-enums.h:430	GimpUndoType	GIMP_UNDO_FOREGROUND_SELECT	77	80	tools/gimp-mkenums via directory Makefile.am; public PDB enumgen.pl/enumcode.pl	app/core/core-enums.c;tools/pdbgen/enums.pl	mode: XCF numeric; dynamics/context: config nick or flags; remaining internal enum values	04.013,10.005,30.009	STATIC_DELTA
app/core/core-enums.h:431	GimpUndoType	GIMP_UNDO_PARASITE_ATTACH	78	81	tools/gimp-mkenums via directory Makefile.am; public PDB enumgen.pl/enumcode.pl	app/core/core-enums.c;tools/pdbgen/enums.pl	mode: XCF numeric; dynamics/context: config nick or flags; remaining internal enum values	04.013,10.005,30.009	STATIC_DELTA
app/core/core-enums.h:432	GimpUndoType	GIMP_UNDO_PARASITE_REMOVE	79	82	tools/gimp-mkenums via directory Makefile.am; public PDB enumgen.pl/enumcode.pl	app/core/core-enums.c;tools/pdbgen/enums.pl	mode: XCF numeric; dynamics/context: config nick or flags; remaining internal enum values	04.013,10.005,30.009	STATIC_DELTA
app/core/core-enums.h:434	GimpUndoType	GIMP_UNDO_CANT	80	83	tools/gimp-mkenums via directory Makefile.am; public PDB enumgen.pl/enumcode.pl	app/core/core-enums.c;tools/pdbgen/enums.pl	mode: XCF numeric; dynamics/context: config nick or flags; remaining internal enum values	04.013,10.005,30.009	STATIC_DELTA
app/core/core-enums.h:593	GimpDynamicsOutputType	GIMP_DYNAMICS_OUTPUT_BLENDING	-	11	tools/gimp-mkenums via directory Makefile.am; public PDB enumgen.pl/enumcode.pl	app/core/core-enums.c;tools/pdbgen/enums.pl	mode: XCF numeric; dynamics/context: config nick or flags; remaining internal enum values	04.013,10.005,30.009	STATIC_DELTA
app/core/core-enums.h:621	GimpContextPropType	GIMP_CONTEXT_PROP_MYPAINT_BRUSH	-	17	tools/gimp-mkenums via directory Makefile.am; public PDB enumgen.pl/enumcode.pl	app/core/core-enums.c;tools/pdbgen/enums.pl	mode: XCF numeric; dynamics/context: config nick or flags; remaining internal enum values	04.013,10.005,30.009	STATIC_DELTA
app/core/core-enums.h:622	GimpContextPropType	GIMP_CONTEXT_PROP_BUFFER	17	18	tools/gimp-mkenums via directory Makefile.am; public PDB enumgen.pl/enumcode.pl	app/core/core-enums.c;tools/pdbgen/enums.pl	mode: XCF numeric; dynamics/context: config nick or flags; remaining internal enum values	04.013,10.005,30.009	STATIC_DELTA
app/core/core-enums.h:623	GimpContextPropType	GIMP_CONTEXT_PROP_IMAGEFILE	18	19	tools/gimp-mkenums via directory Makefile.am; public PDB enumgen.pl/enumcode.pl	app/core/core-enums.c;tools/pdbgen/enums.pl	mode: XCF numeric; dynamics/context: config nick or flags; remaining internal enum values	04.013,10.005,30.009	STATIC_DELTA
app/core/core-enums.h:624	GimpContextPropType	GIMP_CONTEXT_PROP_TEMPLATE	19	20	tools/gimp-mkenums via directory Makefile.am; public PDB enumgen.pl/enumcode.pl	app/core/core-enums.c;tools/pdbgen/enums.pl	mode: XCF numeric; dynamics/context: config nick or flags; remaining internal enum values	04.013,10.005,30.009	STATIC_DELTA
app/core/core-enums.h:626	GimpContextPropType	GIMP_CONTEXT_LAST_PROP	19	20	tools/gimp-mkenums via directory Makefile.am; public PDB enumgen.pl/enumcode.pl	app/core/core-enums.c;tools/pdbgen/enums.pl	mode: XCF numeric; dynamics/context: config nick or flags; remaining internal enum values	04.013,10.005,30.009	STATIC_DELTA
app/core/core-enums.h:647	GimpContextPropMask	GIMP_CONTEXT_MYPAINT_BRUSH_MASK	-	131072	tools/gimp-mkenums via directory Makefile.am; public PDB enumgen.pl/enumcode.pl	app/core/core-enums.c;tools/pdbgen/enums.pl	mode: XCF numeric; dynamics/context: config nick or flags; remaining internal enum values	04.013,10.005,30.009	STATIC_DELTA
app/core/core-enums.h:648	GimpContextPropMask	GIMP_CONTEXT_BUFFER_MASK	131072	262144	tools/gimp-mkenums via directory Makefile.am; public PDB enumgen.pl/enumcode.pl	app/core/core-enums.c;tools/pdbgen/enums.pl	mode: XCF numeric; dynamics/context: config nick or flags; remaining internal enum values	04.013,10.005,30.009	STATIC_DELTA
app/core/core-enums.h:649	GimpContextPropMask	GIMP_CONTEXT_IMAGEFILE_MASK	262144	524288	tools/gimp-mkenums via directory Makefile.am; public PDB enumgen.pl/enumcode.pl	app/core/core-enums.c;tools/pdbgen/enums.pl	mode: XCF numeric; dynamics/context: config nick or flags; remaining internal enum values	04.013,10.005,30.009	STATIC_DELTA
app/core/core-enums.h:650	GimpContextPropMask	GIMP_CONTEXT_TEMPLATE_MASK	524288	1048576	tools/gimp-mkenums via directory Makefile.am; public PDB enumgen.pl/enumcode.pl	app/core/core-enums.c;tools/pdbgen/enums.pl	mode: XCF numeric; dynamics/context: config nick or flags; remaining internal enum values	04.013,10.005,30.009	STATIC_DELTA
app/core/core-enums.h:651	GimpContextPropMask	GIMP_CONTEXT_MYPAINT_MODE_MASK	-	2097152	tools/gimp-mkenums via directory Makefile.am; public PDB enumgen.pl/enumcode.pl	app/core/core-enums.c;tools/pdbgen/enums.pl	mode: XCF numeric; dynamics/context: config nick or flags; remaining internal enum values	04.013,10.005,30.009	STATIC_DELTA
app/core/core-enums.h:654	GimpContextPropMask	GIMP_CONTEXT_PAINT_PROPS_MASK	16320	147392	tools/gimp-mkenums via directory Makefile.am; public PDB enumgen.pl/enumcode.pl	app/core/core-enums.c;tools/pdbgen/enums.pl	mode: XCF numeric; dynamics/context: config nick or flags; remaining internal enum values	04.013,10.005,30.009	STATIC_DELTA
app/core/core-enums.h:663	GimpContextPropMask	GIMP_CONTEXT_ALL_PROPS_MASK	1015804	2064380	tools/gimp-mkenums via directory Makefile.am; public PDB enumgen.pl/enumcode.pl	app/core/core-enums.c;tools/pdbgen/enums.pl	mode: XCF numeric; dynamics/context: config nick or flags; remaining internal enum values	04.013,10.005,30.009	STATIC_DELTA
app/core/gimpcontext.c:312	anonymous/internal	MYPAINT_BRUSH_CHANGED	-	17	handwritten local enum; no build generator	none	internal property/state IDs; config persists property name, not ordinal	04.013,30.009	STATIC_DELTA
app/core/gimpcontext.c:313	anonymous/internal	BUFFER_CHANGED	17	18	handwritten local enum; no build generator	none	internal property/state IDs; config persists property name, not ordinal	04.013,30.009	STATIC_DELTA
app/core/gimpcontext.c:314	anonymous/internal	IMAGEFILE_CHANGED	18	19	handwritten local enum; no build generator	none	internal property/state IDs; config persists property name, not ordinal	04.013,30.009	STATIC_DELTA
app/core/gimpcontext.c:315	anonymous/internal	TEMPLATE_CHANGED	19	20	handwritten local enum; no build generator	none	internal property/state IDs; config persists property name, not ordinal	04.013,30.009	STATIC_DELTA
app/core/gimpcontext.c:316	anonymous/internal	LAST_SIGNAL	20	21	handwritten local enum; no build generator	none	internal property/state IDs; config persists property name, not ordinal	04.013,30.009	STATIC_DELTA
app/core/gimpdynamics.c:55	anonymous/internal	PROP_BLENDING_OUTPUT	-	13	handwritten local enum; no build generator	none	internal property/state IDs; config persists property name, not ordinal	04.013,30.009	STATIC_DELTA
app/core/gimpmypaintbrush.cpp:51	anonymous/internal	LAST_SIGNAL	-	0	handwritten local enum; no build generator	none	internal property/state IDs; config persists property name, not ordinal	04.013,30.009	STATIC_DELTA
app/core/gimpmypaintbrush.cpp:56	anonymous/internal	PROP_0	-	0	handwritten local enum; no build generator	none	internal property/state IDs; config persists property name, not ordinal	04.013,30.009	STATIC_DELTA
app/core/gimptoolgroup.c:43	anonymous/internal	ACTIVE_TOOL_CHANGED	-	0	handwritten local enum; no build generator	none	internal property/state IDs; config persists property name, not ordinal	04.013,30.009	STATIC_DELTA
app/core/gimptoolgroup.c:44	anonymous/internal	LAST_SIGNAL	-	1	handwritten local enum; no build generator	none	internal property/state IDs; config persists property name, not ordinal	04.013,30.009	STATIC_DELTA
app/core/gimptoolgroup.c:49	anonymous/internal	PROP_0	-	0	handwritten local enum; no build generator	none	internal property/state IDs; config persists property name, not ordinal	04.013,30.009	STATIC_DELTA
app/core/gimptoolgroup.c:50	anonymous/internal	PROP_ACTIVE_TOOL	-	1	handwritten local enum; no build generator	none	internal property/state IDs; config persists property name, not ordinal	04.013,30.009	STATIC_DELTA
app/core/gimptoolgroup.c:51	anonymous/internal	PROP_CHILDREN	-	2	handwritten local enum; no build generator	none	internal property/state IDs; config persists property name, not ordinal	04.013,30.009	STATIC_DELTA
app/core/gimptoolitem.c:40	anonymous/internal	VISIBLE_CHANGED	-	0	handwritten local enum; no build generator	none	internal property/state IDs; config persists property name, not ordinal	04.013,30.009	STATIC_DELTA
app/core/gimptoolitem.c:41	anonymous/internal	LAST_SIGNAL	-	1	handwritten local enum; no build generator	none	internal property/state IDs; config persists property name, not ordinal	04.013,30.009	STATIC_DELTA
app/core/gimptoolitem.c:46	anonymous/internal	PROP_0	-	0	handwritten local enum; no build generator	none	internal property/state IDs; config persists property name, not ordinal	04.013,30.009	STATIC_DELTA
app/core/gimptoolitem.c:47	anonymous/internal	PROP_VISIBLE	-	1	handwritten local enum; no build generator	none	internal property/state IDs; config persists property name, not ordinal	04.013,30.009	STATIC_DELTA
app/core/gimpviewable.c:53	anonymous/internal	PARENT_CHANGED	-	2	handwritten local enum; no build generator	none	internal property/state IDs; config persists property name, not ordinal	04.013,30.009	STATIC_DELTA
app/core/gimpviewable.c:54	anonymous/internal	LAST_SIGNAL	2	3	handwritten local enum; no build generator	none	internal property/state IDs; config persists property name, not ordinal	04.013,30.009	STATIC_DELTA
app/core/mypaintbrush-brushsettings.h:20	anonymous/internal	BRUSH_SETTING_GROUP_BASIC	-	0	handwritten local enum; no build generator	none	internal property/state IDs; config persists property name, not ordinal	04.013,30.009	STATIC_DELTA
app/core/mypaintbrush-brushsettings.h:21	anonymous/internal	BRUSH_SETTING_GROUP_OPACITY	-	1	handwritten local enum; no build generator	none	internal property/state IDs; config persists property name, not ordinal	04.013,30.009	STATIC_DELTA
app/core/mypaintbrush-brushsettings.h:22	anonymous/internal	BRUSH_SETTING_GROUP_DABS	-	2	handwritten local enum; no build generator	none	internal property/state IDs; config persists property name, not ordinal	04.013,30.009	STATIC_DELTA
app/core/mypaintbrush-brushsettings.h:23	anonymous/internal	BRUSH_SETTING_GROUP_SMUDGE	-	3	handwritten local enum; no build generator	none	internal property/state IDs; config persists property name, not ordinal	04.013,30.009	STATIC_DELTA
app/core/mypaintbrush-brushsettings.h:24	anonymous/internal	BRUSH_SETTING_GROUP_SPEED	-	4	handwritten local enum; no build generator	none	internal property/state IDs; config persists property name, not ordinal	04.013,30.009	STATIC_DELTA
app/core/mypaintbrush-brushsettings.h:25	anonymous/internal	BRUSH_SETTING_GROUP_TRACKING	-	5	handwritten local enum; no build generator	none	internal property/state IDs; config persists property name, not ordinal	04.013,30.009	STATIC_DELTA
app/core/mypaintbrush-brushsettings.h:26	anonymous/internal	BRUSH_SETTING_GROUP_STROKE	-	6	handwritten local enum; no build generator	none	internal property/state IDs; config persists property name, not ordinal	04.013,30.009	STATIC_DELTA
app/core/mypaintbrush-brushsettings.h:27	anonymous/internal	BRUSH_SETTING_GROUP_COLOR	-	7	handwritten local enum; no build generator	none	internal property/state IDs; config persists property name, not ordinal	04.013,30.009	STATIC_DELTA
app/core/mypaintbrush-brushsettings.h:28	anonymous/internal	BRUSH_SETTING_GROUP_TEXTURE	-	8	handwritten local enum; no build generator	none	internal property/state IDs; config persists property name, not ordinal	04.013,30.009	STATIC_DELTA
app/core/mypaintbrush-brushsettings.h:29	anonymous/internal	BRUSH_SETTING_GROUP_CUSTOM	-	9	handwritten local enum; no build generator	none	internal property/state IDs; config persists property name, not ordinal	04.013,30.009	STATIC_DELTA
app/core/mypaintbrush-enum-settings.h:6	generated-brush-constant	INPUT_PRESSURE	-	0	generate.py absent in legacy tree; reconstruct from brushsettings.c and ordered constants	app/core/mypaintbrush-enum-settings.h;app/core/mypaintbrush-brushsettings.c	myb setting/input names; numeric index is internal, not file key	04.013/brush-setting-generator,19.003	STATIC_DELTA
app/core/mypaintbrush-enum-settings.h:7	generated-brush-constant	INPUT_SPEED1	-	1	generate.py absent in legacy tree; reconstruct from brushsettings.c and ordered constants	app/core/mypaintbrush-enum-settings.h;app/core/mypaintbrush-brushsettings.c	myb setting/input names; numeric index is internal, not file key	04.013/brush-setting-generator,19.003	STATIC_DELTA
app/core/mypaintbrush-enum-settings.h:8	generated-brush-constant	INPUT_SPEED2	-	2	generate.py absent in legacy tree; reconstruct from brushsettings.c and ordered constants	app/core/mypaintbrush-enum-settings.h;app/core/mypaintbrush-brushsettings.c	myb setting/input names; numeric index is internal, not file key	04.013/brush-setting-generator,19.003	STATIC_DELTA
app/core/mypaintbrush-enum-settings.h:9	generated-brush-constant	INPUT_RANDOM	-	3	generate.py absent in legacy tree; reconstruct from brushsettings.c and ordered constants	app/core/mypaintbrush-enum-settings.h;app/core/mypaintbrush-brushsettings.c	myb setting/input names; numeric index is internal, not file key	04.013/brush-setting-generator,19.003	STATIC_DELTA
app/core/mypaintbrush-enum-settings.h:10	generated-brush-constant	INPUT_STROKE	-	4	generate.py absent in legacy tree; reconstruct from brushsettings.c and ordered constants	app/core/mypaintbrush-enum-settings.h;app/core/mypaintbrush-brushsettings.c	myb setting/input names; numeric index is internal, not file key	04.013/brush-setting-generator,19.003	STATIC_DELTA
app/core/mypaintbrush-enum-settings.h:11	generated-brush-constant	INPUT_DIRECTION	-	5	generate.py absent in legacy tree; reconstruct from brushsettings.c and ordered constants	app/core/mypaintbrush-enum-settings.h;app/core/mypaintbrush-brushsettings.c	myb setting/input names; numeric index is internal, not file key	04.013/brush-setting-generator,19.003	STATIC_DELTA
app/core/mypaintbrush-enum-settings.h:12	generated-brush-constant	INPUT_TILT_DECLINATION	-	6	generate.py absent in legacy tree; reconstruct from brushsettings.c and ordered constants	app/core/mypaintbrush-enum-settings.h;app/core/mypaintbrush-brushsettings.c	myb setting/input names; numeric index is internal, not file key	04.013/brush-setting-generator,19.003	STATIC_DELTA
app/core/mypaintbrush-enum-settings.h:13	generated-brush-constant	INPUT_TILT_ASCENSION	-	7	generate.py absent in legacy tree; reconstruct from brushsettings.c and ordered constants	app/core/mypaintbrush-enum-settings.h;app/core/mypaintbrush-brushsettings.c	myb setting/input names; numeric index is internal, not file key	04.013/brush-setting-generator,19.003	STATIC_DELTA
app/core/mypaintbrush-enum-settings.h:14	generated-brush-constant	INPUT_CUSTOM	-	8	generate.py absent in legacy tree; reconstruct from brushsettings.c and ordered constants	app/core/mypaintbrush-enum-settings.h;app/core/mypaintbrush-brushsettings.c	myb setting/input names; numeric index is internal, not file key	04.013/brush-setting-generator,19.003	STATIC_DELTA
app/core/mypaintbrush-enum-settings.h:15	generated-brush-constant	INPUT_COUNT	-	9	generate.py absent in legacy tree; reconstruct from brushsettings.c and ordered constants	app/core/mypaintbrush-enum-settings.h;app/core/mypaintbrush-brushsettings.c	myb setting/input names; numeric index is internal, not file key	04.013/brush-setting-generator,19.003	STATIC_DELTA
app/core/mypaintbrush-enum-settings.h:17	generated-brush-constant	BRUSH_MAPPING_BASE	-	0	generate.py absent in legacy tree; reconstruct from brushsettings.c and ordered constants	app/core/mypaintbrush-enum-settings.h;app/core/mypaintbrush-brushsettings.c	myb setting/input names; numeric index is internal, not file key	04.013/brush-setting-generator,19.003	STATIC_DELTA
app/core/mypaintbrush-enum-settings.h:18	generated-brush-constant	BRUSH_OPAQUE	-	0	generate.py absent in legacy tree; reconstruct from brushsettings.c and ordered constants	app/core/mypaintbrush-enum-settings.h;app/core/mypaintbrush-brushsettings.c	myb setting/input names; numeric index is internal, not file key	04.013/brush-setting-generator,19.003	STATIC_DELTA
app/core/mypaintbrush-enum-settings.h:19	generated-brush-constant	BRUSH_OPAQUE_MULTIPLY	-	1	generate.py absent in legacy tree; reconstruct from brushsettings.c and ordered constants	app/core/mypaintbrush-enum-settings.h;app/core/mypaintbrush-brushsettings.c	myb setting/input names; numeric index is internal, not file key	04.013/brush-setting-generator,19.003	STATIC_DELTA
app/core/mypaintbrush-enum-settings.h:20	generated-brush-constant	BRUSH_OPAQUE_LINEARIZE	-	2	generate.py absent in legacy tree; reconstruct from brushsettings.c and ordered constants	app/core/mypaintbrush-enum-settings.h;app/core/mypaintbrush-brushsettings.c	myb setting/input names; numeric index is internal, not file key	04.013/brush-setting-generator,19.003	STATIC_DELTA
app/core/mypaintbrush-enum-settings.h:21	generated-brush-constant	BRUSH_RADIUS_LOGARITHMIC	-	3	generate.py absent in legacy tree; reconstruct from brushsettings.c and ordered constants	app/core/mypaintbrush-enum-settings.h;app/core/mypaintbrush-brushsettings.c	myb setting/input names; numeric index is internal, not file key	04.013/brush-setting-generator,19.003	STATIC_DELTA
app/core/mypaintbrush-enum-settings.h:22	generated-brush-constant	BRUSH_HARDNESS	-	4	generate.py absent in legacy tree; reconstruct from brushsettings.c and ordered constants	app/core/mypaintbrush-enum-settings.h;app/core/mypaintbrush-brushsettings.c	myb setting/input names; numeric index is internal, not file key	04.013/brush-setting-generator,19.003	STATIC_DELTA
app/core/mypaintbrush-enum-settings.h:23	generated-brush-constant	BRUSH_ANTI_ALIASING	-	5	generate.py absent in legacy tree; reconstruct from brushsettings.c and ordered constants	app/core/mypaintbrush-enum-settings.h;app/core/mypaintbrush-brushsettings.c	myb setting/input names; numeric index is internal, not file key	04.013/brush-setting-generator,19.003	STATIC_DELTA
app/core/mypaintbrush-enum-settings.h:24	generated-brush-constant	BRUSH_DABS_PER_BASIC_RADIUS	-	6	generate.py absent in legacy tree; reconstruct from brushsettings.c and ordered constants	app/core/mypaintbrush-enum-settings.h;app/core/mypaintbrush-brushsettings.c	myb setting/input names; numeric index is internal, not file key	04.013/brush-setting-generator,19.003	STATIC_DELTA
app/core/mypaintbrush-enum-settings.h:25	generated-brush-constant	BRUSH_DABS_PER_ACTUAL_RADIUS	-	7	generate.py absent in legacy tree; reconstruct from brushsettings.c and ordered constants	app/core/mypaintbrush-enum-settings.h;app/core/mypaintbrush-brushsettings.c	myb setting/input names; numeric index is internal, not file key	04.013/brush-setting-generator,19.003	STATIC_DELTA
app/core/mypaintbrush-enum-settings.h:26	generated-brush-constant	BRUSH_DABS_PER_SECOND	-	8	generate.py absent in legacy tree; reconstruct from brushsettings.c and ordered constants	app/core/mypaintbrush-enum-settings.h;app/core/mypaintbrush-brushsettings.c	myb setting/input names; numeric index is internal, not file key	04.013/brush-setting-generator,19.003	STATIC_DELTA
app/core/mypaintbrush-enum-settings.h:27	generated-brush-constant	BRUSH_RADIUS_BY_RANDOM	-	9	generate.py absent in legacy tree; reconstruct from brushsettings.c and ordered constants	app/core/mypaintbrush-enum-settings.h;app/core/mypaintbrush-brushsettings.c	myb setting/input names; numeric index is internal, not file key	04.013/brush-setting-generator,19.003	STATIC_DELTA
app/core/mypaintbrush-enum-settings.h:28	generated-brush-constant	BRUSH_SPEED1_SLOWNESS	-	10	generate.py absent in legacy tree; reconstruct from brushsettings.c and ordered constants	app/core/mypaintbrush-enum-settings.h;app/core/mypaintbrush-brushsettings.c	myb setting/input names; numeric index is internal, not file key	04.013/brush-setting-generator,19.003	STATIC_DELTA
app/core/mypaintbrush-enum-settings.h:29	generated-brush-constant	BRUSH_SPEED2_SLOWNESS	-	11	generate.py absent in legacy tree; reconstruct from brushsettings.c and ordered constants	app/core/mypaintbrush-enum-settings.h;app/core/mypaintbrush-brushsettings.c	myb setting/input names; numeric index is internal, not file key	04.013/brush-setting-generator,19.003	STATIC_DELTA
app/core/mypaintbrush-enum-settings.h:30	generated-brush-constant	BRUSH_SPEED1_GAMMA	-	12	generate.py absent in legacy tree; reconstruct from brushsettings.c and ordered constants	app/core/mypaintbrush-enum-settings.h;app/core/mypaintbrush-brushsettings.c	myb setting/input names; numeric index is internal, not file key	04.013/brush-setting-generator,19.003	STATIC_DELTA
app/core/mypaintbrush-enum-settings.h:31	generated-brush-constant	BRUSH_SPEED2_GAMMA	-	13	generate.py absent in legacy tree; reconstruct from brushsettings.c and ordered constants	app/core/mypaintbrush-enum-settings.h;app/core/mypaintbrush-brushsettings.c	myb setting/input names; numeric index is internal, not file key	04.013/brush-setting-generator,19.003	STATIC_DELTA
app/core/mypaintbrush-enum-settings.h:32	generated-brush-constant	BRUSH_OFFSET_BY_RANDOM	-	14	generate.py absent in legacy tree; reconstruct from brushsettings.c and ordered constants	app/core/mypaintbrush-enum-settings.h;app/core/mypaintbrush-brushsettings.c	myb setting/input names; numeric index is internal, not file key	04.013/brush-setting-generator,19.003	STATIC_DELTA
app/core/mypaintbrush-enum-settings.h:33	generated-brush-constant	BRUSH_OFFSET_BY_SPEED	-	15	generate.py absent in legacy tree; reconstruct from brushsettings.c and ordered constants	app/core/mypaintbrush-enum-settings.h;app/core/mypaintbrush-brushsettings.c	myb setting/input names; numeric index is internal, not file key	04.013/brush-setting-generator,19.003	STATIC_DELTA
app/core/mypaintbrush-enum-settings.h:34	generated-brush-constant	BRUSH_OFFSET_BY_SPEED_SLOWNESS	-	16	generate.py absent in legacy tree; reconstruct from brushsettings.c and ordered constants	app/core/mypaintbrush-enum-settings.h;app/core/mypaintbrush-brushsettings.c	myb setting/input names; numeric index is internal, not file key	04.013/brush-setting-generator,19.003	STATIC_DELTA
app/core/mypaintbrush-enum-settings.h:35	generated-brush-constant	BRUSH_SLOW_TRACKING	-	17	generate.py absent in legacy tree; reconstruct from brushsettings.c and ordered constants	app/core/mypaintbrush-enum-settings.h;app/core/mypaintbrush-brushsettings.c	myb setting/input names; numeric index is internal, not file key	04.013/brush-setting-generator,19.003	STATIC_DELTA
app/core/mypaintbrush-enum-settings.h:36	generated-brush-constant	BRUSH_SLOW_TRACKING_PER_DAB	-	18	generate.py absent in legacy tree; reconstruct from brushsettings.c and ordered constants	app/core/mypaintbrush-enum-settings.h;app/core/mypaintbrush-brushsettings.c	myb setting/input names; numeric index is internal, not file key	04.013/brush-setting-generator,19.003	STATIC_DELTA
app/core/mypaintbrush-enum-settings.h:37	generated-brush-constant	BRUSH_TRACKING_NOISE	-	19	generate.py absent in legacy tree; reconstruct from brushsettings.c and ordered constants	app/core/mypaintbrush-enum-settings.h;app/core/mypaintbrush-brushsettings.c	myb setting/input names; numeric index is internal, not file key	04.013/brush-setting-generator,19.003	STATIC_DELTA
app/core/mypaintbrush-enum-settings.h:38	generated-brush-constant	BRUSH_COLOR_H	-	20	generate.py absent in legacy tree; reconstruct from brushsettings.c and ordered constants	app/core/mypaintbrush-enum-settings.h;app/core/mypaintbrush-brushsettings.c	myb setting/input names; numeric index is internal, not file key	04.013/brush-setting-generator,19.003	STATIC_DELTA
app/core/mypaintbrush-enum-settings.h:39	generated-brush-constant	BRUSH_COLOR_S	-	21	generate.py absent in legacy tree; reconstruct from brushsettings.c and ordered constants	app/core/mypaintbrush-enum-settings.h;app/core/mypaintbrush-brushsettings.c	myb setting/input names; numeric index is internal, not file key	04.013/brush-setting-generator,19.003	STATIC_DELTA
app/core/mypaintbrush-enum-settings.h:40	generated-brush-constant	BRUSH_COLOR_V	-	22	generate.py absent in legacy tree; reconstruct from brushsettings.c and ordered constants	app/core/mypaintbrush-enum-settings.h;app/core/mypaintbrush-brushsettings.c	myb setting/input names; numeric index is internal, not file key	04.013/brush-setting-generator,19.003	STATIC_DELTA
app/core/mypaintbrush-enum-settings.h:41	generated-brush-constant	BRUSH_RESTORE_COLOR	-	23	generate.py absent in legacy tree; reconstruct from brushsettings.c and ordered constants	app/core/mypaintbrush-enum-settings.h;app/core/mypaintbrush-brushsettings.c	myb setting/input names; numeric index is internal, not file key	04.013/brush-setting-generator,19.003	STATIC_DELTA
app/core/mypaintbrush-enum-settings.h:42	generated-brush-constant	BRUSH_CHANGE_COLOR_H	-	24	generate.py absent in legacy tree; reconstruct from brushsettings.c and ordered constants	app/core/mypaintbrush-enum-settings.h;app/core/mypaintbrush-brushsettings.c	myb setting/input names; numeric index is internal, not file key	04.013/brush-setting-generator,19.003	STATIC_DELTA
app/core/mypaintbrush-enum-settings.h:43	generated-brush-constant	BRUSH_CHANGE_COLOR_L	-	25	generate.py absent in legacy tree; reconstruct from brushsettings.c and ordered constants	app/core/mypaintbrush-enum-settings.h;app/core/mypaintbrush-brushsettings.c	myb setting/input names; numeric index is internal, not file key	04.013/brush-setting-generator,19.003	STATIC_DELTA
app/core/mypaintbrush-enum-settings.h:44	generated-brush-constant	BRUSH_CHANGE_COLOR_HSL_S	-	26	generate.py absent in legacy tree; reconstruct from brushsettings.c and ordered constants	app/core/mypaintbrush-enum-settings.h;app/core/mypaintbrush-brushsettings.c	myb setting/input names; numeric index is internal, not file key	04.013/brush-setting-generator,19.003	STATIC_DELTA
app/core/mypaintbrush-enum-settings.h:45	generated-brush-constant	BRUSH_CHANGE_COLOR_V	-	27	generate.py absent in legacy tree; reconstruct from brushsettings.c and ordered constants	app/core/mypaintbrush-enum-settings.h;app/core/mypaintbrush-brushsettings.c	myb setting/input names; numeric index is internal, not file key	04.013/brush-setting-generator,19.003	STATIC_DELTA
app/core/mypaintbrush-enum-settings.h:46	generated-brush-constant	BRUSH_CHANGE_COLOR_HSV_S	-	28	generate.py absent in legacy tree; reconstruct from brushsettings.c and ordered constants	app/core/mypaintbrush-enum-settings.h;app/core/mypaintbrush-brushsettings.c	myb setting/input names; numeric index is internal, not file key	04.013/brush-setting-generator,19.003	STATIC_DELTA
app/core/mypaintbrush-enum-settings.h:47	generated-brush-constant	BRUSH_SMUDGE	-	29	generate.py absent in legacy tree; reconstruct from brushsettings.c and ordered constants	app/core/mypaintbrush-enum-settings.h;app/core/mypaintbrush-brushsettings.c	myb setting/input names; numeric index is internal, not file key	04.013/brush-setting-generator,19.003	STATIC_DELTA
app/core/mypaintbrush-enum-settings.h:48	generated-brush-constant	BRUSH_SMUDGE_LENGTH	-	30	generate.py absent in legacy tree; reconstruct from brushsettings.c and ordered constants	app/core/mypaintbrush-enum-settings.h;app/core/mypaintbrush-brushsettings.c	myb setting/input names; numeric index is internal, not file key	04.013/brush-setting-generator,19.003	STATIC_DELTA
app/core/mypaintbrush-enum-settings.h:49	generated-brush-constant	BRUSH_SMUDGE_RADIUS_LOG	-	31	generate.py absent in legacy tree; reconstruct from brushsettings.c and ordered constants	app/core/mypaintbrush-enum-settings.h;app/core/mypaintbrush-brushsettings.c	myb setting/input names; numeric index is internal, not file key	04.013/brush-setting-generator,19.003	STATIC_DELTA
app/core/mypaintbrush-enum-settings.h:50	generated-brush-constant	BRUSH_ERASER	-	32	generate.py absent in legacy tree; reconstruct from brushsettings.c and ordered constants	app/core/mypaintbrush-enum-settings.h;app/core/mypaintbrush-brushsettings.c	myb setting/input names; numeric index is internal, not file key	04.013/brush-setting-generator,19.003	STATIC_DELTA
app/core/mypaintbrush-enum-settings.h:51	generated-brush-constant	BRUSH_STROKE_THRESHOLD	-	33	generate.py absent in legacy tree; reconstruct from brushsettings.c and ordered constants	app/core/mypaintbrush-enum-settings.h;app/core/mypaintbrush-brushsettings.c	myb setting/input names; numeric index is internal, not file key	04.013/brush-setting-generator,19.003	STATIC_DELTA
app/core/mypaintbrush-enum-settings.h:52	generated-brush-constant	BRUSH_STROKE_DURATION_LOGARITHMIC	-	34	generate.py absent in legacy tree; reconstruct from brushsettings.c and ordered constants	app/core/mypaintbrush-enum-settings.h;app/core/mypaintbrush-brushsettings.c	myb setting/input names; numeric index is internal, not file key	04.013/brush-setting-generator,19.003	STATIC_DELTA
app/core/mypaintbrush-enum-settings.h:53	generated-brush-constant	BRUSH_STROKE_HOLDTIME	-	35	generate.py absent in legacy tree; reconstruct from brushsettings.c and ordered constants	app/core/mypaintbrush-enum-settings.h;app/core/mypaintbrush-brushsettings.c	myb setting/input names; numeric index is internal, not file key	04.013/brush-setting-generator,19.003	STATIC_DELTA
app/core/mypaintbrush-enum-settings.h:54	generated-brush-constant	BRUSH_CUSTOM_INPUT	-	36	generate.py absent in legacy tree; reconstruct from brushsettings.c and ordered constants	app/core/mypaintbrush-enum-settings.h;app/core/mypaintbrush-brushsettings.c	myb setting/input names; numeric index is internal, not file key	04.013/brush-setting-generator,19.003	STATIC_DELTA
app/core/mypaintbrush-enum-settings.h:55	generated-brush-constant	BRUSH_CUSTOM_INPUT_SLOWNESS	-	37	generate.py absent in legacy tree; reconstruct from brushsettings.c and ordered constants	app/core/mypaintbrush-enum-settings.h;app/core/mypaintbrush-brushsettings.c	myb setting/input names; numeric index is internal, not file key	04.013/brush-setting-generator,19.003	STATIC_DELTA
app/core/mypaintbrush-enum-settings.h:56	generated-brush-constant	BRUSH_ELLIPTICAL_DAB_RATIO	-	38	generate.py absent in legacy tree; reconstruct from brushsettings.c and ordered constants	app/core/mypaintbrush-enum-settings.h;app/core/mypaintbrush-brushsettings.c	myb setting/input names; numeric index is internal, not file key	04.013/brush-setting-generator,19.003	STATIC_DELTA
app/core/mypaintbrush-enum-settings.h:57	generated-brush-constant	BRUSH_ELLIPTICAL_DAB_ANGLE	-	39	generate.py absent in legacy tree; reconstruct from brushsettings.c and ordered constants	app/core/mypaintbrush-enum-settings.h;app/core/mypaintbrush-brushsettings.c	myb setting/input names; numeric index is internal, not file key	04.013/brush-setting-generator,19.003	STATIC_DELTA
app/core/mypaintbrush-enum-settings.h:58	generated-brush-constant	BRUSH_DIRECTION_FILTER	-	40	generate.py absent in legacy tree; reconstruct from brushsettings.c and ordered constants	app/core/mypaintbrush-enum-settings.h;app/core/mypaintbrush-brushsettings.c	myb setting/input names; numeric index is internal, not file key	04.013/brush-setting-generator,19.003	STATIC_DELTA
app/core/mypaintbrush-enum-settings.h:59	generated-brush-constant	BRUSH_LOCK_ALPHA	-	41	generate.py absent in legacy tree; reconstruct from brushsettings.c and ordered constants	app/core/mypaintbrush-enum-settings.h;app/core/mypaintbrush-brushsettings.c	myb setting/input names; numeric index is internal, not file key	04.013/brush-setting-generator,19.003	STATIC_DELTA
app/core/mypaintbrush-enum-settings.h:60	generated-brush-constant	BRUSH_STROKE_OPACITY	-	42	generate.py absent in legacy tree; reconstruct from brushsettings.c and ordered constants	app/core/mypaintbrush-enum-settings.h;app/core/mypaintbrush-brushsettings.c	myb setting/input names; numeric index is internal, not file key	04.013/brush-setting-generator,19.003	STATIC_DELTA
app/core/mypaintbrush-enum-settings.h:61	generated-brush-constant	BRUSH_TEXTURE_GRAIN	-	43	generate.py absent in legacy tree; reconstruct from brushsettings.c and ordered constants	app/core/mypaintbrush-enum-settings.h;app/core/mypaintbrush-brushsettings.c	myb setting/input names; numeric index is internal, not file key	04.013/brush-setting-generator,19.003	STATIC_DELTA
app/core/mypaintbrush-enum-settings.h:62	generated-brush-constant	BRUSH_TEXTURE_CONTRAST	-	44	generate.py absent in legacy tree; reconstruct from brushsettings.c and ordered constants	app/core/mypaintbrush-enum-settings.h;app/core/mypaintbrush-brushsettings.c	myb setting/input names; numeric index is internal, not file key	04.013/brush-setting-generator,19.003	STATIC_DELTA
app/core/mypaintbrush-enum-settings.h:63	generated-brush-constant	BRUSH_MAPPING_END	-	45	generate.py absent in legacy tree; reconstruct from brushsettings.c and ordered constants	app/core/mypaintbrush-enum-settings.h;app/core/mypaintbrush-brushsettings.c	myb setting/input names; numeric index is internal, not file key	04.013/brush-setting-generator,19.003	STATIC_DELTA
app/core/mypaintbrush-enum-settings.h:64	generated-brush-constant	BRUSH_MAPPING_COUNT	-	45	generate.py absent in legacy tree; reconstruct from brushsettings.c and ordered constants	app/core/mypaintbrush-enum-settings.h;app/core/mypaintbrush-brushsettings.c	myb setting/input names; numeric index is internal, not file key	04.013/brush-setting-generator,19.003	STATIC_DELTA
app/core/mypaintbrush-enum-settings.h:66	generated-brush-constant	BRUSH_BOOL_BASE	-	45	generate.py absent in legacy tree; reconstruct from brushsettings.c and ordered constants	app/core/mypaintbrush-enum-settings.h;app/core/mypaintbrush-brushsettings.c	myb setting/input names; numeric index is internal, not file key	04.013/brush-setting-generator,19.003	STATIC_DELTA
app/core/mypaintbrush-enum-settings.h:67	generated-brush-constant	BRUSH_NON_INCREMENTAL	-	45	generate.py absent in legacy tree; reconstruct from brushsettings.c and ordered constants	app/core/mypaintbrush-enum-settings.h;app/core/mypaintbrush-brushsettings.c	myb setting/input names; numeric index is internal, not file key	04.013/brush-setting-generator,19.003	STATIC_DELTA
app/core/mypaintbrush-enum-settings.h:68	generated-brush-constant	BRUSH_USE_GIMP_BRUSHMARK	-	46	generate.py absent in legacy tree; reconstruct from brushsettings.c and ordered constants	app/core/mypaintbrush-enum-settings.h;app/core/mypaintbrush-brushsettings.c	myb setting/input names; numeric index is internal, not file key	04.013/brush-setting-generator,19.003	STATIC_DELTA
app/core/mypaintbrush-enum-settings.h:69	generated-brush-constant	BRUSH_USE_GIMP_TEXTURE	-	47	generate.py absent in legacy tree; reconstruct from brushsettings.c and ordered constants	app/core/mypaintbrush-enum-settings.h;app/core/mypaintbrush-brushsettings.c	myb setting/input names; numeric index is internal, not file key	04.013/brush-setting-generator,19.003	STATIC_DELTA
app/core/mypaintbrush-enum-settings.h:70	generated-brush-constant	BRUSH_BRUSHMARK_SPECIFIED	-	48	generate.py absent in legacy tree; reconstruct from brushsettings.c and ordered constants	app/core/mypaintbrush-enum-settings.h;app/core/mypaintbrush-brushsettings.c	myb setting/input names; numeric index is internal, not file key	04.013/brush-setting-generator,19.003	STATIC_DELTA
app/core/mypaintbrush-enum-settings.h:71	generated-brush-constant	BRUSH_TEXTURE_SPECIFIED	-	49	generate.py absent in legacy tree; reconstruct from brushsettings.c and ordered constants	app/core/mypaintbrush-enum-settings.h;app/core/mypaintbrush-brushsettings.c	myb setting/input names; numeric index is internal, not file key	04.013/brush-setting-generator,19.003	STATIC_DELTA
app/core/mypaintbrush-enum-settings.h:72	generated-brush-constant	BRUSH_BOOL_END	-	50	generate.py absent in legacy tree; reconstruct from brushsettings.c and ordered constants	app/core/mypaintbrush-enum-settings.h;app/core/mypaintbrush-brushsettings.c	myb setting/input names; numeric index is internal, not file key	04.013/brush-setting-generator,19.003	STATIC_DELTA
app/core/mypaintbrush-enum-settings.h:73	generated-brush-constant	BRUSH_BOOL_COUNT	-	5	generate.py absent in legacy tree; reconstruct from brushsettings.c and ordered constants	app/core/mypaintbrush-enum-settings.h;app/core/mypaintbrush-brushsettings.c	myb setting/input names; numeric index is internal, not file key	04.013/brush-setting-generator,19.003	STATIC_DELTA
app/core/mypaintbrush-enum-settings.h:75	generated-brush-constant	BRUSH_TEXT_BASE	-	50	generate.py absent in legacy tree; reconstruct from brushsettings.c and ordered constants	app/core/mypaintbrush-enum-settings.h;app/core/mypaintbrush-brushsettings.c	myb setting/input names; numeric index is internal, not file key	04.013/brush-setting-generator,19.003	STATIC_DELTA
app/core/mypaintbrush-enum-settings.h:76	generated-brush-constant	BRUSH_BRUSHMARK_NAME	-	50	generate.py absent in legacy tree; reconstruct from brushsettings.c and ordered constants	app/core/mypaintbrush-enum-settings.h;app/core/mypaintbrush-brushsettings.c	myb setting/input names; numeric index is internal, not file key	04.013/brush-setting-generator,19.003	STATIC_DELTA
app/core/mypaintbrush-enum-settings.h:77	generated-brush-constant	BRUSH_TEXTURE_NAME	-	51	generate.py absent in legacy tree; reconstruct from brushsettings.c and ordered constants	app/core/mypaintbrush-enum-settings.h;app/core/mypaintbrush-brushsettings.c	myb setting/input names; numeric index is internal, not file key	04.013/brush-setting-generator,19.003	STATIC_DELTA
app/core/mypaintbrush-enum-settings.h:78	generated-brush-constant	BRUSH_TEXT_END	-	52	generate.py absent in legacy tree; reconstruct from brushsettings.c and ordered constants	app/core/mypaintbrush-enum-settings.h;app/core/mypaintbrush-brushsettings.c	myb setting/input names; numeric index is internal, not file key	04.013/brush-setting-generator,19.003	STATIC_DELTA
app/core/mypaintbrush-enum-settings.h:79	generated-brush-constant	BRUSH_TEXT_COUNT	-	2	generate.py absent in legacy tree; reconstruct from brushsettings.c and ordered constants	app/core/mypaintbrush-enum-settings.h;app/core/mypaintbrush-brushsettings.c	myb setting/input names; numeric index is internal, not file key	04.013/brush-setting-generator,19.003	STATIC_DELTA
app/core/mypaintbrush-enum-settings.h:81	generated-brush-constant	BRUSH_SETTINGS_COUNT	-	52	generate.py absent in legacy tree; reconstruct from brushsettings.c and ordered constants	app/core/mypaintbrush-enum-settings.h;app/core/mypaintbrush-brushsettings.c	myb setting/input names; numeric index is internal, not file key	04.013/brush-setting-generator,19.003	STATIC_DELTA
app/core/mypaintbrush-enum-settings.h:83	generated-brush-constant	STATE_X	-	0	generate.py absent in legacy tree; reconstruct from brushsettings.c and ordered constants	app/core/mypaintbrush-enum-settings.h;app/core/mypaintbrush-brushsettings.c	myb setting/input names; numeric index is internal, not file key	04.013/brush-setting-generator,19.003	STATIC_DELTA
app/core/mypaintbrush-enum-settings.h:84	generated-brush-constant	STATE_Y	-	1	generate.py absent in legacy tree; reconstruct from brushsettings.c and ordered constants	app/core/mypaintbrush-enum-settings.h;app/core/mypaintbrush-brushsettings.c	myb setting/input names; numeric index is internal, not file key	04.013/brush-setting-generator,19.003	STATIC_DELTA
app/core/mypaintbrush-enum-settings.h:85	generated-brush-constant	STATE_PRESSURE	-	2	generate.py absent in legacy tree; reconstruct from brushsettings.c and ordered constants	app/core/mypaintbrush-enum-settings.h;app/core/mypaintbrush-brushsettings.c	myb setting/input names; numeric index is internal, not file key	04.013/brush-setting-generator,19.003	STATIC_DELTA
app/core/mypaintbrush-enum-settings.h:86	generated-brush-constant	STATE_DIST	-	3	generate.py absent in legacy tree; reconstruct from brushsettings.c and ordered constants	app/core/mypaintbrush-enum-settings.h;app/core/mypaintbrush-brushsettings.c	myb setting/input names; numeric index is internal, not file key	04.013/brush-setting-generator,19.003	STATIC_DELTA
app/core/mypaintbrush-enum-settings.h:87	generated-brush-constant	STATE_ACTUAL_RADIUS	-	4	generate.py absent in legacy tree; reconstruct from brushsettings.c and ordered constants	app/core/mypaintbrush-enum-settings.h;app/core/mypaintbrush-brushsettings.c	myb setting/input names; numeric index is internal, not file key	04.013/brush-setting-generator,19.003	STATIC_DELTA
app/core/mypaintbrush-enum-settings.h:88	generated-brush-constant	STATE_SMUDGE_RA	-	5	generate.py absent in legacy tree; reconstruct from brushsettings.c and ordered constants	app/core/mypaintbrush-enum-settings.h;app/core/mypaintbrush-brushsettings.c	myb setting/input names; numeric index is internal, not file key	04.013/brush-setting-generator,19.003	STATIC_DELTA
app/core/mypaintbrush-enum-settings.h:89	generated-brush-constant	STATE_SMUDGE_GA	-	6	generate.py absent in legacy tree; reconstruct from brushsettings.c and ordered constants	app/core/mypaintbrush-enum-settings.h;app/core/mypaintbrush-brushsettings.c	myb setting/input names; numeric index is internal, not file key	04.013/brush-setting-generator,19.003	STATIC_DELTA
app/core/mypaintbrush-enum-settings.h:90	generated-brush-constant	STATE_SMUDGE_BA	-	7	generate.py absent in legacy tree; reconstruct from brushsettings.c and ordered constants	app/core/mypaintbrush-enum-settings.h;app/core/mypaintbrush-brushsettings.c	myb setting/input names; numeric index is internal, not file key	04.013/brush-setting-generator,19.003	STATIC_DELTA
app/core/mypaintbrush-enum-settings.h:91	generated-brush-constant	STATE_SMUDGE_A	-	8	generate.py absent in legacy tree; reconstruct from brushsettings.c and ordered constants	app/core/mypaintbrush-enum-settings.h;app/core/mypaintbrush-brushsettings.c	myb setting/input names; numeric index is internal, not file key	04.013/brush-setting-generator,19.003	STATIC_DELTA
app/core/mypaintbrush-enum-settings.h:92	generated-brush-constant	STATE_LAST_GETCOLOR_R	-	9	generate.py absent in legacy tree; reconstruct from brushsettings.c and ordered constants	app/core/mypaintbrush-enum-settings.h;app/core/mypaintbrush-brushsettings.c	myb setting/input names; numeric index is internal, not file key	04.013/brush-setting-generator,19.003	STATIC_DELTA
app/core/mypaintbrush-enum-settings.h:93	generated-brush-constant	STATE_LAST_GETCOLOR_G	-	10	generate.py absent in legacy tree; reconstruct from brushsettings.c and ordered constants	app/core/mypaintbrush-enum-settings.h;app/core/mypaintbrush-brushsettings.c	myb setting/input names; numeric index is internal, not file key	04.013/brush-setting-generator,19.003	STATIC_DELTA
app/core/mypaintbrush-enum-settings.h:94	generated-brush-constant	STATE_LAST_GETCOLOR_B	-	11	generate.py absent in legacy tree; reconstruct from brushsettings.c and ordered constants	app/core/mypaintbrush-enum-settings.h;app/core/mypaintbrush-brushsettings.c	myb setting/input names; numeric index is internal, not file key	04.013/brush-setting-generator,19.003	STATIC_DELTA
app/core/mypaintbrush-enum-settings.h:95	generated-brush-constant	STATE_LAST_GETCOLOR_A	-	12	generate.py absent in legacy tree; reconstruct from brushsettings.c and ordered constants	app/core/mypaintbrush-enum-settings.h;app/core/mypaintbrush-brushsettings.c	myb setting/input names; numeric index is internal, not file key	04.013/brush-setting-generator,19.003	STATIC_DELTA
app/core/mypaintbrush-enum-settings.h:96	generated-brush-constant	STATE_LAST_GETCOLOR_RECENTNESS	-	13	generate.py absent in legacy tree; reconstruct from brushsettings.c and ordered constants	app/core/mypaintbrush-enum-settings.h;app/core/mypaintbrush-brushsettings.c	myb setting/input names; numeric index is internal, not file key	04.013/brush-setting-generator,19.003	STATIC_DELTA
app/core/mypaintbrush-enum-settings.h:97	generated-brush-constant	STATE_ACTUAL_X	-	14	generate.py absent in legacy tree; reconstruct from brushsettings.c and ordered constants	app/core/mypaintbrush-enum-settings.h;app/core/mypaintbrush-brushsettings.c	myb setting/input names; numeric index is internal, not file key	04.013/brush-setting-generator,19.003	STATIC_DELTA
app/core/mypaintbrush-enum-settings.h:98	generated-brush-constant	STATE_ACTUAL_Y	-	15	generate.py absent in legacy tree; reconstruct from brushsettings.c and ordered constants	app/core/mypaintbrush-enum-settings.h;app/core/mypaintbrush-brushsettings.c	myb setting/input names; numeric index is internal, not file key	04.013/brush-setting-generator,19.003	STATIC_DELTA
app/core/mypaintbrush-enum-settings.h:99	generated-brush-constant	STATE_NORM_DX_SLOW	-	16	generate.py absent in legacy tree; reconstruct from brushsettings.c and ordered constants	app/core/mypaintbrush-enum-settings.h;app/core/mypaintbrush-brushsettings.c	myb setting/input names; numeric index is internal, not file key	04.013/brush-setting-generator,19.003	STATIC_DELTA
app/core/mypaintbrush-enum-settings.h:100	generated-brush-constant	STATE_NORM_DY_SLOW	-	17	generate.py absent in legacy tree; reconstruct from brushsettings.c and ordered constants	app/core/mypaintbrush-enum-settings.h;app/core/mypaintbrush-brushsettings.c	myb setting/input names; numeric index is internal, not file key	04.013/brush-setting-generator,19.003	STATIC_DELTA
app/core/mypaintbrush-enum-settings.h:101	generated-brush-constant	STATE_NORM_SPEED1_SLOW	-	18	generate.py absent in legacy tree; reconstruct from brushsettings.c and ordered constants	app/core/mypaintbrush-enum-settings.h;app/core/mypaintbrush-brushsettings.c	myb setting/input names; numeric index is internal, not file key	04.013/brush-setting-generator,19.003	STATIC_DELTA
app/core/mypaintbrush-enum-settings.h:102	generated-brush-constant	STATE_NORM_SPEED2_SLOW	-	19	generate.py absent in legacy tree; reconstruct from brushsettings.c and ordered constants	app/core/mypaintbrush-enum-settings.h;app/core/mypaintbrush-brushsettings.c	myb setting/input names; numeric index is internal, not file key	04.013/brush-setting-generator,19.003	STATIC_DELTA
app/core/mypaintbrush-enum-settings.h:103	generated-brush-constant	STATE_STROKE	-	20	generate.py absent in legacy tree; reconstruct from brushsettings.c and ordered constants	app/core/mypaintbrush-enum-settings.h;app/core/mypaintbrush-brushsettings.c	myb setting/input names; numeric index is internal, not file key	04.013/brush-setting-generator,19.003	STATIC_DELTA
app/core/mypaintbrush-enum-settings.h:104	generated-brush-constant	STATE_STROKE_STARTED	-	21	generate.py absent in legacy tree; reconstruct from brushsettings.c and ordered constants	app/core/mypaintbrush-enum-settings.h;app/core/mypaintbrush-brushsettings.c	myb setting/input names; numeric index is internal, not file key	04.013/brush-setting-generator,19.003	STATIC_DELTA
app/core/mypaintbrush-enum-settings.h:105	generated-brush-constant	STATE_CUSTOM_INPUT	-	22	generate.py absent in legacy tree; reconstruct from brushsettings.c and ordered constants	app/core/mypaintbrush-enum-settings.h;app/core/mypaintbrush-brushsettings.c	myb setting/input names; numeric index is internal, not file key	04.013/brush-setting-generator,19.003	STATIC_DELTA
app/core/mypaintbrush-enum-settings.h:106	generated-brush-constant	STATE_RNG_SEED	-	23	generate.py absent in legacy tree; reconstruct from brushsettings.c and ordered constants	app/core/mypaintbrush-enum-settings.h;app/core/mypaintbrush-brushsettings.c	myb setting/input names; numeric index is internal, not file key	04.013/brush-setting-generator,19.003	STATIC_DELTA
app/core/mypaintbrush-enum-settings.h:107	generated-brush-constant	STATE_ACTUAL_ELLIPTICAL_DAB_RATIO	-	24	generate.py absent in legacy tree; reconstruct from brushsettings.c and ordered constants	app/core/mypaintbrush-enum-settings.h;app/core/mypaintbrush-brushsettings.c	myb setting/input names; numeric index is internal, not file key	04.013/brush-setting-generator,19.003	STATIC_DELTA
app/core/mypaintbrush-enum-settings.h:108	generated-brush-constant	STATE_ACTUAL_ELLIPTICAL_DAB_ANGLE	-	25	generate.py absent in legacy tree; reconstruct from brushsettings.c and ordered constants	app/core/mypaintbrush-enum-settings.h;app/core/mypaintbrush-brushsettings.c	myb setting/input names; numeric index is internal, not file key	04.013/brush-setting-generator,19.003	STATIC_DELTA
app/core/mypaintbrush-enum-settings.h:109	generated-brush-constant	STATE_DIRECTION_DX	-	26	generate.py absent in legacy tree; reconstruct from brushsettings.c and ordered constants	app/core/mypaintbrush-enum-settings.h;app/core/mypaintbrush-brushsettings.c	myb setting/input names; numeric index is internal, not file key	04.013/brush-setting-generator,19.003	STATIC_DELTA
app/core/mypaintbrush-enum-settings.h:110	generated-brush-constant	STATE_DIRECTION_DY	-	27	generate.py absent in legacy tree; reconstruct from brushsettings.c and ordered constants	app/core/mypaintbrush-enum-settings.h;app/core/mypaintbrush-brushsettings.c	myb setting/input names; numeric index is internal, not file key	04.013/brush-setting-generator,19.003	STATIC_DELTA
app/core/mypaintbrush-enum-settings.h:111	generated-brush-constant	STATE_DECLINATION	-	28	generate.py absent in legacy tree; reconstruct from brushsettings.c and ordered constants	app/core/mypaintbrush-enum-settings.h;app/core/mypaintbrush-brushsettings.c	myb setting/input names; numeric index is internal, not file key	04.013/brush-setting-generator,19.003	STATIC_DELTA
app/core/mypaintbrush-enum-settings.h:112	generated-brush-constant	STATE_ASCENSION	-	29	generate.py absent in legacy tree; reconstruct from brushsettings.c and ordered constants	app/core/mypaintbrush-enum-settings.h;app/core/mypaintbrush-brushsettings.c	myb setting/input names; numeric index is internal, not file key	04.013/brush-setting-generator,19.003	STATIC_DELTA
app/core/mypaintbrush-enum-settings.h:113	generated-brush-constant	STATE_COUNT	-	30	generate.py absent in legacy tree; reconstruct from brushsettings.c and ordered constants	app/core/mypaintbrush-enum-settings.h;app/core/mypaintbrush-brushsettings.c	myb setting/input names; numeric index is internal, not file key	04.013/brush-setting-generator,19.003	STATIC_DELTA
app/display/gimpdisplayshell.c:107	anonymous/internal	ROTATED	-	3	handwritten local enum; no build generator	none	internal property/state IDs; config persists property name, not ordinal	04.013,30.009	STATIC_DELTA
app/display/gimpdisplayshell.c:108	anonymous/internal	MIRRORED	-	4	handwritten local enum; no build generator	none	internal property/state IDs; config persists property name, not ordinal	04.013,30.009	STATIC_DELTA
app/display/gimpdisplayshell.c:109	anonymous/internal	LAST_SIGNAL	3	5	handwritten local enum; no build generator	none	internal property/state IDs; config persists property name, not ordinal	04.013,30.009	STATIC_DELTA
app/display/gimpimagewindow.c:101	anonymous/internal	PROP_TOOLBAR_WINDOW	-	4	handwritten local enum; no build generator	none	internal property/state IDs; config persists property name, not ordinal	04.013,30.009	STATIC_DELTA
app/httpd/httpd.h:57	anonymous/internal	HTTP_PORT	-	8920	handwritten local enum; no build generator	none	internal property/state IDs; config persists property name, not ordinal	04.013,30.009	STATIC_DELTA
app/httpd/navigation-guide.cpp:79	anonymous/internal	none	-	0	handwritten local enum; no build generator	none	internal property/state IDs; config persists property name, not ordinal	04.013,30.009	STATIC_DELTA
app/httpd/navigation-guide.cpp:79	anonymous/internal	info	-	1	handwritten local enum; no build generator	none	internal property/state IDs; config persists property name, not ordinal	04.013,30.009	STATIC_DELTA
app/httpd/navigation-guide.cpp:79	anonymous/internal	data	-	2	handwritten local enum; no build generator	none	internal property/state IDs; config persists property name, not ordinal	04.013,30.009	STATIC_DELTA
app/httpd/navigation-guide.cpp:79	anonymous/internal	preview	-	3	handwritten local enum; no build generator	none	internal property/state IDs; config persists property name, not ordinal	04.013,30.009	STATIC_DELTA
app/httpd/rest-image-tree.cpp:72	anonymous/internal	none	-	0	handwritten local enum; no build generator	none	internal property/state IDs; config persists property name, not ordinal	04.013,30.009	STATIC_DELTA
app/httpd/rest-image-tree.cpp:72	anonymous/internal	info	-	1	handwritten local enum; no build generator	none	internal property/state IDs; config persists property name, not ordinal	04.013,30.009	STATIC_DELTA
app/httpd/rest-image-tree.cpp:72	anonymous/internal	data	-	2	handwritten local enum; no build generator	none	internal property/state IDs; config persists property name, not ordinal	04.013,30.009	STATIC_DELTA
app/httpd/rest-image-tree.cpp:72	anonymous/internal	preview	-	3	handwritten local enum; no build generator	none	internal property/state IDs; config persists property name, not ordinal	04.013,30.009	STATIC_DELTA
app/paint/gimpbrushcore.c:56	anonymous/internal	SET_TEXTURE	-	2	handwritten local enum; no build generator	none	internal property/state IDs; config persists property name, not ordinal	04.013,30.009	STATIC_DELTA
app/paint/gimpbrushcore.c:57	anonymous/internal	LAST_SIGNAL	2	3	handwritten local enum; no build generator	none	internal property/state IDs; config persists property name, not ordinal	04.013,30.009	STATIC_DELTA
app/paint/gimpmypaintcoreundo.cpp:34	anonymous/internal	PROP_0	-	0	handwritten local enum; no build generator	none	internal property/state IDs; config persists property name, not ordinal	04.013,30.009	STATIC_DELTA
app/paint/gimpmypaintcoreundo.cpp:35	anonymous/internal	PROP_STROKE	-	1	handwritten local enum; no build generator	none	internal property/state IDs; config persists property name, not ordinal	04.013,30.009	STATIC_DELTA
app/paint/gimpmypaintoptions.cpp:67	anonymous/internal	PROP_0	-	BRUSH_SETTINGS_COUNT	handwritten local enum; no build generator	none	internal property/state IDs; config persists property name, not ordinal	04.013,30.009	STATIC_DELTA
app/paint/gimpmypaintoptions.cpp:69	anonymous/internal	PROP_BRUSH_MODE	-	(BRUSH_SETTINGS_COUNT)+1	handwritten local enum; no build generator	none	internal property/state IDs; config persists property name, not ordinal	04.013,30.009	STATIC_DELTA
app/paint/gimpmypaintoptions.cpp:71	anonymous/internal	PROP_BRUSH_VIEW_TYPE	-	((BRUSH_SETTINGS_COUNT)+1)+1	handwritten local enum; no build generator	none	internal property/state IDs; config persists property name, not ordinal	04.013,30.009	STATIC_DELTA
app/paint/gimpmypaintoptions.cpp:72	anonymous/internal	PROP_BRUSH_VIEW_SIZE	-	(((BRUSH_SETTINGS_COUNT)+1)+1)+1	handwritten local enum; no build generator	none	internal property/state IDs; config persists property name, not ordinal	04.013,30.009	STATIC_DELTA
app/paint/gimppaintoptions.c:156	anonymous/internal	PROP_USE_TEXTURE	-	26	handwritten local enum; no build generator	none	internal property/state IDs; config persists property name, not ordinal	04.013,30.009	STATIC_DELTA
app/paint/gimpsmudgeoptions.c:37	anonymous/internal	PROP_USE_COLOR_BLENDING	-	2	handwritten local enum; no build generator	none	internal property/state IDs; config persists property name, not ordinal	04.013,30.009	STATIC_DELTA
app/paint/mypaintbrush-brush.hpp:824	painted	UNKNOWN	-	0	handwritten local enum; no build generator	none	internal property/state IDs; config persists property name, not ordinal	04.013,30.009	STATIC_DELTA
app/paint/mypaintbrush-brush.hpp:824	painted	YES	-	1	handwritten local enum; no build generator	none	internal property/state IDs; config persists property name, not ordinal	04.013,30.009	STATIC_DELTA
app/paint/mypaintbrush-brush.hpp:824	painted	NO	-	2	handwritten local enum; no build generator	none	internal property/state IDs; config persists property name, not ordinal	04.013,30.009	STATIC_DELTA
app/tools/gimp-tools.c:522	anonymous/internal	FILE_VERSION	-	1	handwritten local enum; no build generator	none	internal property/state IDs; config persists property name, not ordinal	04.013,30.009	STATIC_DELTA
app/tools/gimpbrushoptions-gui.c:52	generated-brush-constant	BRUSH_VIEW_SIZE	-	256	handwritten local enum; no build generator	none	internal property/state IDs; config persists property name, not ordinal	04.013,30.009	STATIC_DELTA
app/tools/gimpdynamicsoptions-gui.c:55	generated-brush-constant	BRUSH_VIEW_SIZE	-	256	handwritten local enum; no build generator	none	internal property/state IDs; config persists property name, not ordinal	04.013,30.009	STATIC_DELTA
app/tools/gimpmypaintbrusheditor.hpp:24	anonymous/internal	EXPANDER	-	0	handwritten local enum; no build generator	none	internal property/state IDs; config persists property name, not ordinal	04.013,30.009	STATIC_DELTA
app/tools/gimpmypaintbrusheditor.hpp:24	anonymous/internal	TAB	-	1	handwritten local enum; no build generator	none	internal property/state IDs; config persists property name, not ordinal	04.013,30.009	STATIC_DELTA
app/tools/gimpperspectiveguidetool.cpp:153	anonymous/internal	None	-	0	handwritten local enum; no build generator	none	internal property/state IDs; config persists property name, not ordinal	04.013,30.009	STATIC_DELTA
app/tools/gimpperspectiveguidetool.cpp:154	anonymous/internal	VanishPoint	-	1	handwritten local enum; no build generator	none	internal property/state IDs; config persists property name, not ordinal	04.013,30.009	STATIC_DELTA
app/tools/gimpperspectiveguidetool.cpp:155	anonymous/internal	AngleLine	-	2	handwritten local enum; no build generator	none	internal property/state IDs; config persists property name, not ordinal	04.013,30.009	STATIC_DELTA
app/tools/gimpperspectiveguidetool.cpp:156	anonymous/internal	AuxPoint	-	3	handwritten local enum; no build generator	none	internal property/state IDs; config persists property name, not ordinal	04.013,30.009	STATIC_DELTA
app/tools/gimpperspectiveguidetool.cpp:159	anonymous/internal	Move	-	0	handwritten local enum; no build generator	none	internal property/state IDs; config persists property name, not ordinal	04.013,30.009	STATIC_DELTA
app/tools/gimpperspectiveguidetool.cpp:160	anonymous/internal	Add	-	1	handwritten local enum; no build generator	none	internal property/state IDs; config persists property name, not ordinal	04.013,30.009	STATIC_DELTA
app/tools/gimpperspectiveguidetool.cpp:161	anonymous/internal	Remove	-	2	handwritten local enum; no build generator	none	internal property/state IDs; config persists property name, not ordinal	04.013,30.009	STATIC_DELTA
app/widgets/gimpfgbgeditor.c:61	FgBgTarget	FOREGROUND_POPUP_AREA	-	2	handwritten local enum; no build generator	none	internal property/state IDs; config persists property name, not ordinal	04.013,30.009	STATIC_DELTA
app/widgets/gimpfgbgeditor.c:62	FgBgTarget	BACKGROUND_AREA	2	3	handwritten local enum; no build generator	none	internal property/state IDs; config persists property name, not ordinal	04.013,30.009	STATIC_DELTA
app/widgets/gimpfgbgeditor.c:63	FgBgTarget	BACKGROUND_POPUP_AREA	-	4	handwritten local enum; no build generator	none	internal property/state IDs; config persists property name, not ordinal	04.013,30.009	STATIC_DELTA
app/widgets/gimpfgbgeditor.c:64	FgBgTarget	SWAP_AREA	3	5	handwritten local enum; no build generator	none	internal property/state IDs; config persists property name, not ordinal	04.013,30.009	STATIC_DELTA
app/widgets/gimpfgbgeditor.c:65	FgBgTarget	DEFAULT_AREA	4	6	handwritten local enum; no build generator	none	internal property/state IDs; config persists property name, not ordinal	04.013,30.009	STATIC_DELTA
app/widgets/gimplayerpopup.cpp:76	anonymous/internal	LABEL	-	0	handwritten local enum; no build generator	none	internal property/state IDs; config persists property name, not ordinal	04.013,30.009	STATIC_DELTA
app/widgets/gimplayerpopup.cpp:77	anonymous/internal	VALUE	-	1	handwritten local enum; no build generator	none	internal property/state IDs; config persists property name, not ordinal	04.013,30.009	STATIC_DELTA
app/widgets/gimplayerpopup.cpp:78	anonymous/internal	PIXBUF	-	2	handwritten local enum; no build generator	none	internal property/state IDs; config persists property name, not ordinal	04.013,30.009	STATIC_DELTA
app/widgets/gimplayerpopup.cpp:79	anonymous/internal	NUM_ARGS	-	3	handwritten local enum; no build generator	none	internal property/state IDs; config persists property name, not ordinal	04.013,30.009	STATIC_DELTA
app/widgets/gimplayertileview.cpp:220	anonymous/internal	Hit	-	0	handwritten local enum; no build generator	none	internal property/state IDs; config persists property name, not ordinal	04.013,30.009	STATIC_DELTA
app/widgets/gimplayertileview.cpp:220	anonymous/internal	Collapse	-	1	handwritten local enum; no build generator	none	internal property/state IDs; config persists property name, not ordinal	04.013,30.009	STATIC_DELTA
app/widgets/gimplayertileview.cpp:228	anonymous/internal	InsertBefore	-	0	handwritten local enum; no build generator	none	internal property/state IDs; config persists property name, not ordinal	04.013,30.009	STATIC_DELTA
app/widgets/gimplayertileview.cpp:228	anonymous/internal	InsertAfter	-	1	handwritten local enum; no build generator	none	internal property/state IDs; config persists property name, not ordinal	04.013,30.009	STATIC_DELTA
app/widgets/gimpmypaintbrushselect.c:49	anonymous/internal	PROP_0	-	0	handwritten local enum; no build generator	none	internal property/state IDs; config persists property name, not ordinal	04.013,30.009	STATIC_DELTA
app/widgets/gimpmypaintbrushselect.c:50	anonymous/internal	PROP_OPACITY	-	1	handwritten local enum; no build generator	none	internal property/state IDs; config persists property name, not ordinal	04.013,30.009	STATIC_DELTA
app/widgets/gimpmypaintbrushselect.c:51	anonymous/internal	PROP_PAINT_MODE	-	2	handwritten local enum; no build generator	none	internal property/state IDs; config persists property name, not ordinal	04.013,30.009	STATIC_DELTA
app/widgets/gimpmypaintbrushselect.c:52	anonymous/internal	PROP_SPACING	-	3	handwritten local enum; no build generator	none	internal property/state IDs; config persists property name, not ordinal	04.013,30.009	STATIC_DELTA
app/widgets/gimppaletteview.c:45	anonymous/internal	ENTRY_CONFIRMED	-	4	handwritten local enum; no build generator	none	internal property/state IDs; config persists property name, not ordinal	04.013,30.009	STATIC_DELTA
app/widgets/gimppaletteview.c:46	anonymous/internal	COLOR_DROPPED	4	5	handwritten local enum; no build generator	none	internal property/state IDs; config persists property name, not ordinal	04.013,30.009	STATIC_DELTA
app/widgets/gimppaletteview.c:47	anonymous/internal	LAST_SIGNAL	5	6	handwritten local enum; no build generator	none	internal property/state IDs; config persists property name, not ordinal	04.013,30.009	STATIC_DELTA
app/widgets/gimppopupbutton.c:41	anonymous/internal	CANCEL	-	0	handwritten local enum; no build generator	none	internal property/state IDs; config persists property name, not ordinal	04.013,30.009	STATIC_DELTA
app/widgets/gimppopupbutton.c:42	anonymous/internal	CONFIRM	-	1	handwritten local enum; no build generator	none	internal property/state IDs; config persists property name, not ordinal	04.013,30.009	STATIC_DELTA
app/widgets/gimppopupbutton.c:43	anonymous/internal	LAST_SIGNAL	-	2	handwritten local enum; no build generator	none	internal property/state IDs; config persists property name, not ordinal	04.013,30.009	STATIC_DELTA
app/widgets/gimppopupbutton.c:423	anonymous/internal	PROP_0	-	0	handwritten local enum; no build generator	none	internal property/state IDs; config persists property name, not ordinal	04.013,30.009	STATIC_DELTA
app/widgets/gimppopupbutton.c:424	anonymous/internal	PROP_POPUP_VIEW_SIZE	-	1	handwritten local enum; no build generator	none	internal property/state IDs; config persists property name, not ordinal	04.013,30.009	STATIC_DELTA
app/widgets/gimppopupbutton.c:429	anonymous/internal	CREATE_VIEW	-	0	handwritten local enum; no build generator	none	internal property/state IDs; config persists property name, not ordinal	04.013,30.009	STATIC_DELTA
app/widgets/gimppopupbutton.c:430	anonymous/internal	POPUP_BUTTON_LAST_SIGNAL	-	1	handwritten local enum; no build generator	none	internal property/state IDs; config persists property name, not ordinal	04.013,30.009	STATIC_DELTA
app/widgets/gimpsessioninfo-dock.c:50	anonymous/internal	SESSION_INFO_SHADED	-	3	handwritten local enum; no build generator	none	internal property/state IDs; config persists property name, not ordinal	04.013,30.009	STATIC_DELTA
app/widgets/gimptooloptionstoolbar.c:51	anonymous/internal	PROP_0	-	0	handwritten local enum; no build generator	none	internal property/state IDs; config persists property name, not ordinal	04.013,30.009	STATIC_DELTA
app/widgets/gimptooloptionstoolbar.c:52	anonymous/internal	PROP_GIMP	-	1	handwritten local enum; no build generator	none	internal property/state IDs; config persists property name, not ordinal	04.013,30.009	STATIC_DELTA
app/widgets/popupper.cpp:54	anonymous/internal	CANCEL	-	0	handwritten local enum; no build generator	none	internal property/state IDs; config persists property name, not ordinal	04.013,30.009	STATIC_DELTA
app/widgets/popupper.cpp:55	anonymous/internal	CONFIRM	-	1	handwritten local enum; no build generator	none	internal property/state IDs; config persists property name, not ordinal	04.013,30.009	STATIC_DELTA
app/widgets/popupper.cpp:56	anonymous/internal	LAST_SIGNAL	-	2	handwritten local enum; no build generator	none	internal property/state IDs; config persists property name, not ordinal	04.013,30.009	STATIC_DELTA
app/widgets/widgets-enums.h:170	GimpDndType	GIMP_DND_TYPE_TOOL_ITEM	-	23	tools/gimp-mkenums via directory Makefile.am; public PDB enumgen.pl/enumcode.pl	app/widgets/widgets-enums.c;tools/pdbgen/enums.pl	mode: XCF numeric; dynamics/context: config nick or flags; remaining internal enum values	04.013,10.005,30.009	STATIC_DELTA
app/xcf/xcf-private.h:122	PropType	PROP_FILTER_SPEC	-	32	handwritten; no enum generator	none	XCF numeric wire IDs	10.004,10.006	STATIC_DELTA
app/xcf/xcf-private.h:123	PropType	PROP_CLONE_SPEC	-	33	handwritten; no enum generator	none	XCF numeric wire IDs	10.004,10.006	STATIC_DELTA
app/xcf/xcf-private.h:187	XcfFilterArgType	XCF_FILTER_END	-	0	handwritten; no enum generator	none	XCF numeric wire IDs	10.004,10.006	STATIC_DELTA
app/xcf/xcf-private.h:188	XcfFilterArgType	XCF_FILTER_UNSUPPORTED	-	1	handwritten; no enum generator	none	XCF numeric wire IDs	10.004,10.006	STATIC_DELTA
app/xcf/xcf-private.h:189	XcfFilterArgType	XCF_FILTER_INT32	-	2	handwritten; no enum generator	none	XCF numeric wire IDs	10.004,10.006	STATIC_DELTA
app/xcf/xcf-private.h:190	XcfFilterArgType	XCF_FILTER_INT16	-	3	handwritten; no enum generator	none	XCF numeric wire IDs	10.004,10.006	STATIC_DELTA
app/xcf/xcf-private.h:191	XcfFilterArgType	XCF_FILTER_INT8	-	4	handwritten; no enum generator	none	XCF numeric wire IDs	10.004,10.006	STATIC_DELTA
app/xcf/xcf-private.h:192	XcfFilterArgType	XCF_FILTER_FLOAT	-	5	handwritten; no enum generator	none	XCF numeric wire IDs	10.004,10.006	STATIC_DELTA
app/xcf/xcf-private.h:193	XcfFilterArgType	XCF_FILTER_INT8ARRAY	-	6	handwritten; no enum generator	none	XCF numeric wire IDs	10.004,10.006	STATIC_DELTA
app/xcf/xcf-private.h:194	XcfFilterArgType	XCF_FILTER_FLOATARRAY	-	7	handwritten; no enum generator	none	XCF numeric wire IDs	10.004,10.006	STATIC_DELTA
app/xcf/xcf-private.h:195	XcfFilterArgType	XCF_FILTER_STRING	-	8	handwritten; no enum generator	none	XCF numeric wire IDs	10.004,10.006	STATIC_DELTA
app/xcf/xcf-private.h:196	XcfFilterArgType	XCF_FILTER_RGB	-	9	handwritten; no enum generator	none	XCF numeric wire IDs	10.004,10.006	STATIC_DELTA
app/xcf/xcf-private.h:197	XcfFilterArgType	XCF_FILTER_DRAWABLE	-	10	handwritten; no enum generator	none	XCF numeric wire IDs	10.004,10.006	STATIC_DELTA
libgimp/gimpenums.h:211	GimpLayerModeEffects	GIMP_ERASE_MODE	-	23	tools/pdbgen/enumgen.pl + enumcode.pl	libgimp/gimpenums.c;tools/pdbgen/enums.pl	public PDB/XCF mode numbers must translate	04.013,10.005	STATIC_DELTA
libgimp/gimpenums.h:212	GimpLayerModeEffects	GIMP_REPLACE_MODE	-	24	tools/pdbgen/enumgen.pl + enumcode.pl	libgimp/gimpenums.c;tools/pdbgen/enums.pl	public PDB/XCF mode numbers must translate	04.013,10.005	STATIC_DELTA
libgimp/gimpenums.h:213	GimpLayerModeEffects	GIMP_ANTI_ERASE_MODE	-	25	tools/pdbgen/enumgen.pl + enumcode.pl	libgimp/gimpenums.c;tools/pdbgen/enums.pl	public PDB/XCF mode numbers must translate	04.013,10.005	STATIC_DELTA
libgimp/gimpenums.h:214	GimpLayerModeEffects	GIMP_SRC_IN_MODE	-	26	tools/pdbgen/enumgen.pl + enumcode.pl	libgimp/gimpenums.c;tools/pdbgen/enums.pl	public PDB/XCF mode numbers must translate	04.013,10.005	STATIC_DELTA
libgimp/gimpenums.h:215	GimpLayerModeEffects	GIMP_DST_IN_MODE	-	27	tools/pdbgen/enumgen.pl + enumcode.pl	libgimp/gimpenums.c;tools/pdbgen/enums.pl	public PDB/XCF mode numbers must translate	04.013,10.005	STATIC_DELTA
libgimp/gimpenums.h:216	GimpLayerModeEffects	GIMP_SRC_OUT_MODE	-	28	tools/pdbgen/enumgen.pl + enumcode.pl	libgimp/gimpenums.c;tools/pdbgen/enums.pl	public PDB/XCF mode numbers must translate	04.013,10.005	STATIC_DELTA
libgimp/gimpenums.h:217	GimpLayerModeEffects	GIMP_DST_OUT_MODE	-	29	tools/pdbgen/enumgen.pl + enumcode.pl	libgimp/gimpenums.c;tools/pdbgen/enums.pl	public PDB/XCF mode numbers must translate	04.013,10.005	STATIC_DELTA
libgimpbase/gimpbaseenums.h:546	GimpMypaintBrushMode	GIMP_MYPAINT_NORMAL	-	0	tools/gimp-mkenums via directory Makefile.am; public PDB enumgen.pl/enumcode.pl	libgimpbase/gimpbaseenums.c;tools/pdbgen/enums.pl	mode: XCF numeric; dynamics/context: config nick or flags; remaining internal enum values	04.013,10.005,30.009	STATIC_DELTA
libgimpbase/gimpbaseenums.h:547	GimpMypaintBrushMode	GIMP_MYPAINT_NORMAL_AND_ERASE	-	1	tools/gimp-mkenums via directory Makefile.am; public PDB enumgen.pl/enumcode.pl	libgimpbase/gimpbaseenums.c;tools/pdbgen/enums.pl	mode: XCF numeric; dynamics/context: config nick or flags; remaining internal enum values	04.013,10.005,30.009	STATIC_DELTA
libgimpbase/gimpbaseenums.h:548	GimpMypaintBrushMode	GIMP_MYPAINT_LOCK_ALPHA	-	2	tools/gimp-mkenums via directory Makefile.am; public PDB enumgen.pl/enumcode.pl	libgimpbase/gimpbaseenums.c;tools/pdbgen/enums.pl	mode: XCF numeric; dynamics/context: config nick or flags; remaining internal enum values	04.013,10.005,30.009	STATIC_DELTA
libgimpbase/gimpbaseenums.h:549	GimpMypaintBrushMode	GIMP_MYPAINT_COLORIZE	-	3	tools/gimp-mkenums via directory Makefile.am; public PDB enumgen.pl/enumcode.pl	libgimpbase/gimpbaseenums.c;tools/pdbgen/enums.pl	mode: XCF numeric; dynamics/context: config nick or flags; remaining internal enum values	04.013,10.005,30.009	STATIC_DELTA
