child_id	status	hunk_id	path	source_blob	source_range	payload_sha256	source_scope	changed_evidence	feature	implementation_tasks	verification_tasks	target_commit	target_path	target_blob	target_contract	equivalence_state
01.016/hunk-000018	DONE	01.002/000018	app/actions/context-commands.c	2072ff2aed56839143b450ed7eb65e87836348a1	-74 -> 74,8	8d7b1f6485eccb6daf6de7e690f2260c916960058ab90ee5218bc8d99980e93d	static const GimpLayerModeEffects paint_modes[] =	+GIMP_VALUE_MODE, | +GIMP_ERASE_MODE, | +GIMP_REPLACE_MODE, | +GIMP_ANTI_ERASE_MODE, | +GIMP_SRC_IN_MODE, | +GIMP_DST_IN_MODE, | +GIMP_SRC_OUT_MODE, | +GIMP_DST_OUT_MODE, | -GIMP_VALUE_MODE	Saved compositing enum and selection	10.005,11.004,13.009,30.013	13.013,36.004	95f6410f25c5186686db7a489d79c1e79187cd41	app/actions/context-commands.c	2b2805af4507e81b46bdd52785cb077450eb03fa	Use the named current source with this separately assigned legacy contract; same path/feature name is not equivalence evidence	NOT_PROVEN
01.016/hunk-000133	DONE	01.002/000133	app/core/core-enums.c	2eb37bee80b04f4e13deb073f7907bac30c62695	-772,0 -> 773	a0db7539b7b5c6c8ae3cc31d774b725b4fb94dda55be5a37375d5c19b7e356bf	gimp_undo_type_get_type (void)	"+{ GIMP_UNDO_GROUP_LAYER_APPLY_PRESET, ""GIMP_UNDO_GROUP_LAYER_APPLY_PRESET"", ""group-layer-apply-preset"" },"	Layer-preset structure application	28.004,28.005,28.006,28.007,28.008,28.009,28.010,28.014/applier-owner	28.011,28.012,28.013,28.015	95f6410f25c5186686db7a489d79c1e79187cd41	app/core/core-enums.c	827f0b5f1168516287aeebae5dc65b3c12dba63f	Use the named current source with this separately assigned legacy contract; same path/feature name is not equivalence evidence	NOT_PROVEN
01.016/hunk-000134	DONE	01.002/000134	app/core/core-enums.c	2eb37bee80b04f4e13deb073f7907bac30c62695	-780,0 -> 782	2101c193aaddcad9db2cff88f2ef9a00348db9b87e4773dc084482da3c7b598b	gimp_undo_type_get_type (void)	"+{ GIMP_UNDO_GROUP_MYPAINT, ""GIMP_UNDO_GROUP_MYPAINT"", ""group-mypaint"" },"	MyPaint stroke Undo ownership	09.011/mypaint-undo-stroke,21.014	09.017,21.019	95f6410f25c5186686db7a489d79c1e79187cd41	app/core/core-enums.c	827f0b5f1168516287aeebae5dc65b3c12dba63f	Use the named current source with this separately assigned legacy contract; same path/feature name is not equivalence evidence	NOT_PROVEN
01.016/hunk-000135	DONE	01.002/000135	app/core/core-enums.c	2eb37bee80b04f4e13deb073f7907bac30c62695	-822,0 -> 825	f56749ff96dd6a20b3aea24c2e249a8f4dfbe381252b426fe0e3a90dcee17bf0	gimp_undo_type_get_type (void)	"+{ GIMP_UNDO_MYPAINT, ""GIMP_UNDO_MYPAINT"", ""mypaint"" },"	MyPaint stroke Undo ownership	09.011/mypaint-undo-stroke,21.014	09.017,21.019	95f6410f25c5186686db7a489d79c1e79187cd41	app/core/core-enums.c	827f0b5f1168516287aeebae5dc65b3c12dba63f	Use the named current source with this separately assigned legacy contract; same path/feature name is not equivalence evidence	NOT_PROVEN
01.016/hunk-000136	DONE	01.002/000136	app/core/core-enums.c	2eb37bee80b04f4e13deb073f7907bac30c62695	-858,0 -> 862	7b1341987809549f0d81985371410620034ed42a0d77a62f6cfaf628e3851fb3	gimp_undo_type_get_type (void)	"+{ GIMP_UNDO_GROUP_LAYER_APPLY_PRESET, NC_(""undo-type"", ""Apply layer preset""), NULL },"	Layer-preset structure application	28.004,28.005,28.006,28.007,28.008,28.009,28.010,28.014/applier-owner	28.011,28.012,28.013,28.015	95f6410f25c5186686db7a489d79c1e79187cd41	app/core/core-enums.c	827f0b5f1168516287aeebae5dc65b3c12dba63f	Use the named current source with this separately assigned legacy contract; same path/feature name is not equivalence evidence	NOT_PROVEN
01.016/hunk-000137	DONE	01.002/000137	app/core/core-enums.c	2eb37bee80b04f4e13deb073f7907bac30c62695	-866,0 -> 871	bda73dbf5f6e0118c40d6c233eef6f8640673971cfc48db65f34e5acd28729b1	gimp_undo_type_get_type (void)	"+{ GIMP_UNDO_GROUP_MYPAINT, NC_(""undo-type"", ""Mypaint""), NULL },"	MyPaint stroke Undo ownership	09.011/mypaint-undo-stroke,21.014	09.017,21.019	95f6410f25c5186686db7a489d79c1e79187cd41	app/core/core-enums.c	827f0b5f1168516287aeebae5dc65b3c12dba63f	Use the named current source with this separately assigned legacy contract; same path/feature name is not equivalence evidence	NOT_PROVEN
01.016/hunk-000138	DONE	01.002/000138	app/core/core-enums.c	2eb37bee80b04f4e13deb073f7907bac30c62695	-908,0 -> 914	645c46729509b4159261917dfa330699477125f8e54633f2ec0272066f5f9185	gimp_undo_type_get_type (void)	"+{ GIMP_UNDO_MYPAINT, NC_(""undo-type"", ""Mypaint""), NULL },"	MyPaint stroke Undo ownership	09.011/mypaint-undo-stroke,21.014	09.017,21.019	95f6410f25c5186686db7a489d79c1e79187cd41	app/core/core-enums.c	827f0b5f1168516287aeebae5dc65b3c12dba63f	Use the named current source with this separately assigned legacy contract; same path/feature name is not equivalence evidence	NOT_PROVEN
01.016/hunk-000139	DONE	01.002/000139	app/core/core-enums.c	2eb37bee80b04f4e13deb073f7907bac30c62695	-1286,0 -> 1293	f775b5623a0dd53eb37e7009f6708f98aa4078bd22d88a94a7a043a1c9b551fa	gimp_dynamics_output_type_get_type (void)	"+{ GIMP_DYNAMICS_OUTPUT_BLENDING, ""GIMP_DYNAMICS_OUTPUT_BLENDING"", ""blending"" },"	Independent Smudge accumulation and blending	23.001,23.002,23.003,23.004,23.005	23.006	95f6410f25c5186686db7a489d79c1e79187cd41	app/core/core-enums.c	827f0b5f1168516287aeebae5dc65b3c12dba63f	Use the named current source with this separately assigned legacy contract; same path/feature name is not equivalence evidence	NOT_PROVEN
01.016/hunk-000140	DONE	01.002/000140	app/core/core-enums.c	2eb37bee80b04f4e13deb073f7907bac30c62695	-1302,0 -> 1310	079f115de24d75d025766ca32aa2546bc79566013b83ed9a69525940b1ce58e0	gimp_dynamics_output_type_get_type (void)	"+{ GIMP_DYNAMICS_OUTPUT_BLENDING, NC_(""dynamics-output-type"", ""Bleding""), NULL },"	Independent Smudge accumulation and blending	23.001,23.002,23.003,23.004,23.005	23.006	95f6410f25c5186686db7a489d79c1e79187cd41	app/core/core-enums.c	827f0b5f1168516287aeebae5dc65b3c12dba63f	Use the named current source with this separately assigned legacy contract; same path/feature name is not equivalence evidence	NOT_PROVEN
01.016/hunk-000141	DONE	01.002/000141	app/core/core-enums.h	9885d51c99c8215b2adfbb7e64d4b6a61965a69b	-370,0 -> 371	aec986c4379fe2a5eaaf473a08acce7a2beb12b85a0a6030065a7c6b91fcf51c	typedef enum /*< pdb-skip >*/	"+GIMP_UNDO_GROUP_LAYER_APPLY_PRESET, /*< desc=""Apply layer preset""          >*/"	Layer-preset structure application	28.004,28.005,28.006,28.007,28.008,28.009,28.010,28.014/applier-owner	28.011,28.012,28.013,28.015	95f6410f25c5186686db7a489d79c1e79187cd41	app/core/core-enums.h	f0411a67f49347dd808dd271aeb15a41515c09df	Use the named current source with this separately assigned legacy contract; same path/feature name is not equivalence evidence	NOT_PROVEN
01.016/hunk-000142	DONE	01.002/000142	app/core/core-enums.h	9885d51c99c8215b2adfbb7e64d4b6a61965a69b	-378,0 -> 380	5172c7a44e04af7526116ff9ce7d8ac9f8b025575fcede9dd8ca113048fecffd	typedef enum /*< pdb-skip >*/	"+GIMP_UNDO_GROUP_MYPAINT,            /*< desc=""Mypaint""                     >*/"	MyPaint stroke Undo ownership	09.011/mypaint-undo-stroke,21.014	09.017,21.019	95f6410f25c5186686db7a489d79c1e79187cd41	app/core/core-enums.h	f0411a67f49347dd808dd271aeb15a41515c09df	Use the named current source with this separately assigned legacy contract; same path/feature name is not equivalence evidence	NOT_PROVEN
01.016/hunk-000143	DONE	01.002/000143	app/core/core-enums.h	9885d51c99c8215b2adfbb7e64d4b6a61965a69b	-425,0 -> 428	7b483b9a938eb6e0e18bcc66e978585af05b62bb98d898feb9597aa7fc6028d8	typedef enum /*< pdb-skip >*/	"+GIMP_UNDO_MYPAINT,                  /*< desc=""Mypaint""                     >*/"	MyPaint stroke Undo ownership	09.011/mypaint-undo-stroke,21.014	09.017,21.019	95f6410f25c5186686db7a489d79c1e79187cd41	app/core/core-enums.h	f0411a67f49347dd808dd271aeb15a41515c09df	Use the named current source with this separately assigned legacy contract; same path/feature name is not equivalence evidence	NOT_PROVEN
01.016/hunk-000144	DONE	01.002/000144	app/core/core-enums.h	9885d51c99c8215b2adfbb7e64d4b6a61965a69b	-589,0 -> 593	cad545eb193e890cc033217c44cab808243b421e09bf16575a615f50835094c6	typedef enum  /*< pdb-skip >*/	"+GIMP_DYNAMICS_OUTPUT_BLENDING,     /*< desc=""Bleding""      >*/"	Independent Smudge accumulation and blending	23.001,23.002,23.003,23.004,23.005	23.006	95f6410f25c5186686db7a489d79c1e79187cd41	app/core/core-enums.h	f0411a67f49347dd808dd271aeb15a41515c09df	Use the named current source with this separately assigned legacy contract; same path/feature name is not equivalence evidence	NOT_PROVEN
01.016/hunk-000145	DONE	01.002/000145	app/core/core-enums.h	9885d51c99c8215b2adfbb7e64d4b6a61965a69b	-617,3 -> 621,4	f8dbece2fc953e8ea6be146a7deff7b3fb745ab8e13cfd2843231cb6072e3800	typedef enum  /*< pdb-skip, skip >*/	+GIMP_CONTEXT_PROP_MYPAINT_BRUSH = 17, | +GIMP_CONTEXT_PROP_BUFFER      = 18, | +GIMP_CONTEXT_PROP_IMAGEFILE   = 19, | +GIMP_CONTEXT_PROP_TEMPLATE    = 20, | -GIMP_CONTEXT_PROP_BUFFER      = 17, | -GIMP_CONTEXT_PROP_IMAGEFILE   = 18, | -GIMP_CONTEXT_PROP_TEMPLATE    = 19,	Extended brush context value and resource identity	19.013,19.014,30.007,30.008,30.011	19.015,24.017,36.019	95f6410f25c5186686db7a489d79c1e79187cd41	app/core/core-enums.h	f0411a67f49347dd808dd271aeb15a41515c09df	Use the named current source with this separately assigned legacy contract; same path/feature name is not equivalence evidence	NOT_PROVEN
01.016/hunk-000146	DONE	01.002/000146	app/core/core-enums.h	9885d51c99c8215b2adfbb7e64d4b6a61965a69b	-642,3 -> 647,5	0ad0d7aa31656b6b070338890f842bb63de170e661945cf34336200426e66dab	typedef enum  /*< pdb-skip, skip >*/	+GIMP_CONTEXT_MYPAINT_BRUSH_MASK = 1 << 17, | +GIMP_CONTEXT_BUFFER_MASK      = 1 << 18, | +GIMP_CONTEXT_IMAGEFILE_MASK   = 1 << 19, | +GIMP_CONTEXT_TEMPLATE_MASK    = 1 << 20, | +GIMP_CONTEXT_MYPAINT_MODE_MASK = 1<<21, | -GIMP_CONTEXT_BUFFER_MASK      = 1 << 17, | -GIMP_CONTEXT_IMAGEFILE_MASK   = 1 << 18, | -GIMP_CONTEXT_TEMPLATE_MASK    = 1 << 19,	Extended brush context value and resource identity	19.013,19.014,30.007,30.008,30.011	19.015,24.017,36.019	95f6410f25c5186686db7a489d79c1e79187cd41	app/core/core-enums.h	f0411a67f49347dd808dd271aeb15a41515c09df	Use the named current source with this separately assigned legacy contract; same path/feature name is not equivalence evidence	NOT_PROVEN
01.016/hunk-000147	DONE	01.002/000147	app/core/core-enums.h	9885d51c99c8215b2adfbb7e64d4b6a61965a69b	-654 -> 661,2	31724e7addfcba8fb7f34f096cf5c0c01fdd5dd8e9af9c89d259c77d5de402f3	typedef enum  /*< pdb-skip, skip >*/	+GIMP_CONTEXT_GRADIENT_MASK   | | +GIMP_CONTEXT_MYPAINT_BRUSH_MASK), | -GIMP_CONTEXT_GRADIENT_MASK),	Extended brush context value and resource identity	19.013,19.014,30.007,30.008,30.011	19.015,24.017,36.019	95f6410f25c5186686db7a489d79c1e79187cd41	app/core/core-enums.h	f0411a67f49347dd808dd271aeb15a41515c09df	Use the named current source with this separately assigned legacy contract; same path/feature name is not equivalence evidence	NOT_PROVEN
01.016/hunk-000148	DONE	01.002/000148	app/core/core-enums.h	9885d51c99c8215b2adfbb7e64d4b6a61965a69b	-664 -> 672,2	7e0319ddda449e2c816684f35e9ec157b3f246f666c7ff7d40ef60365e8e03e7	typedef enum  /*< pdb-skip, skip >*/	+GIMP_CONTEXT_PAINT_PROPS_MASK| | +GIMP_CONTEXT_MYPAINT_BRUSH_MASK) | -GIMP_CONTEXT_PAINT_PROPS_MASK)	Extended brush context value and resource identity	19.013,19.014,30.007,30.008,30.011	19.015,24.017,36.019	95f6410f25c5186686db7a489d79c1e79187cd41	app/core/core-enums.h	f0411a67f49347dd808dd271aeb15a41515c09df	Use the named current source with this separately assigned legacy contract; same path/feature name is not equivalence evidence	NOT_PROVEN
01.016/hunk-000184	DONE	01.002/000184	app/core/gimpcontext.c	bb576d36dd8aebd60baa351353e36cddf3195e14	-36,0 -> 37	9e853fefc4ae03490daf23cc200d1f4c6f1a409a7c2593a2275656597ab1d12b	file-level declarations/content	"+#include ""gimpmypaintbrush.h"""	Extended brush context value and resource identity	19.013,19.014,30.007,30.008,30.011	19.015,24.017,36.019	95f6410f25c5186686db7a489d79c1e79187cd41	app/core/gimpcontext.c	28e58103683974bb79d5c24d4410da1696f532b1	Current mybrush resource path must retain extended custom brush state/name and thaw/removal/copy semantics; template rename is C++ glue	NOT_PROVEN
01.016/hunk-000185	DONE	01.002/000185	app/core/gimpcontext.c	bb576d36dd8aebd60baa351353e36cddf3195e14	-229,0 -> 231,11	9a393a06e60a8956718daa0eacf1a8b9e308e73377bbe02d039101fce1e99db9	static void gimp_context_real_set_font       (GimpContext      *context,	+/*  mypaint compatible brush  */ | +static void gimp_context_mypaint_brush_dirty(GimpMypaintBrush *brush, | +GimpContext      *context); | +static void gimp_context_mypaint_brush_removed (GimpContainer    *brush_list, | +GimpMypaintBrush *brush, | +GimpContext      *context); | +static void gimp_context_mypaint_brush_list_thaw (GimpContainer    *container, | +GimpContext      *context); | +static void gimp_context_real_set_mypaint_brush (GimpContext      *context, | +GimpMypaintBrush *brush);	Extended brush context value and resource identity	19.013,19.014,30.007,30.008,30.011	19.015,24.017,36.019	95f6410f25c5186686db7a489d79c1e79187cd41	app/core/gimpcontext.c	28e58103683974bb79d5c24d4410da1696f532b1	Current mybrush resource path must retain extended custom brush state/name and thaw/removal/copy semantics; template rename is C++ glue	NOT_PROVEN
01.016/hunk-000186	DONE	01.002/000186	app/core/gimpcontext.c	bb576d36dd8aebd60baa351353e36cddf3195e14	-299,0 -> 312	b37641dd2d273b35cf9b7cfd7bdf64dd00426963af5b3fac555510a3c8c8bcc2	enum	+MYPAINT_BRUSH_CHANGED,	Extended brush context value and resource identity	19.013,19.014,30.007,30.008,30.011	19.015,24.017,36.019	95f6410f25c5186686db7a489d79c1e79187cd41	app/core/gimpcontext.c	28e58103683974bb79d5c24d4410da1696f532b1	Current mybrush resource path must retain extended custom brush state/name and thaw/removal/copy semantics; template rename is C++ glue	NOT_PROVEN
01.016/hunk-000187	DONE	01.002/000187	app/core/gimpcontext.c	bb576d36dd8aebd60baa351353e36cddf3195e14	-324,0 -> 338	26828948e68d8cccc902d53f38893569da6c90424384e8cc037cdd4a26cd4b21	static const gchar * const gimp_context_prop_names[] =	"+""mypaint-brush"","	Extended brush context value and resource identity	19.013,19.014,30.007,30.008,30.011	19.015,24.017,36.019	95f6410f25c5186686db7a489d79c1e79187cd41	app/core/gimpcontext.c	28e58103683974bb79d5c24d4410da1696f532b1	Current mybrush resource path must retain extended custom brush state/name and thaw/removal/copy semantics; template rename is C++ glue	NOT_PROVEN
01.016/hunk-000188	DONE	01.002/000188	app/core/gimpcontext.c	bb576d36dd8aebd60baa351353e36cddf3195e14	-350,0 -> 365	b3d877a3e7097b08099250c5efea68c842bbf6e52ae33e919be8de4fe05866f3	static GType gimp_context_prop_types[] =	+0,	Extended brush context value and resource identity	19.013,19.014,30.007,30.008,30.011	19.015,24.017,36.019	95f6410f25c5186686db7a489d79c1e79187cd41	app/core/gimpcontext.c	28e58103683974bb79d5c24d4410da1696f532b1	Current mybrush resource path must retain extended custom brush state/name and thaw/removal/copy semantics; template rename is C++ glue	NOT_PROVEN
01.016/hunk-000189	DONE	01.002/000189	app/core/gimpcontext.c	bb576d36dd8aebd60baa351353e36cddf3195e14	-524,0 -> 540,10	b886a5f49922fc9d8098c20d9aeb71392f6e920da97d1ddf8af2315aff60e97e	gimp_context_class_init (GimpContextClass *klass)	"+gimp_context_signals[MYPAINT_BRUSH_CHANGED] = | +g_signal_new (""mypaint-brush-changed"", | +G_TYPE_FROM_CLASS (klass), | +G_SIGNAL_RUN_FIRST, | +G_STRUCT_OFFSET (GimpContextClass, mypaint_brush_changed), | +NULL, NULL, | +gimp_marshal_VOID__OBJECT, | +G_TYPE_NONE, 1, | +GIMP_TYPE_MYPAINT_BRUSH);"	Extended brush context value and resource identity	19.013,19.014,30.007,30.008,30.011	19.015,24.017,36.019	95f6410f25c5186686db7a489d79c1e79187cd41	app/core/gimpcontext.c	28e58103683974bb79d5c24d4410da1696f532b1	Current mybrush resource path must retain extended custom brush state/name and thaw/removal/copy semantics; template rename is C++ glue	NOT_PROVEN
01.016/hunk-000190	DONE	01.002/000190	app/core/gimpcontext.c	bb576d36dd8aebd60baa351353e36cddf3195e14	-577,0 -> 603	74ee910290e34cd4569c34f7abb7e15c2c2a5deeae26433f2d9969d87aa347cb	gimp_context_class_init (GimpContextClass *klass)	+klass->mypaint_brush_changed   = NULL;	Extended brush context value and resource identity	19.013,19.014,30.007,30.008,30.011	19.015,24.017,36.019	95f6410f25c5186686db7a489d79c1e79187cd41	app/core/gimpcontext.c	28e58103683974bb79d5c24d4410da1696f532b1	Current mybrush resource path must retain extended custom brush state/name and thaw/removal/copy semantics; template rename is C++ glue	NOT_PROVEN
01.016/hunk-000191	DONE	01.002/000191	app/core/gimpcontext.c	bb576d36dd8aebd60baa351353e36cddf3195e14	-591,0 -> 618	de709baf9eb57ecfc985a6d259f733c331985bc0e7925c45a43c88b8e4e638d7	gimp_context_class_init (GimpContextClass *klass)	+gimp_context_prop_types[GIMP_CONTEXT_PROP_MYPAINT_BRUSH] = GIMP_TYPE_MYPAINT_BRUSH;	Extended brush context value and resource identity	19.013,19.014,30.007,30.008,30.011	19.015,24.017,36.019	95f6410f25c5186686db7a489d79c1e79187cd41	app/core/gimpcontext.c	28e58103683974bb79d5c24d4410da1696f532b1	Current mybrush resource path must retain extended custom brush state/name and thaw/removal/copy semantics; template rename is C++ glue	NOT_PROVEN
01.016/hunk-000192	DONE	01.002/000192	app/core/gimpcontext.c	bb576d36dd8aebd60baa351353e36cddf3195e14	-693,0 -> 721,6	81099ab3e6a783d0598aec341132e773dce709345a9faadd05a5fd9a8707283a	gimp_context_class_init (GimpContextClass *klass)	+GIMP_CONFIG_INSTALL_PROP_OBJECT (object_class, GIMP_CONTEXT_PROP_MYPAINT_BRUSH, | +gimp_context_prop_names[GIMP_CONTEXT_PROP_MYPAINT_BRUSH], | +NULL, | +GIMP_TYPE_MYPAINT_BRUSH, | +GIMP_PARAM_STATIC_STRINGS);	Extended brush context value and resource identity	19.013,19.014,30.007,30.008,30.011	19.015,24.017,36.019	95f6410f25c5186686db7a489d79c1e79187cd41	app/core/gimpcontext.c	28e58103683974bb79d5c24d4410da1696f532b1	Current mybrush resource path must retain extended custom brush state/name and thaw/removal/copy semantics; template rename is C++ glue	NOT_PROVEN
01.016/hunk-000193	DONE	01.002/000193	app/core/gimpcontext.c	bb576d36dd8aebd60baa351353e36cddf3195e14	-752,0 -> 786,3	ab6c21878d3b1f7fb832792d1668073441573a3299507635bae4c239304db99a	gimp_context_init (GimpContext *context)	+context->mypaint_brush   = NULL; | +context->mypaint_brush_name = NULL;	Extended brush context value and resource identity	19.013,19.014,30.007,30.008,30.011	19.015,24.017,36.019	95f6410f25c5186686db7a489d79c1e79187cd41	app/core/gimpcontext.c	28e58103683974bb79d5c24d4410da1696f532b1	Current mybrush resource path must retain extended custom brush state/name and thaw/removal/copy semantics; template rename is C++ glue	NOT_PROVEN
01.016/hunk-000194	DONE	01.002/000194	app/core/gimpcontext.c	bb576d36dd8aebd60baa351353e36cddf3195e14	-759 -> 795	0b30467dcb040993144696452ce7ee784ef4d2d13fdfe0c2109298fbfe363853	gimp_context_init (GimpContext *context)	+context->template_       = NULL; | -context->template        = NULL;	C/C++ header/type adapter	04.003,04.004,08.019	04.014,04.017	95f6410f25c5186686db7a489d79c1e79187cd41	app/core/gimpcontext.c	28e58103683974bb79d5c24d4410da1696f532b1	Current mybrush resource path must retain extended custom brush state/name and thaw/removal/copy semantics; template rename is C++ glue	NOT_PROVEN
01.016/hunk-000195	DONE	01.002/000195	app/core/gimpcontext.c	bb576d36dd8aebd60baa351353e36cddf3195e14	-861,0 -> 898,8	c856c7c2f78113d5bbd41547e6c9426c94dfb918ca2f19459d07b01021a26c0b	gimp_context_constructed (GObject *object)	"+container = gimp_data_factory_get_container (gimp->mypaint_brush_factory); | +g_signal_connect_object (container, ""remove"", | +G_CALLBACK (gimp_context_mypaint_brush_removed), | +object, 0); | +g_signal_connect_object (container, ""thaw"", | +G_CALLBACK (gimp_context_mypaint_brush_list_thaw), | +object, 0);"	Extended brush context value and resource identity	19.013,19.014,30.007,30.008,30.011	19.015,24.017,36.019	95f6410f25c5186686db7a489d79c1e79187cd41	app/core/gimpcontext.c	28e58103683974bb79d5c24d4410da1696f532b1	Current mybrush resource path must retain extended custom brush state/name and thaw/removal/copy semantics; template rename is C++ glue	NOT_PROVEN
01.016/hunk-000196	DONE	01.002/000196	app/core/gimpcontext.c	bb576d36dd8aebd60baa351353e36cddf3195e14	-949,0 -> 994,6	8c3c294d1ad2a39be2f43b675377be8866b0651fc8fc5373f615bb8efc4d79b9	gimp_context_dispose (GObject *object)	+if (context->mypaint_brush) | +{ | +g_object_unref (context->mypaint_brush); | +context->mypaint_brush = NULL; | +}	Extended brush context value and resource identity	19.013,19.014,30.007,30.008,30.011	19.015,24.017,36.019	95f6410f25c5186686db7a489d79c1e79187cd41	app/core/gimpcontext.c	28e58103683974bb79d5c24d4410da1696f532b1	Current mybrush resource path must retain extended custom brush state/name and thaw/removal/copy semantics; template rename is C++ glue	NOT_PROVEN
01.016/hunk-000197	DONE	01.002/000197	app/core/gimpcontext.c	bb576d36dd8aebd60baa351353e36cddf3195e14	-962 -> 1012	bd9e16115133d4dde6c86bf8f2ef248314d94db32105ca006318b505f9eaa00d	gimp_context_dispose (GObject *object)	+if (context->template_) | -if (context->template)	C/C++ header/type adapter	04.003,04.004,08.019	04.014,04.017	95f6410f25c5186686db7a489d79c1e79187cd41	app/core/gimpcontext.c	28e58103683974bb79d5c24d4410da1696f532b1	Current mybrush resource path must retain extended custom brush state/name and thaw/removal/copy semantics; template rename is C++ glue	NOT_PROVEN
01.016/hunk-000198	DONE	01.002/000198	app/core/gimpcontext.c	bb576d36dd8aebd60baa351353e36cddf3195e14	-964,2 -> 1014,2	3d25bc40ce01c76fa4668f9b2f7b49497f6a9f31f625ee9f911a4667ae878177	gimp_context_dispose (GObject *object)	+g_object_unref (context->template_); | +context->template_ = NULL; | -g_object_unref (context->template); | -context->template = NULL;	C/C++ header/type adapter	04.003,04.004,08.019	04.014,04.017	95f6410f25c5186686db7a489d79c1e79187cd41	app/core/gimpcontext.c	28e58103683974bb79d5c24d4410da1696f532b1	Current mybrush resource path must retain extended custom brush state/name and thaw/removal/copy semantics; template rename is C++ glue	NOT_PROVEN
01.016/hunk-000199	DONE	01.002/000199	app/core/gimpcontext.c	bb576d36dd8aebd60baa351353e36cddf3195e14	-1033,0 -> 1084,6	ac9722cd4bc8282e043adf76b4b2434e8cafe228bf47f6b62ada9c22d1a304cd	gimp_context_finalize (GObject *object)	+if (context->mypaint_brush_name) | +{ | +g_free (context->mypaint_brush_name); | +context->mypaint_brush_name = NULL; | +}	Extended brush context value and resource identity	19.013,19.014,30.007,30.008,30.011	19.015,24.017,36.019	95f6410f25c5186686db7a489d79c1e79187cd41	app/core/gimpcontext.c	28e58103683974bb79d5c24d4410da1696f532b1	Current mybrush resource path must retain extended custom brush state/name and thaw/removal/copy semantics; template rename is C++ glue	NOT_PROVEN
01.016/hunk-000200	DONE	01.002/000200	app/core/gimpcontext.c	bb576d36dd8aebd60baa351353e36cddf3195e14	-1112,0 -> 1169,3	dedcaa7ddb8fe278ee7dded1913598be7e80398c9197ab15e973542dc42596ba	gimp_context_set_property (GObject      *object,	+case GIMP_CONTEXT_PROP_MYPAINT_BRUSH: | +gimp_context_set_mypaint_brush (context, g_value_get_object (value)); | +break;	Extended brush context value and resource identity	19.013,19.014,30.007,30.008,30.011	19.015,24.017,36.019	95f6410f25c5186686db7a489d79c1e79187cd41	app/core/gimpcontext.c	28e58103683974bb79d5c24d4410da1696f532b1	Current mybrush resource path must retain extended custom brush state/name and thaw/removal/copy semantics; template rename is C++ glue	NOT_PROVEN
01.016/hunk-000201	DONE	01.002/000201	app/core/gimpcontext.c	bb576d36dd8aebd60baa351353e36cddf3195e14	-1195,0 -> 1255,3	f2b115194744f177fa93372edb275cf752670d5b5fe75bbec5b0c01399120463	gimp_context_get_property (GObject    *object,	+case GIMP_CONTEXT_PROP_MYPAINT_BRUSH: | +g_value_set_object (value, gimp_context_get_mypaint_brush (context)); | +break;	Extended brush context value and resource identity	19.013,19.014,30.007,30.008,30.011	19.015,24.017,36.019	95f6410f25c5186686db7a489d79c1e79187cd41	app/core/gimpcontext.c	28e58103683974bb79d5c24d4410da1696f532b1	Current mybrush resource path must retain extended custom brush state/name and thaw/removal/copy semantics; template rename is C++ glue	NOT_PROVEN
01.016/hunk-000202	DONE	01.002/000202	app/core/gimpcontext.c	bb576d36dd8aebd60baa351353e36cddf3195e14	-1225,0 -> 1288	dcd348b585f39797f7d7aa8e5ea520b55487ea88924f2e64a3d6ab0cd830d99a	gimp_context_get_memsize (GimpObject *object,	+memsize += gimp_string_get_memsize (context->mypaint_brush_name);	Extended brush context value and resource identity	19.013,19.014,30.007,30.008,30.011	19.015,24.017,36.019	95f6410f25c5186686db7a489d79c1e79187cd41	app/core/gimpcontext.c	28e58103683974bb79d5c24d4410da1696f532b1	Current mybrush resource path must retain extended custom brush state/name and thaw/removal/copy semantics; template rename is C++ glue	NOT_PROVEN
01.016/hunk-000203	DONE	01.002/000203	app/core/gimpcontext.c	bb576d36dd8aebd60baa351353e36cddf3195e14	-1266,0 -> 1330	1f31a5631f374f11783943087df4cf3c0788bd7dc3f5817b427fc2949fcce22a	gimp_context_serialize_property (GimpConfig       *config,	+case GIMP_CONTEXT_PROP_MYPAINT_BRUSH:	Extended brush context value and resource identity	19.013,19.014,30.007,30.008,30.011	19.015,24.017,36.019	95f6410f25c5186686db7a489d79c1e79187cd41	app/core/gimpcontext.c	28e58103683974bb79d5c24d4410da1696f532b1	Current mybrush resource path must retain extended custom brush state/name and thaw/removal/copy semantics; template rename is C++ glue	NOT_PROVEN
01.016/hunk-000204	DONE	01.002/000204	app/core/gimpcontext.c	bb576d36dd8aebd60baa351353e36cddf3195e14	-1358,0 -> 1423,6	15521489e64164ff1c3d6dc7a16732b0f008e4cd516f8581fb9db65bc22cd287	gimp_context_deserialize_property (GimpConfig *object,	+case GIMP_CONTEXT_PROP_MYPAINT_BRUSH: | +container = gimp_data_factory_get_container (context->gimp->mypaint_brush_factory); | +current   = (GimpObject *) context->mypaint_brush; | +name_loc  = &context->mypaint_brush_name; | +break;	Extended brush context value and resource identity	19.013,19.014,30.007,30.008,30.011	19.015,24.017,36.019	95f6410f25c5186686db7a489d79c1e79187cd41	app/core/gimpcontext.c	28e58103683974bb79d5c24d4410da1696f532b1	Current mybrush resource path must retain extended custom brush state/name and thaw/removal/copy semantics; template rename is C++ glue	NOT_PROVEN
01.016/hunk-000205	DONE	01.002/000205	app/core/gimpcontext.c	bb576d36dd8aebd60baa351353e36cddf3195e14	-1684,0 -> 1755,8	1d190f05ee1b52f36c4148342a77e8343197e8228edbb022d8827e326304e9e2	gimp_context_copy_property (GimpContext         *src,	+case GIMP_CONTEXT_PROP_MYPAINT_BRUSH: | +gimp_context_real_set_mypaint_brush (dest, src->mypaint_brush); | +object          = src->mypaint_brush; | +standard_object = gimp_mypaint_brush_get_standard (src); | +src_name        = src->mypaint_brush_name; | +dest_name_loc   = &dest->mypaint_brush_name; | +break;	Extended brush context value and resource identity	19.013,19.014,30.007,30.008,30.011	19.015,24.017,36.019	95f6410f25c5186686db7a489d79c1e79187cd41	app/core/gimpcontext.c	28e58103683974bb79d5c24d4410da1696f532b1	Current mybrush resource path must retain extended custom brush state/name and thaw/removal/copy semantics; template rename is C++ glue	NOT_PROVEN
01.016/hunk-000206	DONE	01.002/000206	app/core/gimpcontext.c	bb576d36dd8aebd60baa351353e36cddf3195e14	-1694 -> 1772	755f7e42f66b796b62d5dd33f8471c70790dc4003bce668f0751203f92b13a96	gimp_context_copy_property (GimpContext         *src,	+gimp_context_real_set_template (dest, src->template_); | -gimp_context_real_set_template (dest, src->template);	C/C++ header/type adapter	04.003,04.004,08.019	04.014,04.017	95f6410f25c5186686db7a489d79c1e79187cd41	app/core/gimpcontext.c	28e58103683974bb79d5c24d4410da1696f532b1	Current mybrush resource path must retain extended custom brush state/name and thaw/removal/copy semantics; template rename is C++ glue	NOT_PROVEN
01.016/hunk-000207	DONE	01.002/000207	app/core/gimpcontext.c	bb576d36dd8aebd60baa351353e36cddf3195e14	-3320,0 -> 3399,121	bd293ada974276761ab553b90e3b59ded7fb064bb740c3c9a45d497e20b58c4d	gimp_context_real_set_font (GimpContext *context,	"+/*****************************************************************************/ | +/*  mypaint compatible brush  ************************************************/ | +GimpMypaintBrush * | +gimp_context_get_mypaint_brush (GimpContext *context) | +{ | +g_return_val_if_fail (GIMP_IS_CONTEXT (context), NULL); | +return context->mypaint_brush; | +} | +void | +gimp_context_set_mypaint_brush (GimpContext *context, | +GimpMypaintBrush   *mypaint_brush) | +{ | +g_return_if_fail (GIMP_IS_CONTEXT (context)); | +g_return_if_fail (! mypaint_brush || GIMP_IS_MYPAINT_BRUSH (mypaint_brush)); | +context_find_defined (context, GIMP_CONTEXT_PROP_MYPAINT_BRUSH); | +gimp_context_real_set_mypaint_brush (context, mypaint_brush); | +} | +void | +gimp_context_mypaint_brush_changed (GimpContext *context) | +{ | +g_return_if_fail (GIMP_IS_CONTEXT (context)); | +g_signal_emit (context, | +gimp_context_signals[MYPAINT_BRUSH_CHANGED], 0, | +context->mypaint_brush); | +} | +/*  the active brush was modified  */ | +static void | +gimp_context_mypaint_brush_dirty (GimpMypaintBrush   *mypaint_brush, | +GimpContext *context) | +{ | +g_free (context->mypaint_brush_name); | +context->mypaint_brush_name = g_strdup (gimp_object_get_name (mypaint_brush)); | +} | +/*  the global brush list is there again after refresh  */ | +static void | +gimp_context_mypaint_brush_list_thaw (GimpContainer *container, | +GimpContext   *context) | +{ | +GimpMypaintBrush *mypaint_brush; | +if (! context->mypaint_brush_name) | +context->mypaint_brush_name = g_strdup (context->gimp->config->default_mypaint_brush); | +mypaint_brush = gimp_context_find_object (context, container, | +context->mypaint_brush_name, | +gimp_mypaint_brush_get_standard (context)); | +gimp_context_real_set_mypaint_brush (context, mypaint_brush); | +} | +/*  the active brush disappeared  */ | +static void | +gimp_context_mypaint_brush_removed (GimpContainer *container, | +GimpMypaintBrush     *mypaint_brush, | +GimpContext   *context) | +{ | +if (mypaint_brush == context->mypaint_brush) | +{ | +context->mypaint_brush = NULL; | +g_signal_handlers_disconnect_by_func (mypaint_brush, | +gimp_context_mypaint_brush_dirty, | +context); | +g_object_unref (mypaint_brush); | +if (! gimp_container_frozen (container)) | +gimp_context_mypaint_brush_list_thaw (container, context); | +} | +} | +static void | +gimp_context_real_set_mypaint_brush (GimpContext *context, | +GimpMypaintBrush   *mypaint_brush) | +{ | +if (context->mypaint_brush == mypaint_brush) | +return; | +if (context->mypaint_brush_name && | +mypaint_brush != GIMP_MYPAINT_BRUSH (gimp_mypaint_brush_get_standard (context))) | +{ | +g_free (context->mypaint_brush_name); | +context->mypaint_brush_name = NULL; | +} | +/*  disconnect from the old brush's signals  */ | +if (context->mypaint_brush) | +{ | +g_signal_handlers_disconnect_by_func (context->mypaint_brush, | +gimp_context_mypaint_brush_dirty, | +context); | +g_object_unref (context->mypaint_brush); | +} | +context->mypaint_brush = mypaint_brush; | +if (mypaint_brush) | +{ | +g_object_ref (mypaint_brush); | +g_signal_connect_object (mypaint_brush, ""name-changed"", | +G_CALLBACK (gimp_context_mypaint_brush_dirty), | +context, | +0); | +if (mypaint_brush != GIMP_MYPAINT_BRUSH (gimp_mypaint_brush_get_standard (context))) | +context->mypaint_brush_name = g_strdup (gimp_object_get_name (mypaint_brush)); | +} | +g_object_notify (G_OBJECT (context), ""mypaint-brush""); | +gimp_context_mypaint_brush_changed (context); | +}"	Extended brush context value and resource identity	19.013,19.014,30.007,30.008,30.011	19.015,24.017,36.019	95f6410f25c5186686db7a489d79c1e79187cd41	app/core/gimpcontext.c	28e58103683974bb79d5c24d4410da1696f532b1	Current mybrush resource path must retain extended custom brush state/name and thaw/removal/copy semantics; template rename is C++ glue	NOT_PROVEN
01.016/hunk-000208	DONE	01.002/000208	app/core/gimpcontext.c	bb576d36dd8aebd60baa351353e36cddf3195e14	-3575 -> 3774	3ed23421928f02304ae89626c5b05d92638aaf238690988a5f491339cad85aae	gimp_context_get_template (GimpContext *context)	+return context->template_; | -return context->template;	C/C++ header/type adapter	04.003,04.004,08.019	04.014,04.017	95f6410f25c5186686db7a489d79c1e79187cd41	app/core/gimpcontext.c	28e58103683974bb79d5c24d4410da1696f532b1	Current mybrush resource path must retain extended custom brush state/name and thaw/removal/copy semantics; template rename is C++ glue	NOT_PROVEN
01.016/hunk-000209	DONE	01.002/000209	app/core/gimpcontext.c	bb576d36dd8aebd60baa351353e36cddf3195e14	-3595 -> 3794	cecbaa927b2458b13352c19c85a221153e3227f0174b1956e8ce72c6388a160d	gimp_context_template_changed (GimpContext *context)	+context->template_); | -context->template);	C/C++ header/type adapter	04.003,04.004,08.019	04.014,04.017	95f6410f25c5186686db7a489d79c1e79187cd41	app/core/gimpcontext.c	28e58103683974bb79d5c24d4410da1696f532b1	Current mybrush resource path must retain extended custom brush state/name and thaw/removal/copy semantics; template rename is C++ glue	NOT_PROVEN
01.016/hunk-000210	DONE	01.002/000210	app/core/gimpcontext.c	bb576d36dd8aebd60baa351353e36cddf3195e14	-3635 -> 3834	a0cc32ad50228e839b5f744ccf2bfa53674b6f398f6ffad1faf34b3c60759e90	gimp_context_template_removed (GimpContainer *container,	+if (template == context->template_) | -if (template == context->template)	C/C++ header/type adapter	04.003,04.004,08.019	04.014,04.017	95f6410f25c5186686db7a489d79c1e79187cd41	app/core/gimpcontext.c	28e58103683974bb79d5c24d4410da1696f532b1	Current mybrush resource path must retain extended custom brush state/name and thaw/removal/copy semantics; template rename is C++ glue	NOT_PROVEN
01.016/hunk-000211	DONE	01.002/000211	app/core/gimpcontext.c	bb576d36dd8aebd60baa351353e36cddf3195e14	-3637 -> 3836	f7e22474c1e8add79d18fbcf8c3d7d15b1a86ba28014a0ce4cebce53b0c40aea	gimp_context_template_removed (GimpContainer *container,	+context->template_ = NULL; | -context->template = NULL;	C/C++ header/type adapter	04.003,04.004,08.019	04.014,04.017	95f6410f25c5186686db7a489d79c1e79187cd41	app/core/gimpcontext.c	28e58103683974bb79d5c24d4410da1696f532b1	Current mybrush resource path must retain extended custom brush state/name and thaw/removal/copy semantics; template rename is C++ glue	NOT_PROVEN
01.016/hunk-000212	DONE	01.002/000212	app/core/gimpcontext.c	bb576d36dd8aebd60baa351353e36cddf3195e14	-3653 -> 3852	c1eb489201e89ddff04d846cdf17865f42c8dbbb390c63249616d89a3f9602cb	gimp_context_real_set_template (GimpContext  *context,	+if (context->template_ == template) | -if (context->template == template)	C/C++ header/type adapter	04.003,04.004,08.019	04.014,04.017	95f6410f25c5186686db7a489d79c1e79187cd41	app/core/gimpcontext.c	28e58103683974bb79d5c24d4410da1696f532b1	Current mybrush resource path must retain extended custom brush state/name and thaw/removal/copy semantics; template rename is C++ glue	NOT_PROVEN
01.016/hunk-000213	DONE	01.002/000213	app/core/gimpcontext.c	bb576d36dd8aebd60baa351353e36cddf3195e14	-3663 -> 3862	bd9e16115133d4dde6c86bf8f2ef248314d94db32105ca006318b505f9eaa00d	gimp_context_real_set_template (GimpContext  *context,	+if (context->template_) | -if (context->template)	C/C++ header/type adapter	04.003,04.004,08.019	04.014,04.017	95f6410f25c5186686db7a489d79c1e79187cd41	app/core/gimpcontext.c	28e58103683974bb79d5c24d4410da1696f532b1	Current mybrush resource path must retain extended custom brush state/name and thaw/removal/copy semantics; template rename is C++ glue	NOT_PROVEN
01.016/hunk-000214	DONE	01.002/000214	app/core/gimpcontext.c	bb576d36dd8aebd60baa351353e36cddf3195e14	-3665 -> 3864	c99d93f61b317cf5fd7018697250f7c7ce370c93818a930970262297c8bf1999	gimp_context_real_set_template (GimpContext  *context,	+g_signal_handlers_disconnect_by_func (context->template_, | -g_signal_handlers_disconnect_by_func (context->template,	C/C++ header/type adapter	04.003,04.004,08.019	04.014,04.017	95f6410f25c5186686db7a489d79c1e79187cd41	app/core/gimpcontext.c	28e58103683974bb79d5c24d4410da1696f532b1	Current mybrush resource path must retain extended custom brush state/name and thaw/removal/copy semantics; template rename is C++ glue	NOT_PROVEN
01.016/hunk-000215	DONE	01.002/000215	app/core/gimpcontext.c	bb576d36dd8aebd60baa351353e36cddf3195e14	-3668 -> 3867	8bf76b2c016be78a6e96289998764320e137b1af5c0e15ed343343ef7db6c3f2	gimp_context_real_set_template (GimpContext  *context,	+g_object_unref (context->template_); | -g_object_unref (context->template);	C/C++ header/type adapter	04.003,04.004,08.019	04.014,04.017	95f6410f25c5186686db7a489d79c1e79187cd41	app/core/gimpcontext.c	28e58103683974bb79d5c24d4410da1696f532b1	Current mybrush resource path must retain extended custom brush state/name and thaw/removal/copy semantics; template rename is C++ glue	NOT_PROVEN
01.016/hunk-000216	DONE	01.002/000216	app/core/gimpcontext.c	bb576d36dd8aebd60baa351353e36cddf3195e14	-3671 -> 3870	13d5214b393c76d340883d4368d246a57f67561a672107389f03f9b783ecdbc1	gimp_context_real_set_template (GimpContext  *context,	+context->template_ = template; | -context->template = template;	C/C++ header/type adapter	04.003,04.004,08.019	04.014,04.017	95f6410f25c5186686db7a489d79c1e79187cd41	app/core/gimpcontext.c	28e58103683974bb79d5c24d4410da1696f532b1	Current mybrush resource path must retain extended custom brush state/name and thaw/removal/copy semantics; template rename is C++ glue	NOT_PROVEN
01.016/hunk-000217	DONE	01.002/000217	app/core/gimpcontext.h	278a55c9f7e6be5e9348f9785045e09b4008f2c9	-93,0 -> 94,3	c8ae641dc77722773aa6c63110e4db1033150e00cb802cf5c6fce3d488bcea9a	struct _GimpContext	+GimpMypaintBrush     *mypaint_brush; | +gchar                *mypaint_brush_name;	Extended brush context value and resource identity	19.013,19.014,30.007,30.008,30.011	19.015,24.017,36.019	95f6410f25c5186686db7a489d79c1e79187cd41	app/core/gimpcontext.h	41fe283ea97eac36a29bc92389da63560fb723f8	Use the named current source with this separately assigned legacy contract; same path/feature name is not equivalence evidence	NOT_PROVEN
01.016/hunk-000218	DONE	01.002/000218	app/core/gimpcontext.h	278a55c9f7e6be5e9348f9785045e09b4008f2c9	-100 -> 103	75ce3c32c39f7235ff5ecd83b87a0222eb7d0a7331a6f7e70010ae62d4388783	struct _GimpContext	+GimpTemplate         *template_; | -GimpTemplate         *template;	C/C++ header/type adapter	04.003,04.004,08.019	04.014,04.017	95f6410f25c5186686db7a489d79c1e79187cd41	app/core/gimpcontext.h	41fe283ea97eac36a29bc92389da63560fb723f8	Use the named current source with this separately assigned legacy contract; same path/feature name is not equivalence evidence	NOT_PROVEN
01.016/hunk-000219	DONE	01.002/000219	app/core/gimpcontext.h	278a55c9f7e6be5e9348f9785045e09b4008f2c9	-139,0 -> 143,2	36e8058f9afdfe3859bffc077e307006688b439bb001dbe0ec2cd974def32984	struct _GimpContextClass	+void (* mypaint_brush_changed)(GimpContext          *context, | +GimpMypaintBrush     *brush);	Extended brush context value and resource identity	19.013,19.014,30.007,30.008,30.011	19.015,24.017,36.019	95f6410f25c5186686db7a489d79c1e79187cd41	app/core/gimpcontext.h	41fe283ea97eac36a29bc92389da63560fb723f8	Use the named current source with this separately assigned legacy contract; same path/feature name is not equivalence evidence	NOT_PROVEN
01.016/hunk-000220	DONE	01.002/000220	app/core/gimpcontext.h	278a55c9f7e6be5e9348f9785045e09b4008f2c9	-145 -> 150	511e875c16a6c9a5ba33cab6aa8e16de632451f6af84235943850833ff2610b1	struct _GimpContextClass	+GimpTemplate         *template_); | -GimpTemplate         *template);	C/C++ header/type adapter	04.003,04.004,08.019	04.014,04.017	95f6410f25c5186686db7a489d79c1e79187cd41	app/core/gimpcontext.h	41fe283ea97eac36a29bc92389da63560fb723f8	Use the named current source with this separately assigned legacy contract; same path/feature name is not equivalence evidence	NOT_PROVEN
01.016/hunk-000221	DONE	01.002/000221	app/core/gimpcontext.h	278a55c9f7e6be5e9348f9785045e09b4008f2c9	-153 -> 158	30e477f898d295e0bfccca633e0af81ebbcc8ed3a79e11bcc781d0cebe949c03	GimpContext * gimp_context_new               (Gimp                *gimp,	+GimpContext         *template_); | -GimpContext         *template);	C/C++ header/type adapter	04.003,04.004,08.019	04.014,04.017	95f6410f25c5186686db7a489d79c1e79187cd41	app/core/gimpcontext.h	41fe283ea97eac36a29bc92389da63560fb723f8	Use the named current source with this separately assigned legacy contract; same path/feature name is not equivalence evidence	NOT_PROVEN
01.016/hunk-000222	DONE	01.002/000222	app/core/gimpcontext.h	278a55c9f7e6be5e9348f9785045e09b4008f2c9	-324,0 -> 330,7	85713bd6e7256c926d5b48ea862cfe94ed21a19646b903f8f5922e3c4e9b4826	void             gimp_context_font_changed        (GimpContext     *context);	+/*  mypaint compatible brush  */ | +GimpMypaintBrush* gimp_context_get_mypaint_brush  (GimpContext     *context); | +void             gimp_context_set_mypaint_brush   (GimpContext     *context, | +GimpMypaintBrush*brush); | +void             gimp_context_mypaint_brush_changed (GimpContext     *context);	Extended brush context value and resource identity	19.013,19.014,30.007,30.008,30.011	19.015,24.017,36.019	95f6410f25c5186686db7a489d79c1e79187cd41	app/core/gimpcontext.h	41fe283ea97eac36a29bc92389da63560fb723f8	Use the named current source with this separately assigned legacy contract; same path/feature name is not equivalence evidence	NOT_PROVEN
01.016/hunk-000223	DONE	01.002/000223	app/core/gimpcontext.h	278a55c9f7e6be5e9348f9785045e09b4008f2c9	-342 -> 354	360190465f431e787c132bac52e16fe67ede162e76f4311418401ba30e31e859	void             gimp_context_set_template        (GimpContext     *context,	+GimpTemplate    *template_); | -GimpTemplate    *template);	C/C++ header/type adapter	04.003,04.004,08.019	04.014,04.017	95f6410f25c5186686db7a489d79c1e79187cd41	app/core/gimpcontext.h	41fe283ea97eac36a29bc92389da63560fb723f8	Use the named current source with this separately assigned legacy contract; same path/feature name is not equivalence evidence	NOT_PROVEN
01.016/hunk-000224	DONE	01.002/000224	app/core/gimpcontext.h	278a55c9f7e6be5e9348f9785045e09b4008f2c9	-344,0 -> 357,6	bedadc0e190613b1f83cbe5e2384fe1ed320082d1ec3ef054f0981dfc233b842	void             gimp_context_template_changed    (GimpContext     *context);	"+#ifdef __cplusplus | +extern ""C++"" { | +#include ""base/glib-cxx-types.hpp"" | +__DECLARE_GTK_CAST__(GimpContext, GIMP_CONTEXT, gimp_context); | +}; | +#endif"	C/C++ header/type adapter	04.003,04.004,08.019	04.014,04.017	95f6410f25c5186686db7a489d79c1e79187cd41	app/core/gimpcontext.h	41fe283ea97eac36a29bc92389da63560fb723f8	Use the named current source with this separately assigned legacy contract; same path/feature name is not equivalence evidence	NOT_PROVEN
01.016/hunk-000229	DONE	01.002/000229	app/core/gimpdrawable-bucket-fill.c	4fcadfcf5e07c451c09efdc916855beea8524f8e	-186,9 -> 186,13	9742d50dcc28654db4948f755cdf994643f5bea9d8e4cef848d9f0014e1aadb4	gimp_drawable_bucket_fill_full (GimpDrawable        *drawable,	+GimpChannel* src_mask = NULL; | +if (selection) { | +src_mask = gimp_image_get_mask (image); | +} | +mask = gimp_image_contiguous_region_by_seed_ext (image, drawable, src_mask, | +sample_merged, | +TRUE, | +(gint) threshold, | +fill_transparent, | +fill_criterion, | +(gint) x, | +(gint) y); | +#if 0 | -mask = gimp_image_contiguous_region_by_seed (image, drawable, | -sample_merged, | -TRUE, | -(gint) threshold, | -fill_transparent, | -fill_criterion, | -(gint) x, | -(gint) y);	Standard bucket selection traversal barrier	27.005/selection-barrier	27.014,27.015	95f6410f25c5186686db7a489d79c1e79187cd41	app/core/gimpdrawable-bucket-fill.c	da043d64218f7c7e2cdfb927a54b9168f3901f02	Current seed traversal occurs before selection bounds/data intersection; old source_mask affects traversal inside selection bounds	NOT_PROVEN
01.016/hunk-000230	DONE	01.002/000230	app/core/gimpdrawable-bucket-fill.c	4fcadfcf5e07c451c09efdc916855beea8524f8e	-207 -> 211	e310fa8bd33a798fdd61ec5f949603edc9ce4eb0cfbc924f50df97b99ef36908	gimp_drawable_bucket_fill_full (GimpDrawable        *drawable,	+#endif	Standard bucket selection traversal barrier	27.005/selection-barrier	27.014,27.015	95f6410f25c5186686db7a489d79c1e79187cd41	app/core/gimpdrawable-bucket-fill.c	da043d64218f7c7e2cdfb927a54b9168f3901f02	Current seed traversal occurs before selection bounds/data intersection; old source_mask affects traversal inside selection bounds	NOT_PROVEN
01.016/hunk-000245	DONE	01.002/000245	app/core/gimpdynamics.c	6b87ff4f439e52691bea7fa58960a4195346ad46	-54 -> 54,2	312629eeb72a02db11b4cd0274a5b7d2f0d3608621229fdc48ae8d3859bb1334	enum	+PROP_JITTER_OUTPUT, | +PROP_BLENDING_OUTPUT | -PROP_JITTER_OUTPUT	Independent Smudge accumulation and blending	23.001,23.002,23.003,23.004,23.005	23.006	95f6410f25c5186686db7a489d79c1e79187cd41	app/core/gimpdynamics.c	b16f10b1f3820ff5e9f97cd0a94056bcd548d101	Old blending-output is the independent Smudge extension; do not equate it with current Flow/Rate or paper settings	NOT_PROVEN
01.016/hunk-000246	DONE	01.002/000246	app/core/gimpdynamics.c	6b87ff4f439e52691bea7fa58960a4195346ad46	-72,0 -> 74	9fe14035af0cba14edde32f025538aa8875877d4fe8070de6e88c5098c4ae7c8	struct _GimpDynamicsPrivate	+GimpDynamicsOutput *blending_output;	Independent Smudge accumulation and blending	23.001,23.002,23.003,23.004,23.005	23.006	95f6410f25c5186686db7a489d79c1e79187cd41	app/core/gimpdynamics.c	b16f10b1f3820ff5e9f97cd0a94056bcd548d101	Old blending-output is the independent Smudge extension; do not equate it with current Flow/Rate or paper settings	NOT_PROVEN
01.016/hunk-000247	DONE	01.002/000247	app/core/gimpdynamics.c	6b87ff4f439e52691bea7fa58960a4195346ad46	-190,0 -> 193,4	3aa6f5a45abba275f6d910ccd171faddc422f7ab426fe59b02e51a199a8e865e	gimp_dynamics_class_init (GimpDynamicsClass *klass)	"+GIMP_CONFIG_INSTALL_PROP_OBJECT (object_class, PROP_BLENDING_OUTPUT, | +""blending-output"", NULL, | +GIMP_TYPE_DYNAMICS_OUTPUT, | +GIMP_CONFIG_PARAM_AGGREGATE);"	Independent Smudge accumulation and blending	23.001,23.002,23.003,23.004,23.005	23.006	95f6410f25c5186686db7a489d79c1e79187cd41	app/core/gimpdynamics.c	b16f10b1f3820ff5e9f97cd0a94056bcd548d101	Old blending-output is the independent Smudge extension; do not equate it with current Flow/Rate or paper settings	NOT_PROVEN
01.016/hunk-000248	DONE	01.002/000248	app/core/gimpdynamics.c	6b87ff4f439e52691bea7fa58960a4195346ad46	-252,0 -> 259,4	11423965cccbee14261d38be780101c7a36ed7a2004ba2a61c193fe669096862	gimp_dynamics_init (GimpDynamics *dynamics)	"+private->blending_output = | +gimp_dynamics_create_output (dynamics, | +""blending-output"", | +GIMP_DYNAMICS_OUTPUT_BLENDING);"	Independent Smudge accumulation and blending	23.001,23.002,23.003,23.004,23.005	23.006	95f6410f25c5186686db7a489d79c1e79187cd41	app/core/gimpdynamics.c	b16f10b1f3820ff5e9f97cd0a94056bcd548d101	Old blending-output is the independent Smudge extension; do not equate it with current Flow/Rate or paper settings	NOT_PROVEN
01.016/hunk-000249	DONE	01.002/000249	app/core/gimpdynamics.c	6b87ff4f439e52691bea7fa58960a4195346ad46	-270,0 -> 281	06f32491218baf68ccaf9713070e64a00b4209a4fb6e1752608577571828967f	gimp_dynamics_finalize (GObject *object)	+g_object_unref (private->blending_output);	Independent Smudge accumulation and blending	23.001,23.002,23.003,23.004,23.005	23.006	95f6410f25c5186686db7a489d79c1e79187cd41	app/core/gimpdynamics.c	b16f10b1f3820ff5e9f97cd0a94056bcd548d101	Old blending-output is the independent Smudge extension; do not equate it with current Flow/Rate or paper settings	NOT_PROVEN
01.016/hunk-000250	DONE	01.002/000250	app/core/gimpdynamics.c	6b87ff4f439e52691bea7fa58960a4195346ad46	-345,0 -> 357,5	6ed30f47d1179c4bd96105d4ee31314a03798b6bfb787dc64345f070d8e596df	gimp_dynamics_set_property (GObject      *object,	+case PROP_BLENDING_OUTPUT: | +src_output  = g_value_get_object (value); | +dest_output = private->blending_output; | +break;	Independent Smudge accumulation and blending	23.001,23.002,23.003,23.004,23.005	23.006	95f6410f25c5186686db7a489d79c1e79187cd41	app/core/gimpdynamics.c	b16f10b1f3820ff5e9f97cd0a94056bcd548d101	Old blending-output is the independent Smudge extension; do not equate it with current Flow/Rate or paper settings	NOT_PROVEN
01.016/hunk-000251	DONE	01.002/000251	app/core/gimpdynamics.c	6b87ff4f439e52691bea7fa58960a4195346ad46	-416,0 -> 433,4	74c8be62c0ed9dc27561719e7f385811cb22d7259e6c000b1c3d6260e538a8e9	gimp_dynamics_get_property (GObject    *object,	+case PROP_BLENDING_OUTPUT: | +g_value_set_object (value, private->blending_output); | +break;	Independent Smudge accumulation and blending	23.001,23.002,23.003,23.004,23.005	23.006	95f6410f25c5186686db7a489d79c1e79187cd41	app/core/gimpdynamics.c	b16f10b1f3820ff5e9f97cd0a94056bcd548d101	Old blending-output is the independent Smudge extension; do not equate it with current Flow/Rate or paper settings	NOT_PROVEN
01.016/hunk-000252	DONE	01.002/000252	app/core/gimpdynamics.c	6b87ff4f439e52691bea7fa58960a4195346ad46	-549,0 -> 570,4	12391b222b6f121cc70634137dff015ca11e500ce67c6ccf343d37fed91f98b3	gimp_dynamics_get_output (GimpDynamics           *dynamics,	+case GIMP_DYNAMICS_OUTPUT_BLENDING: | +return private->blending_output; | +break;	Independent Smudge accumulation and blending	23.001,23.002,23.003,23.004,23.005	23.006	95f6410f25c5186686db7a489d79c1e79187cd41	app/core/gimpdynamics.c	b16f10b1f3820ff5e9f97cd0a94056bcd548d101	Old blending-output is the independent Smudge extension; do not equate it with current Flow/Rate or paper settings	NOT_PROVEN
01.016/hunk-000253	DONE	01.002/000253	app/core/gimpdynamics.h	22fe1dc3495737de4bfb5ab5f9922bb3f694de42	-54,0 -> 55,6	f64b169d7ccbae34f32ca01b1d69340cf7051cd6a50c1333f671def10e61300d	GimpDynamicsOutput * gimp_dynamics_get_output   (GimpDynamics           *dynamic	"+#ifdef __cplusplus | +extern ""C++"" { | +#include ""base/glib-cxx-types.hpp"" | +__DECLARE_GTK_CLASS__(GimpDynamics, GIMP_TYPE_DYNAMICS); | +}; | +#endif"	C/C++ header/type adapter	04.003,04.004,08.019	04.014,04.017	95f6410f25c5186686db7a489d79c1e79187cd41	app/core/gimpdynamics.h	e65fdf634993be7d1d6352ba0c1b5416c578d9f9	Use the named current source with this separately assigned legacy contract; same path/feature name is not equivalence evidence	NOT_PROVEN
01.016/hunk-000254	DONE	01.002/000254	app/core/gimpdynamicsoutput.h	407fc79175a4efead54f38e44a0265cab3b7dc87	-67 -> 67,6	84afddbd64ca6e09916064cc6c7f0ce5820909fa23f9f611aca22b3a172aa617	gdouble    gimp_dynamics_output_get_aspect_value   (GimpDynamicsOutput *output,	"+#ifdef __cplusplus | +extern ""C++"" { | +#include ""base/glib-cxx-types.hpp"" | +__DECLARE_GTK_CLASS__(GimpDynamicsOutput, GIMP_TYPE_DYNAMICS_OUTPUT); | +}; | +#endif"	C/C++ header/type adapter	04.003,04.004,08.019	04.014,04.017	95f6410f25c5186686db7a489d79c1e79187cd41	app/core/gimpdynamicsoutput.h	855cc4aa040f3411b71faa18e5b34ec933b51034	Use the named current source with this separately assigned legacy contract; same path/feature name is not equivalence evidence	NOT_PROVEN
01.016/hunk-000266	DONE	01.002/000266	app/core/gimpimage-contiguous-region.c	b4b8a2ffc03313981dab2f51b85ab1a4cd22a969	-53,0 -> 54,18	5f41bfc325f2c2728ec984c8954dc1a126c2a46c0506f3930c8fd0aa5de5afd4	typedef struct	+typedef struct { | +PixelRegion* pr1; | +PixelRegion* pr2; | +PixelRegion* pr3; | +gboolean    pr1_writable; | +gboolean    pr2_writable; | +gboolean    pr3_writable; | +gint origin_x; | +gint origin_y; | +gint cur_x; | +gint cur_y; | +gint cur_tile_width; | +gint min_x, min_y; | +gint max_x, max_y; | +} PixelRegionIteratorX3;	Bounded fill traversal and iterator lifetime	09.003,27.004/gegl-bounded-search,27.006,27.010	09.016,27.013,27.014,27.015	95f6410f25c5186686db7a489d79c1e79187cd41	app/core/gimppickable-contiguous-region.cc	a3327564c4c07f0a4c692c417dddd72fcc0853a9	Current GEGL seed traversal has no source-mask input; add bounded sampling and old penalty semantics, preserving transparency/offset rules	NOT_PROVEN
01.016/hunk-000267	DONE	01.002/000267	app/core/gimpimage-contiguous-region.c	b4b8a2ffc03313981dab2f51b85ab1a4cd22a969	-61,0 -> 80	7f10884666df38364a70d8b09dbc49feca68aa9b5389d4d53c9bbf46c7642373	static gint pixel_difference              (const guchar        *col1,	+const guchar        *col3,	Fill distance and soft selection penalty	27.003,27.005/selection-barrier,27.005/selection-threshold-contract,27.006	27.013,27.014,27.015	95f6410f25c5186686db7a489d79c1e79187cd41	app/core/gimppickable-contiguous-region.cc	a3327564c4c07f0a4c692c417dddd72fcc0853a9	Current GEGL seed traversal has no source-mask input; add bounded sampling and old penalty semantics, preserving transparency/offset rules	NOT_PROVEN
01.016/hunk-000268	DONE	01.002/000268	app/core/gimpimage-contiguous-region.c	b4b8a2ffc03313981dab2f51b85ab1a4cd22a969	-68,8 -> 86,0	3175129246cd46a0e0298eccfeb5206d543befbe94d6aee556f0a7674938ecab	static gint pixel_difference              (const guchar        *col1,	-static void ref_tiles                     (TileManager         *src, | -TileManager         *mask, | -Tile               **s_tile, | -Tile               **m_tile, | -gint                 x, | -gint                 y, | -guchar             **s, | -guchar             **m);	Bounded fill traversal and iterator lifetime	09.003,27.004/gegl-bounded-search,27.006,27.010	09.016,27.013,27.014,27.015	95f6410f25c5186686db7a489d79c1e79187cd41	app/core/gimppickable-contiguous-region.cc	a3327564c4c07f0a4c692c417dddd72fcc0853a9	Current GEGL seed traversal has no source-mask input; add bounded sampling and old penalty semantics, preserving transparency/offset rules	NOT_PROVEN
01.016/hunk-000269	DONE	01.002/000269	app/core/gimpimage-contiguous-region.c	b4b8a2ffc03313981dab2f51b85ab1a4cd22a969	-78,4 -> 89	05372032ed13f32b242b10df407ab2be8650bdbce4b5cad436e135a8ae1d7795	static gboolean find_contiguous_segment   (GimpImage           *image,	+PixelRegionIteratorX3* iter, | -PixelRegion         *src, | -PixelRegion         *mask, | -gint                 width, | -gint                 bytes,	Bounded fill traversal and iterator lifetime	09.003,27.004/gegl-bounded-search,27.006,27.010	09.016,27.013,27.014,27.015	95f6410f25c5186686db7a489d79c1e79187cd41	app/core/gimppickable-contiguous-region.cc	a3327564c4c07f0a4c692c417dddd72fcc0853a9	Current GEGL seed traversal has no source-mask input; add bounded sampling and old penalty semantics, preserving transparency/offset rules	NOT_PROVEN
01.016/hunk-000270	DONE	01.002/000270	app/core/gimpimage-contiguous-region.c	b4b8a2ffc03313981dab2f51b85ab1a4cd22a969	-93,0 -> 102	5345754ba750463718d3ea26ca4c4c10b39ffff9ce8ac3c9faeddcff832c41d6	static void find_contiguous_region_helper (GimpImage           *image,	+PixelRegion         *src_mask,	Fill distance and soft selection penalty	27.003,27.005/selection-barrier,27.005/selection-threshold-contract,27.006	27.013,27.014,27.015	95f6410f25c5186686db7a489d79c1e79187cd41	app/core/gimppickable-contiguous-region.cc	a3327564c4c07f0a4c692c417dddd72fcc0853a9	Current GEGL seed traversal has no source-mask input; add bounded sampling and old penalty semantics, preserving transparency/offset rules	NOT_PROVEN
01.016/hunk-000271	DONE	01.002/000271	app/core/gimpimage-contiguous-region.c	b4b8a2ffc03313981dab2f51b85ab1a4cd22a969	-103,0 -> 113,145	c920740030b9fa4fdc3a6a1032fb313f9a23603bc53525f87d7edf13ec8a699d	static void find_contiguous_region_helper (GimpImage           *image,	"+static void | +pixel_region_iterator_x_init( | +PixelRegionIteratorX3* iter, | +PixelRegion* pr1, PixelRegion* pr2, PixelRegion* pr3, | +gboolean pr1_writable, gboolean pr2_writable, gboolean pr3_writable, | +gint x, gint y, gint min_x, gint min_y, gint max_x, gint max_y) | +{ | +iter->pr1 = iter->pr2 = iter->pr3 = NULL; | +if (iter){ | +if (pr1) { | +iter->pr1 = g_new0(PixelRegion, 1); | +pixel_region_duplicate(iter->pr1, pr1); | +} | +if (pr2) { | +iter->pr2 = g_new0(PixelRegion, 1); | +pixel_region_duplicate(iter->pr2, pr2); | +} | +if (pr3) { | +iter->pr3 = g_new0(PixelRegion, 1); | +pixel_region_duplicate(iter->pr3, pr3); | +} | +iter->pr1_writable = pr1_writable; | +iter->pr2_writable = pr2_writable; | +iter->pr3_writable = pr3_writable; | +iter->origin_x = iter->cur_x = x; | +iter->origin_y = iter->cur_y = y; | +iter->min_x = min_x; | +iter->max_x = max_x; | +iter->min_y = min_y; | +iter->max_y = max_y; | +iter->cur_tile_width  = 0; | +} | +} | +static void | +pixel_region_iterator_x_cleanup(PixelRegionIteratorX3* iter) | +{ | +if (iter->pr1) | +g_free(iter->pr1); | +if (iter->pr2) | +g_free(iter->pr2); | +if (iter->pr3) | +g_free(iter->pr3); | +} | +static void | +pixel_region_iterator_x_update(PixelRegionIteratorX3* iter) | +{ | +gint off_x = iter->cur_x - iter->min_x; | +gint off_y = iter->cur_y - iter->min_y; | +if (iter->pr1) { | +if (iter->pr1->curtile != NULL) | +tile_release (iter->pr1->curtile, iter->pr1_writable && iter->pr1->dirty); | +iter->pr1->offx    = (iter->pr1->x + off_x) % TILE_WIDTH; | +iter->pr1->offy    = (iter->pr1->y + off_y) % TILE_WIDTH; | +iter->pr1->curtile = tile_manager_get_tile (iter->pr1->tiles, iter->pr1->x + off_x, iter->pr1->y + off_y, TRUE, iter->pr1_writable); | +iter->pr1->data    = tile_data_pointer (iter->pr1->curtile, iter->pr1->offx, iter->pr1->offy); | +iter->pr1->dirty   = FALSE; | +} | +if (iter->pr2) { | +if (iter->pr2->curtile != NULL) | +tile_release (iter->pr2->curtile, iter->pr2_writable && iter->pr2->dirty); | +iter->pr2->offx    = (iter->pr2->x + off_x) % TILE_WIDTH; | +iter->pr2->offy    = (iter->pr2->y + off_y) % TILE_WIDTH; | +iter->pr2->curtile = tile_manager_get_tile (iter->pr2->tiles, iter->pr2->x + off_x, iter->pr2->y + off_y, TRUE, iter->pr2_writable); | +iter->pr2->data    = tile_data_pointer (iter->pr2->curtile, iter->pr2->offx, iter->pr2->offy); | +iter->pr2->dirty   = FALSE; | +} | +if (iter->pr3) { | +if (iter->pr3->curtile != NULL) | +tile_release (iter->pr3->curtile, iter->pr3_writable && iter->pr3->dirty); | +iter->pr3->offx    = (iter->pr3->x + off_x) % TILE_WIDTH; | +iter->pr3->offy    = (iter->pr3->y + off_y) % TILE_WIDTH; | +iter->pr3->curtile = tile_manager_get_tile (iter->pr3->tiles, iter->pr3->x + off_x, iter->pr3->y + off_y, TRUE, iter->pr3_writable); | +iter->pr3->data    = tile_data_pointer (iter->pr3->curtile, iter->pr3->offx, iter->pr3->offy); | +iter->pr3->dirty   = FALSE; | +} | +}; | +static gboolean | +pixel_region_iterator_x_next(PixelRegionIteratorX3* iter) | +{ | +gint off_x; | +gint pr1_width_fw, pr2_width_fw, pr3_width_fw; | +pr1_width_fw = pr2_width_fw = pr3_width_fw = TILE_WIDTH; | +iter->cur_x += iter->cur_tile_width; | +if (iter->cur_x >= iter->max_x) | +return FALSE; | +pixel_region_iterator_x_update(iter); | +off_x = iter->cur_x - iter->min_x; | +if (iter->pr1) | +pr1_width_fw = MIN(TILE_WIDTH - iter->pr1->offx, iter->pr1->w - off_x); | +if (iter->pr2) | +pr2_width_fw = MIN(TILE_WIDTH - iter->pr2->offx, iter->pr2->w - off_x); | +if (iter->pr3) | +pr3_width_fw = MIN(TILE_WIDTH - iter->pr3->offx, iter->pr3->w - off_x); | +iter->cur_tile_width = CLAMP(MIN(pr1_width_fw, MIN(pr2_width_fw, pr3_width_fw)), 0, TILE_WIDTH); | +return TRUE; | +}; | +static gboolean | +pixel_region_iterator_x_prev(PixelRegionIteratorX3* iter) | +{ | +gint off_x; | +gint pr1_width_bw, pr2_width_bw, pr3_width_bw; | +pr1_width_bw = pr2_width_bw = pr3_width_bw = TILE_WIDTH; | +off_x = iter->cur_x - iter->min_x; | +if (iter->pr1) | +pr1_width_bw = MIN(iter->pr1->offx > 0 ? iter->pr1->offx: TILE_WIDTH, off_x); | +if (iter->pr2) | +pr2_width_bw = MIN(iter->pr2->offx > 0 ? iter->pr2->offx: TILE_WIDTH, off_x); | +if (iter->pr3) | +pr3_width_bw = MIN(iter->pr3->offx > 0 ? iter->pr3->offx: TILE_WIDTH, off_x); | +iter->cur_tile_width = CLAMP(MIN(pr1_width_bw, MIN(pr2_width_bw, pr3_width_bw)), 0, TILE_WIDTH); | +iter->cur_x -= iter->cur_tile_width; | +if (iter->cur_x < iter->min_x) { | +g_print(""prev: shoud not be happened.\n""); | +return FALSE; | +} | +pixel_region_iterator_x_update(iter); | +return TRUE; | +}"	Bounded fill traversal and iterator lifetime	09.003,27.004/gegl-bounded-search,27.006,27.010	09.016,27.013,27.014,27.015	95f6410f25c5186686db7a489d79c1e79187cd41	app/core/gimppickable-contiguous-region.cc	a3327564c4c07f0a4c692c417dddd72fcc0853a9	Current GEGL seed traversal has no source-mask input; add bounded sampling and old penalty semantics, preserving transparency/offset rules	NOT_PROVEN
01.016/hunk-000272	DONE	01.002/000272	app/core/gimpimage-contiguous-region.c	b4b8a2ffc03313981dab2f51b85ab1a4cd22a969	-106,0 -> 261	4e3cf60495dca6411d155372c42aa62f07a6f0c5792f016cff361dd7a3965b20	static void find_contiguous_region_helper (GimpImage           *image,	Whitespace-only source delta; no active token change	Nonfunctional/obsolete source candidate	31.018	31.020,38.001	95f6410f25c5186686db7a489d79c1e79187cd41	app/core/gimppickable-contiguous-region.cc	a3327564c4c07f0a4c692c417dddd72fcc0853a9	Current GEGL seed traversal has no source-mask input; add bounded sampling and old penalty semantics, preserving transparency/offset rules	NOT_PROVEN
01.016/hunk-000273	DONE	01.002/000273	app/core/gimpimage-contiguous-region.c	b4b8a2ffc03313981dab2f51b85ab1a4cd22a969	-118,2 -> 273,21	52f61949560814bd4a6519bc3850ec6a1c177a16e9749e3d55cd6983ab271999	gimp_image_contiguous_region_by_seed (GimpImage           *image,	+return gimp_image_contiguous_region_by_seed_ext ( | +image, drawable, NULL, sample_merged, antialias, threshold, | +select_transparent, select_criterion, x, y | +); | +} | +// added by gimp-painter 2.8 | +GimpChannel * | +gimp_image_contiguous_region_by_seed_ext (GimpImage           *image, | +GimpDrawable        *drawable, | +GimpChannel         *source_mask, | +gboolean             sample_merged, | +gboolean             antialias, | +gint                 threshold, | +gboolean             select_transparent, | +GimpSelectCriterion  select_criterion, | +gint                 x, | +gint                 y) | +{ | +PixelRegion    srcPR, src_mask_PR; | -PixelRegion    srcPR, maskPR; | -GimpPickable  *pickable;	Bounded fill source/seed/offset preparation	27.001/snapshot-contract,27.002,27.004/gegl-bounded-search,27.005/selection-threshold-contract	27.013,27.014,27.015	95f6410f25c5186686db7a489d79c1e79187cd41	app/core/gimppickable-contiguous-region.cc	a3327564c4c07f0a4c692c417dddd72fcc0853a9	Current GEGL seed traversal has no source-mask input; add bounded sampling and old penalty semantics, preserving transparency/offset rules	NOT_PROVEN
01.016/hunk-000274	DONE	01.002/000274	app/core/gimpimage-contiguous-region.c	b4b8a2ffc03313981dab2f51b85ab1a4cd22a969	-121 -> 295	541508436352c92108045ea65aed6f6d8a1af11322abbecfa0b689a68816bad8	gimp_image_contiguous_region_by_seed (GimpImage           *image,	+GimpPickable  *pickable; | -GimpChannel   *mask;	Bounded fill source/seed/offset preparation	27.001/snapshot-contract,27.002,27.004/gegl-bounded-search,27.005/selection-threshold-contract	27.013,27.014,27.015	95f6410f25c5186686db7a489d79c1e79187cd41	app/core/gimppickable-contiguous-region.cc	a3327564c4c07f0a4c692c417dddd72fcc0853a9	Current GEGL seed traversal has no source-mask input; add bounded sampling and old penalty semantics, preserving transparency/offset rules	NOT_PROVEN
01.016/hunk-000275	DONE	01.002/000275	app/core/gimpimage-contiguous-region.c	b4b8a2ffc03313981dab2f51b85ab1a4cd22a969	-125,4 -> 299,2	a82c31a59adee45a4b874e617363f63842a1e7c857623fd3cf5bc0cca262603f	gimp_image_contiguous_region_by_seed (GimpImage           *image,	+gint           x1, y1, x2, y2; | +gint           off_x = 0, off_y = 0; | -Tile          *tile; | -g_return_val_if_fail (GIMP_IS_IMAGE (image), NULL); | -g_return_val_if_fail (GIMP_IS_DRAWABLE (drawable), NULL);	Bounded fill source/seed/offset preparation	27.001/snapshot-contract,27.002,27.004/gegl-bounded-search,27.005/selection-threshold-contract	27.013,27.014,27.015	95f6410f25c5186686db7a489d79c1e79187cd41	app/core/gimppickable-contiguous-region.cc	a3327564c4c07f0a4c692c417dddd72fcc0853a9	Current GEGL seed traversal has no source-mask input; add bounded sampling and old penalty semantics, preserving transparency/offset rules	NOT_PROVEN
01.016/hunk-000276	DONE	01.002/000276	app/core/gimpimage-contiguous-region.c	b4b8a2ffc03313981dab2f51b85ab1a4cd22a969	-142,5 -> 314,31	73fb59b76c510309a0bc4f5c464eff8b8dde68ad09a8ddc87cfbcc9e80288c17	gimp_image_contiguous_region_by_seed (GimpImage           *image,	+if (GIMP_IS_DRAWABLE(pickable)) { | +gimp_item_get_offset (GIMP_ITEM(pickable), &off_x, &off_y); | +} | +if (source_mask) { | +gimp_channel_bounds (source_mask, &x1, &y1, &x2, &y2); | +if (x1 < off_x) | +x1 = off_x; | +if (y1 < off_y) | +y1 = off_y; | +if (x2 - off_x >= tile_manager_width (tiles)) | +x2 = tile_manager_width (tiles); | +if (y2 - off_y >= tile_manager_height (tiles)) | +y2 = tile_manager_height (tiles); | +pixel_region_init (&src_mask_PR, gimp_drawable_get_tiles (GIMP_DRAWABLE (source_mask)), | +x1, y1, x2 - x1, y2 - y1, TRUE); | +} else { | +x1 = y1 = 0; | +x2 = tile_manager_width (tiles); | +y2 = tile_manager_height (tiles); | +} | +pixel_region_init (&srcPR, tiles, x1 - off_x, y1 - off_y, x2 - x1, y2 - y1, FALSE); | +return gimp_image_contiguous_region_by_seed_full ( | +image, &srcPR, off_x, off_y, source_mask? &src_mask_PR: NULL, 0, 0, x1, y1, x2, y2, src_type, has_alpha, bytes, antialias, threshold, | +select_transparent, select_criterion, x, y, NULL | +); | +} | -pixel_region_init (&srcPR, tiles, | -0, 0, | -tile_manager_width (tiles), | -tile_manager_height (tiles), | -FALSE);	Bounded fill source/seed/offset preparation	27.001/snapshot-contract,27.002,27.004/gegl-bounded-search,27.005/selection-threshold-contract	27.013,27.014,27.015	95f6410f25c5186686db7a489d79c1e79187cd41	app/core/gimppickable-contiguous-region.cc	a3327564c4c07f0a4c692c417dddd72fcc0853a9	Current GEGL seed traversal has no source-mask input; add bounded sampling and old penalty semantics, preserving transparency/offset rules	NOT_PROVEN
01.016/hunk-000277	DONE	01.002/000277	app/core/gimpimage-contiguous-region.c	b4b8a2ffc03313981dab2f51b85ab1a4cd22a969	-148,6 -> 345,0	c1cfb8f280e67f5b906a9f8a3a339f7b2baed16ad830d1b2950888484299877d	gimp_image_contiguous_region_by_seed (GimpImage           *image,	-mask = gimp_channel_new_mask (image, srcPR.w, srcPR.h); | -pixel_region_init (&maskPR, gimp_drawable_get_tiles (GIMP_DRAWABLE (mask)), | -0, 0, | -gimp_item_get_width  (GIMP_ITEM (mask)), | -gimp_item_get_height (GIMP_ITEM (mask)), | -TRUE);	Bounded fill source/seed/offset preparation	27.001/snapshot-contract,27.002,27.004/gegl-bounded-search,27.005/selection-threshold-contract	27.013,27.014,27.015	95f6410f25c5186686db7a489d79c1e79187cd41	app/core/gimppickable-contiguous-region.cc	a3327564c4c07f0a4c692c417dddd72fcc0853a9	Current GEGL seed traversal has no source-mask input; add bounded sampling and old penalty semantics, preserving transparency/offset rules	NOT_PROVEN
01.016/hunk-000278	DONE	01.002/000278	app/core/gimpimage-contiguous-region.c	b4b8a2ffc03313981dab2f51b85ab1a4cd22a969	-155 -> 347,42	5b6748ba52e6bda91efe4d1e13acdd6d64448c88d7b98fa47bb279b33d9c98b4	gimp_image_contiguous_region_by_seed (GimpImage           *image,	+// added by gimp-painter 2.8 | +GimpChannel * | +gimp_image_contiguous_region_by_seed_full (GimpImage           *image, | +PixelRegion         *srcPR, | +gint                 off_src_x, | +gint                 off_src_y, | +PixelRegion         *src_maskPR, | +gint                 off_mask_x, | +gint                 off_mask_y, | +gint                 x1, | +gint                 y1, | +gint                 x2, | +gint                 y2, | +GimpImageType        src_type, | +gboolean             has_alpha, | +gint                 bytes, | +gboolean             antialias, | +gint                 threshold, | +gboolean             select_transparent, | +GimpSelectCriterion  select_criterion, | +gint                 x, | +gint                 y, | +guchar              *start_color) | +{ | +PixelRegion    maskPR; | +//  TileManager   *tiles; | +GimpChannel   *mask; | +Tile          *tile; | +gint           off_x = off_src_x - off_mask_x; | +gint           off_y = off_src_y - off_mask_y; | +g_return_val_if_fail (GIMP_IS_IMAGE (image), NULL); | +// FIXME: | +mask = gimp_channel_new_mask (image, tile_manager_width (srcPR->tiles), tile_manager_height (srcPR->tiles)); | +if (x1 >= x2 || y1 >= y2) { | +return mask; | +} | +pixel_region_init (&maskPR, gimp_drawable_get_tiles (GIMP_DRAWABLE (mask)), | +x1 - off_x, y1 - off_y, x2 - x1, y2 - y1, TRUE); | +tile = tile_manager_get_tile (srcPR->tiles, x, y, TRUE, FALSE); | -tile = tile_manager_get_tile (srcPR.tiles, x, y, TRUE, FALSE);	Bounded fill source/seed/offset preparation	27.001/snapshot-contract,27.002,27.004/gegl-bounded-search,27.005/selection-threshold-contract	27.013,27.014,27.015	95f6410f25c5186686db7a489d79c1e79187cd41	app/core/gimppickable-contiguous-region.cc	a3327564c4c07f0a4c692c417dddd72fcc0853a9	Current GEGL seed traversal has no source-mask input; add bounded sampling and old penalty semantics, preserving transparency/offset rules	NOT_PROVEN
01.016/hunk-000279	DONE	01.002/000279	app/core/gimpimage-contiguous-region.c	b4b8a2ffc03313981dab2f51b85ab1a4cd22a969	-163,15 -> 396,2	c5891e2aee30ba597cc1842b09111e2cccc726f501b07e238033e4d62553d857	gimp_image_contiguous_region_by_seed (GimpImage           *image,	+if (!start_color) { | +start_color = start_col; | -if (has_alpha) | -{ | -if (select_transparent) | -{ | -/*  don't select transparent regions if the start pixel isn't | -*  fully transparent | -*/ | -if (start[bytes - 1] > 0) | -select_transparent = FALSE; | -} | -} | -else | -{ | -select_transparent = FALSE; | -}	Bounded fill source/seed/offset preparation	27.001/snapshot-contract,27.002,27.004/gegl-bounded-search,27.005/selection-threshold-contract	27.013,27.014,27.015	95f6410f25c5186686db7a489d79c1e79187cd41	app/core/gimppickable-contiguous-region.cc	a3327564c4c07f0a4c692c417dddd72fcc0853a9	Current GEGL seed traversal has no source-mask input; add bounded sampling and old penalty semantics, preserving transparency/offset rules	NOT_PROVEN
01.016/hunk-000280	DONE	01.002/000280	app/core/gimpimage-contiguous-region.c	b4b8a2ffc03313981dab2f51b85ab1a4cd22a969	-179,6 -> 399,3	6c608d5253d2d887c26eac82c608c36d1c24618b416ea3f334fab829981302a7	gimp_image_contiguous_region_by_seed (GimpImage           *image,	+if (GIMP_IMAGE_TYPE_IS_INDEXED (src_type)) { | +gimp_image_get_color (image, src_type, start, start_col); | +} else { | -if (GIMP_IMAGE_TYPE_IS_INDEXED (src_type)) | -{ | -gimp_image_get_color (image, src_type, start, start_col); | -} | -else | -{	Bounded fill source/seed/offset preparation	27.001/snapshot-contract,27.002,27.004/gegl-bounded-search,27.005/selection-threshold-contract	27.013,27.014,27.015	95f6410f25c5186686db7a489d79c1e79187cd41	app/core/gimppickable-contiguous-region.cc	a3327564c4c07f0a4c692c417dddd72fcc0853a9	Current GEGL seed traversal has no source-mask input; add bounded sampling and old penalty semantics, preserving transparency/offset rules	NOT_PROVEN
01.016/hunk-000281	DONE	01.002/000281	app/core/gimpimage-contiguous-region.c	b4b8a2ffc03313981dab2f51b85ab1a4cd22a969	-189,0 -> 407,13	f00c26dd8e0593c1762ad3492334f1c1cb7b03198188e9e6fbc1a728b037ab37	gimp_image_contiguous_region_by_seed (GimpImage           *image,	+} | +if (has_alpha) { | +if (select_transparent) { | +/*  don't select transparent regions if the start pixel isn't | +*  fully transparent | +*/ | +if (start[bytes - 1] > 0) | +select_transparent = FALSE; | +} | +} else { | +select_transparent = FALSE; | +}	Bounded fill source/seed/offset preparation	27.001/snapshot-contract,27.002,27.004/gegl-bounded-search,27.005/selection-threshold-contract	27.013,27.014,27.015	95f6410f25c5186686db7a489d79c1e79187cd41	app/core/gimppickable-contiguous-region.cc	a3327564c4c07f0a4c692c417dddd72fcc0853a9	Current GEGL seed traversal has no source-mask input; add bounded sampling and old penalty semantics, preserving transparency/offset rules	NOT_PROVEN
01.016/hunk-000282	DONE	01.002/000282	app/core/gimpimage-contiguous-region.c	b4b8a2ffc03313981dab2f51b85ab1a4cd22a969	-191 -> 421	475d7d9e00f3891ddbfff61b0b45049f2b9bfe7025a878a14051a91bc9919735	gimp_image_contiguous_region_by_seed (GimpImage           *image,	+find_contiguous_region_helper (image, &maskPR, srcPR, src_maskPR, | -find_contiguous_region_helper (image, &maskPR, &srcPR,	Fill distance and soft selection penalty	27.003,27.005/selection-barrier,27.005/selection-threshold-contract,27.006	27.013,27.014,27.015	95f6410f25c5186686db7a489d79c1e79187cd41	app/core/gimppickable-contiguous-region.cc	a3327564c4c07f0a4c692c417dddd72fcc0853a9	Current GEGL seed traversal has no source-mask input; add bounded sampling and old penalty semantics, preserving transparency/offset rules	NOT_PROVEN
01.016/hunk-000283	DONE	01.002/000283	app/core/gimpimage-contiguous-region.c	b4b8a2ffc03313981dab2f51b85ab1a4cd22a969	-195 -> 425	489ed093414ba82ad66bb9233afaece22d02f2283427ff849d78fd68991071e5	gimp_image_contiguous_region_by_seed (GimpImage           *image,	+x, y, start_color); | -x, y, start_col);	Bounded fill source/seed/offset preparation	27.001/snapshot-contract,27.002,27.004/gegl-bounded-search,27.005/selection-threshold-contract	27.013,27.014,27.015	95f6410f25c5186686db7a489d79c1e79187cd41	app/core/gimppickable-contiguous-region.cc	a3327564c4c07f0a4c692c417dddd72fcc0853a9	Current GEGL seed traversal has no source-mask input; add bounded sampling and old penalty semantics, preserving transparency/offset rules	NOT_PROVEN
01.016/hunk-000284	DONE	01.002/000284	app/core/gimpimage-contiguous-region.c	b4b8a2ffc03313981dab2f51b85ab1a4cd22a969	-312 -> 542	010383a7fd415533863b4b400cc35e957ac94abbc3c0e03ac04963a99b9cef6c	contiguous_region_by_color (ContinuousRegionData *cont,	+*m++ = pixel_difference (cont->color, rgb, NULL, | -*m++ = pixel_difference (cont->color, rgb,	Fill distance and soft selection penalty	27.003,27.005/selection-barrier,27.005/selection-threshold-contract,27.006	27.013,27.014,27.015	95f6410f25c5186686db7a489d79c1e79187cd41	app/core/gimppickable-contiguous-region.cc	a3327564c4c07f0a4c692c417dddd72fcc0853a9	Current GEGL seed traversal has no source-mask input; add bounded sampling and old penalty semantics, preserving transparency/offset rules	NOT_PROVEN
01.016/hunk-000285	DONE	01.002/000285	app/core/gimpimage-contiguous-region.c	b4b8a2ffc03313981dab2f51b85ab1a4cd22a969	-327,0 -> 558	985645e46abadb79617dba2525860e80c39bbaea6febd9683a0b59e5b5c101f4	contiguous_region_by_color (ContinuousRegionData *cont,	+// updated by gimp-painter 2.8	Nonfunctional/obsolete source candidate	31.018	31.020,38.001	95f6410f25c5186686db7a489d79c1e79187cd41	app/core/gimppickable-contiguous-region.cc	a3327564c4c07f0a4c692c417dddd72fcc0853a9	Current GEGL seed traversal has no source-mask input; add bounded sampling and old penalty semantics, preserving transparency/offset rules	NOT_PROVEN
01.016/hunk-000286	DONE	01.002/000286	app/core/gimpimage-contiguous-region.c	b4b8a2ffc03313981dab2f51b85ab1a4cd22a969	-330,0 -> 562	97ff1b9d99f8cec47dce29db6f94ab3e2acf129da25edc1a6958de9850cf3756	pixel_difference (const guchar        *col1,	+const guchar        *src_mask,	Fill distance and soft selection penalty	27.003,27.005/selection-barrier,27.005/selection-threshold-contract,27.006	27.013,27.014,27.015	95f6410f25c5186686db7a489d79c1e79187cd41	app/core/gimppickable-contiguous-region.cc	a3327564c4c07f0a4c692c417dddd72fcc0853a9	Current GEGL seed traversal has no source-mask input; add bounded sampling and old penalty semantics, preserving transparency/offset rules	NOT_PROVEN
01.016/hunk-000287	DONE	01.002/000287	app/core/gimpimage-contiguous-region.c	b4b8a2ffc03313981dab2f51b85ab1a4cd22a969	-338 -> 570	5aff4d13beca5b7532ddad4f1cc7d4f9b54a81e2e5340a1b1ee8a3779cc93465	pixel_difference (const guchar        *col1,	+gfloat max = 0; | -gint max = 0;	Fill distance and soft selection penalty	27.003,27.005/selection-barrier,27.005/selection-threshold-contract,27.006	27.013,27.014,27.015	95f6410f25c5186686db7a489d79c1e79187cd41	app/core/gimppickable-contiguous-region.cc	a3327564c4c07f0a4c692c417dddd72fcc0853a9	Current GEGL seed traversal has no source-mask input; add bounded sampling and old penalty semantics, preserving transparency/offset rules	NOT_PROVEN
01.016/hunk-000288	DONE	01.002/000288	app/core/gimpimage-contiguous-region.c	b4b8a2ffc03313981dab2f51b85ab1a4cd22a969	-426,0 -> 659,4	f5fa565c948aa63afaf91db1a831946694d9f4976355aa8c1ced2253f0f907c7	pixel_difference (const guchar        *col1,	+if (src_mask) { | +max = (*src_mask * max + (255 - *src_mask) * 255) / 255; | +}	Fill distance and soft selection penalty	27.003,27.005/selection-barrier,27.005/selection-threshold-contract,27.006	27.013,27.014,27.015	95f6410f25c5186686db7a489d79c1e79187cd41	app/core/gimppickable-contiguous-region.cc	a3327564c4c07f0a4c692c417dddd72fcc0853a9	Current GEGL seed traversal has no source-mask input; add bounded sampling and old penalty semantics, preserving transparency/offset rules	NOT_PROVEN
01.016/hunk-000289	DONE	01.002/000289	app/core/gimpimage-contiguous-region.c	b4b8a2ffc03313981dab2f51b85ab1a4cd22a969	-429 -> 665	c57304425c95cde7b62c46b7baede799bc9b373f4129878f28bae1e17caf8e60	pixel_difference (const guchar        *col1,	+gfloat aa = 1.5 - ( max / threshold); | -gfloat aa = 1.5 - ((gfloat) max / threshold);	Fill distance and soft selection penalty	27.003,27.005/selection-barrier,27.005/selection-threshold-contract,27.006	27.013,27.014,27.015	95f6410f25c5186686db7a489d79c1e79187cd41	app/core/gimppickable-contiguous-region.cc	a3327564c4c07f0a4c692c417dddd72fcc0853a9	Current GEGL seed traversal has no source-mask input; add bounded sampling and old penalty semantics, preserving transparency/offset rules	NOT_PROVEN
01.016/hunk-000290	DONE	01.002/000290	app/core/gimpimage-contiguous-region.c	b4b8a2ffc03313981dab2f51b85ab1a4cd22a969	-447,22 -> 683	6a2133a60cd172e21b20fa576e0b076d1b78bf82a3b8a897b5c375735b669839	pixel_difference (const guchar        *col1,	+// updated by gimp-painter 2.8 | -static void | -ref_tiles (TileManager  *src, | -TileManager  *mask, | -Tile        **s_tile, | -Tile        **m_tile, | -gint          x, | -gint          y, | -guchar      **s, | -guchar      **m) | -{ | -if (*s_tile != NULL) | -tile_release (*s_tile, FALSE); | -if (*m_tile != NULL) | -tile_release (*m_tile, TRUE); | -*s_tile = tile_manager_get_tile (src, x, y, TRUE, FALSE); | -*m_tile = tile_manager_get_tile (mask, x, y, TRUE, TRUE); | -*s = tile_data_pointer (*s_tile, x, y); | -*m = tile_data_pointer (*m_tile, x, y); | -}	Bounded fill traversal and iterator lifetime	09.003,27.004/gegl-bounded-search,27.006,27.010	09.016,27.013,27.014,27.015	95f6410f25c5186686db7a489d79c1e79187cd41	app/core/gimppickable-contiguous-region.cc	a3327564c4c07f0a4c692c417dddd72fcc0853a9	Current GEGL seed traversal has no source-mask input; add bounded sampling and old penalty semantics, preserving transparency/offset rules	NOT_PROVEN
01.016/hunk-000291	DONE	01.002/000291	app/core/gimpimage-contiguous-region.c	b4b8a2ffc03313981dab2f51b85ab1a4cd22a969	-472,4 -> 687	627ca4027f49106bc3e00871956387bbdb5536c17ce970238fb710a1044797dc	find_contiguous_segment (GimpImage           *image,	+PixelRegionIteratorX3* iter, | -PixelRegion         *src, | -PixelRegion         *mask, | -gint                 width, | -gint                 bytes,	Bounded fill traversal and iterator lifetime	09.003,27.004/gegl-bounded-search,27.006,27.010	09.016,27.013,27.014,27.015	95f6410f25c5186686db7a489d79c1e79187cd41	app/core/gimppickable-contiguous-region.cc	a3327564c4c07f0a4c692c417dddd72fcc0853a9	Current GEGL seed traversal has no source-mask input; add bounded sampling and old penalty semantics, preserving transparency/offset rules	NOT_PROVEN
01.016/hunk-000292	DONE	01.002/000292	app/core/gimpimage-contiguous-region.c	b4b8a2ffc03313981dab2f51b85ab1a4cd22a969	-486,2 -> 697,0	b1aad449699a0be577c3072457fa4429e64df3eb39d4f263b9866b3a966c5e7e	find_contiguous_segment (GimpImage           *image,	-guchar *s; | -guchar *m;	Bounded fill traversal and iterator lifetime	09.003,27.004/gegl-bounded-search,27.006,27.010	09.016,27.013,27.014,27.015	95f6410f25c5186686db7a489d79c1e79187cd41	app/core/gimppickable-contiguous-region.cc	a3327564c4c07f0a4c692c417dddd72fcc0853a9	Current GEGL seed traversal has no source-mask input; add bounded sampling and old penalty semantics, preserving transparency/offset rules	NOT_PROVEN
01.016/hunk-000293	DONE	01.002/000293	app/core/gimpimage-contiguous-region.c	b4b8a2ffc03313981dab2f51b85ab1a4cd22a969	-490,6 -> 700,2	c3f20993684860957491f326af63cdccd46ca02001e92ea9cd99b2a19f1cd612	find_contiguous_segment (GimpImage           *image,	+gint    col_bytes = iter->pr1->bytes; | +gint    cur_tile_remained; | -gint    col_bytes = bytes; | -Tile   *s_tile    = NULL; | -Tile   *m_tile    = NULL; | -ref_tiles (src->tiles, mask->tiles, | -&s_tile, &m_tile, src->x, src->y, &s, &m);	Bounded fill traversal and iterator lifetime	09.003,27.004/gegl-bounded-search,27.006,27.010	09.016,27.013,27.014,27.015	95f6410f25c5186686db7a489d79c1e79187cd41	app/core/gimppickable-contiguous-region.cc	a3327564c4c07f0a4c692c417dddd72fcc0853a9	Current GEGL seed traversal has no source-mask input; add bounded sampling and old penalty semantics, preserving transparency/offset rules	NOT_PROVEN
01.016/hunk-000294	DONE	01.002/000294	app/core/gimpimage-contiguous-region.c	b4b8a2ffc03313981dab2f51b85ab1a4cd22a969	-496,0 -> 703	4df86a07eee7e151f29e29a17c45ce05533341d5274eaac7223b0e89d3a41902	find_contiguous_segment (GimpImage           *image,	+pixel_region_iterator_x_update(iter);	Bounded fill traversal and iterator lifetime	09.003,27.004/gegl-bounded-search,27.006,27.010	09.016,27.013,27.014,27.015	95f6410f25c5186686db7a489d79c1e79187cd41	app/core/gimppickable-contiguous-region.cc	a3327564c4c07f0a4c692c417dddd72fcc0853a9	Current GEGL seed traversal has no source-mask input; add bounded sampling and old penalty semantics, preserving transparency/offset rules	NOT_PROVEN
01.016/hunk-000295	DONE	01.002/000295	app/core/gimpimage-contiguous-region.c	b4b8a2ffc03313981dab2f51b85ab1a4cd22a969	-501 -> 708	7c82a176ebf76efbf8d49a2f744462c14e5d9244b90b32d2f948d2c6b92bc0e8	find_contiguous_segment (GimpImage           *image,	+gimp_image_get_color (image, src_type, iter->pr1->data, s_color); | -gimp_image_get_color (image, src_type, s, s_color);	Bounded fill traversal and iterator lifetime	09.003,27.004/gegl-bounded-search,27.006,27.010	09.016,27.013,27.014,27.015	95f6410f25c5186686db7a489d79c1e79187cd41	app/core/gimppickable-contiguous-region.cc	a3327564c4c07f0a4c692c417dddd72fcc0853a9	Current GEGL seed traversal has no source-mask input; add bounded sampling and old penalty semantics, preserving transparency/offset rules	NOT_PROVEN
01.016/hunk-000296	DONE	01.002/000296	app/core/gimpimage-contiguous-region.c	b4b8a2ffc03313981dab2f51b85ab1a4cd22a969	-503 -> 710	e56442bba1c8af9f0a67b5af240de8832997a18ec4897ec91d2f78a49fbb1111	find_contiguous_segment (GimpImage           *image,	+diff = pixel_difference (col, s_color, iter->pr3? iter->pr3->data: NULL, antialias, threshold, | -diff = pixel_difference (col, s_color, antialias, threshold,	Fill distance and soft selection penalty	27.003,27.005/selection-barrier,27.005/selection-threshold-contract,27.006	27.013,27.014,27.015	95f6410f25c5186686db7a489d79c1e79187cd41	app/core/gimppickable-contiguous-region.cc	a3327564c4c07f0a4c692c417dddd72fcc0853a9	Current GEGL seed traversal has no source-mask input; add bounded sampling and old penalty semantics, preserving transparency/offset rules	NOT_PROVEN
01.016/hunk-000297	DONE	01.002/000297	app/core/gimpimage-contiguous-region.c	b4b8a2ffc03313981dab2f51b85ab1a4cd22a969	-509 -> 716	f64573fa63258d0739eae878f8a1769c2aa3cb77b5083f2f3861d2543afba6f3	find_contiguous_segment (GimpImage           *image,	+diff = pixel_difference (col, iter->pr1->data, iter->pr3? iter->pr3->data: NULL, antialias, threshold, | -diff = pixel_difference (col, s, antialias, threshold,	Fill distance and soft selection penalty	27.003,27.005/selection-barrier,27.005/selection-threshold-contract,27.006	27.013,27.014,27.015	95f6410f25c5186686db7a489d79c1e79187cd41	app/core/gimppickable-contiguous-region.cc	a3327564c4c07f0a4c692c417dddd72fcc0853a9	Current GEGL seed traversal has no source-mask input; add bounded sampling and old penalty semantics, preserving transparency/offset rules	NOT_PROVEN
01.016/hunk-000298	DONE	01.002/000298	app/core/gimpimage-contiguous-region.c	b4b8a2ffc03313981dab2f51b85ab1a4cd22a969	-511,0 -> 719	46c10220ed795e8b9f536b1a97325adf02379882d51f96a2dd79774fd2663436	find_contiguous_segment (GimpImage           *image,	"+//      g_print(""bytes=%d, mask.x=%d, mask.y=%d, mask=%d,diff=%d\n"",iter->pr3? iter->pr3->bytes: 0, iter->pr3? iter->pr3->x:0, iter->pr3? iter->pr3->y:0, iter->pr3? *iter->pr3->data: 0, diff);"	Nonfunctional/obsolete source candidate	31.018	31.020,38.001	95f6410f25c5186686db7a489d79c1e79187cd41	app/core/gimppickable-contiguous-region.cc	a3327564c4c07f0a4c692c417dddd72fcc0853a9	Current GEGL seed traversal has no source-mask input; add bounded sampling and old penalty semantics, preserving transparency/offset rules	NOT_PROVEN
01.016/hunk-000299	DONE	01.002/000299	app/core/gimpimage-contiguous-region.c	b4b8a2ffc03313981dab2f51b85ab1a4cd22a969	-517,2 -> 725,6	ca1e41df42ee4b6140b8aa29db11150731abc1c4b17597a930a4ab3fcdd42089	find_contiguous_segment (GimpImage           *image,	+if (iter->pr1->curtile) | +tile_release (iter->pr1->curtile, FALSE); | +if (iter->pr2->curtile) | +tile_release (iter->pr2->curtile, FALSE); | +if (iter->pr3 && iter->pr3->curtile) | +tile_release (iter->pr3->curtile, FALSE); | -tile_release (s_tile, FALSE); | -tile_release (m_tile, TRUE);	Bounded fill traversal and iterator lifetime	09.003,27.004/gegl-bounded-search,27.006,27.010	09.016,27.013,27.014,27.015	95f6410f25c5186686db7a489d79c1e79187cd41	app/core/gimppickable-contiguous-region.cc	a3327564c4c07f0a4c692c417dddd72fcc0853a9	Current GEGL seed traversal has no source-mask input; add bounded sampling and old penalty semantics, preserving transparency/offset rules	NOT_PROVEN
01.016/hunk-000300	DONE	01.002/000300	app/core/gimpimage-contiguous-region.c	b4b8a2ffc03313981dab2f51b85ab1a4cd22a969	-522,2 -> 734,3	bf8c6a3a1a519d4a42c180081939e9b67b7b021faa3808edad2d056ff46e0eb9	find_contiguous_segment (GimpImage           *image,	+iter->pr2->dirty   = TRUE; | +*iter->pr2->data-- = diff; | +iter->pr1->data -= iter->pr1->bytes; | -*m-- = diff; | -s -= bytes;	Bounded fill traversal and iterator lifetime	09.003,27.004/gegl-bounded-search,27.006,27.010	09.016,27.013,27.014,27.015	95f6410f25c5186686db7a489d79c1e79187cd41	app/core/gimppickable-contiguous-region.cc	a3327564c4c07f0a4c692c417dddd72fcc0853a9	Current GEGL seed traversal has no source-mask input; add bounded sampling and old penalty semantics, preserving transparency/offset rules	NOT_PROVEN
01.016/hunk-000301	DONE	01.002/000301	app/core/gimpimage-contiguous-region.c	b4b8a2ffc03313981dab2f51b85ab1a4cd22a969	-526 -> 739,4	c4206d9a067daa9680214920f2d97be23e79e3193c5efe2b48a1f911dcd7e21d	find_contiguous_segment (GimpImage           *image,	+iter->cur_x = *start + 1; | +cur_tile_remained = iter->cur_tile_width = 0; | +while (*start >= iter->min_x && diff) | -while (*start >= 0 && diff)	Bounded fill traversal and iterator lifetime	09.003,27.004/gegl-bounded-search,27.006,27.010	09.016,27.013,27.014,27.015	95f6410f25c5186686db7a489d79c1e79187cd41	app/core/gimppickable-contiguous-region.cc	a3327564c4c07f0a4c692c417dddd72fcc0853a9	Current GEGL seed traversal has no source-mask input; add bounded sampling and old penalty semantics, preserving transparency/offset rules	NOT_PROVEN
01.016/hunk-000302	DONE	01.002/000302	app/core/gimpimage-contiguous-region.c	b4b8a2ffc03313981dab2f51b85ab1a4cd22a969	-528,3 -> 744,8	f81606c7918ae6842c528f74f5088dcd5b285927f934ec4cab42d0fcee0fadf5	find_contiguous_segment (GimpImage           *image,	+if (cur_tile_remained <= 0) { | +pixel_region_iterator_x_prev (iter); | +iter->pr1->data += iter->pr1->bytes * (*start - iter->cur_x); | +iter->pr2->data += iter->pr2->bytes * (*start - iter->cur_x); | +if (iter->pr3) | +iter->pr3->data += iter->pr3->bytes * (*start - iter->cur_x); | +cur_tile_remained = iter->cur_tile_width; | +} | -if (! ((*start + 1) % TILE_WIDTH)) | -ref_tiles (src->tiles, mask->tiles, | -&s_tile, &m_tile, *start, src->y, &s, &m);	Bounded fill traversal and iterator lifetime	09.003,27.004/gegl-bounded-search,27.006,27.010	09.016,27.013,27.014,27.015	95f6410f25c5186686db7a489d79c1e79187cd41	app/core/gimppickable-contiguous-region.cc	a3327564c4c07f0a4c692c417dddd72fcc0853a9	Current GEGL seed traversal has no source-mask input; add bounded sampling and old penalty semantics, preserving transparency/offset rules	NOT_PROVEN
01.016/hunk-000303	DONE	01.002/000303	app/core/gimpimage-contiguous-region.c	b4b8a2ffc03313981dab2f51b85ab1a4cd22a969	-534 -> 755	3b7b1af67e3dae5fe825e0bc78586b2bf123879a7948621fddd5a63b816241b3	find_contiguous_segment (GimpImage           *image,	+gimp_image_get_color (image, src_type, iter->pr1->data, s_color); | -gimp_image_get_color (image, src_type, s, s_color);	Bounded fill traversal and iterator lifetime	09.003,27.004/gegl-bounded-search,27.006,27.010	09.016,27.013,27.014,27.015	95f6410f25c5186686db7a489d79c1e79187cd41	app/core/gimppickable-contiguous-region.cc	a3327564c4c07f0a4c692c417dddd72fcc0853a9	Current GEGL seed traversal has no source-mask input; add bounded sampling and old penalty semantics, preserving transparency/offset rules	NOT_PROVEN
01.016/hunk-000304	DONE	01.002/000304	app/core/gimpimage-contiguous-region.c	b4b8a2ffc03313981dab2f51b85ab1a4cd22a969	-536 -> 757	379556fad264cbdbc10f169c0de0d5d80fffc6aa8440927ccbb43f72703dbfff	find_contiguous_segment (GimpImage           *image,	+diff = pixel_difference (col, s_color, iter->pr3? iter->pr3->data: NULL, antialias, threshold, | -diff = pixel_difference (col, s_color, antialias, threshold,	Fill distance and soft selection penalty	27.003,27.005/selection-barrier,27.005/selection-threshold-contract,27.006	27.013,27.014,27.015	95f6410f25c5186686db7a489d79c1e79187cd41	app/core/gimppickable-contiguous-region.cc	a3327564c4c07f0a4c692c417dddd72fcc0853a9	Current GEGL seed traversal has no source-mask input; add bounded sampling and old penalty semantics, preserving transparency/offset rules	NOT_PROVEN
01.016/hunk-000305	DONE	01.002/000305	app/core/gimpimage-contiguous-region.c	b4b8a2ffc03313981dab2f51b85ab1a4cd22a969	-542 -> 763	8c82138f87b35c4d17717ee194a521c0f38f2bb83e59045303b5ea334039afd7	find_contiguous_segment (GimpImage           *image,	+diff = pixel_difference (col, iter->pr1->data, iter->pr3? iter->pr3->data: NULL, antialias, threshold, | -diff = pixel_difference (col, s, antialias, threshold,	Fill distance and soft selection penalty	27.003,27.005/selection-barrier,27.005/selection-threshold-contract,27.006	27.013,27.014,27.015	95f6410f25c5186686db7a489d79c1e79187cd41	app/core/gimppickable-contiguous-region.cc	a3327564c4c07f0a4c692c417dddd72fcc0853a9	Current GEGL seed traversal has no source-mask input; add bounded sampling and old penalty semantics, preserving transparency/offset rules	NOT_PROVEN
01.016/hunk-000306	DONE	01.002/000306	app/core/gimpimage-contiguous-region.c	b4b8a2ffc03313981dab2f51b85ab1a4cd22a969	-547 -> 768,2	b1ef1d62ab69b1bbdcf99a798470fc1c09fc70f570a22b8f33694806db24ccf0	find_contiguous_segment (GimpImage           *image,	+iter->pr2->dirty   = TRUE; | +if ((*iter->pr2->data-- = diff)) | -if ((*m-- = diff))	Bounded fill traversal and iterator lifetime	09.003,27.004/gegl-bounded-search,27.006,27.010	09.016,27.013,27.014,27.015	95f6410f25c5186686db7a489d79c1e79187cd41	app/core/gimppickable-contiguous-region.cc	a3327564c4c07f0a4c692c417dddd72fcc0853a9	Current GEGL seed traversal has no source-mask input; add bounded sampling and old penalty semantics, preserving transparency/offset rules	NOT_PROVEN
01.016/hunk-000307	DONE	01.002/000307	app/core/gimpimage-contiguous-region.c	b4b8a2ffc03313981dab2f51b85ab1a4cd22a969	-549 -> 771,3	4067ee584741c96ff078cb1e8d7c993f7ad41d8f4e42c2086e2c67dfe1d0c1e3	find_contiguous_segment (GimpImage           *image,	+iter->pr1->data -= iter->pr1->bytes; | +if (iter->pr3) | +iter->pr3->data -= iter->pr3->bytes; | -s -= bytes;	Bounded fill traversal and iterator lifetime	09.003,27.004/gegl-bounded-search,27.006,27.010	09.016,27.013,27.014,27.015	95f6410f25c5186686db7a489d79c1e79187cd41	app/core/gimppickable-contiguous-region.cc	a3327564c4c07f0a4c692c417dddd72fcc0853a9	Current GEGL seed traversal has no source-mask input; add bounded sampling and old penalty semantics, preserving transparency/offset rules	NOT_PROVEN
01.016/hunk-000308	DONE	01.002/000308	app/core/gimpimage-contiguous-region.c	b4b8a2ffc03313981dab2f51b85ab1a4cd22a969	-550,0 -> 775	31ffcd2684882e93511e84888817a6bdc71fe4f0f78a676168419e1816c239d6	find_contiguous_segment (GimpImage           *image,	+cur_tile_remained --;	Bounded fill traversal and iterator lifetime	09.003,27.004/gegl-bounded-search,27.006,27.010	09.016,27.013,27.014,27.015	95f6410f25c5186686db7a489d79c1e79187cd41	app/core/gimppickable-contiguous-region.cc	a3327564c4c07f0a4c692c417dddd72fcc0853a9	Current GEGL seed traversal has no source-mask input; add bounded sampling and old penalty semantics, preserving transparency/offset rules	NOT_PROVEN
01.016/hunk-000309	DONE	01.002/000309	app/core/gimpimage-contiguous-region.c	b4b8a2ffc03313981dab2f51b85ab1a4cd22a969	-555,0 -> 781,2	30a7656f21e7eceb687d9afdd7af8eb71eceb284f9879bb371f2f5cf1b0d4f19	find_contiguous_segment (GimpImage           *image,	+cur_tile_remained = iter->cur_tile_width = 0; | +iter->cur_x = *end;	Bounded fill traversal and iterator lifetime	09.003,27.004/gegl-bounded-search,27.006,27.010	09.016,27.013,27.014,27.015	95f6410f25c5186686db7a489d79c1e79187cd41	app/core/gimppickable-contiguous-region.cc	a3327564c4c07f0a4c692c417dddd72fcc0853a9	Current GEGL seed traversal has no source-mask input; add bounded sampling and old penalty semantics, preserving transparency/offset rules	NOT_PROVEN
01.016/hunk-000310	DONE	01.002/000310	app/core/gimpimage-contiguous-region.c	b4b8a2ffc03313981dab2f51b85ab1a4cd22a969	-557,3 -> 784,2	ac33915460f2350533f6ec167e1ef2f80d55127182d736bf2e4bcec46d12cd0b	find_contiguous_segment (GimpImage           *image,	+if (iter->cur_x < iter->max_x) | +pixel_region_iterator_x_update (iter); | -if (*end % TILE_WIDTH && *end < width) | -ref_tiles (src->tiles, mask->tiles, | -&s_tile, &m_tile, *end, src->y, &s, &m);	Bounded fill traversal and iterator lifetime	09.003,27.004/gegl-bounded-search,27.006,27.010	09.016,27.013,27.014,27.015	95f6410f25c5186686db7a489d79c1e79187cd41	app/core/gimppickable-contiguous-region.cc	a3327564c4c07f0a4c692c417dddd72fcc0853a9	Current GEGL seed traversal has no source-mask input; add bounded sampling and old penalty semantics, preserving transparency/offset rules	NOT_PROVEN
01.016/hunk-000311	DONE	01.002/000311	app/core/gimpimage-contiguous-region.c	b4b8a2ffc03313981dab2f51b85ab1a4cd22a969	-561 -> 787	3eb7d3946c2397b4e035ca126de9b29571d0db59941715484f0ecf7ffcd1af58	find_contiguous_segment (GimpImage           *image,	+while (*end < iter->max_x && diff) | -while (*end < width && diff)	Bounded fill traversal and iterator lifetime	09.003,27.004/gegl-bounded-search,27.006,27.010	09.016,27.013,27.014,27.015	95f6410f25c5186686db7a489d79c1e79187cd41	app/core/gimppickable-contiguous-region.cc	a3327564c4c07f0a4c692c417dddd72fcc0853a9	Current GEGL seed traversal has no source-mask input; add bounded sampling and old penalty semantics, preserving transparency/offset rules	NOT_PROVEN
01.016/hunk-000312	DONE	01.002/000312	app/core/gimpimage-contiguous-region.c	b4b8a2ffc03313981dab2f51b85ab1a4cd22a969	-563,3 -> 789,9	70ef3f47444e83f82d79386bf41055587702fae690b7197cf238e108c4266897	find_contiguous_segment (GimpImage           *image,	+if (cur_tile_remained <= 0) { | +pixel_region_iterator_x_next(iter); | +iter->pr1->data += iter->pr1->bytes * (*end - iter->cur_x); | +iter->pr2->data += iter->pr2->bytes * (*end - iter->cur_x); | +if (iter->pr3) | +iter->pr3->data += iter->pr3->bytes * (*end - iter->cur_x); | +cur_tile_remained = iter->cur_tile_width; | +} | -if (! (*end % TILE_WIDTH)) | -ref_tiles (src->tiles, mask->tiles, | -&s_tile, &m_tile, *end, src->y, &s, &m);	Bounded fill traversal and iterator lifetime	09.003,27.004/gegl-bounded-search,27.006,27.010	09.016,27.013,27.014,27.015	95f6410f25c5186686db7a489d79c1e79187cd41	app/core/gimppickable-contiguous-region.cc	a3327564c4c07f0a4c692c417dddd72fcc0853a9	Current GEGL seed traversal has no source-mask input; add bounded sampling and old penalty semantics, preserving transparency/offset rules	NOT_PROVEN
01.016/hunk-000313	DONE	01.002/000313	app/core/gimpimage-contiguous-region.c	b4b8a2ffc03313981dab2f51b85ab1a4cd22a969	-569 -> 801	3b7b1af67e3dae5fe825e0bc78586b2bf123879a7948621fddd5a63b816241b3	find_contiguous_segment (GimpImage           *image,	+gimp_image_get_color (image, src_type, iter->pr1->data, s_color); | -gimp_image_get_color (image, src_type, s, s_color);	Bounded fill traversal and iterator lifetime	09.003,27.004/gegl-bounded-search,27.006,27.010	09.016,27.013,27.014,27.015	95f6410f25c5186686db7a489d79c1e79187cd41	app/core/gimppickable-contiguous-region.cc	a3327564c4c07f0a4c692c417dddd72fcc0853a9	Current GEGL seed traversal has no source-mask input; add bounded sampling and old penalty semantics, preserving transparency/offset rules	NOT_PROVEN
01.016/hunk-000314	DONE	01.002/000314	app/core/gimpimage-contiguous-region.c	b4b8a2ffc03313981dab2f51b85ab1a4cd22a969	-571 -> 803	379556fad264cbdbc10f169c0de0d5d80fffc6aa8440927ccbb43f72703dbfff	find_contiguous_segment (GimpImage           *image,	+diff = pixel_difference (col, s_color, iter->pr3? iter->pr3->data: NULL, antialias, threshold, | -diff = pixel_difference (col, s_color, antialias, threshold,	Fill distance and soft selection penalty	27.003,27.005/selection-barrier,27.005/selection-threshold-contract,27.006	27.013,27.014,27.015	95f6410f25c5186686db7a489d79c1e79187cd41	app/core/gimppickable-contiguous-region.cc	a3327564c4c07f0a4c692c417dddd72fcc0853a9	Current GEGL seed traversal has no source-mask input; add bounded sampling and old penalty semantics, preserving transparency/offset rules	NOT_PROVEN
01.016/hunk-000315	DONE	01.002/000315	app/core/gimpimage-contiguous-region.c	b4b8a2ffc03313981dab2f51b85ab1a4cd22a969	-577 -> 809	8c82138f87b35c4d17717ee194a521c0f38f2bb83e59045303b5ea334039afd7	find_contiguous_segment (GimpImage           *image,	+diff = pixel_difference (col, iter->pr1->data, iter->pr3? iter->pr3->data: NULL, antialias, threshold, | -diff = pixel_difference (col, s, antialias, threshold,	Fill distance and soft selection penalty	27.003,27.005/selection-barrier,27.005/selection-threshold-contract,27.006	27.013,27.014,27.015	95f6410f25c5186686db7a489d79c1e79187cd41	app/core/gimppickable-contiguous-region.cc	a3327564c4c07f0a4c692c417dddd72fcc0853a9	Current GEGL seed traversal has no source-mask input; add bounded sampling and old penalty semantics, preserving transparency/offset rules	NOT_PROVEN
01.016/hunk-000316	DONE	01.002/000316	app/core/gimpimage-contiguous-region.c	b4b8a2ffc03313981dab2f51b85ab1a4cd22a969	-582 -> 814,2	ce10df059e1a7c734944debcf427049d39d190158c83b0ef8f1cc38985ca9cc5	find_contiguous_segment (GimpImage           *image,	+iter->pr2->dirty   = TRUE; | +if ((*iter->pr2->data++ = diff)) | -if ((*m++ = diff))	Bounded fill traversal and iterator lifetime	09.003,27.004/gegl-bounded-search,27.006,27.010	09.016,27.013,27.014,27.015	95f6410f25c5186686db7a489d79c1e79187cd41	app/core/gimppickable-contiguous-region.cc	a3327564c4c07f0a4c692c417dddd72fcc0853a9	Current GEGL seed traversal has no source-mask input; add bounded sampling and old penalty semantics, preserving transparency/offset rules	NOT_PROVEN
01.016/hunk-000317	DONE	01.002/000317	app/core/gimpimage-contiguous-region.c	b4b8a2ffc03313981dab2f51b85ab1a4cd22a969	-584 -> 817,3	968af5a4b92bba93d38c16e68fa5d9950fed0c5573a93afcd63e091cbc9e26c6	find_contiguous_segment (GimpImage           *image,	+iter->pr1->data += iter->pr1->bytes; | +if (iter->pr3) | +iter->pr3->data += iter->pr3->bytes; | -s += bytes;	Bounded fill traversal and iterator lifetime	09.003,27.004/gegl-bounded-search,27.006,27.010	09.016,27.013,27.014,27.015	95f6410f25c5186686db7a489d79c1e79187cd41	app/core/gimppickable-contiguous-region.cc	a3327564c4c07f0a4c692c417dddd72fcc0853a9	Current GEGL seed traversal has no source-mask input; add bounded sampling and old penalty semantics, preserving transparency/offset rules	NOT_PROVEN
01.016/hunk-000318	DONE	01.002/000318	app/core/gimpimage-contiguous-region.c	b4b8a2ffc03313981dab2f51b85ab1a4cd22a969	-585,0 -> 821	31ffcd2684882e93511e84888817a6bdc71fe4f0f78a676168419e1816c239d6	find_contiguous_segment (GimpImage           *image,	+cur_tile_remained --;	Bounded fill traversal and iterator lifetime	09.003,27.004/gegl-bounded-search,27.006,27.010	09.016,27.013,27.014,27.015	95f6410f25c5186686db7a489d79c1e79187cd41	app/core/gimppickable-contiguous-region.cc	a3327564c4c07f0a4c692c417dddd72fcc0853a9	Current GEGL seed traversal has no source-mask input; add bounded sampling and old penalty semantics, preserving transparency/offset rules	NOT_PROVEN
01.016/hunk-000319	DONE	01.002/000319	app/core/gimpimage-contiguous-region.c	b4b8a2ffc03313981dab2f51b85ab1a4cd22a969	-589,2 -> 825,6	b8db28a6d6089e92cd81823e0f02bb7f92cc4e72e2a607a9cb1d7ced2996df51	find_contiguous_segment (GimpImage           *image,	+if (iter->pr1->curtile) | +tile_release (iter->pr1->curtile, iter->pr1_writable); | +if (iter->pr2->curtile) | +tile_release (iter->pr2->curtile, iter->pr2_writable); | +if (iter->pr3 && iter->pr3->curtile) | +tile_release (iter->pr3->curtile, iter->pr3_writable); | -tile_release (s_tile, FALSE); | -tile_release (m_tile, TRUE);	Bounded fill traversal and iterator lifetime	09.003,27.004/gegl-bounded-search,27.006,27.010	09.016,27.013,27.014,27.015	95f6410f25c5186686db7a489d79c1e79187cd41	app/core/gimppickable-contiguous-region.cc	a3327564c4c07f0a4c692c417dddd72fcc0853a9	Current GEGL seed traversal has no source-mask input; add bounded sampling and old penalty semantics, preserving transparency/offset rules	NOT_PROVEN
01.016/hunk-000320	DONE	01.002/000320	app/core/gimpimage-contiguous-region.c	b4b8a2ffc03313981dab2f51b85ab1a4cd22a969	-594,0 -> 835	985645e46abadb79617dba2525860e80c39bbaea6febd9683a0b59e5b5c101f4	find_contiguous_segment (GimpImage           *image,	+// updated by gimp-painter 2.8	Nonfunctional/obsolete source candidate	31.018	31.020,38.001	95f6410f25c5186686db7a489d79c1e79187cd41	app/core/gimppickable-contiguous-region.cc	a3327564c4c07f0a4c692c417dddd72fcc0853a9	Current GEGL seed traversal has no source-mask input; add bounded sampling and old penalty semantics, preserving transparency/offset rules	NOT_PROVEN
01.016/hunk-000321	DONE	01.002/000321	app/core/gimpimage-contiguous-region.c	b4b8a2ffc03313981dab2f51b85ab1a4cd22a969	-598,0 -> 840	7aeb98e562c8e3fc2b2fd202517eac437cfd96eccf17b633b1790ef288e91063	find_contiguous_region_helper (GimpImage           *image,	+PixelRegion         *src_mask,	Fill distance and soft selection penalty	27.003,27.005/selection-barrier,27.005/selection-threshold-contract,27.006	27.013,27.014,27.015	95f6410f25c5186686db7a489d79c1e79187cd41	app/core/gimppickable-contiguous-region.cc	a3327564c4c07f0a4c692c417dddd72fcc0853a9	Current GEGL seed traversal has no source-mask input; add bounded sampling and old penalty semantics, preserving transparency/offset rules	NOT_PROVEN
01.016/hunk-000322	DONE	01.002/000322	app/core/gimpimage-contiguous-region.c	b4b8a2ffc03313981dab2f51b85ab1a4cd22a969	-633,0 -> 876	931ffdf70dec26a689ce2b98944920b1d1c1c346117920fa3d274147e74b94f7	find_contiguous_region_helper (GimpImage           *image,	+PixelRegionIteratorX3 iter;	Bounded fill traversal and iterator lifetime	09.003,27.004/gegl-bounded-search,27.006,27.010	09.016,27.013,27.014,27.015	95f6410f25c5186686db7a489d79c1e79187cd41	app/core/gimppickable-contiguous-region.cc	a3327564c4c07f0a4c692c417dddd72fcc0853a9	Current GEGL seed traversal has no source-mask input; add bounded sampling and old penalty semantics, preserving transparency/offset rules	NOT_PROVEN
01.016/hunk-000323	DONE	01.002/000323	app/core/gimpimage-contiguous-region.c	b4b8a2ffc03313981dab2f51b85ab1a4cd22a969	-640,2 -> 883	f49fad600dbcfbba139493188da417ab0834f3fb4bd42dea0e5294a31236d44e	find_contiguous_region_helper (GimpImage           *image,	+pixel_region_iterator_x_init(&iter, src, mask, src_mask, FALSE, TRUE, FALSE, x, y, src->x, src->y, src->x + src->w, src->y + src->h); | -src->x = x; | -src->y = y;	Bounded fill traversal and iterator lifetime	09.003,27.004/gegl-bounded-search,27.006,27.010	09.016,27.013,27.014,27.015	95f6410f25c5186686db7a489d79c1e79187cd41	app/core/gimppickable-contiguous-region.cc	a3327564c4c07f0a4c692c417dddd72fcc0853a9	Current GEGL seed traversal has no source-mask input; add bounded sampling and old penalty semantics, preserving transparency/offset rules	NOT_PROVEN
01.016/hunk-000324	DONE	01.002/000324	app/core/gimpimage-contiguous-region.c	b4b8a2ffc03313981dab2f51b85ab1a4cd22a969	-643,2 -> 885	43bc5a17d1754ba63a2f70b2e0bc51f3434fc0072fbee55108715e25354fd2a2	find_contiguous_region_helper (GimpImage           *image,	+if (! find_contiguous_segment (image, col, &iter, src_type, has_alpha, | -if (! find_contiguous_segment (image, col, src, mask, src->w, | -src->bytes, src_type, has_alpha,	Bounded fill traversal and iterator lifetime	09.003,27.004/gegl-bounded-search,27.006,27.010	09.016,27.013,27.014,27.015	95f6410f25c5186686db7a489d79c1e79187cd41	app/core/gimppickable-contiguous-region.cc	a3327564c4c07f0a4c692c417dddd72fcc0853a9	Current GEGL seed traversal has no source-mask input; add bounded sampling and old penalty semantics, preserving transparency/offset rules	NOT_PROVEN
01.016/hunk-000325	DONE	01.002/000325	app/core/gimpimage-contiguous-region.c	b4b8a2ffc03313981dab2f51b85ab1a4cd22a969	-647 -> 888,2	2161a8d927fabf58ca413012b3989321d2e8861879ca6db0cae86ab904f9d5a7	find_contiguous_region_helper (GimpImage           *image,	+&new_start, &new_end)) { | +pixel_region_iterator_x_cleanup (&iter); | -&new_start, &new_end))	Bounded fill traversal and iterator lifetime	09.003,27.004/gegl-bounded-search,27.006,27.010	09.016,27.013,27.014,27.015	95f6410f25c5186686db7a489d79c1e79187cd41	app/core/gimppickable-contiguous-region.cc	a3327564c4c07f0a4c692c417dddd72fcc0853a9	Current GEGL seed traversal has no source-mask input; add bounded sampling and old penalty semantics, preserving transparency/offset rules	NOT_PROVEN
01.016/hunk-000326	DONE	01.002/000326	app/core/gimpimage-contiguous-region.c	b4b8a2ffc03313981dab2f51b85ab1a4cd22a969	-648,0 -> 891,3	b664a68611d8fc4f6e8cfbe772a2cac8cc2deb7077be7c4507fdcbac11eca616	find_contiguous_region_helper (GimpImage           *image,	"+} | +pixel_region_iterator_x_cleanup (&iter); | +//          g_print(""%d-%d\n"",new_start, new_end);"	Bounded fill traversal and iterator lifetime	09.003,27.004/gegl-bounded-search,27.006,27.010	09.016,27.013,27.014,27.015	95f6410f25c5186686db7a489d79c1e79187cd41	app/core/gimppickable-contiguous-region.cc	a3327564c4c07f0a4c692c417dddd72fcc0853a9	Current GEGL seed traversal has no source-mask input; add bounded sampling and old penalty semantics, preserving transparency/offset rules	NOT_PROVEN
01.016/hunk-000327	DONE	01.002/000327	app/core/gimpimage-contiguous-region.c	b4b8a2ffc03313981dab2f51b85ab1a4cd22a969	-650 -> 895	b51412bb7a22b35b253215cd7bf1311135c19f414ce6ca75872e005820b2b486	find_contiguous_region_helper (GimpImage           *image,	+if (y + 1 < src->y + src->h) | -if (y + 1 < src->h)	Bounded fill traversal and iterator lifetime	09.003,27.004/gegl-bounded-search,27.006,27.010	09.016,27.013,27.014,27.015	95f6410f25c5186686db7a489d79c1e79187cd41	app/core/gimppickable-contiguous-region.cc	a3327564c4c07f0a4c692c417dddd72fcc0853a9	Current GEGL seed traversal has no source-mask input; add bounded sampling and old penalty semantics, preserving transparency/offset rules	NOT_PROVEN
01.016/hunk-000328	DONE	01.002/000328	app/core/gimpimage-contiguous-region.c	b4b8a2ffc03313981dab2f51b85ab1a4cd22a969	-657 -> 902	31819f28ead341ebd15cf3523cbcf4f8d111dd23fbd78b2623313fe43ed4c113	find_contiguous_region_helper (GimpImage           *image,	+if (y - 1 >= src->y) | -if (y - 1 >= 0)	Bounded fill traversal and iterator lifetime	09.003,27.004/gegl-bounded-search,27.006,27.010	09.016,27.013,27.014,27.015	95f6410f25c5186686db7a489d79c1e79187cd41	app/core/gimppickable-contiguous-region.cc	a3327564c4c07f0a4c692c417dddd72fcc0853a9	Current GEGL seed traversal has no source-mask input; add bounded sampling and old penalty semantics, preserving transparency/offset rules	NOT_PROVEN
01.016/hunk-000329	DONE	01.002/000329	app/core/gimpimage-contiguous-region.h	fe093d0e953bdad5be1f74ebee92e39d24ef7eed	-31,0 -> 32,37	021ff829a767b714a7d7746e616ee7e01158e344ce12fbda29b686b6a1d082af	GimpChannel * gimp_image_contiguous_region_by_seed  (GimpImage           *image,	+GimpChannel * gimp_image_contiguous_region_by_seed_ext  (GimpImage           *image, | +GimpDrawable        *drawable, | +GimpChannel         *source_mask, | +gboolean             sample_merged, | +gboolean             antialias, | +gint                 threshold, | +gboolean             select_transparent, | +GimpSelectCriterion  select_criterion, | +gint                 x, | +gint                 y); | +GimpChannel * gimp_image_contiguous_region_by_seed_full (GimpImage           *image, | +PixelRegion         *srcPR, | +gint                 off_src_x, | +gint                 off_src_y, | +PixelRegion         *src_maskPR, | +gint                 off_mask_x, | +gint                 off_mask_y, | +gint                 x1, | +gint                 y1, | +gint                 x2, | +gint                 y2, | +GimpImageType        src_type, | +gboolean             has_alpha, | +gint                 bytes, | +//                                                         GimpDrawable        *drawable, | +//                                                         GimpChannel         *source_mask, | +//                                                         gboolean             sample_merged, | +gboolean             antialias, | +gint                 threshold, | +gboolean             select_transparent, | +GimpSelectCriterion  select_criterion, | +gint                 x, | +gint                 y, | +guchar              *start_color);	Bounded brush flood fill and selection	08.011,08.012,27.001,27.001/snapshot-contract,27.002,27.003,27.004/gegl-bounded-search,27.005/selection-barrier,27.006,27.007/paintcore-gegl-compose,27.008,27.009/stroke-lifecycle,27.010,27.011,27.012	27.013,27.013/gegl-render-regression,27.014,27.015	95f6410f25c5186686db7a489d79c1e79187cd41	app/core/gimppickable-contiguous-region.h	c7bd0c353353d8be15926537adc5de5691a72415	Current seed API lacks explicit fixed start color, source-mask buffer and rectangle inputs	NOT_PROVEN
01.016/hunk-000808	DONE	01.002/000808	app/display/gimpmotionbuffer.c	1e2d4c424cde39afa9065e65ec82d7f1b8ee66f2	-266,0 -> 267,3	6fa7b36f7346abb3a3c0b9ccb93301f7549eccef8e6018f7fa778956b128a337	gimp_motion_buffer_motion_event (GimpMotionBuffer *buffer,	+gdouble  delta_pressure = 0.0; | +gdouble  dir_delta_x = 0.0; | +gdouble  dir_delta_y = 0.0;	Motion/pressure event semantics	23.007,23.008,23.009,23.010,23.011,23.012,23.014	23.015,26.013	95f6410f25c5186686db7a489d79c1e79187cd41	app/display/gimpmotionbuffer.c	1a5f6e7dccca956f508a442381e73c0ceadb1650	Use the named current source with this separately assigned legacy contract; same path/feature name is not equivalence evidence	NOT_PROVEN
01.016/hunk-000809	DONE	01.002/000809	app/display/gimpmotionbuffer.c	1e2d4c424cde39afa9065e65ec82d7f1b8ee66f2	-297,0 -> 301	2072ca9889d30d0621816afeef12deea8cea89b56835e16277debe8f5cbfc143	gimp_motion_buffer_motion_event (GimpMotionBuffer *buffer,	+delta_pressure = last_dir_event.pressure - coords->pressure;	Motion/pressure event semantics	23.007,23.008,23.009,23.010,23.011,23.012,23.014	23.015,26.013	95f6410f25c5186686db7a489d79c1e79187cd41	app/display/gimpmotionbuffer.c	1a5f6e7dccca956f508a442381e73c0ceadb1650	Use the named current source with this separately assigned legacy contract; same path/feature name is not equivalence evidence	NOT_PROVEN
01.016/hunk-000810	DONE	01.002/000810	app/display/gimpmotionbuffer.c	1e2d4c424cde39afa9065e65ec82d7f1b8ee66f2	-305 -> 309,2	95020e626696bcc3a0f4b589af22e3a876c3b8e9838cfd8b59110afc761e9e24	gimp_motion_buffer_motion_event (GimpMotionBuffer *buffer,	+fabs (delta_y) < filter && | +delta_pressure == 0.0) | -fabs (delta_y) < filter)	Motion/pressure event semantics	23.007,23.008,23.009,23.010,23.011,23.012,23.014	23.015,26.013	95f6410f25c5186686db7a489d79c1e79187cd41	app/display/gimpmotionbuffer.c	1a5f6e7dccca956f508a442381e73c0ceadb1650	Use the named current source with this separately assigned legacy contract; same path/feature name is not equivalence evidence	NOT_PROVEN
01.016/hunk-000893	DONE	01.002/000893	app/paint/gimpbrushcore.c	89a06853c33b39aa050453a680aa3ab2e5558513	-40 -> 40,2	9cd355c5e9ac588bdf126aa50e4eccbd4f372828b4a0d08c0be0ca03e67e67b1	file-level declarations/content	"+#include ""core/gimpbrush-transform.h"" /* gimp-painter-2.7 */ | +#include ""core/gimppattern.h"" /* gimp-painter-2.7 */"	Standard paintbrush/dynamics paper	22.001,22.002,22.003,22.005,22.006,22.008,22.009,30.007	22.010,24.017	95f6410f25c5186686db7a489d79c1e79187cd41	app/paint/gimpbrushcore.c	c0baf62d4487a8396e1364a895edc863efe36c9d	Use the named current source with this separately assigned legacy contract; same path/feature name is not equivalence evidence	NOT_PROVEN
01.016/hunk-000894	DONE	01.002/000894	app/paint/gimpbrushcore.c	89a06853c33b39aa050453a680aa3ab2e5558513	-54,0 -> 56	ea75d505dbce40c0f9f7a3e992d6133605ff0c6199de5ed08763069b7d0653fa	enum	+SET_TEXTURE,	Standard paintbrush/dynamics paper	22.001,22.002,22.003,22.005,22.006,22.008,22.009,30.007	22.010,24.017	95f6410f25c5186686db7a489d79c1e79187cd41	app/paint/gimpbrushcore.c	c0baf62d4487a8396e1364a895edc863efe36c9d	Use the named current source with this separately assigned legacy contract; same path/feature name is not equivalence evidence	NOT_PROVEN
01.016/hunk-000895	DONE	01.002/000895	app/paint/gimpbrushcore.c	89a06853c33b39aa050453a680aa3ab2e5558513	-67,0 -> 70,6	65d76de1935cc838db967f097cbbfaaea53d8df9bfb61f1c5a04be5f41e6670c	static gboolean  gimp_brush_core_start              (GimpPaintCore    *core,	+#if 0 | +/* old parameters */ | +GimpPaintOptions *paint_options, | +guint32           time); | +#endif	Nonfunctional/obsolete source candidate	31.018	31.020,38.001	95f6410f25c5186686db7a489d79c1e79187cd41	app/paint/gimpbrushcore.c	c0baf62d4487a8396e1364a895edc863efe36c9d	Use the named current source with this separately assigned legacy contract; same path/feature name is not equivalence evidence	NOT_PROVEN
01.016/hunk-000896	DONE	01.002/000896	app/paint/gimpbrushcore.c	89a06853c33b39aa050453a680aa3ab2e5558513	-87 -> 94,0	61d1954b9aba0c9aedb8d1338804e817c7262cfc36da94161dab8e3ed7a3a43a	static TempBuf * gimp_brush_core_get_paint_area     (GimpPaintCore    *paint_cor	Whitespace-only source delta; no active token change	Nonfunctional/obsolete source candidate	31.018	31.020,38.001	95f6410f25c5186686db7a489d79c1e79187cd41	app/paint/gimpbrushcore.c	c0baf62d4487a8396e1364a895edc863efe36c9d	Use the named current source with this separately assigned legacy contract; same path/feature name is not equivalence evidence	NOT_PROVEN
01.016/hunk-000897	DONE	01.002/000897	app/paint/gimpbrushcore.c	89a06853c33b39aa050453a680aa3ab2e5558513	-92 -> 99,3	e3875759c0c60fbfec3f5b877a0df2c5f3788fed5babff1878a027245b0abd25	static void      gimp_brush_core_real_set_dynamics  (GimpBrushCore    *core,	+/* gimp-painter-2.7 */ | +static void      gimp_brush_core_real_set_texture   (GimpBrushCore    *core, | +GimpPattern       *texture);	Standard paintbrush/dynamics paper	22.001,22.002,22.003,22.005,22.006,22.008,22.009,30.007	22.010,24.017	95f6410f25c5186686db7a489d79c1e79187cd41	app/paint/gimpbrushcore.c	c0baf62d4487a8396e1364a895edc863efe36c9d	Use the named current source with this separately assigned legacy contract; same path/feature name is not equivalence evidence	NOT_PROVEN
01.016/hunk-000898	DONE	01.002/000898	app/paint/gimpbrushcore.c	89a06853c33b39aa050453a680aa3ab2e5558513	-101,0 -> 111,5	adf34420248f4b79d1eeaec0ff60fbd86ed2d4aae778049dbaaac6ef2aa5070f	static const TempBuf * gimp_brush_core_pressurize_mask  (GimpBrushCore    *core,	+/* gimp-painter-2.7 */ | +const static TempBuf * gimp_brush_core_texturize_mask   (GimpBrushCore *core, | +const TempBuf       *brush_mask, | +gdouble        x, | +gdouble        y);	Standard paintbrush/dynamics paper	22.001,22.002,22.003,22.005,22.006,22.008,22.009,30.007	22.010,24.017	95f6410f25c5186686db7a489d79c1e79187cd41	app/paint/gimpbrushcore.c	c0baf62d4487a8396e1364a895edc863efe36c9d	Use the named current source with this separately assigned legacy contract; same path/feature name is not equivalence evidence	NOT_PROVEN
01.016/hunk-000899	DONE	01.002/000899	app/paint/gimpbrushcore.c	89a06853c33b39aa050453a680aa3ab2e5558513	-112,0 -> 127,6	b236f31ea089da5be20f34792f4f0c693dae66845ab3125781028aa093bdad1d	static void      gimp_brush_core_invalidate_cache       (GimpBrush        *brush	+#if 0 | +static inline void rotate_pointers                 (gulong          **p, | +guint32           n); | +static gdouble   gimp_brush_core_clamp_brush_scale (GimpBrushCore    *core, | +gdouble           scale); | +#endif	Nonfunctional/obsolete source candidate	31.018	31.020,38.001	95f6410f25c5186686db7a489d79c1e79187cd41	app/paint/gimpbrushcore.c	c0baf62d4487a8396e1364a895edc863efe36c9d	Use the named current source with this separately assigned legacy contract; same path/feature name is not equivalence evidence	NOT_PROVEN
01.016/hunk-000900	DONE	01.002/000900	app/paint/gimpbrushcore.c	89a06853c33b39aa050453a680aa3ab2e5558513	-159,0 -> 180,10	54fd87dc41ce2777b8e46cfde82b307242f5e91a42b0d58752e0f1bfe97a0f4f	gimp_brush_core_class_init (GimpBrushCoreClass *klass)	"+core_signals[SET_TEXTURE] = | +g_signal_new (""set-texture"", | +G_TYPE_FROM_CLASS (klass), | +G_SIGNAL_RUN_LAST, | +G_STRUCT_OFFSET (GimpBrushCoreClass, set_texture), | +NULL, NULL, | +gimp_marshal_VOID__OBJECT, | +G_TYPE_NONE, 1, | +GIMP_TYPE_PATTERN);"	Standard paintbrush/dynamics paper	22.001,22.002,22.003,22.005,22.006,22.008,22.009,30.007	22.010,24.017	95f6410f25c5186686db7a489d79c1e79187cd41	app/paint/gimpbrushcore.c	c0baf62d4487a8396e1364a895edc863efe36c9d	Use the named current source with this separately assigned legacy contract; same path/feature name is not equivalence evidence	NOT_PROVEN
01.016/hunk-000901	DONE	01.002/000901	app/paint/gimpbrushcore.c	89a06853c33b39aa050453a680aa3ab2e5558513	-173,0 -> 204	42897f107c012882c54f546171e05b421f30882daa6580bc061652b9c79aabee	gimp_brush_core_class_init (GimpBrushCoreClass *klass)	+klass->set_texture                        = gimp_brush_core_real_set_texture;	Standard paintbrush/dynamics paper	22.001,22.002,22.003,22.005,22.006,22.008,22.009,30.007	22.010,24.017	95f6410f25c5186686db7a489d79c1e79187cd41	app/paint/gimpbrushcore.c	c0baf62d4487a8396e1364a895edc863efe36c9d	Use the named current source with this separately assigned legacy contract; same path/feature name is not equivalence evidence	NOT_PROVEN
01.016/hunk-000902	DONE	01.002/000902	app/paint/gimpbrushcore.c	89a06853c33b39aa050453a680aa3ab2e5558513	-183,0 -> 215	dc718165e42726cd5ff6765a38785542741f0307fd1e92ef3282e10b2111511d	gimp_brush_core_init (GimpBrushCore *core)	+core->texture                      = NULL;	Standard paintbrush/dynamics paper	22.001,22.002,22.003,22.005,22.006,22.008,22.009,30.007	22.010,24.017	95f6410f25c5186686db7a489d79c1e79187cd41	app/paint/gimpbrushcore.c	c0baf62d4487a8396e1364a895edc863efe36c9d	Use the named current source with this separately assigned legacy contract; same path/feature name is not equivalence evidence	NOT_PROVEN
01.016/hunk-000903	DONE	01.002/000903	app/paint/gimpbrushcore.c	89a06853c33b39aa050453a680aa3ab2e5558513	-199,0 -> 232,2	8e989d600416bd398deafea7b6374ddd85a8042d3e99e7fe082ab48c783f4719	gimp_brush_core_init (GimpBrushCore *core)	+/* gimp-painter-2.7 */ | +core->texturized_brush             = NULL;	Standard paintbrush/dynamics paper	22.001,22.002,22.003,22.005,22.006,22.008,22.009,30.007	22.010,24.017	95f6410f25c5186686db7a489d79c1e79187cd41	app/paint/gimpbrushcore.c	c0baf62d4487a8396e1364a895edc863efe36c9d	Use the named current source with this separately assigned legacy contract; same path/feature name is not equivalence evidence	NOT_PROVEN
01.016/hunk-000904	DONE	01.002/000904	app/paint/gimpbrushcore.c	89a06853c33b39aa050453a680aa3ab2e5558513	-201,0 -> 236,2	f1acf4c0a67450eeef0f906c14f9df29b1e6772eba59d1571946600bbd0e7503	gimp_brush_core_init (GimpBrushCore *core)	+core->ignore_scale                 = FALSE;	Independent Smudge accumulation and blending	23.001,23.002,23.003,23.004,23.005	23.006	95f6410f25c5186686db7a489d79c1e79187cd41	app/paint/gimpbrushcore.c	c0baf62d4487a8396e1364a895edc863efe36c9d	Use the named current source with this separately assigned legacy contract; same path/feature name is not equivalence evidence	NOT_PROVEN
01.016/hunk-000905	DONE	01.002/000905	app/paint/gimpbrushcore.c	89a06853c33b39aa050453a680aa3ab2e5558513	-250,0 -> 287,19	f0f447fb99ba523acbb676ccea24f29f892d62d5b9da2cbe10bc2ef2e03a9e42	gimp_brush_core_finalize (GObject *object)	+#if 0 | +if (core->transform_brush) | +{ | +temp_buf_free (core->transform_brush); | +core->transform_brush = NULL; | +} | +if (core->transform_pixmap) | +{ | +temp_buf_free (core->transform_pixmap); | +core->transform_pixmap = NULL; | +} | +#endif | +if (core->texturized_brush) | +{ | +temp_buf_free (core->texturized_brush); | +core->texturized_brush = NULL; | +}	Standard paintbrush/dynamics paper	22.001,22.002,22.003,22.005,22.006,22.008,22.009,30.007	22.010,24.017	95f6410f25c5186686db7a489d79c1e79187cd41	app/paint/gimpbrushcore.c	c0baf62d4487a8396e1364a895edc863efe36c9d	Use the named current source with this separately assigned legacy contract; same path/feature name is not equivalence evidence	NOT_PROVEN
01.016/hunk-000906	DONE	01.002/000906	app/paint/gimpbrushcore.c	89a06853c33b39aa050453a680aa3ab2e5558513	-279,0 -> 335,6	5613fa9ac17dc0f460de7211354c9291b384d93587ccdfcbfdddad9d9b928d8f	gimp_brush_core_finalize (GObject *object)	+if (core->texture) | +{ | +g_object_unref (core->texture); | +core->texture = NULL; | +}	Standard paintbrush/dynamics paper	22.001,22.002,22.003,22.005,22.006,22.008,22.009,30.007	22.010,24.017	95f6410f25c5186686db7a489d79c1e79187cd41	app/paint/gimpbrushcore.c	c0baf62d4487a8396e1364a895edc863efe36c9d	Use the named current source with this separately assigned legacy contract; same path/feature name is not equivalence evidence	NOT_PROVEN
01.016/hunk-000907	DONE	01.002/000907	app/paint/gimpbrushcore.c	89a06853c33b39aa050453a680aa3ab2e5558513	-363 -> 424	0737ac9376359a3f69bdd527a64045a8e9eecc5663b4374f58ce0add8882e9dd	gimp_brush_core_post_paint (GimpPaintCore    *paint_core,	Whitespace-only source delta; no active token change	Nonfunctional/obsolete source candidate	31.018	31.020,38.001	95f6410f25c5186686db7a489d79c1e79187cd41	app/paint/gimpbrushcore.c	c0baf62d4487a8396e1364a895edc863efe36c9d	Use the named current source with this separately assigned legacy contract; same path/feature name is not equivalence evidence	NOT_PROVEN
01.016/hunk-000908	DONE	01.002/000908	app/paint/gimpbrushcore.c	89a06853c33b39aa050453a680aa3ab2e5558513	-378,0 -> 440,5	12b89513dbbf67dfc3a5366ce84018793ef951922db47cc6860fca19373ab813	gimp_brush_core_start (GimpPaintCore     *paint_core,	+#if 0 | +GimpBrush     *brush; | +GimpDynamics  *dynamics; | +#endif | +GimpPattern   *texture;	Standard paintbrush/dynamics paper	22.001,22.002,22.003,22.005,22.006,22.008,22.009,30.007	22.010,24.017	95f6410f25c5186686db7a489d79c1e79187cd41	app/paint/gimpbrushcore.c	c0baf62d4487a8396e1364a895edc863efe36c9d	Use the named current source with this separately assigned legacy contract; same path/feature name is not equivalence evidence	NOT_PROVEN
01.016/hunk-000909	DONE	01.002/000909	app/paint/gimpbrushcore.c	89a06853c33b39aa050453a680aa3ab2e5558513	-383,0 -> 450,11	83b58a9a2cf4bb55259efa5b65619be9338763b87f088f9bb4dcd41316921a79	gimp_brush_core_start (GimpPaintCore     *paint_core,	+if (paint_options->texture_options->use_texture) | +{ | +texture = gimp_context_get_pattern (GIMP_CONTEXT (paint_options)); | +if (core->texture != texture) | +gimp_brush_core_set_texture (core, texture); | +} | +else | +gimp_brush_core_set_texture (core, NULL);	Standard paintbrush/dynamics paper	22.001,22.002,22.003,22.005,22.006,22.008,22.009,30.007	22.010,24.017	95f6410f25c5186686db7a489d79c1e79187cd41	app/paint/gimpbrushcore.c	c0baf62d4487a8396e1364a895edc863efe36c9d	Use the named current source with this separately assigned legacy contract; same path/feature name is not equivalence evidence	NOT_PROVEN
01.016/hunk-000910	DONE	01.002/000910	app/paint/gimpbrushcore.c	89a06853c33b39aa050453a680aa3ab2e5558513	-478,0 -> 556,7	b16379ce4403186c4665453d63954b642d84591c44d154068a26bc2a7388792d	gimp_brush_core_interpolate (GimpPaintCore    *paint_core,	+#if 0 | +if (paint_core->stroke_buffer) | +{ | +current_coords = gimp_paint_core_get_smoothed_coords (paint_core, | +paint_options, &current_coords); | +gimp_paint_core_set_current_coords (paint_core, &current_coords); | +}	Motion/pressure event semantics	23.007,23.008,23.009,23.010,23.011,23.012,23.014	23.015,26.013	95f6410f25c5186686db7a489d79c1e79187cd41	app/paint/gimpbrushcore.c	c0baf62d4487a8396e1364a895edc863efe36c9d	Use the named current source with this separately assigned legacy contract; same path/feature name is not equivalence evidence	NOT_PROVEN
01.016/hunk-000911	DONE	01.002/000911	app/paint/gimpbrushcore.c	89a06853c33b39aa050453a680aa3ab2e5558513	-479,0 -> 564,5	05dc9172c380bc9165ed34e15783cf623a515fa9a32d6440e312166ecc3b846f	gimp_brush_core_interpolate (GimpPaintCore    *paint_core,	+#endif | +#if 1 | +/*Zero sized brushes are unfit for interpolate, | +* so we just let paint core fail onits own | +**/	Motion/pressure event semantics	23.007,23.008,23.009,23.010,23.011,23.012,23.014	23.015,26.013	95f6410f25c5186686db7a489d79c1e79187cd41	app/paint/gimpbrushcore.c	c0baf62d4487a8396e1364a895edc863efe36c9d	Use the named current source with this separately assigned legacy contract; same path/feature name is not equivalence evidence	NOT_PROVEN
01.016/hunk-000912	DONE	01.002/000912	app/paint/gimpbrushcore.c	89a06853c33b39aa050453a680aa3ab2e5558513	-506,0 -> 596	9bb41c2bdf539b1fb4e819f83915f240412c666c824efdc1cd2131a848e37a55	gimp_brush_core_interpolate (GimpPaintCore    *paint_core,	+#endif	Motion/pressure event semantics	23.007,23.008,23.009,23.010,23.011,23.012,23.014	23.015,26.013	95f6410f25c5186686db7a489d79c1e79187cd41	app/paint/gimpbrushcore.c	c0baf62d4487a8396e1364a895edc863efe36c9d	Use the named current source with this separately assigned legacy contract; same path/feature name is not equivalence evidence	NOT_PROVEN
01.016/hunk-000913	DONE	01.002/000913	app/paint/gimpbrushcore.c	89a06853c33b39aa050453a680aa3ab2e5558513	-886,0 -> 977,13	3db26b2368125b73604ba12dce77e6ea176ef34e687ab347eb5626fffe371667	gimp_brush_core_real_set_dynamics (GimpBrushCore *core,	+static void | +gimp_brush_core_real_set_texture (GimpBrushCore *core, | +GimpPattern   *texture) | +{ | +if (core->texture) | +g_object_unref (core->texture); | +core->texture = texture; | +if (core->texture) | +g_object_ref (core->texture); | +}	Standard paintbrush/dynamics paper	22.001,22.002,22.003,22.005,22.006,22.008,22.009,30.007	22.010,24.017	95f6410f25c5186686db7a489d79c1e79187cd41	app/paint/gimpbrushcore.c	c0baf62d4487a8396e1364a895edc863efe36c9d	Use the named current source with this separately assigned legacy contract; same path/feature name is not equivalence evidence	NOT_PROVEN
01.016/hunk-000914	DONE	01.002/000914	app/paint/gimpbrushcore.c	89a06853c33b39aa050453a680aa3ab2e5558513	-908,0 -> 1012,159	e1a696c94a67ed60092eeddf6c6579cb3d075a8bccc2470baaab8f8b7af3662e	gimp_brush_core_set_dynamics (GimpBrushCore *core,	+/* gimp-painter-2.7 */ | +void | +gimp_brush_core_set_texture (GimpBrushCore *core, | +GimpPattern   *texture) | +{ | +g_return_if_fail (GIMP_IS_BRUSH_CORE (core)); | +g_return_if_fail (texture == NULL || GIMP_IS_PATTERN (texture)); | +g_signal_emit (core, core_signals[SET_TEXTURE], 0, texture); | +} | +#if 0 | +void | +gimp_brush_core_create_boundary (GimpBrushCore    *core, | +GimpPaintOptions *paint_options) | +{ | +TempBuf *mask = NULL; | +gdouble  scale; | +g_return_if_fail (GIMP_IS_BRUSH_CORE (core)); | +g_return_if_fail (core->main_brush != NULL); | +g_return_if_fail (core->brush_bound_segs == NULL); | +scale = paint_options->brush_size / | +MAX (core->main_brush->mask->width, | +core->main_brush->mask->height); | +if (scale > 0.0) | +{ | +scale = gimp_brush_core_clamp_brush_scale (core, scale); | +/* Generated brushes are a bit special */ | +if (GIMP_IS_BRUSH_GENERATED (core->main_brush)) | +{ | +GimpBrushGenerated *generated_brush; | +gdouble             ratio; | +generated_brush = GIMP_BRUSH_GENERATED (core->main_brush); | +ratio = gimp_brush_generated_get_aspect_ratio (generated_brush); | +g_signal_handlers_block_by_func (generated_brush, | +gimp_brush_core_invalidate_cache, | +core); | +gimp_brush_generated_set_aspect_ratio (generated_brush, 1.0); | +mask = gimp_brush_transform_mask (core->main_brush, | +1.0, 1.0, 0.0, 1.0); | +gimp_brush_generated_set_aspect_ratio (generated_brush, ratio); | +g_signal_handlers_unblock_by_func (generated_brush, | +gimp_brush_core_invalidate_cache, | +core); | +} | +else | +{ | +mask = gimp_brush_transform_mask (core->main_brush, | +1.0, 1.0, 0.0, 1.0); | +} | +} | +if (mask) | +{ | +PixelRegion PR = { 0, }; | +pixel_region_init_temp_buf (&PR, mask, | +0, 0, mask->width, mask->height); | +/* Large, complex brush outlines are a performance problem. | +* Smooth the mask in order to obtain a simpler boundary. | +*/ | +if (mask->width > 32 && mask->height > 32) | +smooth_region (&PR); | +core->brush_bound_segs = boundary_find (&PR, BOUNDARY_WITHIN_BOUNDS, | +0, 0, PR.w, PR.h, | +0, | +&core->n_brush_bound_segs); | +core->brush_bound_width  = mask->width; | +core->brush_bound_height = mask->height; | +temp_buf_free (mask); | +} | +} | +gboolean | +gimp_brush_core_get_transform (GimpBrushCore *core, | +GimpMatrix3   *matrix) | +{ | +gdouble scale; | +gdouble angle; | +gdouble aspect_ratio; | +gdouble height; | +gdouble width; | +gdouble scale_x; | +gdouble scale_y; | +g_return_val_if_fail (GIMP_IS_BRUSH_CORE (core), FALSE); | +g_return_val_if_fail (matrix != 0, FALSE); | +g_return_val_if_fail (core->main_brush != NULL, FALSE); | +g_return_val_if_fail (core->brush_bound_segs != NULL, FALSE); | +gimp_matrix3_identity (matrix); | +scale = core->scale; | +angle = core->angle; | +aspect_ratio = core->aspect_ratio; | +/* Generated brushes have their angle applied on top of base angle */ | +if (GIMP_IS_BRUSH_GENERATED (core->main_brush)) | +{ | +GimpBrushGenerated *generated_brush; | +gdouble             base_angle; | +generated_brush = GIMP_BRUSH_GENERATED (core->main_brush); | +base_angle = gimp_brush_generated_get_angle (generated_brush); | +angle = angle + base_angle / 360; | +if (aspect_ratio == 1.0) | +aspect_ratio = gimp_brush_generated_get_aspect_ratio (generated_brush); | +} | +height = core->brush_bound_width; | +width  = core->brush_bound_height; | +if (aspect_ratio < 1.0) | +{ | +scale_x = scale * aspect_ratio; | +scale_y = scale; | +} | +else | +{ | +scale_x = scale; | +scale_y = scale / aspect_ratio; | +} | +if ((scale > 0.0) && (aspect_ratio > 0.0)) | +{ | +scale = gimp_brush_core_clamp_brush_scale (core, scale); | +gimp_brush_transform_matrix (height, width, | +scale, aspect_ratio, angle, matrix); | +/* FIXME. Do noy use scale_x/scale_y */ | +core->transformed_brush_bound_width  = core->brush_bound_width  * scale_x; | +core->transformed_brush_bound_height = core->brush_bound_height * scale_y; | +return TRUE; | +} | +return FALSE; | +} | +#endif	Standard paintbrush/dynamics paper	22.001,22.002,22.003,22.005,22.006,22.008,22.009,30.007	22.010,24.017	95f6410f25c5186686db7a489d79c1e79187cd41	app/paint/gimpbrushcore.c	c0baf62d4487a8396e1364a895edc863efe36c9d	Use the named current source with this separately assigned legacy contract; same path/feature name is not equivalence evidence	NOT_PROVEN
01.016/hunk-000915	DONE	01.002/000915	app/paint/gimpbrushcore.c	89a06853c33b39aa050453a680aa3ab2e5558513	-1405,0 -> 1668,55	431c1fc8a88ae82ea4f932f8deb64851b8037c19bfa90e4af659064e36ab1fbc	gimp_brush_core_transform_pixmap (GimpBrushCore *core,	+/* gimp-painter-2.7 */ | +const static TempBuf * | +gimp_brush_core_texturize_mask (GimpBrushCore *core, | +const TempBuf       *brush_mask, | +gdouble        x, | +gdouble        y) | +{ | +TempBuf *texturized_mask; | +TempBuf *pattern; | +gint offset_x, offset_y; | +PixelRegion srcPR; | +PixelRegion maskPR; | +g_return_val_if_fail (brush_mask != NULL, NULL); | +if (!core->texture) | +return brush_mask; | +if (core->texturized_brush) | +temp_buf_free (core->texturized_brush); | +texturized_mask = temp_buf_new (brush_mask->width, brush_mask->height, | +brush_mask->bytes, brush_mask->x, brush_mask->y, NULL); | +core->texturized_brush = texturized_mask; | +pattern = gimp_pattern_get_mask (core->texture); | +x = (gint) floor (x) - (brush_mask->width  >> 1); | +y = (gint) floor (y) - (brush_mask->height >> 1); | +offset_x = (gint)(x - brush_mask->x) % pattern->width; | +offset_y = (gint)(y - brush_mask->y) % pattern->height; | +/* fill texture pattern */ | +pixel_region_init_temp_buf (&srcPR, core->texturized_brush, | +core->texturized_brush->x, | +core->texturized_brush->y, | +core->texturized_brush->width, core->texturized_brush->height); | +pattern_region (&srcPR, NULL, pattern, offset_x, offset_y); | +/* re-initialize pixel regions */ | +pixel_region_init_temp_buf (&srcPR, core->texturized_brush, | +core->texturized_brush->x, | +core->texturized_brush->y, | +core->texturized_brush->width, core->texturized_brush->height); | +pixel_region_init_temp_buf (&maskPR, brush_mask, | +brush_mask->x, | +brush_mask->y, | +brush_mask->width, brush_mask->height); | +/* apply mask to texture */ | +apply_mask_to_region (&srcPR, &maskPR, 255); | +return texturized_mask; | +}	Standard paintbrush/dynamics paper	22.001,22.002,22.003,22.005,22.006,22.008,22.009,30.007	22.010,24.017	95f6410f25c5186686db7a489d79c1e79187cd41	app/paint/gimpbrushcore.c	c0baf62d4487a8396e1364a895edc863efe36c9d	Use the named current source with this separately assigned legacy contract; same path/feature name is not equivalence evidence	NOT_PROVEN
01.016/hunk-000916	DONE	01.002/000916	app/paint/gimpbrushcore.c	89a06853c33b39aa050453a680aa3ab2e5558513	-1412,0 -> 1730	c61f3cd0f466dea6edfc2b32c307832627ad4e9f8885b5c6c582343496e672a2	gimp_brush_core_get_brush_mask (GimpBrushCore            *core,	+const TempBuf *mask2 = NULL;	Standard paintbrush/dynamics paper	22.001,22.002,22.003,22.005,22.006,22.008,22.009,30.007	22.010,24.017	95f6410f25c5186686db7a489d79c1e79187cd41	app/paint/gimpbrushcore.c	c0baf62d4487a8396e1364a895edc863efe36c9d	Use the named current source with this separately assigned legacy contract; same path/feature name is not equivalence evidence	NOT_PROVEN
01.016/hunk-000917	DONE	01.002/000917	app/paint/gimpbrushcore.c	89a06853c33b39aa050453a680aa3ab2e5558513	-1422 -> 1740	d215c154a587f725dd0e9442d762bdff602e002d836edda267655132c25ed605	gimp_brush_core_get_brush_mask (GimpBrushCore            *core,	+mask2 = gimp_brush_core_subsample_mask (core, mask, | -return gimp_brush_core_subsample_mask (core, mask,	Standard paintbrush/dynamics paper	22.001,22.002,22.003,22.005,22.006,22.008,22.009,30.007	22.010,24.017	95f6410f25c5186686db7a489d79c1e79187cd41	app/paint/gimpbrushcore.c	c0baf62d4487a8396e1364a895edc863efe36c9d	Use the named current source with this separately assigned legacy contract; same path/feature name is not equivalence evidence	NOT_PROVEN
01.016/hunk-000918	DONE	01.002/000918	app/paint/gimpbrushcore.c	89a06853c33b39aa050453a680aa3ab2e5558513	-1428 -> 1746	007bdfc53c0a4f9097324666da2ea0527cec7509c479fbe10dd9b43501173576	gimp_brush_core_get_brush_mask (GimpBrushCore            *core,	+mask2 = gimp_brush_core_solidify_mask (core, mask, | -return gimp_brush_core_solidify_mask (core, mask,	Standard paintbrush/dynamics paper	22.001,22.002,22.003,22.005,22.006,22.008,22.009,30.007	22.010,24.017	95f6410f25c5186686db7a489d79c1e79187cd41	app/paint/gimpbrushcore.c	c0baf62d4487a8396e1364a895edc863efe36c9d	Use the named current source with this separately assigned legacy contract; same path/feature name is not equivalence evidence	NOT_PROVEN
01.016/hunk-000919	DONE	01.002/000919	app/paint/gimpbrushcore.c	89a06853c33b39aa050453a680aa3ab2e5558513	-1434 -> 1752	5b996292415a1da4e1b789d89308eb98a83b3feb703510236901aec08313172c	gimp_brush_core_get_brush_mask (GimpBrushCore            *core,	+mask2 = gimp_brush_core_pressurize_mask (core, mask, | -return gimp_brush_core_pressurize_mask (core, mask,	Standard paintbrush/dynamics paper	22.001,22.002,22.003,22.005,22.006,22.008,22.009,30.007	22.010,24.017	95f6410f25c5186686db7a489d79c1e79187cd41	app/paint/gimpbrushcore.c	c0baf62d4487a8396e1364a895edc863efe36c9d	Use the named current source with this separately assigned legacy contract; same path/feature name is not equivalence evidence	NOT_PROVEN
01.016/hunk-000920	DONE	01.002/000920	app/paint/gimpbrushcore.c	89a06853c33b39aa050453a680aa3ab2e5558513	-1440,0 -> 1759,3	bf94bdb4bbcfdd37268464400d4fbdaaa2f55483c90edcb7c938ec302d2b52b5	gimp_brush_core_get_brush_mask (GimpBrushCore            *core,	+if (mask2) | +return gimp_brush_core_texturize_mask (core, mask2, coords->x, coords->y);	Standard paintbrush/dynamics paper	22.001,22.002,22.003,22.005,22.006,22.008,22.009,30.007	22.010,24.017	95f6410f25c5186686db7a489d79c1e79187cd41	app/paint/gimpbrushcore.c	c0baf62d4487a8396e1364a895edc863efe36c9d	Use the named current source with this separately assigned legacy contract; same path/feature name is not equivalence evidence	NOT_PROVEN
01.016/hunk-000921	DONE	01.002/000921	app/paint/gimpbrushcore.c	89a06853c33b39aa050453a680aa3ab2e5558513	-1480,4 -> 1801,5	d4d210c965c2c704076e619446343f1336f0b08531952f2c4186c2551a5256c3	gimp_brush_core_eval_transform_dynamics (GimpBrushCore     *core,	+if (!core->ignore_scale) | +core->scale *= gimp_dynamics_output_get_linear_value (output, | +coords, | +paint_options, | +fade_point); | -core->scale *= gimp_dynamics_output_get_linear_value (output, | -coords, | -paint_options, | -fade_point);	Independent Smudge accumulation and blending	23.001,23.002,23.003,23.004,23.005	23.006	95f6410f25c5186686db7a489d79c1e79187cd41	app/paint/gimpbrushcore.c	c0baf62d4487a8396e1364a895edc863efe36c9d	Use the named current source with this separately assigned legacy contract; same path/feature name is not equivalence evidence	NOT_PROVEN
01.016/hunk-000922	DONE	01.002/000922	app/paint/gimpbrushcore.h	e5e17105aca0f14029efbd23b082d7dd315f2367	-45,0 -> 46	4b0fb590721c0f893d1d90ae7a1c98b1500f8ce628495f56c02bdca43ddd55c9	struct _GimpBrushCore	+GimpPattern   *texture;	Standard paintbrush/dynamics paper	22.001,22.002,22.003,22.005,22.006,22.008,22.009,30.007	22.010,24.017	95f6410f25c5186686db7a489d79c1e79187cd41	app/paint/gimpbrushcore.h	a6ab08bdd6ac1acdd75fc81951be2ed089e6c9f6	Use the named current source with this separately assigned legacy contract; same path/feature name is not equivalence evidence	NOT_PROVEN
01.016/hunk-000923	DONE	01.002/000923	app/paint/gimpbrushcore.h	e5e17105aca0f14029efbd23b082d7dd315f2367	-69,0 -> 71,2	b56cd6dcab3d2e339795fb056e23bd2252810650531682512d0d009e2157a791	struct _GimpBrushCore	+TempBuf       *texturized_brush;	Standard paintbrush/dynamics paper	22.001,22.002,22.003,22.005,22.006,22.008,22.009,30.007	22.010,24.017	95f6410f25c5186686db7a489d79c1e79187cd41	app/paint/gimpbrushcore.h	a6ab08bdd6ac1acdd75fc81951be2ed089e6c9f6	Use the named current source with this separately assigned legacy contract; same path/feature name is not equivalence evidence	NOT_PROVEN
01.016/hunk-000924	DONE	01.002/000924	app/paint/gimpbrushcore.h	e5e17105aca0f14029efbd23b082d7dd315f2367	-71,0 -> 75,13	2b8405e0ac4cb1c0b8ea4e24de62629540e14184bf3d627f4b5554a96cf533be	struct _GimpBrushCore	+/* gimp-painter-2.7: tweaks for smudge */ | +gboolean       ignore_scale; | +#if 0 | +/*  don't use these...  */ | +BoundSeg      *brush_bound_segs; | +gint           n_brush_bound_segs; | +gint           brush_bound_width; | +gint           brush_bound_height; | +gint           transformed_brush_bound_width; | +gint           transformed_brush_bound_height; | +#endif	Independent Smudge accumulation and blending	23.001,23.002,23.003,23.004,23.005	23.006	95f6410f25c5186686db7a489d79c1e79187cd41	app/paint/gimpbrushcore.h	a6ab08bdd6ac1acdd75fc81951be2ed089e6c9f6	Use the named current source with this separately assigned legacy contract; same path/feature name is not equivalence evidence	NOT_PROVEN
01.016/hunk-000925	DONE	01.002/000925	app/paint/gimpbrushcore.h	e5e17105aca0f14029efbd23b082d7dd315f2367	-90,0 -> 107,2	54afe04148aae8de9f16af5a08b358965b1b512e70b538e0bfb8e478209ab9b6	struct _GimpBrushCoreClass	+void (* set_texture)  (GimpBrushCore *core, | +GimpPattern  *texture);	Standard paintbrush/dynamics paper	22.001,22.002,22.003,22.005,22.006,22.008,22.009,30.007	22.010,24.017	95f6410f25c5186686db7a489d79c1e79187cd41	app/paint/gimpbrushcore.h	a6ab08bdd6ac1acdd75fc81951be2ed089e6c9f6	Use the named current source with this separately assigned legacy contract; same path/feature name is not equivalence evidence	NOT_PROVEN
01.016/hunk-000926	DONE	01.002/000926	app/paint/gimpbrushcore.h	e5e17105aca0f14029efbd23b082d7dd315f2367	-101,0 -> 120,13	ae9bee7f0814d728695813cd49c51de7fc419d5134e5d09e4f1a0cad633d445e	void   gimp_brush_core_set_dynamics   (GimpBrushCore            *core,	+/* for gimp-painter-2.7 */ | +void    gimp_brush_core_set_texture    (GimpBrushCore            *core, | +GimpPattern               *texture); | +#if 0 | +/* for gimp-painter-2.7 */ | +void    gimp_brush_core_create_boundary(GimpBrushCore            *core, | +GimpPaintOptions         *options); | +/* for gimp-painter-2.7 */ | +gboolean gimp_brush_core_get_transform (GimpBrushCore            *core, | +GimpMatrix3              *matrix); | +#endif	Standard paintbrush/dynamics paper	22.001,22.002,22.003,22.005,22.006,22.008,22.009,30.007	22.010,24.017	95f6410f25c5186686db7a489d79c1e79187cd41	app/paint/gimpbrushcore.h	a6ab08bdd6ac1acdd75fc81951be2ed089e6c9f6	Use the named current source with this separately assigned legacy contract; same path/feature name is not equivalence evidence	NOT_PROVEN
01.016/hunk-000927	DONE	01.002/000927	app/paint/gimpbrushcore.h	e5e17105aca0f14029efbd23b082d7dd315f2367	-139,0 -> 171,6	ad479299e4c241a4664247dd63dcd61eac351697064f5790bc0e8437138cc6c9	void   gimp_brush_core_eval_transform_dynamics	"+#ifdef __cplusplus | +extern ""C++"" { | +#include ""base/glib-cxx-types.hpp"" | +__DECLARE_GTK_CLASS__(GimpBrushCore, GIMP_TYPE_BRUSH_CORE); | +}; | +#endif"	C/C++ header/type adapter	04.003,04.004,08.019	04.014,04.017	95f6410f25c5186686db7a489d79c1e79187cd41	app/paint/gimpbrushcore.h	a6ab08bdd6ac1acdd75fc81951be2ed089e6c9f6	Use the named current source with this separately assigned legacy contract; same path/feature name is not equivalence evidence	NOT_PROVEN
01.016/hunk-000928	DONE	01.002/000928	app/paint/gimpink.c	3706f6e2890d963286658f7825d3191345edd872	-189,0 -> 190,2	3ec0f4a09bdf86db586f767462d6c962922ad97692b45112dd6d550d58e4202e	gimp_ink_paint (GimpPaintCore    *paint_core,	+gimp_circular_queue_free(ink->queue); | +ink->queue = NULL;	Motion/pressure event semantics	23.007,23.008,23.009,23.010,23.011,23.012,23.014	23.015,26.013	95f6410f25c5186686db7a489d79c1e79187cd41	app/paint/gimpink.c	7d48f4f39249a3a7e92796210a07034e73f43184	Use the named current source with this separately assigned legacy contract; same path/feature name is not equivalence evidence	NOT_PROVEN
01.016/hunk-000929	DONE	01.002/000929	app/paint/gimpink.c	3706f6e2890d963286658f7825d3191345edd872	-259,0 -> 262,4	4c2f2f957c93b4e7c671e456c08e147040015362b8e274fed27d948a8c92e093	gimp_ink_motion (GimpPaintCore    *paint_core,	+#if 0 | +modified_coords = gimp_paint_core_get_smoothed_coords (paint_core, | +paint_options, coords); | +#endif	Motion/pressure event semantics	23.007,23.008,23.009,23.010,23.011,23.012,23.014	23.015,26.013	95f6410f25c5186686db7a489d79c1e79187cd41	app/paint/gimpink.c	7d48f4f39249a3a7e92796210a07034e73f43184	Use the named current source with this separately assigned legacy contract; same path/feature name is not equivalence evidence	NOT_PROVEN
01.016/hunk-000930	DONE	01.002/000930	app/paint/gimpink.h	c2e686a966e80836fcc088bbe59ce41acabd6410	-23,0 -> 24	43199fe77805499078fc1322c8ba348a95c21a1ee942a41b21636f4fb998a220	file-level declarations/content	"+#include ""gimppaintoptions.h"""	Motion/pressure event semantics	23.007,23.008,23.009,23.010,23.011,23.012,23.014	23.015,26.013	95f6410f25c5186686db7a489d79c1e79187cd41	app/paint/gimpink.h	bd9b32b9d23733b02ae3aeb2919f4dfa7d16a8ec	Use the named current source with this separately assigned legacy contract; same path/feature name is not equivalence evidence	NOT_PROVEN
01.016/hunk-000931	DONE	01.002/000931	app/paint/gimpink.h	c2e686a966e80836fcc088bbe59ce41acabd6410	-43,0 -> 45	e272a64ece86de4bcf0709aeff60207cc4ed6384325c5509b0f1312b7f0622ab	struct _GimpInk	+GimpCircularQueue * queue;	Motion/pressure event semantics	23.007,23.008,23.009,23.010,23.011,23.012,23.014	23.015,26.013	95f6410f25c5186686db7a489d79c1e79187cd41	app/paint/gimpink.h	bd9b32b9d23733b02ae3aeb2919f4dfa7d16a8ec	Use the named current source with this separately assigned legacy contract; same path/feature name is not equivalence evidence	NOT_PROVEN
01.016/hunk-000945	DONE	01.002/000945	app/paint/gimppaintcore.c	d3b66dcc34444f63e45fe27c63b665cd2580b3c1	-362 -> 362	0737ac9376359a3f69bdd527a64045a8e9eecc5663b4374f58ce0add8882e9dd	gimp_paint_core_start (GimpPaintCore     *core,	Whitespace-only source delta; no active token change	Nonfunctional/obsolete source candidate	31.018	31.020,38.001	95f6410f25c5186686db7a489d79c1e79187cd41	app/paint/gimppaintcore.c	408b9f3302c50aafa28edbc69344db895b9db65c	Use the named current source with this separately assigned legacy contract; same path/feature name is not equivalence evidence	NOT_PROVEN
01.016/hunk-000946	DONE	01.002/000946	app/paint/gimppaintcore.c	d3b66dcc34444f63e45fe27c63b665cd2580b3c1	-442 -> 442	0737ac9376359a3f69bdd527a64045a8e9eecc5663b4374f58ce0add8882e9dd	gimp_paint_core_finish (GimpPaintCore *core,	Whitespace-only source delta; no active token change	Nonfunctional/obsolete source candidate	31.018	31.020,38.001	95f6410f25c5186686db7a489d79c1e79187cd41	app/paint/gimppaintcore.c	408b9f3302c50aafa28edbc69344db895b9db65c	Use the named current source with this separately assigned legacy contract; same path/feature name is not equivalence evidence	NOT_PROVEN
01.016/hunk-000947	DONE	01.002/000947	app/paint/gimppaintcore.h	4493f064204c4f3440e0ed1690d8a12a609e4a73	-22,0 -> 23	d8f0401251d520ed9d8aa8ff58fac35818ed645388406c0abe6f83acdf2b8612	file-level declarations/content	"+#include ""gimppaintoptions.h"" /* GimpCircularQueue */"	Motion/pressure event semantics	23.007,23.008,23.009,23.010,23.011,23.012,23.014	23.015,26.013	95f6410f25c5186686db7a489d79c1e79187cd41	app/paint/gimppaintcore.h	deccff34012c3317a92afccfcff60248fba6682e	Use the named current source with this separately assigned legacy contract; same path/feature name is not equivalence evidence	NOT_PROVEN
01.016/hunk-000948	DONE	01.002/000948	app/paint/gimppaintcore.h	4493f064204c4f3440e0ed1690d8a12a609e4a73	-209 -> 210,6	3867f7fddaaca3c252bd413e00988f4460e09447d03d5b348660bf1c2e2bfb04	void      gimp_paint_core_smooth_coords             (GimpPaintCore    *core,	"+#ifdef __cplusplus | +extern ""C++"" { | +#include ""base/glib-cxx-types.hpp"" | +__DECLARE_GTK_CLASS__(GimpPaintCore, GIMP_TYPE_PAINT_CORE); | +}; | +#endif"	C/C++ header/type adapter	04.003,04.004,08.019	04.014,04.017	95f6410f25c5186686db7a489d79c1e79187cd41	app/paint/gimppaintcore.h	deccff34012c3317a92afccfcff60248fba6682e	Use the named current source with this separately assigned legacy contract; same path/feature name is not equivalence evidence	NOT_PROVEN
01.016/hunk-000949	DONE	01.002/000949	app/paint/gimppaintoptions.c	60025a2d4838a20414f5f9890e53a8870f18c175	-39,0 -> 40,48	f55acd264724c41cf72f8eb9d3a6a5dd03fcb7cbcdc77e5382178360b77a52e0	file-level declarations/content	+GimpCircularQueue* gimp_circular_queue_new(guint element_size, guint queue_size) | +{ | +GimpCircularQueue* queue = g_new0(GimpCircularQueue, 1); | +queue->data = g_malloc0(element_size * queue_size); | +if (queue->data) { | +queue->element_size = element_size; | +queue->queue_size = queue_size; | +} | +queue->start = 0; | +queue->end = 0; | +return queue; | +} | +void gimp_circular_queue_free(GimpCircularQueue* queue) | +{ | +if (queue) { | +if (queue->data) | +g_free(queue->data); | +g_free(queue); | +} | +} | +void gimp_circular_queue_enqueue_data(GimpCircularQueue* queue, gpointer data) | +{ | +guint index = queue->end % queue->queue_size; | +if (index > queue->start && index == queue->start % queue->queue_size) | +queue->start ++; | +index *= queue->element_size; | +g_memmove((guchar*)queue->data + index, data, queue->element_size); | +queue->end ++; | +} | +gpointer gimp_circular_queue_get_nth_offset(GimpCircularQueue* queue, guint index) | +{ | +index = (queue->start + index) % queue->queue_size; | +index *= queue->element_size; | +return (guchar*)queue->data + index; | +} | +gpointer gimp_circular_queue_get_last_offset(GimpCircularQueue* queue) | +{ | +gint index = (queue->end - 1) % queue->queue_size; | +index *= queue->element_size; | +return (guchar*)queue->data + index; | +}	Motion/pressure event semantics	23.007,23.008,23.009,23.010,23.011,23.012,23.014	23.015,26.013	95f6410f25c5186686db7a489d79c1e79187cd41	app/paint/gimppaintoptions.c	68269d706d97c197ae9e49f848a2b346a507e77b	Use the named current source with this separately assigned legacy contract; same path/feature name is not equivalence evidence	NOT_PROVEN
01.016/hunk-000950	DONE	01.002/000950	app/paint/gimppaintoptions.c	60025a2d4838a20414f5f9890e53a8870f18c175	-106 -> 154,3	21583027d734aba289bf806c6716a9135d3e8e7695b4e6b319c96dc3d62229fb	enum	+PROP_SMOOTHING_FACTOR, | +PROP_USE_TEXTURE | -PROP_SMOOTHING_FACTOR	Standard paintbrush/dynamics paper	22.001,22.002,22.003,22.005,22.006,22.008,22.009,30.007	22.010,24.017	95f6410f25c5186686db7a489d79c1e79187cd41	app/paint/gimppaintoptions.c	68269d706d97c197ae9e49f848a2b346a507e77b	Use the named current source with this separately assigned legacy contract; same path/feature name is not equivalence evidence	NOT_PROVEN
01.016/hunk-000951	DONE	01.002/000951	app/paint/gimppaintoptions.c	60025a2d4838a20414f5f9890e53a8870f18c175	-270,0 -> 321,4	4961bd2bb07d1edef0eaeaa421a74f64fc0f9827d872520da0a60052cbdb532b	gimp_paint_options_class_init (GimpPaintOptionsClass *klass)	"+GIMP_CONFIG_INSTALL_PROP_BOOLEAN (object_class, PROP_USE_TEXTURE, | +""use-texture"", NULL, | +FALSE, | +GIMP_PARAM_STATIC_STRINGS);"	Standard paintbrush/dynamics paper	22.001,22.002,22.003,22.005,22.006,22.008,22.009,30.007	22.010,24.017	95f6410f25c5186686db7a489d79c1e79187cd41	app/paint/gimppaintoptions.c	68269d706d97c197ae9e49f848a2b346a507e77b	Use the named current source with this separately assigned legacy contract; same path/feature name is not equivalence evidence	NOT_PROVEN
01.016/hunk-000952	DONE	01.002/000952	app/paint/gimppaintoptions.c	60025a2d4838a20414f5f9890e53a8870f18c175	-281,0 -> 336	cad96c9535994a1f674b60dc9c1a4714962eca4a0da19efeed37d2d7ffe2466a	gimp_paint_options_init (GimpPaintOptions *options)	+options->texture_options   = g_slice_new0 (GimpTextureOptions);	Standard paintbrush/dynamics paper	22.001,22.002,22.003,22.005,22.006,22.008,22.009,30.007	22.010,24.017	95f6410f25c5186686db7a489d79c1e79187cd41	app/paint/gimppaintoptions.c	68269d706d97c197ae9e49f848a2b346a507e77b	Use the named current source with this separately assigned legacy contract; same path/feature name is not equivalence evidence	NOT_PROVEN
01.016/hunk-000953	DONE	01.002/000953	app/paint/gimppaintoptions.c	60025a2d4838a20414f5f9890e53a8870f18c175	-321,0 -> 377	b62d4d126df599a9fa4d61d2dd607f29fddd64494bb33faaa27a01ffa74ed4c1	gimp_paint_options_set_property (GObject      *object,	+GimpTextureOptions   *texture_options   = options->texture_options;	Standard paintbrush/dynamics paper	22.001,22.002,22.003,22.005,22.006,22.008,22.009,30.007	22.010,24.017	95f6410f25c5186686db7a489d79c1e79187cd41	app/paint/gimppaintoptions.c	68269d706d97c197ae9e49f848a2b346a507e77b	Use the named current source with this separately assigned legacy contract; same path/feature name is not equivalence evidence	NOT_PROVEN
01.016/hunk-000954	DONE	01.002/000954	app/paint/gimppaintoptions.c	60025a2d4838a20414f5f9890e53a8870f18c175	-424,0 -> 481,4	c716eb34a9d8509fcc7ee376470fec6daf90e751a3079d9b4982eb6dc8939c7f	gimp_paint_options_set_property (GObject      *object,	+case PROP_USE_TEXTURE: | +texture_options->use_texture = g_value_get_boolean (value); | +break;	Standard paintbrush/dynamics paper	22.001,22.002,22.003,22.005,22.006,22.008,22.009,30.007	22.010,24.017	95f6410f25c5186686db7a489d79c1e79187cd41	app/paint/gimppaintoptions.c	68269d706d97c197ae9e49f848a2b346a507e77b	Use the named current source with this separately assigned legacy contract; same path/feature name is not equivalence evidence	NOT_PROVEN
01.016/hunk-000955	DONE	01.002/000955	app/paint/gimppaintoptions.c	60025a2d4838a20414f5f9890e53a8870f18c175	-441,0 -> 502	b62d4d126df599a9fa4d61d2dd607f29fddd64494bb33faaa27a01ffa74ed4c1	gimp_paint_options_get_property (GObject    *object,	+GimpTextureOptions   *texture_options   = options->texture_options;	Standard paintbrush/dynamics paper	22.001,22.002,22.003,22.005,22.006,22.008,22.009,30.007	22.010,24.017	95f6410f25c5186686db7a489d79c1e79187cd41	app/paint/gimppaintoptions.c	68269d706d97c197ae9e49f848a2b346a507e77b	Use the named current source with this separately assigned legacy contract; same path/feature name is not equivalence evidence	NOT_PROVEN
01.016/hunk-000956	DONE	01.002/000956	app/paint/gimppaintoptions.c	60025a2d4838a20414f5f9890e53a8870f18c175	-532 -> 593	69acf0d1081cb8d7029d9a68d1172e2874800c3ede255f8fb5476dbce980cc18	gimp_paint_options_get_property (GObject    *object,	Whitespace-only source delta; no active token change	Nonfunctional/obsolete source candidate	31.018	31.020,38.001	95f6410f25c5186686db7a489d79c1e79187cd41	app/paint/gimppaintoptions.c	68269d706d97c197ae9e49f848a2b346a507e77b	Use the named current source with this separately assigned legacy contract; same path/feature name is not equivalence evidence	NOT_PROVEN
01.016/hunk-000957	DONE	01.002/000957	app/paint/gimppaintoptions.c	60025a2d4838a20414f5f9890e53a8870f18c175	-544,0 -> 606,4	ec0a361ad717e9c4d58812dba8758906d859dbb6d75a22190d7ccfdbddc9e021	gimp_paint_options_get_property (GObject    *object,	+case PROP_USE_TEXTURE: | +g_value_set_boolean (value, texture_options->use_texture); | +break;	Standard paintbrush/dynamics paper	22.001,22.002,22.003,22.005,22.006,22.008,22.009,30.007	22.010,24.017	95f6410f25c5186686db7a489d79c1e79187cd41	app/paint/gimppaintoptions.c	68269d706d97c197ae9e49f848a2b346a507e77b	Use the named current source with this separately assigned legacy contract; same path/feature name is not equivalence evidence	NOT_PROVEN
01.016/hunk-000958	DONE	01.002/000958	app/paint/gimppaintoptions.h	0cb042630b3b2f5b1e456a3624973819ec6c4c47	-32,0 -> 33,19	cd695d609cafad632c8fe2a0963be69076b4d00f859f7ce164cd3be81f61897c	file-level declarations/content	+typedef struct _GimpCircularQueue   GimpCircularQueue; | +struct _GimpCircularQueue | +{ | +guint    element_size; | +guint    queue_size; | +guint    start; | +guint    end; | +gpointer data; | +}; | +GimpCircularQueue* gimp_circular_queue_new(guint element_size, guint queue_size); | +void gimp_circular_queue_free(GimpCircularQueue* queue); | +void gimp_circular_queue_enqueue_data(GimpCircularQueue* queue, gpointer data); | +gpointer gimp_circular_queue_get_nth_offset(GimpCircularQueue* queue, guint index); | +gpointer gimp_circular_queue_get_last_offset(GimpCircularQueue* queue); | +#define gimp_circular_queue_length(q) ((q)->end - (q)->start) | +#define gimp_circular_queue_enqueue(q, a) gimp_circular_queue_enqueue_data(q, (void*)(&(a))) | +#define gimp_circular_queue_index(q, type, i) (*(type*)gimp_circular_queue_get_nth_offset(q, i)) | +#define gimp_circular_queue_last(q, type) (*(type*)gimp_circular_queue_get_last_offset(q))	Motion/pressure event semantics	23.007,23.008,23.009,23.010,23.011,23.012,23.014	23.015,26.013	95f6410f25c5186686db7a489d79c1e79187cd41	app/paint/gimppaintoptions.h	a5f2f9ed3408c8a6b0b7c4651d0140d066dcb688	Use the named current source with this separately assigned legacy contract; same path/feature name is not equivalence evidence	NOT_PROVEN
01.016/hunk-000959	DONE	01.002/000959	app/paint/gimppaintoptions.h	0cb042630b3b2f5b1e456a3624973819ec6c4c47	-37,0 -> 57	e12f738f3017190ad46aff6d3640de10e4c1e799be2af858d176e65100575a82	typedef struct _GimpSmoothingOptions GimpSmoothingOptions;	+typedef struct _GimpTextureOptions  GimpTextureOptions;	Standard paintbrush/dynamics paper	22.001,22.002,22.003,22.005,22.006,22.008,22.009,30.007	22.010,24.017	95f6410f25c5186686db7a489d79c1e79187cd41	app/paint/gimppaintoptions.h	a5f2f9ed3408c8a6b0b7c4651d0140d066dcb688	Use the named current source with this separately assigned legacy contract; same path/feature name is not equivalence evidence	NOT_PROVEN
01.016/hunk-000960	DONE	01.002/000960	app/paint/gimppaintoptions.h	0cb042630b3b2f5b1e456a3624973819ec6c4c47	-65,0 -> 86,4	f5fb27364d1530495a63779cd9d164ebc516c847eadd2fec3f940cf98d948a0b	struct _GimpSmoothingOptions	+struct _GimpTextureOptions | +{ | +gboolean use_texture; | +};	Standard paintbrush/dynamics paper	22.001,22.002,22.003,22.005,22.006,22.008,22.009,30.007	22.010,24.017	95f6410f25c5186686db7a489d79c1e79187cd41	app/paint/gimppaintoptions.h	a5f2f9ed3408c8a6b0b7c4651d0140d066dcb688	Use the named current source with this separately assigned legacy contract; same path/feature name is not equivalence evidence	NOT_PROVEN
01.016/hunk-000961	DONE	01.002/000961	app/paint/gimppaintoptions.h	0cb042630b3b2f5b1e456a3624973819ec6c4c47	-97,0 -> 122	f96edca387f360b2a1d01fabb615ef15106d1a9669a8129d6b386365b4dfcd70	struct _GimpPaintOptions	+GimpTextureOptions       *texture_options;	Standard paintbrush/dynamics paper	22.001,22.002,22.003,22.005,22.006,22.008,22.009,30.007	22.010,24.017	95f6410f25c5186686db7a489d79c1e79187cd41	app/paint/gimppaintoptions.h	a5f2f9ed3408c8a6b0b7c4651d0140d066dcb688	Use the named current source with this separately assigned legacy contract; same path/feature name is not equivalence evidence	NOT_PROVEN
01.016/hunk-000962	DONE	01.002/000962	app/paint/gimppaintoptions.h	0cb042630b3b2f5b1e456a3624973819ec6c4c47	-131,0 -> 157,4	64e7bbdc88499ad98cc56fd2e38d879842b08ff02713b367e06497f027c67bb9	gboolean gimp_paint_options_get_gradient_color (GimpPaintOptions *paint_options,	+GimpCoords gimp_paint_options_get_smoothed_coords (GimpPaintOptions  *paint_options, | +const GimpCoords *original_coords, | +GimpCircularQueue *history);	Motion/pressure event semantics	23.007,23.008,23.009,23.010,23.011,23.012,23.014	23.015,26.013	95f6410f25c5186686db7a489d79c1e79187cd41	app/paint/gimppaintoptions.h	a5f2f9ed3408c8a6b0b7c4651d0140d066dcb688	Use the named current source with this separately assigned legacy contract; same path/feature name is not equivalence evidence	NOT_PROVEN
01.016/hunk-000963	DONE	01.002/000963	app/paint/gimppaintoptions.h	0cb042630b3b2f5b1e456a3624973819ec6c4c47	-145 -> 174,6	118e99fc9a42e79eae0e9f018a932c81c5afb89b1effd68f0bc9def2b702eac2	void    gimp_paint_options_copy_gradient_props (GimpPaintOptions *src,	"+#ifdef __cplusplus | +extern ""C++"" { | +#include ""base/glib-cxx-types.hpp"" | +__DECLARE_GTK_CLASS__(GimpPaintOptions, GIMP_TYPE_PAINT_OPTIONS); | +}; | +#endif"	C/C++ header/type adapter	04.003,04.004,08.019	04.014,04.017	95f6410f25c5186686db7a489d79c1e79187cd41	app/paint/gimppaintoptions.h	a5f2f9ed3408c8a6b0b7c4651d0140d066dcb688	Use the named current source with this separately assigned legacy contract; same path/feature name is not equivalence evidence	NOT_PROVEN
01.016/hunk-000964	DONE	01.002/000964	app/paint/gimpsmudge.c	4d5cd380aa0bcc8f3d15482a21adfb2689cf7b6b	-61,0 -> 62,8	de56f737226838d50a54d0f28f228eb3eadc0e68f8dfd41ba643b66b1aa0c4ad	static void       gimp_smudge_motion       (GimpPaintCore    *paint_core,	+static void       gimp_smudge_brush_coords (GimpPaintCore    *paint_core, | +GimpPaintOptions  *options, | +const GimpCoords *coords, | +gint             *x, | +gint             *y, | +gint             *w, | +gint             *h); | +#if 0	Independent Smudge accumulation and blending	23.001,23.002,23.003,23.004,23.005	23.006	95f6410f25c5186686db7a489d79c1e79187cd41	app/paint/gimpsmudge.c	3ad5b0ac82eee81e1e0358d1a94d9eae0c3c5af3	Use the named current source with this separately assigned legacy contract; same path/feature name is not equivalence evidence	NOT_PROVEN
01.016/hunk-000965	DONE	01.002/000965	app/paint/gimpsmudge.c	4d5cd380aa0bcc8f3d15482a21adfb2689cf7b6b	-68,0 -> 77	9bb41c2bdf539b1fb4e819f83915f240412c666c824efdc1cd2131a848e37a55	static void       gimp_smudge_accumulator_size   (GimpPaintOptions *paint_option	+#endif	Independent Smudge accumulation and blending	23.001,23.002,23.003,23.004,23.005	23.006	95f6410f25c5186686db7a489d79c1e79187cd41	app/paint/gimpsmudge.c	3ad5b0ac82eee81e1e0358d1a94d9eae0c3c5af3	Use the named current source with this separately assigned legacy contract; same path/feature name is not equivalence evidence	NOT_PROVEN
01.016/hunk-000966	DONE	01.002/000966	app/paint/gimpsmudge.c	4d5cd380aa0bcc8f3d15482a21adfb2689cf7b6b	-108,0 -> 118,2	18456258ba175cd3e50daf7b4df65173573ffebbf8ff9001332c86e445698bf8	gimp_smudge_init (GimpSmudge *smudge)	+smudge->blending_data = NULL; | +#if 0	Independent Smudge accumulation and blending	23.001,23.002,23.003,23.004,23.005	23.006	95f6410f25c5186686db7a489d79c1e79187cd41	app/paint/gimpsmudge.c	3ad5b0ac82eee81e1e0358d1a94d9eae0c3c5af3	Use the named current source with this separately assigned legacy contract; same path/feature name is not equivalence evidence	NOT_PROVEN
01.016/hunk-000967	DONE	01.002/000967	app/paint/gimpsmudge.c	4d5cd380aa0bcc8f3d15482a21adfb2689cf7b6b	-109,0 -> 121	9bb41c2bdf539b1fb4e819f83915f240412c666c824efdc1cd2131a848e37a55	gimp_smudge_init (GimpSmudge *smudge)	+#endif	Independent Smudge accumulation and blending	23.001,23.002,23.003,23.004,23.005	23.006	95f6410f25c5186686db7a489d79c1e79187cd41	app/paint/gimpsmudge.c	3ad5b0ac82eee81e1e0358d1a94d9eae0c3c5af3	Use the named current source with this separately assigned legacy contract; same path/feature name is not equivalence evidence	NOT_PROVEN
01.016/hunk-000968	DONE	01.002/000968	app/paint/gimpsmudge.c	4d5cd380aa0bcc8f3d15482a21adfb2689cf7b6b	-121,0 -> 134,7	8560ca3c7fb2fdf24f3104b3ebe4d9d174597a13c8450c5e0a971d2a6888740f	gimp_smudge_finalize (GObject *object)	+if (smudge->blending_data) | +{ | +g_free (smudge->blending_data); | +smudge->blending_data = NULL; | +}	Independent Smudge accumulation and blending	23.001,23.002,23.003,23.004,23.005	23.006	95f6410f25c5186686db7a489d79c1e79187cd41	app/paint/gimpsmudge.c	3ad5b0ac82eee81e1e0358d1a94d9eae0c3c5af3	Use the named current source with this separately assigned legacy contract; same path/feature name is not equivalence evidence	NOT_PROVEN
01.016/hunk-000969	DONE	01.002/000969	app/paint/gimpsmudge.c	4d5cd380aa0bcc8f3d15482a21adfb2689cf7b6b	-122,0 -> 142	b0232c9f5bf1d447826bb1d64afa7ab9b6bafa42336891ded92886a31e3e271f	gimp_smudge_finalize (GObject *object)	+#if 0	Independent Smudge accumulation and blending	23.001,23.002,23.003,23.004,23.005	23.006	95f6410f25c5186686db7a489d79c1e79187cd41	app/paint/gimpsmudge.c	3ad5b0ac82eee81e1e0358d1a94d9eae0c3c5af3	Use the named current source with this separately assigned legacy contract; same path/feature name is not equivalence evidence	NOT_PROVEN
01.016/hunk-000970	DONE	01.002/000970	app/paint/gimpsmudge.c	4d5cd380aa0bcc8f3d15482a21adfb2689cf7b6b	-123,0 -> 144	9bb41c2bdf539b1fb4e819f83915f240412c666c824efdc1cd2131a848e37a55	gimp_smudge_finalize (GObject *object)	+#endif	Independent Smudge accumulation and blending	23.001,23.002,23.003,23.004,23.005	23.006	95f6410f25c5186686db7a489d79c1e79187cd41	app/paint/gimpsmudge.c	3ad5b0ac82eee81e1e0358d1a94d9eae0c3c5af3	Use the named current source with this separately assigned legacy contract; same path/feature name is not equivalence evidence	NOT_PROVEN
01.016/hunk-000971	DONE	01.002/000971	app/paint/gimpsmudge.c	4d5cd380aa0bcc8f3d15482a21adfb2689cf7b6b	-155,0 -> 177,5	b87d1770934ce733c94811423e30d2bcd84e5241231e8363b82988f46bae3b5d	gimp_smudge_paint (GimpPaintCore    *paint_core,	+if (smudge->blending_data) | +{ | +g_free (smudge->blending_data); | +smudge->blending_data = NULL; | +}	Independent Smudge accumulation and blending	23.001,23.002,23.003,23.004,23.005	23.006	95f6410f25c5186686db7a489d79c1e79187cd41	app/paint/gimpsmudge.c	3ad5b0ac82eee81e1e0358d1a94d9eae0c3c5af3	Use the named current source with this separately assigned legacy contract; same path/feature name is not equivalence evidence	NOT_PROVEN
01.016/hunk-000972	DONE	01.002/000972	app/paint/gimpsmudge.c	4d5cd380aa0bcc8f3d15482a21adfb2689cf7b6b	-169,0 -> 196,8	a835d58ca1af7f0e9d18621d6704b33f53da6e883559d1e378b7ec3a125f2b0d	gimp_smudge_start (GimpPaintCore    *paint_core,	+#if 0 | +GimpSmudge        *smudge     = GIMP_SMUDGE (paint_core); | +GimpImage         *image; | +TempBuf           *area; | +PixelRegion        srcPR; | +gint               bytes; | +gint               x, y, w, h; | +#endif	Independent Smudge accumulation and blending	23.001,23.002,23.003,23.004,23.005	23.006	95f6410f25c5186686db7a489d79c1e79187cd41	app/paint/gimpsmudge.c	3ad5b0ac82eee81e1e0358d1a94d9eae0c3c5af3	Use the named current source with this separately assigned legacy contract; same path/feature name is not equivalence evidence	NOT_PROVEN
01.016/hunk-000973	DONE	01.002/000973	app/paint/gimpsmudge.c	4d5cd380aa0bcc8f3d15482a21adfb2689cf7b6b	-173,0 -> 208,4	8f94fbe9c7040296393dfb4f2eee2ef3dd62e27a0e194194e81a49c1f8118efd	gimp_smudge_start (GimpPaintCore    *paint_core,	+gint         x, y, w, h; | +GimpBrushCore *brush_core  = GIMP_BRUSH_CORE (paint_core);        /* gimp-painter-2.7 */ | +GimpSmudgeOptions *options = GIMP_SMUDGE_OPTIONS (paint_options); /* gimp-painter-2.7 */ | +#if 0	Independent Smudge accumulation and blending	23.001,23.002,23.003,23.004,23.005	23.006	95f6410f25c5186686db7a489d79c1e79187cd41	app/paint/gimpsmudge.c	3ad5b0ac82eee81e1e0358d1a94d9eae0c3c5af3	Use the named current source with this separately assigned legacy contract; same path/feature name is not equivalence evidence	NOT_PROVEN
01.016/hunk-000974	DONE	01.002/000974	app/paint/gimpsmudge.c	4d5cd380aa0bcc8f3d15482a21adfb2689cf7b6b	-174,0 -> 213	9bb41c2bdf539b1fb4e819f83915f240412c666c824efdc1cd2131a848e37a55	gimp_smudge_start (GimpPaintCore    *paint_core,	+#endif	Independent Smudge accumulation and blending	23.001,23.002,23.003,23.004,23.005	23.006	95f6410f25c5186686db7a489d79c1e79187cd41	app/paint/gimpsmudge.c	3ad5b0ac82eee81e1e0358d1a94d9eae0c3c5af3	Use the named current source with this separately assigned legacy contract; same path/feature name is not equivalence evidence	NOT_PROVEN
01.016/hunk-000975	DONE	01.002/000975	app/paint/gimpsmudge.c	4d5cd380aa0bcc8f3d15482a21adfb2689cf7b6b	-179 -> 218,3	2e5858baadd3a2d69c034a7afe1bc483c7e0c5cd8e2fbe6af646f3b2b5c3c5b2	gimp_smudge_start (GimpPaintCore    *paint_core,	+brush_core->ignore_scale = TRUE; | +area  = gimp_paint_core_get_paint_area (paint_core, drawable, paint_options, | -area = gimp_paint_core_get_paint_area (paint_core, drawable, paint_options,	Independent Smudge accumulation and blending	23.001,23.002,23.003,23.004,23.005	23.006	95f6410f25c5186686db7a489d79c1e79187cd41	app/paint/gimpsmudge.c	3ad5b0ac82eee81e1e0358d1a94d9eae0c3c5af3	Use the named current source with this separately assigned legacy contract; same path/feature name is not equivalence evidence	NOT_PROVEN
01.016/hunk-000976	DONE	01.002/000976	app/paint/gimpsmudge.c	4d5cd380aa0bcc8f3d15482a21adfb2689cf7b6b	-183,0 -> 225,12	f4c154c9877890f9bec41091a751b893ec36da3617089881deaea58c1b94f0d4	gimp_smudge_start (GimpPaintCore    *paint_core,	"+/*  adjust the x and y coordinates to the upper left corner of the brush  */ | +smudge->max_radius = 0; | +w = h = 0; | +gimp_smudge_brush_coords (paint_core, paint_options, coords, &x, &y, &w, &h); | +//  g_print (""smudge:start: (x,y,w,h)=%d,%d,%d,%d\n"", x, y, w, h); | +/*  Allocate the accumulation buffer */ | +bytes = gimp_drawable_bytes (drawable); | +smudge->accum_data = g_malloc (w * h * bytes); | +if (options->use_color_blending) | +smudge->blending_data = g_malloc (w * h * bytes); | +#if 0"	Independent Smudge accumulation and blending	23.001,23.002,23.003,23.004,23.005	23.006	95f6410f25c5186686db7a489d79c1e79187cd41	app/paint/gimpsmudge.c	3ad5b0ac82eee81e1e0358d1a94d9eae0c3c5af3	Use the named current source with this separately assigned legacy contract; same path/feature name is not equivalence evidence	NOT_PROVEN
01.016/hunk-000977	DONE	01.002/000977	app/paint/gimpsmudge.c	4d5cd380aa0bcc8f3d15482a21adfb2689cf7b6b	-193,0 -> 247	9bb41c2bdf539b1fb4e819f83915f240412c666c824efdc1cd2131a848e37a55	gimp_smudge_start (GimpPaintCore    *paint_core,	+#endif	Independent Smudge accumulation and blending	23.001,23.002,23.003,23.004,23.005	23.006	95f6410f25c5186686db7a489d79c1e79187cd41	app/paint/gimpsmudge.c	3ad5b0ac82eee81e1e0358d1a94d9eae0c3c5af3	Use the named current source with this separately assigned legacy contract; same path/feature name is not equivalence evidence	NOT_PROVEN
01.016/hunk-000978	DONE	01.002/000978	app/paint/gimpsmudge.c	4d5cd380aa0bcc8f3d15482a21adfb2689cf7b6b	-200,2 -> 254,2	25abcda543b8a9f28d124d109436d47dbb4d6395331c250b115dd13b6049a3a8	gimp_smudge_start (GimpPaintCore    *paint_core,	+w != area->width || | +h != area->height) | -smudge->accum_size != area->width || | -smudge->accum_size != area->height)	Independent Smudge accumulation and blending	23.001,23.002,23.003,23.004,23.005	23.006	95f6410f25c5186686db7a489d79c1e79187cd41	app/paint/gimpsmudge.c	3ad5b0ac82eee81e1e0358d1a94d9eae0c3c5af3	Use the named current source with this separately assigned legacy contract; same path/feature name is not equivalence evidence	NOT_PROVEN
01.016/hunk-000979	DONE	01.002/000979	app/paint/gimpsmudge.c	4d5cd380aa0bcc8f3d15482a21adfb2689cf7b6b	-215,2 -> 269,2	9cb38834a8979e59ee54d9ab193ddb47392d795b1fd888216d1a235a23778845	gimp_smudge_start (GimpPaintCore    *paint_core,	+bytes, bytes * w, | +0, 0, w, h); | -bytes, bytes * smudge->accum_size, | -0, 0, smudge->accum_size, smudge->accum_size);	Independent Smudge accumulation and blending	23.001,23.002,23.003,23.004,23.005	23.006	95f6410f25c5186686db7a489d79c1e79187cd41	app/paint/gimpsmudge.c	3ad5b0ac82eee81e1e0358d1a94d9eae0c3c5af3	Use the named current source with this separately assigned legacy contract; same path/feature name is not equivalence evidence	NOT_PROVEN
01.016/hunk-000980	DONE	01.002/000980	app/paint/gimpsmudge.c	4d5cd380aa0bcc8f3d15482a21adfb2689cf7b6b	-225 -> 279	7998803070ed19977e15580dd42cf7d96ba39f371c27722bbf52f8d845614243	gimp_smudge_start (GimpPaintCore    *paint_core,	+bytes, bytes * w, | -bytes, bytes * smudge->accum_size,	Independent Smudge accumulation and blending	23.001,23.002,23.003,23.004,23.005	23.006	95f6410f25c5186686db7a489d79c1e79187cd41	app/paint/gimpsmudge.c	3ad5b0ac82eee81e1e0358d1a94d9eae0c3c5af3	Use the named current source with this separately assigned legacy contract; same path/feature name is not equivalence evidence	NOT_PROVEN
01.016/hunk-000981	DONE	01.002/000981	app/paint/gimpsmudge.c	4d5cd380aa0bcc8f3d15482a21adfb2689cf7b6b	-235,5 -> 289,7	c8854cdd3b7ced5a79e671fe6ed2814bbe8c879ab78c85287a738e74fcd28d30	gimp_smudge_start (GimpPaintCore    *paint_core,	+bytes, bytes * w, | +area->x - x, | +area->y - y, | +area->width, | +area->height); | +brush_core->ignore_scale = FALSE; | -bytes, bytes * smudge->accum_size, | -0, | -0, | -smudge->accum_size, | -smudge->accum_size);	Independent Smudge accumulation and blending	23.001,23.002,23.003,23.004,23.005	23.006	95f6410f25c5186686db7a489d79c1e79187cd41	app/paint/gimpsmudge.c	3ad5b0ac82eee81e1e0358d1a94d9eae0c3c5af3	Use the named current source with this separately assigned legacy contract; same path/feature name is not equivalence evidence	NOT_PROVEN
01.016/hunk-000982	DONE	01.002/000982	app/paint/gimpsmudge.c	4d5cd380aa0bcc8f3d15482a21adfb2689cf7b6b	-256,0 -> 313	9fe14035af0cba14edde32f025538aa8875877d4fe8070de6e88c5098c4ae7c8	gimp_smudge_motion (GimpPaintCore    *paint_core,	+GimpDynamicsOutput *blending_output;	Independent Smudge accumulation and blending	23.001,23.002,23.003,23.004,23.005	23.006	95f6410f25c5186686db7a489d79c1e79187cd41	app/paint/gimpsmudge.c	3ad5b0ac82eee81e1e0358d1a94d9eae0c3c5af3	Use the named current source with this separately assigned legacy contract; same path/feature name is not equivalence evidence	NOT_PROVEN
01.016/hunk-000983	DONE	01.002/000983	app/paint/gimpsmudge.c	4d5cd380aa0bcc8f3d15482a21adfb2689cf7b6b	-264 -> 321	39ff8f52d21e5254603920ac69aeb5d2127df6f471ae56336d1b3e86cfd72745	gimp_smudge_motion (GimpPaintCore    *paint_core,	+gint                x, y, w, h; | -gint                x, y;	Independent Smudge accumulation and blending	23.001,23.002,23.003,23.004,23.005	23.006	95f6410f25c5186686db7a489d79c1e79187cd41	app/paint/gimpsmudge.c	3ad5b0ac82eee81e1e0358d1a94d9eae0c3c5af3	Use the named current source with this separately assigned legacy contract; same path/feature name is not equivalence evidence	NOT_PROVEN
01.016/hunk-000984	DONE	01.002/000984	app/paint/gimpsmudge.c	4d5cd380aa0bcc8f3d15482a21adfb2689cf7b6b	-265,0 -> 323,2	619ec49c48cd85c6b0ff172465307c94603c3d8d1efa3f6ad69c379f9f912b68	gimp_smudge_motion (GimpPaintCore    *paint_core,	+TempBuf            *old_canvas_buf = NULL; /* gimp-painter-2.7 */ | +GimpBrushCore      *brush_core = GIMP_BRUSH_CORE (paint_core); /* gimp-painter-2.7 */	Independent Smudge accumulation and blending	23.001,23.002,23.003,23.004,23.005	23.006	95f6410f25c5186686db7a489d79c1e79187cd41	app/paint/gimpsmudge.c	3ad5b0ac82eee81e1e0358d1a94d9eae0c3c5af3	Use the named current source with this separately assigned legacy contract; same path/feature name is not equivalence evidence	NOT_PROVEN
01.016/hunk-000985	DONE	01.002/000985	app/paint/gimpsmudge.c	4d5cd380aa0bcc8f3d15482a21adfb2689cf7b6b	-284,0 -> 344,2	8ea67306514f462a935c59410f1bbfde3869781c2c777001fe9a1e22c37356d1	gimp_smudge_motion (GimpPaintCore    *paint_core,	+brush_core->ignore_scale = TRUE;	Independent Smudge accumulation and blending	23.001,23.002,23.003,23.004,23.005	23.006	95f6410f25c5186686db7a489d79c1e79187cd41	app/paint/gimpsmudge.c	3ad5b0ac82eee81e1e0358d1a94d9eae0c3c5af3	Use the named current source with this separately assigned legacy contract; same path/feature name is not equivalence evidence	NOT_PROVEN
01.016/hunk-000986	DONE	01.002/000986	app/paint/gimpsmudge.c	4d5cd380aa0bcc8f3d15482a21adfb2689cf7b6b	-289,0 -> 351,5	c730144e515b77931b41d8f8d68127634f4e19aca42b0b9ef35d4f7c7995f9ae	gimp_smudge_motion (GimpPaintCore    *paint_core,	"+#if 1 | +/*  Get the unclipped brush coordinates  */ | +gimp_smudge_brush_coords (paint_core, paint_options, coords, &x, &y, &w, &h); | +//  g_print (""smudge:motion: (x,y,w,h)=%d,%d,%d,%d\n"", x, y, w, h); | +#else"	Independent Smudge accumulation and blending	23.001,23.002,23.003,23.004,23.005	23.006	95f6410f25c5186686db7a489d79c1e79187cd41	app/paint/gimpsmudge.c	3ad5b0ac82eee81e1e0358d1a94d9eae0c3c5af3	Use the named current source with this separately assigned legacy contract; same path/feature name is not equivalence evidence	NOT_PROVEN
01.016/hunk-000987	DONE	01.002/000987	app/paint/gimpsmudge.c	4d5cd380aa0bcc8f3d15482a21adfb2689cf7b6b	-291,0 -> 358	9bb41c2bdf539b1fb4e819f83915f240412c666c824efdc1cd2131a848e37a55	gimp_smudge_motion (GimpPaintCore    *paint_core,	+#endif	Independent Smudge accumulation and blending	23.001,23.002,23.003,23.004,23.005	23.006	95f6410f25c5186686db7a489d79c1e79187cd41	app/paint/gimpsmudge.c	3ad5b0ac82eee81e1e0358d1a94d9eae0c3c5af3	Use the named current source with this separately assigned legacy contract; same path/feature name is not equivalence evidence	NOT_PROVEN
01.016/hunk-000988	DONE	01.002/000988	app/paint/gimpsmudge.c	4d5cd380aa0bcc8f3d15482a21adfb2689cf7b6b	-320 -> 387	3ea62c79f059798a1fc4add70d87d3d16fc89668c15ce89c3fcabf0f48e6cf03	gimp_smudge_motion (GimpPaintCore    *paint_core,	Whitespace-only source delta; no active token change	Independent Smudge accumulation and blending	23.001,23.002,23.003,23.004,23.005	23.006	95f6410f25c5186686db7a489d79c1e79187cd41	app/paint/gimpsmudge.c	3ad5b0ac82eee81e1e0358d1a94d9eae0c3c5af3	Use the named current source with this separately assigned legacy contract; same path/feature name is not equivalence evidence	NOT_PROVEN
01.016/hunk-000989	DONE	01.002/000989	app/paint/gimpsmudge.c	4d5cd380aa0bcc8f3d15482a21adfb2689cf7b6b	-339,0 -> 407,36	b2a90c67ac4d73dc1643efc12c4b4733d786adec55d96be19174782e36da9bae	gimp_smudge_motion (GimpPaintCore    *paint_core,	+if (options->use_color_blending) | +{ | +guchar col[MAX_CHANNELS]; | +gdouble blending_rate = 1.0; | +PixelRegion        blendPR; | +pixel_region_init_data (&blendPR, smudge->blending_data, | +smudge->accumPR.bytes, | +smudge->accumPR.rowstride, | +area->x - x, | +area->y - y, | +area->width, | +area->height); | +blending_output = gimp_dynamics_get_output (dynamics, | +GIMP_DYNAMICS_OUTPUT_BLENDING); | +blending_rate *= gimp_dynamics_output_get_linear_value (blending_output, | +coords, | +paint_options, | +fade_point); | +gimp_image_get_foreground (image, context, gimp_drawable_type (drawable), col); | +col[area->bytes - 1] = OPAQUE_OPACITY; | +shade_region (&tempPR, &blendPR, col, ROUND (blending_rate * 255.0)); | +/* re-initialize the tempPR */ | +pixel_region_init_data (&tempPR, smudge->blending_data, | +smudge->accumPR.bytes, | +smudge->accumPR.rowstride, | +area->x - x, | +area->y - y, | +area->width, | +area->height); | +}	Independent Smudge accumulation and blending	23.001,23.002,23.003,23.004,23.005	23.006	95f6410f25c5186686db7a489d79c1e79187cd41	app/paint/gimpsmudge.c	3ad5b0ac82eee81e1e0358d1a94d9eae0c3c5af3	Use the named current source with this separately assigned legacy contract; same path/feature name is not equivalence evidence	NOT_PROVEN
01.016/hunk-000990	DONE	01.002/000990	app/paint/gimpsmudge.c	4d5cd380aa0bcc8f3d15482a21adfb2689cf7b6b	-344,0 -> 448,50	be0909530484eceb101f8f62051f55f8677b5c9b4b53b049325551aadac821c5	gimp_smudge_motion (GimpPaintCore    *paint_core,	+brush_core->ignore_scale = FALSE; | +{ | +gint brush_width,brush_height; | +gint x, y; | +gint x1, y1, x2, y2; | +gint drawable_width, drawable_height; | +gimp_brush_core_eval_transform_dynamics (brush_core, | +drawable, | +paint_options, | +coords); | +/* FIXME: following code is simply copied from gimp_brush_core_clamp_scale */ | +{ | +TempBuf *mask = brush_core->main_brush->mask; | +/* ensure that the final brush mask remains >= 0.5 pixel along both axes */ | +brush_core->scale = MAX (0.5 / (gfloat) MIN (mask->width, mask->height), brush_core->scale); | +} | +gimp_brush_transform_size (brush_core->brush, | +brush_core->scale, brush_core->aspect_ratio, brush_core->angle, | +&brush_width, &brush_height); | +/*  adjust the x and y coordinates to the upper left corner of the brush  */ | +x = (gint) floor (coords->x) - (brush_width  / 2); | +y = (gint) floor (coords->y) - (brush_height / 2); | +drawable_width  = gimp_item_get_width  (GIMP_ITEM (drawable)); | +drawable_height = gimp_item_get_height (GIMP_ITEM (drawable)); | +x1 = CLAMP (x - 1, 0, drawable_width); | +y1 = CLAMP (y - 1, 0, drawable_height); | +x2 = CLAMP (x + brush_width  + 1, 0, drawable_width); | +y2 = CLAMP (y + brush_height + 1, 0, drawable_height); | +/*  configure the canvas buffer  */ | +if ((x2 - x1) && (y2 - y1)) | +{ | +gint bytes; | +bytes = gimp_drawable_bytes_with_alpha (drawable); | +old_canvas_buf         = paint_core->canvas_buf; | +paint_core->canvas_buf = temp_buf_subwindow (paint_core->canvas_buf, | +x1, y1, | +(x2 - x1), (y2 - y1)); | +} | +}	Independent Smudge accumulation and blending	23.001,23.002,23.003,23.004,23.005	23.006	95f6410f25c5186686db7a489d79c1e79187cd41	app/paint/gimpsmudge.c	3ad5b0ac82eee81e1e0358d1a94d9eae0c3c5af3	Use the named current source with this separately assigned legacy contract; same path/feature name is not equivalence evidence	NOT_PROVEN
01.016/hunk-000991	DONE	01.002/000991	app/paint/gimpsmudge.c	4d5cd380aa0bcc8f3d15482a21adfb2689cf7b6b	-359,0 -> 513,2	3dc476ca871a6a477fef9b95833242c4fdddc1e8d28611c2d4740564fa781926	gimp_smudge_motion (GimpPaintCore    *paint_core,	+if (old_canvas_buf) | +paint_core->canvas_buf = old_canvas_buf;	Independent Smudge accumulation and blending	23.001,23.002,23.003,23.004,23.005	23.006	95f6410f25c5186686db7a489d79c1e79187cd41	app/paint/gimpsmudge.c	3ad5b0ac82eee81e1e0358d1a94d9eae0c3c5af3	Use the named current source with this separately assigned legacy contract; same path/feature name is not equivalence evidence	NOT_PROVEN
01.016/hunk-000992	DONE	01.002/000992	app/paint/gimpsmudge.c	4d5cd380aa0bcc8f3d15482a21adfb2689cf7b6b	-361,0 -> 517,41	4adc6553000c276f7c57e5e261b1ede33ee74fad19b4e12dd32a074064c6fde6	gimp_smudge_motion (GimpPaintCore    *paint_core,	+#if 1 | +static void | +gimp_smudge_brush_coords (GimpPaintCore    *paint_core, | +GimpPaintOptions *paint_options, | +const GimpCoords *coords, | +gint             *x, | +gint             *y, | +gint             *w, | +gint             *h) | +{ | +GimpBrushCore *brush_core = GIMP_BRUSH_CORE (paint_core); | +GimpSmudge    *smudge     = GIMP_SMUDGE (paint_core); | +gint           width = 0; | +gint           height = 0; | +if (smudge->max_radius == 0) | +{ | +if (brush_core->main_brush) | +brush_core->scale = paint_options->brush_size / | +MAX (brush_core->main_brush->mask->width, | +brush_core->main_brush->mask->height); | +else | +brush_core->scale = -1; | +gimp_brush_transform_size (brush_core->brush, | +brush_core->scale, | +brush_core->aspect_ratio, | +brush_core->angle, | +&width, &height); | +smudge->max_radius = ceil(sqrt(width * width + height * height)); | +} | +width = height = (gint)smudge->max_radius; | +/* Note: these are the brush mask size plus a border of 1 pixel */ | +*x = (gint) coords->x - width  / 2 - 1; | +*y = (gint) coords->y - height / 2 - 1; | +*w = width  + 2; | +*h = height + 2; | +} | +#else	Independent Smudge accumulation and blending	23.001,23.002,23.003,23.004,23.005	23.006	95f6410f25c5186686db7a489d79c1e79187cd41	app/paint/gimpsmudge.c	3ad5b0ac82eee81e1e0358d1a94d9eae0c3c5af3	Use the named current source with this separately assigned legacy contract; same path/feature name is not equivalence evidence	NOT_PROVEN
01.016/hunk-000993	DONE	01.002/000993	app/paint/gimpsmudge.c	4d5cd380aa0bcc8f3d15482a21adfb2689cf7b6b	-382,0 -> 579	9bb41c2bdf539b1fb4e819f83915f240412c666c824efdc1cd2131a848e37a55	gimp_smudge_accumulator_size (GimpPaintOptions *paint_options,	+#endif	Independent Smudge accumulation and blending	23.001,23.002,23.003,23.004,23.005	23.006	95f6410f25c5186686db7a489d79c1e79187cd41	app/paint/gimpsmudge.c	3ad5b0ac82eee81e1e0358d1a94d9eae0c3c5af3	Use the named current source with this separately assigned legacy contract; same path/feature name is not equivalence evidence	NOT_PROVEN
01.016/hunk-000994	DONE	01.002/000994	app/paint/gimpsmudge.h	9999ae8afa641df8c6bbaddcf1e7aca260b09bff	-43,0 -> 44,3	b65cb3ec285ab241f64378023a12d9669602f1ba253a69f115434da81deca72e	struct _GimpSmudge	+guchar        *blending_data; | +guint          max_radius; | +#if 0	Independent Smudge accumulation and blending	23.001,23.002,23.003,23.004,23.005	23.006	95f6410f25c5186686db7a489d79c1e79187cd41	app/paint/gimpsmudge.h	28be505a1e9816829d3395b042ff1eae6a45d4c6	Use the named current source with this separately assigned legacy contract; same path/feature name is not equivalence evidence	NOT_PROVEN
01.016/hunk-000995	DONE	01.002/000995	app/paint/gimpsmudge.h	9999ae8afa641df8c6bbaddcf1e7aca260b09bff	-44,0 -> 48	9bb41c2bdf539b1fb4e819f83915f240412c666c824efdc1cd2131a848e37a55	struct _GimpSmudge	+#endif	Independent Smudge accumulation and blending	23.001,23.002,23.003,23.004,23.005	23.006	95f6410f25c5186686db7a489d79c1e79187cd41	app/paint/gimpsmudge.h	28be505a1e9816829d3395b042ff1eae6a45d4c6	Use the named current source with this separately assigned legacy contract; same path/feature name is not equivalence evidence	NOT_PROVEN
01.016/hunk-000996	DONE	01.002/000996	app/paint/gimpsmudgeoptions.c	a6fee419d58daef2099b87ca0667efd29b0e49dc	-29,0 -> 30	5dc7b0773f6d19749f06224eecfc674caf2ae0b02ddbabda7aaa4871aabfef3f	file-level declarations/content	+#define DEFAULT_USE_COLOR_BLENDING FALSE	Independent Smudge accumulation and blending	23.001,23.002,23.003,23.004,23.005	23.006	95f6410f25c5186686db7a489d79c1e79187cd41	app/paint/gimpsmudgeoptions.c	c6780aeabe067f29d57d8a541d98a7fc1323b463	Use the named current source with this separately assigned legacy contract; same path/feature name is not equivalence evidence	NOT_PROVEN
01.016/hunk-000997	DONE	01.002/000997	app/paint/gimpsmudgeoptions.c	a6fee419d58daef2099b87ca0667efd29b0e49dc	-35 -> 36,2	832e32d98ca84de2ec90d8de21c1036545147c8460125606ecb56f4c8ad2c471	enum	+PROP_RATE, | +PROP_USE_COLOR_BLENDING | -PROP_RATE	Independent Smudge accumulation and blending	23.001,23.002,23.003,23.004,23.005	23.006	95f6410f25c5186686db7a489d79c1e79187cd41	app/paint/gimpsmudgeoptions.c	c6780aeabe067f29d57d8a541d98a7fc1323b463	Use the named current source with this separately assigned legacy contract; same path/feature name is not equivalence evidence	NOT_PROVEN
01.016/hunk-000998	DONE	01.002/000998	app/paint/gimpsmudgeoptions.c	a6fee419d58daef2099b87ca0667efd29b0e49dc	-64,0 -> 67,5	3361e7f0ec976555156f11c9d0f778b062d79cae657e5b0ebfd3ae571ebd7def	gimp_smudge_options_class_init (GimpSmudgeOptionsClass *klass)	"+GIMP_CONFIG_INSTALL_PROP_BOOLEAN (object_class, PROP_USE_COLOR_BLENDING, | +""use-color-blending"", NULL, | +DEFAULT_USE_COLOR_BLENDING, | +GIMP_PARAM_STATIC_STRINGS);"	Independent Smudge accumulation and blending	23.001,23.002,23.003,23.004,23.005	23.006	95f6410f25c5186686db7a489d79c1e79187cd41	app/paint/gimpsmudgeoptions.c	c6780aeabe067f29d57d8a541d98a7fc1323b463	Use the named current source with this separately assigned legacy contract; same path/feature name is not equivalence evidence	NOT_PROVEN
01.016/hunk-000999	DONE	01.002/000999	app/paint/gimpsmudgeoptions.c	a6fee419d58daef2099b87ca0667efd29b0e49dc	-84,0 -> 92,5	8a64960fe3ba646f64eb71cdd2cf32eb83a63470ce81c958d13ef4be3606b6bc	gimp_smudge_options_set_property (GObject      *object,	+case PROP_USE_COLOR_BLENDING: | +options->use_color_blending = g_value_get_boolean (value); | +break;	Independent Smudge accumulation and blending	23.001,23.002,23.003,23.004,23.005	23.006	95f6410f25c5186686db7a489d79c1e79187cd41	app/paint/gimpsmudgeoptions.c	c6780aeabe067f29d57d8a541d98a7fc1323b463	Use the named current source with this separately assigned legacy contract; same path/feature name is not equivalence evidence	NOT_PROVEN
01.016/hunk-001000	DONE	01.002/001000	app/paint/gimpsmudgeoptions.c	a6fee419d58daef2099b87ca0667efd29b0e49dc	-103,0 -> 116,5	9b238cf3fe7d95712e25521f924dfd2cacf3e80f7b3659512a30c241854e6c0a	gimp_smudge_options_get_property (GObject    *object,	+case PROP_USE_COLOR_BLENDING: | +g_value_set_boolean (value, options->use_color_blending); | +break;	Independent Smudge accumulation and blending	23.001,23.002,23.003,23.004,23.005	23.006	95f6410f25c5186686db7a489d79c1e79187cd41	app/paint/gimpsmudgeoptions.c	c6780aeabe067f29d57d8a541d98a7fc1323b463	Use the named current source with this separately assigned legacy contract; same path/feature name is not equivalence evidence	NOT_PROVEN
01.016/hunk-001001	DONE	01.002/001001	app/paint/gimpsmudgeoptions.h	8ce4f06d0064db8ea789d1dd3220b137303b87c6	-39,0 -> 40	654d584c560bc30ddff82109f8376d7ce902cdb65233f2fc6f20e116506e1f86	struct _GimpSmudgeOptions	+gboolean          use_color_blending;	Independent Smudge accumulation and blending	23.001,23.002,23.003,23.004,23.005	23.006	95f6410f25c5186686db7a489d79c1e79187cd41	app/paint/gimpsmudgeoptions.h	910ff52e465b49b0b36a150d6d73e14c16624fa6	Use the named current source with this separately assigned legacy contract; same path/feature name is not equivalence evidence	NOT_PROVEN
01.016/hunk-001166	DONE	01.002/001166	app/tools/gimpbrushoptions-gui.c	fdd5d93c008db5cd1e34bf8a38044b1db59005b0	-0,0 -> 1,771	7e3649455981f5db9d154363cbcde000790a758344b09e811b3a44a3ac1a85a5	file-level declarations/content	"+/* GIMP - The GNU Image Manipulation Program | +* Copyright (C) 1995-1999 Spencer Kimball and Peter Mattis | +* | +* This program is free software: you can redistribute it and/or modify | +* it under the terms of the GNU General Public License as published by | +* the Free Software Foundation; either version 3 of the License, or | +* (at your option) any later version. | +* | +* This program is distributed in the hope that it will be useful, | +* but WITHOUT ANY WARRANTY; without even the implied warranty of | +* MERCHANTABILITY or FITNESS FOR A PARTICULAR PURPOSE.  See the | +* GNU General Public License for more details. | +* | +* You should have received a copy of the GNU General Public License | +* along with this program.  If not, see <http://www.gnu.org/licenses/>. | +*/ | +#include ""config.h"" | +#include <glib-object.h> | +#include <glib/gprintf.h> | +#include <gtk/gtk.h> | +#include ""tools-types.h"" | +#include ""base/temp-buf.h"" | +#include ""libgimpmath/gimpmath.h"" | +#include ""libgimpwidgets/gimpwidgets.h"" | +#include ""core/gimp.h"" | +#include ""core/gimpcontainer.h"" | +#include ""core/gimpcontext.h"" | +#include ""core/gimptooloptions.h"" | +#include ""core/gimpdatafactory.h"" | +#include ""core/gimpbrush.h"" | +#include ""core/gimpbrushgenerated.h"" | +#include ""widgets/gimpview.h"" | +#include ""widgets/gimpviewrenderer.h"" | +#include ""widgets/gimppropwidgets.h"" | +#include ""widgets/gimpcontainereditor.h"" | +#include ""widgets/gimpcontainerview.h"" | +#include ""widgets/gimpcontainerbox.h"" | +#include ""gimptooloptions-gui.h"" | +#include ""gimpbrushoptions-gui.h"" | +#include ""gimp-intl.h"" | +#define BRUSH_VIEW_SIZE 256 | +static void spacing_changed (GimpBrush *brush, gpointer   data); | +static void spacing_update (GtkAdjustment *adjustment, gpointer data); | +static void update_brush (GtkAdjustment *adjustment, gpointer data); | +static void update_brush_shape (GtkWidget *widget, gpointer  *data); | +static void notify_brush (GimpBrushGenerated *brush, GParamSpec *pspec, gpointer data); | +static void brush_changed (GimpContext *context, GimpData *brush_data, gpointer data); | +/*  private functions  */ | +typedef struct _BrushDialogPrivate BrushDialogPrivate; | +struct _BrushDialogPrivate | +{ | +GHashTable  *adj_hash; | +GtkAdjustment *adj; | +GtkWidget     *shape_group; | +GtkWidget     *preview; | +GtkWidget     *brush_frame; | +GimpContainer *container; | +GimpContext   *context; | +gint           spacing_changed_handler_id; | +}; | +static BrushDialogPrivate * | +brush_dialog_private_new (void) | +{ | +BrushDialogPrivate *p = g_new0 (BrushDialogPrivate, 1); | +p->adj_hash = g_hash_table_new (g_str_hash, g_str_equal); | +return p; | +} | +static void | +brush_dialog_private_set_adjustment (BrushDialogPrivate *p, GtkAdjustment *adj) | +{ | +p->adj = adj; | +} | +static void | +brush_dialog_private_set_shape_group (BrushDialogPrivate *p, GtkWidget *shape_group) | +{ | +p->shape_group = shape_group; | +} | +static void | +brush_dialog_private_set_preview (BrushDialogPrivate *p, GtkWidget *preview) | +{ | +p->preview = preview; | +} | +static void | +brush_dialog_private_set_container (BrushDialogPrivate *p, GimpContainer *container) | +{ | +p->container = container; | +g_object_ref (G_OBJECT (p->container)); | +} | +static void | +brush_dialog_private_set_context (BrushDialogPrivate *p, GimpContext *context) | +{ | +p->context = context; | +g_object_ref (G_OBJECT (p->context)); | +} | +static void | +brush_dialog_private_destroy (gpointer data) | +{ | +BrushDialogPrivate *p = (BrushDialogPrivate*)data; | +if (p->spacing_changed_handler_id) | +{ | +gimp_container_remove_handler (p->container, | +p->spacing_changed_handler_id); | +p->spacing_changed_handler_id = 0; | +} | +p->shape_group = NULL; | +p->adj         = NULL; | +p->preview     = NULL; | +if (p->container) | +{ | +g_object_unref (G_OBJECT (p->container)); | +p->container = NULL; | +} | +if (p->context) | +{ | +g_object_unref (G_OBJECT (p->context)); | +p->context = NULL; | +} | +if (p->adj_hash) | +{ | +g_hash_table_unref (p->adj_hash); | +} | +if (p) | +g_free (p); | +} | +static void | +brush_changed (GimpContext    *context, | +GimpData       *brush_data, | +gpointer        data) | +{ | +BrushDialogPrivate      *p            = (BrushDialogPrivate*)data; | +GimpBrush               *brush        = GIMP_BRUSH (brush_data); | +GimpBrushGeneratedShape  shape        = GIMP_BRUSH_GENERATED_CIRCLE; | +gdouble                  radius       = 0.0; | +gint                     spikes       = 2; | +gdouble                  hardness     = 0.0; | +gdouble                  ratio        = 0.0; | +gdouble                  angle        = 0.0; | +gdouble                  spacing      = 0.0; | +gboolean                 editable; | +g_return_if_fail (p); | +if (brush) /* BUG: old brush must be used, but ""brush"" is new brush object ... */ | +g_signal_handlers_disconnect_by_func (brush, notify_brush, p); | +if (brush) | +g_signal_connect (brush, ""notify"", | +G_CALLBACK (notify_brush), | +p); | +if (p->preview) | +gimp_view_set_viewable (GIMP_VIEW (p->preview), GIMP_VIEWABLE (brush_data)); | +if (brush_data && GIMP_IS_BRUSH_GENERATED (brush_data)) | +{ | +GimpBrushGenerated *brush_generated = GIMP_BRUSH_GENERATED (brush); | +shape    = gimp_brush_generated_get_shape        (brush_generated); | +radius   = gimp_brush_generated_get_radius       (brush_generated); | +spikes   = gimp_brush_generated_get_spikes       (brush_generated); | +hardness = gimp_brush_generated_get_hardness     (brush_generated); | +ratio    = gimp_brush_generated_get_aspect_ratio (brush_generated); | +angle    = gimp_brush_generated_get_angle        (brush_generated); | +} | +spacing  = gimp_brush_get_spacing                (GIMP_BRUSH (brush)); | +editable = brush_data && gimp_data_is_writable (brush_data); | +gtk_widget_set_sensitive (p->brush_frame, editable); | +gimp_int_radio_group_set_active (GTK_RADIO_BUTTON (p->shape_group), | +shape); | +gtk_adjustment_set_value (GTK_ADJUSTMENT (g_hash_table_lookup (p->adj_hash, ""radius"")), radius); | +gtk_adjustment_set_value (GTK_ADJUSTMENT (g_hash_table_lookup (p->adj_hash, ""spikes"")), spikes); | +gtk_adjustment_set_value (GTK_ADJUSTMENT (g_hash_table_lookup (p->adj_hash, ""hardness"")), hardness); | +gtk_adjustment_set_value (GTK_ADJUSTMENT (g_hash_table_lookup (p->adj_hash, ""aspect-ratio"")), ratio); | +gtk_adjustment_set_value (GTK_ADJUSTMENT (g_hash_table_lookup (p->adj_hash, ""angle"")),        angle); | +gtk_adjustment_set_value (GTK_ADJUSTMENT (g_hash_table_lookup (p->adj_hash, ""spacing"")),      spacing); | +if (brush && p->context) | +{ | +gdouble value = MAX (brush->mask->width, brush->mask->height); | +g_object_set (p->context, ""brush-size"", value, NULL); | +} | +} | +static void | +spacing_changed (GimpBrush *brush, | +gpointer   data) | +{ | +BrushDialogPrivate  *p      = (BrushDialogPrivate*)data; | +GimpContext         *context; | +context = p->context; | +g_print (""spacing_changed\n""); | +g_return_if_fail (G_IS_OBJECT (p->adj)); | +g_return_if_fail (G_IS_OBJECT (context)); | +g_return_if_fail (GIMP_IS_BRUSH (brush)); | +if (brush == gimp_context_get_brush (context)) | +{ | +g_signal_handlers_block_matched (G_OBJECT (p->adj), | +G_SIGNAL_MATCH_DETAIL, | +0, g_quark_from_static_string (""value-changed""), NULL, NULL, NULL); | +gtk_adjustment_set_value (p->adj, | +gimp_brush_get_spacing (brush)); | +g_signal_handlers_unblock_matched (G_OBJECT (p->adj), | +G_SIGNAL_MATCH_DETAIL, | +0, g_quark_from_static_string (""value-changed""), NULL, NULL, NULL); | +} | +} | +static void | +spacing_update (GtkAdjustment *adjustment, | +gpointer       data) | +{ | +BrushDialogPrivate  *p      = (BrushDialogPrivate*)data; | +GimpContext         *context; | +GimpBrush           *brush; | +g_print (""spacing_update\n""); | +context = p->context; | +g_return_if_fail (G_IS_OBJECT (p->adj)); | +g_return_if_fail (G_IS_OBJECT (context)); | +brush = gimp_context_get_brush (context); | +g_return_if_fail (GIMP_IS_BRUSH (brush)); | +if (brush) | +{ | +g_signal_handlers_block_matched (brush, | +G_SIGNAL_MATCH_DETAIL, | +0, g_quark_from_static_string (""spacing-changed""), NULL, NULL, NULL); | +gimp_brush_set_spacing (brush, gtk_adjustment_get_value (adjustment)); | +g_signal_handlers_unblock_matched (brush, | +G_SIGNAL_MATCH_DETAIL, | +0, g_quark_from_static_string (""spacing-changed""), NULL, NULL, NULL); | +} | +} | +static void | +update_brush (GtkAdjustment *adjustment, | +gpointer       data) | +{ | +gdouble              d_value_brush; | +gdouble              d_value_adj; | +gint                 i_value_brush; | +gint                 i_value_adj; | +BrushDialogPrivate  *p      = (BrushDialogPrivate*)data; | +GimpBrush           *brush; | +GimpBrushGenerated  *brush_generated; | +gchar               *prop_name; | +GtkAdjustment       *adj; | +g_return_if_fail (G_IS_OBJECT (p->adj)); | +g_return_if_fail (G_IS_OBJECT (p->context)); | +brush = gimp_context_get_brush (p->context); | +if (! GIMP_IS_BRUSH_GENERATED (brush)) | +return; | +brush_generated = GIMP_BRUSH_GENERATED (brush); | +prop_name = (gchar*)g_object_get_data (G_OBJECT (adjustment), ""prop_name""); | +g_return_if_fail (prop_name != NULL); | +adj = GTK_ADJUSTMENT (g_hash_table_lookup (p->adj_hash, prop_name)); | +g_return_if_fail (adj != NULL); | +if (strcmp (prop_name , ""spikes"") == 0) | +{ | +g_object_get (G_OBJECT (brush_generated), prop_name, &i_value_brush, NULL); | +i_value_adj = ROUND (gtk_adjustment_get_value (adj)); | +if (i_value_brush != i_value_adj) | +{ | +g_signal_handlers_block_by_func (brush, notify_brush, p); | +gimp_data_freeze (GIMP_DATA (brush)); | +g_object_freeze_notify (G_OBJECT (brush)); | +g_object_set (G_OBJECT (brush), prop_name, i_value_adj, NULL); | +g_object_thaw_notify (G_OBJECT (brush)); | +gimp_data_thaw (GIMP_DATA (brush)); | +g_signal_handlers_unblock_by_func (brush, notify_brush, p); | +} | +} | +else | +{ | +g_object_get (G_OBJECT (brush_generated), prop_name, &d_value_brush, NULL); | +d_value_adj = gtk_adjustment_get_value (adj); | +if (d_value_brush != d_value_adj) | +{ | +g_signal_handlers_block_by_func (brush, notify_brush, p); | +gimp_data_freeze (GIMP_DATA (brush)); | +g_object_freeze_notify (G_OBJECT (brush)); | +g_object_set (G_OBJECT (brush), prop_name, d_value_adj, NULL); | +g_object_thaw_notify (G_OBJECT (brush)); | +gimp_data_thaw (GIMP_DATA (brush)); | +g_signal_handlers_unblock_by_func (brush, notify_brush, p); | +} | +if (strcmp (prop_name, ""radius"") == 0) | +{ | +gdouble value = MAX (brush->mask->width, brush->mask->height); | +g_object_set (p->context, ""brush-size"", value, NULL); | +} | +} | +} | +static void | +update_brush_shape (GtkWidget *widget, | +gpointer  *data) | +{ | +GimpBrush *brush; | +GimpBrushGenerated *brush_generated = NULL; | +BrushDialogPrivate  *p      = (BrushDialogPrivate*)data; | +g_return_if_fail (G_IS_OBJECT (p->context)); | +brush = gimp_context_get_brush (p->context); | +if (! GIMP_IS_BRUSH_GENERATED (brush)) | +return; | +brush_generated = GIMP_BRUSH_GENERATED (brush); | +if (gtk_toggle_button_get_active (GTK_TOGGLE_BUTTON (widget))) | +{ | +GimpBrushGeneratedShape shape; | +shape = GPOINTER_TO_INT (g_object_get_data (G_OBJECT (widget), | +""gimp-item-data"")); | +if (gimp_brush_generated_get_shape (brush_generated) != shape) | +gimp_brush_generated_set_shape (brush_generated, shape); | +} | +} | +static void | +notify_brush (GimpBrushGenerated *brush, | +GParamSpec         *pspec, | +gpointer            data) | +{ | +GtkAdjustment *adj     = NULL; | +gdouble        d_value = 0.0; | +gint           i_value = 0; | +BrushDialogPrivate  *p      = (BrushDialogPrivate*)data; | +g_print (""notify_brush: %s\n"", pspec->name); | +if (! strcmp (pspec->name, ""shape"")) | +{ | +g_signal_handlers_block_by_func (p->shape_group, | +update_brush_shape, | +p); | +gimp_int_radio_group_set_active (GTK_RADIO_BUTTON (p->shape_group), | +brush->shape); | +g_signal_handlers_unblock_by_func (p->shape_group, | +update_brush_shape, | +p); | +/* | +adj   = editor->radius_data; | +value = brush->radius; | +*/ | +} | +else | +{ | +adj = g_hash_table_lookup (p->adj_hash, pspec->name); | +g_return_if_fail (adj != NULL); | +if (strcmp (pspec->name , ""spikes"") == 0) | +{ | +g_object_get (G_OBJECT (brush), pspec->name, &i_value, NULL); | +d_value = i_value; | +} | +else | +{ | +g_object_get (G_OBJECT (brush), pspec->name, &d_value, NULL); | +} | +g_signal_handlers_block_by_func (adj, update_brush, p); | +gtk_adjustment_set_value (adj, d_value); | +g_signal_handlers_unblock_by_func (adj, update_brush, p); | +} | +} | +static void | +destroy_brush_popup_dialog (GtkWidget *widget, gpointer data) | +{ | +BrushDialogPrivate            *p = (BrushDialogPrivate*)data; | +if (p->spacing_changed_handler_id) | +{ | +gimp_container_remove_handler (p->container, | +p->spacing_changed_handler_id); | +p->spacing_changed_handler_id = 0; | +} | +p->shape_group = NULL; | +p->adj         = NULL; | +p->preview     = NULL; | +if (p->container) | +{ | +g_object_unref (G_OBJECT (p->container)); | +p->container = NULL; | +} | +if (p->context) | +{ | +GimpBrush *brush = gimp_context_get_brush (p->context); | +if (brush) /* BUG: old brush must be used, but ""brush"" is new brush object ... */ | +g_signal_handlers_disconnect_by_func (brush, notify_brush, p); | +g_signal_handlers_disconnect_by_func (p->context, | +G_CALLBACK (brush_changed), p); | +g_object_unref (G_OBJECT (p->context)); | +p->context = NULL; | +} | +g_hash_table_remove_all (p->adj_hash); | +} | +static void | +create_brush_popup_dialog (GtkWidget  *button, | +GtkWidget **result, | +GObject    *config, | +gpointer    data) | +{ | +GimpContainer                 *container; | +GimpContext                   *context; | +GimpContainerEditor           *editor; | +GimpBrush                     *brush; | +GtkWidget                     *vbox; | +GtkWidget                     *frame; | +GtkWidget                     *box; | +GtkWidget                     *table; | +GtkWidget                     *preview; | +GtkWidget                     *frame2; | +GimpViewType                   view_type = GIMP_VIEW_TYPE_GRID; | +GimpViewSize                   view_size = GIMP_VIEW_SIZE_SMALL; | +gint                           view_border_width = 1; | +gint                           default_view_size = GIMP_VIEW_SIZE_SMALL; | +GimpToolOptionsTableIncrement  inc = gimp_tool_options_table_increment (FALSE); | +GList                         *children; | +BrushDialogPrivate            *p = (BrushDialogPrivate*)data; | +GtkAdjustment                 *adj = NULL; | +context   = GIMP_CONTEXT (config); | +container = gimp_data_factory_get_container (context->gimp->brush_factory); | +brush     = gimp_context_get_brush (context); | +g_return_if_fail (GIMP_IS_CONTAINER (container)); | +g_return_if_fail (GIMP_IS_CONTEXT (context)); | +g_return_if_fail (view_size >  0 && | +view_size <= GIMP_VIEWABLE_MAX_BUTTON_SIZE); | +g_return_if_fail (view_border_width >= 0 && | +view_border_width <= GIMP_VIEW_MAX_BORDER_WIDTH); | +*result    = gtk_hbox_new (FALSE, 1); | +gtk_widget_show (*result); | +editor = GIMP_CONTAINER_EDITOR ( | +g_object_new (GIMP_TYPE_CONTAINER_EDITOR, | +""view-type"", view_type, | +""container"", container, | +""context"",   context, | +""view-size"", view_size, | +""view-border-width"", view_border_width, | +NULL)); | +gimp_container_view_set_reorderable (GIMP_CONTAINER_VIEW (editor->view), | +FALSE); | +gimp_container_box_set_size_request (GIMP_CONTAINER_BOX (editor->view), | +6  * (default_view_size + | +2 * view_border_width), | +10 * (default_view_size + | +2 * view_border_width)); | +gtk_box_pack_start (GTK_BOX (*result), GTK_WIDGET (editor), TRUE, TRUE, 0); | +gtk_widget_show (GTK_WIDGET (editor)); | +vbox = gtk_vbox_new (FALSE, 0); | +gtk_box_pack_start (GTK_BOX (*result), vbox, TRUE, TRUE, 0); | +gtk_widget_show (vbox); | +frame2 = gimp_frame_new (_(""Tool Options"")); | +gtk_frame_set_shadow_type (GTK_FRAME (frame2), GTK_SHADOW_IN); | +gtk_box_pack_start (GTK_BOX (vbox), frame2, TRUE, TRUE, 0); | +gtk_widget_show (frame2); | +table = gtk_table_new (6, 3, FALSE); | +gtk_container_add (GTK_CONTAINER (frame2), table); | +gtk_widget_show (table); | +gimp_tool_options_scale_entry_new (config, ""brush-size"", | +GTK_TABLE (table), | +gimp_tool_options_table_increment_get_col (&inc), | +gimp_tool_options_table_increment_get_row (&inc), | +_(""Size:""), | +0.01, 0.1, 2, | +FALSE, 0.0, 0.0, TRUE, FALSE); | +gimp_tool_options_table_increment_next (&inc); | +gimp_tool_options_scale_entry_new (config, ""brush-aspect-ratio"", | +GTK_TABLE (table), | +gimp_tool_options_table_increment_get_col (&inc), | +gimp_tool_options_table_increment_get_row (&inc), | +_(""Aspect ratio:""), | +0.01, 0.1, 2, | +FALSE, 0.0, 0.0, TRUE, FALSE); | +gimp_tool_options_table_increment_next (&inc); | +gimp_tool_options_scale_entry_new (config, ""brush-angle"", | +GTK_TABLE (table), | +gimp_tool_options_table_increment_get_col (&inc), | +gimp_tool_options_table_increment_get_row (&inc), | +_(""Angle:""), | +1.0, 5.0, 2, | +FALSE, 0.0, 0.0, FALSE, FALSE); | +gimp_tool_options_table_increment_next (&inc); | +adj = GTK_ADJUSTMENT (gimp_scale_entry_new (GTK_TABLE (table), | +gimp_tool_options_table_increment_get_col (&inc), | +gimp_tool_options_table_increment_get_row (&inc), | +_(""Spacing:""), -1, -1, | +gimp_brush_get_spacing (brush), 1.0, 200.0, 1.0, 10.0, 1, | +FALSE, 1.0, 5000.0, | +_(""Percentage of width of brush""), | +NULL)); | +g_object_set_data (G_OBJECT (adj), ""prop_name"", ""spacing""); | +g_hash_table_replace (p->adj_hash, ""spacing"", adj); | +brush_dialog_private_set_adjustment (p, adj); | +brush_dialog_private_set_container  (p, container); | +brush_dialog_private_set_context    (p, context); | +g_signal_connect (adj, ""value-changed"", | +G_CALLBACK (spacing_update), | +p); | +gimp_tool_options_table_increment_next (&inc); | +/* Brush preview */ | +frame = gtk_frame_new (_(""Preview"")); | +gtk_frame_set_shadow_type (GTK_FRAME (frame), GTK_SHADOW_IN); | +gtk_box_pack_end (GTK_BOX (vbox), frame, TRUE, TRUE, 0); | +gtk_widget_show (frame); | +preview = gimp_view_new_full_by_types (context, | +GIMP_TYPE_VIEW, | +GIMP_TYPE_BRUSH, | +BRUSH_VIEW_SIZE, | +BRUSH_VIEW_SIZE, 0, | +FALSE, FALSE, TRUE); | +brush_dialog_private_set_preview (p, preview); | +gtk_widget_set_size_request (preview, -1, BRUSH_VIEW_SIZE); | +gimp_view_set_expand (GIMP_VIEW (preview), TRUE); | +gtk_container_add (GTK_CONTAINER (frame), preview); | +gtk_widget_show (preview); | +/* Brush Options Editor */ | +frame2         = gimp_frame_new (_(""Brush Options"")); | +p->brush_frame = frame2; | +gtk_frame_set_shadow_type (GTK_FRAME (frame2), GTK_SHADOW_IN); | +gtk_box_pack_start (GTK_BOX (vbox), frame2, TRUE, TRUE, 0); | +gtk_widget_show (frame2); | +table = gtk_table_new (6, 3, FALSE); | +gtk_container_add (GTK_CONTAINER (frame2), table); | +gtk_widget_show (table); | +p->shape_group = NULL; | +/* Stock Box for the brush shape */ | +box = gimp_enum_stock_box_new (GIMP_TYPE_BRUSH_GENERATED_SHAPE, | +""gimp-shape"", | +GTK_ICON_SIZE_MENU, | +G_CALLBACK (update_brush_shape), | +p, | +&p->shape_group); | +gimp_table_attach_aligned (GTK_TABLE (table), | +gimp_tool_options_table_increment_get_col (&inc), | +gimp_tool_options_table_increment_get_row (&inc), | +_(""Shape:""), 0.0, 0.5, | +box, 2, TRUE); | +gtk_widget_show (box); | +gimp_tool_options_table_increment_next (&inc); | +/*  brush radius scale  */ | +adj = | +GTK_ADJUSTMENT (gimp_scale_entry_new (GTK_TABLE (table), | +gimp_tool_options_table_increment_get_col (&inc), | +gimp_tool_options_table_increment_get_row (&inc), | +_(""Radius:""), -1, 5, | +0.0, 0.1, 1000.0, 0.1, 1.0, 1, | +TRUE, 0.0, 0.0, | +NULL, NULL)); | +gimp_scale_entry_set_logarithmic (GTK_OBJECT (adj), TRUE); | +g_object_set_data (G_OBJECT (adj), ""prop_name"", ""radius""); | +g_hash_table_replace (p->adj_hash, ""radius"", adj); | +gimp_tool_options_table_increment_next (&inc); | +g_signal_connect (adj, ""value-changed"", | +G_CALLBACK (update_brush), | +p); | +/*  number of spikes  */ | +adj = | +GTK_ADJUSTMENT (gimp_scale_entry_new (GTK_TABLE (table), | +gimp_tool_options_table_increment_get_col (&inc), | +gimp_tool_options_table_increment_get_row (&inc), | +_(""Spikes:""), -1, 5, | +2.0, 2.0, 20.0, 1.0, 1.0, 0, | +TRUE, 0.0, 0.0, | +NULL, NULL)); | +g_object_set_data (G_OBJECT (adj), ""prop_name"", ""spikes""); | +g_hash_table_replace (p->adj_hash, ""spikes"", adj); | +g_signal_connect (adj, ""value-changed"", | +G_CALLBACK (update_brush), | +p); | +gimp_tool_options_table_increment_next (&inc); | +/*  brush hardness scale  */ | +adj = | +GTK_ADJUSTMENT (gimp_scale_entry_new (GTK_TABLE (table), | +gimp_tool_options_table_increment_get_col (&inc), | +gimp_tool_options_table_increment_get_row (&inc), | +_(""Hardness:""), -1, 5, | +0.0, 0.0, 1.0, 0.01, 0.1, 2, | +TRUE, 0.0, 0.0, | +NULL, NULL)); | +g_object_set_data (G_OBJECT (adj), ""prop_name"", ""hardness""); | +g_hash_table_replace (p->adj_hash, ""hardness"", adj); | +g_signal_connect (adj, ""value-changed"", | +G_CALLBACK (update_brush), | +p); | +gimp_tool_options_table_increment_next (&inc); | +/*  brush aspect ratio scale  */ | +adj = | +GTK_ADJUSTMENT (gimp_scale_entry_new (GTK_TABLE (table), | +gimp_tool_options_table_increment_get_col (&inc), | +gimp_tool_options_table_increment_get_row (&inc), | +_(""Aspect ratio:""), -1, 5, | +0.0, 1.0, 20.0, 0.1, 1.0, 1, | +TRUE, 0.0, 0.0, | +NULL, NULL)); | +g_object_set_data (G_OBJECT (adj), ""prop_name"", ""aspect-ratio""); | +g_hash_table_replace (p->adj_hash, ""aspect-ratio"", adj); | +g_signal_connect (adj,""value-changed"", | +G_CALLBACK (update_brush), | +p); | +gimp_tool_options_table_increment_next (&inc); | +/*  brush angle scale  */ | +adj = | +GTK_ADJUSTMENT (gimp_scale_entry_new (GTK_TABLE (table), | +gimp_tool_options_table_increment_get_col (&inc), | +gimp_tool_options_table_increment_get_row (&inc), | +_(""Angle:""), -1, 5, | +0.0, 0.0, 180.0, 0.1, 1.0, 1, | +TRUE, 0.0, 0.0, | +NULL, NULL)); | +g_object_set_data (G_OBJECT (adj), ""prop_name"", ""angle""); | +g_hash_table_replace (p->adj_hash, ""angle"", adj); | +g_signal_connect (adj, ""value-changed"", | +G_CALLBACK (update_brush), | +p); | +gimp_tool_options_table_increment_next (&inc); | +p->spacing_changed_handler_id = | +gimp_container_add_handler (container, ""spacing-changed"", | +G_CALLBACK (spacing_changed), | +p); | +gimp_view_set_viewable (GIMP_VIEW (preview), GIMP_VIEWABLE (brush)); | +g_signal_connect (context, | +gimp_context_type_to_signal_name (GIMP_TYPE_BRUSH), | +G_CALLBACK (brush_changed), | +p); | +//  g_signal_connect (brush, ""notify"", G_CALLBACK (notify_brush), p); | +if (context && brush) | +brush_changed (context, GIMP_DATA(brush), p); | +children = gtk_container_get_children (GTK_CONTAINER (table)); | +gimp_tool_options_setup_popup_layout (children, FALSE); | +g_signal_connect (GTK_WIDGET (*result), ""destroy"", G_CALLBACK(destroy_brush_popup_dialog), p); | +} | +/*  public functions  */ | +GtkWidget* | +gimp_brush_button_with_popup (GObject *config) | +{ | +GimpContainer *container; | +GimpContext   *context; | +GimpViewSize   view_size = GIMP_VIEW_SIZE_SMALL; | +const gchar        *prop_name; | +GtkWidget     *label_widget; | +BrushDialogPrivate *p = NULL; | +context   = GIMP_CONTEXT (config); | +container = gimp_data_factory_get_container (context->gimp->brush_factory); | +g_return_val_if_fail (GIMP_IS_CONTAINER (container), NULL); | +g_return_val_if_fail (GIMP_IS_CONTEXT (context), NULL); | +g_return_val_if_fail (view_size >  0 && | +view_size <= GIMP_VIEWABLE_MAX_BUTTON_SIZE, NULL); | +prop_name = gimp_context_type_to_prop_name (gimp_container_get_children_type (container)); | +label_widget = gimp_prop_view_new (G_OBJECT (context), prop_name, | +context, view_size); | +gtk_widget_show (label_widget); | +p = brush_dialog_private_new (); | +return gimp_tool_options_button_with_popup (config, label_widget, | +create_brush_popup_dialog, | +p, brush_dialog_private_destroy); | +}"	Tool options toolbar and compact standard controls	29.010,29.010/toolbar-ref-balance,29.010/standard-tool-options,29.011	29.020	95f6410f25c5186686db7a489d79c1e79187cd41	app/tools/gimpbrushoptions-gui.c	PATH_ABSENT	New/recreated component required at app/tools/gimpbrushoptions-gui.c; port into the shared GTK3/core contracts named by the implementation tasks	NOT_PROVEN
01.016/hunk-001167	DONE	01.002/001167	app/tools/gimpbrushoptions-gui.h	55c4e1d40e476cf3c158a19abdbf3000996013ac	-0,0 -> 1,23	50c10c76bdc6a618d0b00a06a04946802fb2bfbb949136acb8f692e2eabbf62d	file-level declarations/content	+/* GIMP-painter - The GNU Image Manipulation Program | +* Copyright (C) 1995-1999 Spencer Kimball and Peter Mattis | +* | +* This program is free software: you can redistribute it and/or modify | +* it under the terms of the GNU General Public License as published by | +* the Free Software Foundation; either version 3 of the License, or | +* (at your option) any later version. | +* | +* This program is distributed in the hope that it will be useful, | +* but WITHOUT ANY WARRANTY; without even the implied warranty of | +* MERCHANTABILITY or FITNESS FOR A PARTICULAR PURPOSE.  See the | +* GNU General Public License for more details. | +* | +* You should have received a copy of the GNU General Public License | +* along with this program.  If not, see <http://www.gnu.org/licenses/>. | +*/ | +#ifndef __GIMP_BRUSH_OPTIONS_GUI_H__ | +#define __GIMP_BRUSH_OPTIONS_GUI_H__ | +GtkWidget *gimp_brush_button_with_popup (GObject *config); | +#endif  /*  __GIMP_TOOL_OPTIONS_GUI_H__  */	Tool options toolbar and compact standard controls	29.010,29.010/toolbar-ref-balance,29.010/standard-tool-options,29.011	29.020	95f6410f25c5186686db7a489d79c1e79187cd41	app/tools/gimpbrushoptions-gui.h	PATH_ABSENT	New/recreated component required at app/tools/gimpbrushoptions-gui.h; port into the shared GTK3/core contracts named by the implementation tasks	NOT_PROVEN
01.016/hunk-001242	DONE	01.002/001242	app/tools/gimpdynamicsoptions-gui.c	9e14a9fac4588c0770cf656c7133a8ff9e2d43f3	-0,0 -> 1,384	af762bc56466e565e73069a09f6d738eb20988682b760e4de941271c585f8598	file-level declarations/content	"+/* GIMP - The GNU Image Manipulation Program | +* Copyright (C) 1995-1999 Spencer Kimball and Peter Mattis | +* | +* This program is free software: you can redistribute it and/or modify | +* it under the terms of the GNU General Public License as published by | +* the Free Software Foundation; either version 3 of the License, or | +* (at your option) any later version. | +* | +* This program is distributed in the hope that it will be useful, | +* but WITHOUT ANY WARRANTY; without even the implied warranty of | +* MERCHANTABILITY or FITNESS FOR A PARTICULAR PURPOSE.  See the | +* GNU General Public License for more details. | +* | +* You should have received a copy of the GNU General Public License | +* along with this program.  If not, see <http://www.gnu.org/licenses/>. | +*/ | +#include ""config.h"" | +#include <glib-object.h> | +#include <glib/gprintf.h> | +#include <gtk/gtk.h> | +#include ""tools-types.h"" | +#include ""libgimpconfig/gimpconfig.h"" | +#include ""libgimpmath/gimpmath.h"" | +#include ""libgimpwidgets/gimpwidgets.h"" | +#include ""libgimpbase/gimpbase.h"" /* gimp-painter-2.7 */ | +#include ""core/gimp.h"" | +#include ""core/gimpcontainer.h"" | +#include ""core/gimpcontext.h"" | +#include ""core/gimptooloptions.h"" | +#include ""core/gimpdatafactory.h"" | +#include ""core/gimpdynamics.h"" | +#include ""core/gimpbrush.h"" | +#include ""core/gimpbrushgenerated.h"" | +#include ""widgets/gimpview.h"" | +#include ""widgets/gimpviewrenderer.h"" | +#include ""widgets/gimppropwidgets.h"" | +#include ""widgets/gimpcontainereditor.h"" | +#include ""widgets/gimpcontainerview.h"" | +#include ""widgets/gimpcontainerbox.h"" | +#include ""widgets/gimpdynamicsoutputeditor.h"" | +#include ""gimptooloptions-gui.h"" | +#include ""gimpdynamicsoptions-gui.h"" | +#include ""gimp-intl.h"" | +#define BRUSH_VIEW_SIZE 256 | +static void notify_working_dynamics        (GimpDynamics *dynamics, GParamSpec *pspec, gpointer data); | +static void notify_current_target_dynamics (GimpDynamics *dynamics, GParamSpec *pspec, gpointer data); | +static void dynamics_changed               (GimpContext *context, GimpData *brush_data, gpointer data); | +/*  private functions  */ | +typedef struct _DynamicsDialogPrivate DynamicsDialogPrivate; | +struct _DynamicsDialogPrivate | +{ | +GimpDynamics *working_dynamics; | +GimpDynamics *current_target_dynamics; | +GimpContext  *context; | +}; | +static void | +dynamics_dialog_private_init (DynamicsDialogPrivate *p) | +{ | +if (!p->working_dynamics) | +{ | +p->working_dynamics = g_object_new (GIMP_TYPE_DYNAMICS, NULL); | +g_object_ref (G_OBJECT (p->working_dynamics)); | +} | +} | +static void | +dynamics_dialog_private_finalize (DynamicsDialogPrivate *p) | +{ | +if (p->working_dynamics) | +{ | +g_object_unref (G_OBJECT (p->working_dynamics)); | +p->working_dynamics = NULL; | +} | +if (p->context) | +{ | +p->context = NULL; | +} | +p->current_target_dynamics = NULL; | +} | +static DynamicsDialogPrivate * | +dynamics_dialog_private_new (void) | +{ | +DynamicsDialogPrivate *p = g_new0 (DynamicsDialogPrivate, 1); | +g_print (""DynamicsDialogPrivate::new\n""); | +dynamics_dialog_private_init(p); | +return p; | +} | +static void | +dynamics_dialog_private_destroy (gpointer data) | +{ | +DynamicsDialogPrivate *p = (DynamicsDialogPrivate*)data; | +g_print (""DynamicsDialogPrivate::destroy\n""); | +dynamics_dialog_private_finalize (p); | +if (p) | +g_free (p); | +} | +static void | +dynamics_changed (GimpContext    *context, | +GimpData       *dynamics_data, | +gpointer        data) | +{ | +DynamicsDialogPrivate *p        = (DynamicsDialogPrivate*)data; | +GimpDynamics          *dynamics = GIMP_DYNAMICS (dynamics_data); | +g_return_if_fail (p && context); | +if (p->current_target_dynamics) | +g_signal_handlers_disconnect_by_func (p->current_target_dynamics, | +notify_current_target_dynamics, | +p); | +p->current_target_dynamics = dynamics; | +g_return_if_fail (dynamics); | +notify_current_target_dynamics (dynamics, NULL, p); | +g_signal_connect (p->current_target_dynamics, ""notify"", | +G_CALLBACK (notify_current_target_dynamics), | +p); | +/* | +gtk_widget_set_sensitive (dynamics_editor->check_grid, | +editor->data_editable); | +*/ | +} | +static void | +notify_current_target_dynamics (GimpDynamics *dynamics, | +GParamSpec   *pspec, | +gpointer      data) | +{ | +DynamicsDialogPrivate *p        = (DynamicsDialogPrivate*)data; | +g_return_if_fail (p && dynamics == p->current_target_dynamics); | +g_signal_handlers_block_by_func (p->working_dynamics, | +notify_working_dynamics, | +p); | +gimp_config_copy (GIMP_CONFIG (p->current_target_dynamics), | +GIMP_CONFIG (p->working_dynamics), | +GIMP_CONFIG_PARAM_SERIALIZE); | +g_signal_handlers_unblock_by_func (p->working_dynamics, | +notify_working_dynamics, | +p); | +} | +static void | +notify_working_dynamics        (GimpDynamics *dynamics, | +GParamSpec   *pspec, | +gpointer      data) | +{ | +DynamicsDialogPrivate *p        = (DynamicsDialogPrivate*)data; | +g_return_if_fail (p && dynamics == p->working_dynamics); | +if (p->current_target_dynamics) | +{ | +g_signal_handlers_block_by_func (p->current_target_dynamics, | +notify_current_target_dynamics, | +p); | +gimp_config_copy (GIMP_CONFIG (p->working_dynamics), | +GIMP_CONFIG (p->current_target_dynamics), | +GIMP_CONFIG_PARAM_SERIALIZE); | +g_signal_handlers_unblock_by_func (p->current_target_dynamics, | +notify_current_target_dynamics, | +p); | +} | +} | +static void | +destroy_dynamics_popup_dialog (GtkWidget *widget, gpointer data) | +{ | +DynamicsDialogPrivate *p = (DynamicsDialogPrivate*)data; | +g_print (""popup destroyed\n""); | +if (p) | +{ | +guint result; | +if (p->current_target_dynamics) | +{ | +result = g_signal_handlers_disconnect_by_func (p->current_target_dynamics, | +notify_current_target_dynamics, | +p); | +g_print (""current_target_dynamics::disconnect -> %u\n"", result); | +p->current_target_dynamics = NULL; | +} | +result = g_signal_handlers_disconnect_by_func (p->working_dynamics, | +notify_working_dynamics, | +p); | +g_print (""working_dynamics::disconnect -> %u\n"", result); | +result = g_signal_handlers_disconnect_by_func (p->context, | +dynamics_changed, | +p); | +g_print (""context::disconnect -> %u\n"", result); | +dynamics_dialog_private_finalize (p); | +} | +} | +static void | +create_dynamics_popup_dialog (GtkWidget  *button, | +GtkWidget **result, | +GObject    *config, | +gpointer    data) | +{ | +GimpContainer                 *container; | +GimpContext                   *context; | +GimpContainerEditor           *editor; | +GimpDynamics                  *dynamics; | +GtkWidget                     *vbox; | +GtkWidget                     *table; | +GType                          enum_type; | +GEnumClass                    *enum_class; | +GEnumValue                    *value; | +GimpViewType                   view_type = GIMP_VIEW_TYPE_LIST; | +GimpViewSize                   view_size = GIMP_VIEW_SIZE_SMALL; | +gint                           view_border_width = 1; | +gint                           default_view_size = GIMP_VIEW_SIZE_SMALL; | +GtkWidget                     *notebook; | +GList                         *children; | +DynamicsDialogPrivate         *p = (DynamicsDialogPrivate*)data; | +GtkAdjustment                 *adj = NULL; | +GtkWidget                     *preview; | +GimpToolOptionsTableIncrement  inc = gimp_tool_options_table_increment (FALSE); | +GtkWidget                     *frame; | +GtkWidget                     *box; | +dynamics_dialog_private_init (p); | +context    = GIMP_CONTEXT (config); | +p->context = context; | +container  = gimp_data_factory_get_container (context->gimp->dynamics_factory); | +g_return_if_fail (GIMP_IS_CONTAINER (container)); | +g_return_if_fail (GIMP_IS_CONTEXT (context)); | +g_return_if_fail (view_size >  0 && | +view_size <= GIMP_VIEWABLE_MAX_BUTTON_SIZE); | +g_return_if_fail (view_border_width >= 0 && | +view_border_width <= GIMP_VIEW_MAX_BORDER_WIDTH); | +*result    = gtk_hbox_new (FALSE, 1); | +gtk_widget_show (*result); | +editor = GIMP_CONTAINER_EDITOR ( | +g_object_new (GIMP_TYPE_CONTAINER_EDITOR, | +""view-type"", view_type, | +""container"", container, | +""context"",   context, | +""view-size"", view_size, | +""view-border-width"", view_border_width, | +NULL)); | +gimp_container_view_set_reorderable (GIMP_CONTAINER_VIEW (editor->view), | +FALSE); | +gimp_container_box_set_size_request (GIMP_CONTAINER_BOX (editor->view), | +6  * (default_view_size + | +2 * view_border_width), | +10 * (default_view_size + | +2 * view_border_width)); | +gtk_box_pack_start (GTK_BOX (*result), GTK_WIDGET (editor), TRUE, TRUE, 0); | +gtk_widget_show (GTK_WIDGET (editor)); | +vbox = gtk_vbox_new (FALSE, 0); | +gtk_box_pack_start (GTK_BOX (*result), vbox, TRUE, TRUE, 0); | +gtk_widget_show (vbox); | +table = gtk_table_new (6, 3, FALSE); | +gtk_box_pack_start (GTK_BOX (vbox), table, TRUE, TRUE, 0); | +gtk_widget_show (table); | +/* Dynamics editor */ | +notebook = gtk_notebook_new (); | +gtk_notebook_set_show_border (GTK_NOTEBOOK (notebook), FALSE); | +gtk_notebook_set_show_tabs (GTK_NOTEBOOK (notebook), TRUE); | +gtk_notebook_set_tab_pos (GTK_NOTEBOOK (notebook), GTK_POS_LEFT); | +gtk_box_pack_start (GTK_BOX (vbox), notebook, TRUE, TRUE, 0); | +gtk_widget_show (notebook); | +dynamics = gimp_context_get_dynamics (context); | +/* Dynamics output editor */ | +enum_type = GIMP_TYPE_DYNAMICS_OUTPUT_TYPE; | +enum_class = g_type_class_ref (enum_type); | +for (value = enum_class->values; | +value->value_name; | +value++) | +{ | +GimpDynamicsOutput *output; | +GtkWidget          *output_editor; | +const gchar        *desc; | +if (value->value < enum_class->minimum || value->value > enum_class->maximum) | +continue; | +output = gimp_dynamics_get_output (p->working_dynamics, value->value); | +output_editor = gimp_dynamics_output_editor_new (output); | +desc = gimp_enum_value_get_desc (enum_class, value); | +gtk_notebook_append_page (GTK_NOTEBOOK (notebook), output_editor, gtk_label_new (desc)); | +gtk_widget_show (output_editor); | +} | +g_type_class_unref (enum_class); | +children = gtk_container_get_children (GTK_CONTAINER (table)); | +gimp_tool_options_setup_popup_layout (children, FALSE); | +dynamics_changed (context, GIMP_DATA (dynamics), p); | +g_signal_connect (p->working_dynamics, | +""notify"", G_CALLBACK (notify_working_dynamics), p); | +g_signal_connect (context, | +gimp_context_type_to_signal_name (GIMP_TYPE_DYNAMICS), | +G_CALLBACK (dynamics_changed), | +p); | +g_signal_connect (GTK_WIDGET (*result), ""destroy"", G_CALLBACK(destroy_dynamics_popup_dialog), p); | +} | +/*  public functions  */ | +GtkWidget* | +gimp_dynamics_button_with_popup (GObject *config) | +{ | +GimpContainer *container; | +GimpContext   *context; | +GimpViewSize   view_size = GIMP_VIEW_SIZE_SMALL; | +const gchar  *prop_name; | +GtkWidget     *label_widget; | +DynamicsDialogPrivate *p = NULL; | +context   = GIMP_CONTEXT (config); | +container = gimp_data_factory_get_container (context->gimp->dynamics_factory); | +g_return_val_if_fail (GIMP_IS_CONTAINER (container), NULL); | +g_return_val_if_fail (GIMP_IS_CONTEXT (context), NULL); | +g_return_val_if_fail (view_size >  0 && | +view_size <= GIMP_VIEWABLE_MAX_BUTTON_SIZE, NULL); | +prop_name = gimp_context_type_to_prop_name (gimp_container_get_children_type (container)); | +label_widget = gimp_prop_view_new (G_OBJECT (context), prop_name, | +context, view_size); | +gtk_widget_show (label_widget); | +p = dynamics_dialog_private_new (); | +return gimp_tool_options_button_with_popup (config, label_widget, | +create_dynamics_popup_dialog, | +p, dynamics_dialog_private_destroy); | +}"	Tool options toolbar and compact standard controls	29.010,29.010/toolbar-ref-balance,29.010/standard-tool-options,29.011	29.020	95f6410f25c5186686db7a489d79c1e79187cd41	app/tools/gimpdynamicsoptions-gui.c	PATH_ABSENT	New/recreated component required at app/tools/gimpdynamicsoptions-gui.c; port into the shared GTK3/core contracts named by the implementation tasks	NOT_PROVEN
01.016/hunk-001243	DONE	01.002/001243	app/tools/gimpdynamicsoptions-gui.h	098039a4d21e154a565218ec3e8e901ee3df8a7a	-0,0 -> 1,23	f94a0d8d02fd622854b899fd64e344a2ae21b02c68c6e17986a364a390dc71e1	file-level declarations/content	+/* GIMP-painter - The GNU Image Manipulation Program | +* Copyright (C) 1995-1999 Spencer Kimball and Peter Mattis | +* | +* This program is free software: you can redistribute it and/or modify | +* it under the terms of the GNU General Public License as published by | +* the Free Software Foundation; either version 3 of the License, or | +* (at your option) any later version. | +* | +* This program is distributed in the hope that it will be useful, | +* but WITHOUT ANY WARRANTY; without even the implied warranty of | +* MERCHANTABILITY or FITNESS FOR A PARTICULAR PURPOSE.  See the | +* GNU General Public License for more details. | +* | +* You should have received a copy of the GNU General Public License | +* along with this program.  If not, see <http://www.gnu.org/licenses/>. | +*/ | +#ifndef __GIMP_DYNAMICS_OPTIONS_GUI_H__ | +#define __GIMP_DYNAMICS_OPTIONS_GUI_H__ | +GtkWidget *gimp_dynamics_button_with_popup (GObject *config); | +#endif  /*  __GIMP_TOOL_OPTIONS_GUI_H__  */	Tool options toolbar and compact standard controls	29.010,29.010/toolbar-ref-balance,29.010/standard-tool-options,29.011	29.020	95f6410f25c5186686db7a489d79c1e79187cd41	app/tools/gimpdynamicsoptions-gui.h	PATH_ABSENT	New/recreated component required at app/tools/gimpdynamicsoptions-gui.h; port into the shared GTK3/core contracts named by the implementation tasks	NOT_PROVEN
01.016/hunk-001339	DONE	01.002/001339	app/tools/gimppaintbrushtool.c	3fa60ee5a4ae39114208d36f4293f6b672251514	-46,0 -> 47	2e1fe14f881621704ec0479322133deb0e745797f6847d11038abc755e4bd897	gimp_paintbrush_tool_register (GimpToolRegisterCallback  callback,	+gimp_paint_options_gui_horizontal,	Tool options toolbar and compact standard controls	29.010,29.010/toolbar-ref-balance,29.010/standard-tool-options,29.011	29.020	95f6410f25c5186686db7a489d79c1e79187cd41	app/tools/gimppaintbrushtool.c	a90f685849367eb1b0272dd2a2efda79ef92977a	Use the named current source with this separately assigned legacy contract; same path/feature name is not equivalence evidence	NOT_PROVEN
01.016/hunk-001340	DONE	01.002/001340	app/tools/gimppaintoptions-gui.c	64cd82d6995fd93f1e9329ca8ad0c42a64fb21bf	-24,0 -> 25,3	02c002ef9056e78a664534391b9b1009e0cc6a9d2bcfc4fc5e7e9108a895d4b8	file-level declarations/content	"+#include ""base/base-types.h"" | +#include ""base/temp-buf.h"""	Tool options toolbar and compact standard controls	29.010,29.010/toolbar-ref-balance,29.010/standard-tool-options,29.011	29.020	95f6410f25c5186686db7a489d79c1e79187cd41	app/tools/gimppaintoptions-gui.c	02f3f40c3799b391753b947044fe4ddd0165e23c	Use the named current source with this separately assigned legacy contract; same path/feature name is not equivalence evidence	NOT_PROVEN
01.016/hunk-001341	DONE	01.002/001341	app/tools/gimppaintoptions-gui.c	64cd82d6995fd93f1e9329ca8ad0c42a64fb21bf	-26,0 -> 30	f915888f744d6c753d28c7960b99258c012c082f8ebda4462591f5896c2433ee	file-level declarations/content	"+#include ""core/gimpbrush.h"""	Tool options toolbar and compact standard controls	29.010,29.010/toolbar-ref-balance,29.010/standard-tool-options,29.011	29.020	95f6410f25c5186686db7a489d79c1e79187cd41	app/tools/gimppaintoptions-gui.c	02f3f40c3799b391753b947044fe4ddd0165e23c	Use the named current source with this separately assigned legacy contract; same path/feature name is not equivalence evidence	NOT_PROVEN
01.016/hunk-001342	DONE	01.002/001342	app/tools/gimppaintoptions-gui.c	64cd82d6995fd93f1e9329ca8ad0c42a64fb21bf	-33,0 -> 38	4e3cf60495dca6411d155372c42aa62f07a6f0c5792f016cff361dd7a3965b20	file-level declarations/content	Whitespace-only source delta; no active token change	Tool options toolbar and compact standard controls	29.010,29.010/toolbar-ref-balance,29.010/standard-tool-options,29.011	29.020	95f6410f25c5186686db7a489d79c1e79187cd41	app/tools/gimppaintoptions-gui.c	02f3f40c3799b391753b947044fe4ddd0165e23c	Use the named current source with this separately assigned legacy contract; same path/feature name is not equivalence evidence	NOT_PROVEN
01.016/hunk-001343	DONE	01.002/001343	app/tools/gimppaintoptions-gui.c	64cd82d6995fd93f1e9329ca8ad0c42a64fb21bf	-47,0 -> 53,2	f24067c5af50d8191b4c10347be57a8e5cee82122f14736264293f809e0dbf18	file-level declarations/content	"+#include ""gimpbrushoptions-gui.h"" | +#include ""gimpdynamicsoptions-gui.h"""	Tool options toolbar and compact standard controls	29.010,29.010/toolbar-ref-balance,29.010/standard-tool-options,29.011	29.020	95f6410f25c5186686db7a489d79c1e79187cd41	app/tools/gimppaintoptions-gui.c	02f3f40c3799b391753b947044fe4ddd0165e23c	Use the named current source with this separately assigned legacy contract; same path/feature name is not equivalence evidence	NOT_PROVEN
01.016/hunk-001344	DONE	01.002/001344	app/tools/gimppaintoptions-gui.c	64cd82d6995fd93f1e9329ca8ad0c42a64fb21bf	-50,0 -> 58,14	16f385f9dc50c99f10720d941abea106306e46b698e21d8955bcaeb7fdb386d0	file-level declarations/content	+typedef void (*GimpContextNotifyCallback)   (GObject *config, GParamSpec *param_spec, GtkWidget *label); | +static GtkWidget * jitter_options_gui    (GimpPaintOptions *paint_options, | +GType             tool_type, | +gboolean          horizontal); | +static GtkWidget * smoothing_options_gui (GimpPaintOptions *paint_options, | +GType             tool_type, | +gboolean          horizontal); | +static GtkWidget * texture_options_gui   (GimpPaintOptions *paint_options, | +GType             tool_type, | +gboolean          horizontal); | +static GtkWidget * dynamics_options_gui       (GimpPaintOptions *paint_options, | +GType             tool_type, | +gboolean          horizontal);	Tool options toolbar and compact standard controls	29.010,29.010/toolbar-ref-balance,29.010/standard-tool-options,29.011	29.020	95f6410f25c5186686db7a489d79c1e79187cd41	app/tools/gimppaintoptions-gui.c	02f3f40c3799b391753b947044fe4ddd0165e23c	Use the named current source with this separately assigned legacy contract; same path/feature name is not equivalence evidence	NOT_PROVEN
01.016/hunk-001345	DONE	01.002/001345	app/tools/gimppaintoptions-gui.c	64cd82d6995fd93f1e9329ca8ad0c42a64fb21bf	-59,0 -> 81,9	038cd2d1e7f08b31bc3a456b885e594fe09864602b4b4deeb42596e4c60ca076	static void gimp_paint_options_gui_reset_angle (GtkWidget        *button,	+static void       dynamics_options_create_view  (GtkWidget *button, | +GtkWidget **result, GObject *config); | +static void       jitter_options_create_view    (GtkWidget *button, | +GtkWidget **result, GObject *config); | +static void       smoothing_options_create_view (GtkWidget *button, | +GtkWidget **result, GObject *config); | +static void       texture_options_create_view   (GtkWidget *button, | +GtkWidget **result, GObject *config); | +#if 0	Tool options toolbar and compact standard controls	29.010,29.010/toolbar-ref-balance,29.010/standard-tool-options,29.011	29.020	95f6410f25c5186686db7a489d79c1e79187cd41	app/tools/gimppaintoptions-gui.c	02f3f40c3799b391753b947044fe4ddd0165e23c	Use the named current source with this separately assigned legacy contract; same path/feature name is not equivalence evidence	NOT_PROVEN
01.016/hunk-001346	DONE	01.002/001346	app/tools/gimppaintoptions-gui.c	64cd82d6995fd93f1e9329ca8ad0c42a64fb21bf	-66 -> 96	e310fa8bd33a798fdd61ec5f949603edc9ce4eb0cfbc924f50df97b99ef36908	static GtkWidget * smoothing_options_gui       (GimpPaintOptions *paint_options,	+#endif	Tool options toolbar and compact standard controls	29.010,29.010/toolbar-ref-balance,29.010/standard-tool-options,29.011	29.020	95f6410f25c5186686db7a489d79c1e79187cd41	app/tools/gimppaintoptions-gui.c	02f3f40c3799b391753b947044fe4ddd0165e23c	Use the named current source with this separately assigned legacy contract; same path/feature name is not equivalence evidence	NOT_PROVEN
01.016/hunk-001347	DONE	01.002/001347	app/tools/gimppaintoptions-gui.c	64cd82d6995fd93f1e9329ca8ad0c42a64fb21bf	-71,0 -> 102,12	b82a7da950d72e05db4cbf95f5b6827814ddf4bc0f1d39c73c8be6eeb803b8d7	gimp_paint_options_gui (GimpToolOptions *tool_options)	+{ | +return gimp_paint_options_gui_full (tool_options, FALSE); | +} | +GtkWidget * | +gimp_paint_options_gui_horizontal (GimpToolOptions *tool_options) | +{ | +return gimp_paint_options_gui_full (tool_options, TRUE); | +} | +GtkWidget * | +gimp_paint_options_gui_full (GimpToolOptions *tool_options, gboolean horizontal)	Tool options toolbar and compact standard controls	29.010,29.010/toolbar-ref-balance,29.010/standard-tool-options,29.011	29.020	95f6410f25c5186686db7a489d79c1e79187cd41	app/tools/gimppaintoptions-gui.c	02f3f40c3799b391753b947044fe4ddd0165e23c	Use the named current source with this separately assigned legacy contract; same path/feature name is not equivalence evidence	NOT_PROVEN
01.016/hunk-001348	DONE	01.002/001348	app/tools/gimppaintoptions-gui.c	64cd82d6995fd93f1e9329ca8ad0c42a64fb21bf	-74,0 -> 117,6	901a45872248b25f0924c1ab7bc559397b0d3dc5c72a6ebbe6f386d49ff49b84	gimp_paint_options_gui (GimpToolOptions *tool_options)	+GtkWidget        *vbox    = gimp_tool_options_gui_full (tool_options, horizontal); | +GtkWidget        *hbox; | +GtkWidget        *frame; | +GtkWidget        *table; | +#if 0	Tool options toolbar and compact standard controls	29.010,29.010/toolbar-ref-balance,29.010/standard-tool-options,29.011	29.020	95f6410f25c5186686db7a489d79c1e79187cd41	app/tools/gimppaintoptions-gui.c	02f3f40c3799b391753b947044fe4ddd0165e23c	Use the named current source with this separately assigned legacy contract; same path/feature name is not equivalence evidence	NOT_PROVEN
01.016/hunk-001349	DONE	01.002/001349	app/tools/gimppaintoptions-gui.c	64cd82d6995fd93f1e9329ca8ad0c42a64fb21bf	-76,0 -> 125	9bb41c2bdf539b1fb4e819f83915f240412c666c824efdc1cd2131a848e37a55	gimp_paint_options_gui (GimpToolOptions *tool_options)	+#endif	Tool options toolbar and compact standard controls	29.010,29.010/toolbar-ref-balance,29.010/standard-tool-options,29.011	29.020	95f6410f25c5186686db7a489d79c1e79187cd41	app/tools/gimppaintoptions-gui.c	02f3f40c3799b391753b947044fe4ddd0165e23c	Use the named current source with this separately assigned legacy contract; same path/feature name is not equivalence evidence	NOT_PROVEN
01.016/hunk-001350	DONE	01.002/001350	app/tools/gimppaintoptions-gui.c	64cd82d6995fd93f1e9329ca8ad0c42a64fb21bf	-80,0 -> 130,2	6071f418bd8b413e67115a189bb0249f8dc93550d36ebff4b37e221936dcc9b6	gimp_paint_options_gui (GimpToolOptions *tool_options)	+GList            *children; | +GimpToolOptionsTableIncrement inc = gimp_tool_options_table_increment (horizontal);	Tool options toolbar and compact standard controls	29.010,29.010/toolbar-ref-balance,29.010/standard-tool-options,29.011	29.020	95f6410f25c5186686db7a489d79c1e79187cd41	app/tools/gimppaintoptions-gui.c	02f3f40c3799b391753b947044fe4ddd0165e23c	Use the named current source with this separately assigned legacy contract; same path/feature name is not equivalence evidence	NOT_PROVEN
01.016/hunk-001351	DONE	01.002/001351	app/tools/gimppaintoptions-gui.c	64cd82d6995fd93f1e9329ca8ad0c42a64fb21bf	-83,0 -> 135,16	3e68b56f7f5de33601b43e64c5f943738664a13463b5f391113ac6dea94d0d44	gimp_paint_options_gui (GimpToolOptions *tool_options)	"+#if 1 | +/*  the main table  */ | +table = gimp_tool_options_table (3, horizontal); | +gtk_table_set_col_spacings (GTK_TABLE (table), 2); | +gtk_box_pack_start (GTK_BOX (vbox), table, FALSE, FALSE, 0); | +gtk_widget_show (table); | +/*  the paint mode menu  */ | +menu  = gimp_prop_paint_mode_menu_new (config, ""paint-mode"", TRUE, FALSE); | +label = gimp_table_attach_aligned (GTK_TABLE (table), | +gimp_tool_options_table_increment_get_col (&inc), | +gimp_tool_options_table_increment_get_row (&inc), | +_(""Mode:""), 0.0, 0.5, | +menu, 2, FALSE); | +gimp_tool_options_table_increment_next (&inc); | +#else"	Tool options toolbar and compact standard controls	29.010,29.010/toolbar-ref-balance,29.010/standard-tool-options,29.011	29.020	95f6410f25c5186686db7a489d79c1e79187cd41	app/tools/gimppaintoptions-gui.c	02f3f40c3799b391753b947044fe4ddd0165e23c	Use the named current source with this separately assigned legacy contract; same path/feature name is not equivalence evidence	NOT_PROVEN
01.016/hunk-001352	DONE	01.002/001352	app/tools/gimppaintoptions-gui.c	64cd82d6995fd93f1e9329ca8ad0c42a64fb21bf	-95,0 -> 163	9bb41c2bdf539b1fb4e819f83915f240412c666c824efdc1cd2131a848e37a55	gimp_paint_options_gui (GimpToolOptions *tool_options)	+#endif	Tool options toolbar and compact standard controls	29.010,29.010/toolbar-ref-balance,29.010/standard-tool-options,29.011	29.020	95f6410f25c5186686db7a489d79c1e79187cd41	app/tools/gimppaintoptions-gui.c	02f3f40c3799b391753b947044fe4ddd0165e23c	Use the named current source with this separately assigned legacy contract; same path/feature name is not equivalence evidence	NOT_PROVEN
01.016/hunk-001353	DONE	01.002/001353	app/tools/gimppaintoptions-gui.c	64cd82d6995fd93f1e9329ca8ad0c42a64fb21bf	-116,0 -> 185	b0232c9f5bf1d447826bb1d64afa7ab9b6bafa42336891ded92886a31e3e271f	gimp_paint_options_gui (GimpToolOptions *tool_options)	+#if 0	Tool options toolbar and compact standard controls	29.010,29.010/toolbar-ref-balance,29.010/standard-tool-options,29.011	29.020	95f6410f25c5186686db7a489d79c1e79187cd41	app/tools/gimppaintoptions-gui.c	02f3f40c3799b391753b947044fe4ddd0165e23c	Use the named current source with this separately assigned legacy contract; same path/feature name is not equivalence evidence	NOT_PROVEN
01.016/hunk-001354	DONE	01.002/001354	app/tools/gimppaintoptions-gui.c	64cd82d6995fd93f1e9329ca8ad0c42a64fb21bf	-118,0 -> 188	9bb41c2bdf539b1fb4e819f83915f240412c666c824efdc1cd2131a848e37a55	gimp_paint_options_gui (GimpToolOptions *tool_options)	+#endif	Tool options toolbar and compact standard controls	29.010,29.010/toolbar-ref-balance,29.010/standard-tool-options,29.011	29.020	95f6410f25c5186686db7a489d79c1e79187cd41	app/tools/gimppaintoptions-gui.c	02f3f40c3799b391753b947044fe4ddd0165e23c	Use the named current source with this separately assigned legacy contract; same path/feature name is not equivalence evidence	NOT_PROVEN
01.016/hunk-001355	DONE	01.002/001355	app/tools/gimppaintoptions-gui.c	64cd82d6995fd93f1e9329ca8ad0c42a64fb21bf	-120,4 -> 190,21	a497081e028ea793d98891a6e8966bcfab5e0e6a7685828d2ccbad2105d9c1b0	gimp_paint_options_gui (GimpToolOptions *tool_options)	"+if (horizontal) | +button = gimp_brush_button_with_popup (config); | +else | +{ | +#if 0 | +{ | +button = gimp_prop_brush_box_new (NULL, GIMP_CONTEXT (tool_options), _(""Brush:""), 2, | +""brush-view-type"", ""brush-view-size""); | +gimp_table_attach_aligned (GTK_TABLE (table), | +gimp_tool_options_table_increment_get_col (&inc), | +gimp_tool_options_table_increment_get_row (&inc), | +_(""Brush:""), 0.0, 0.5, | +button, 2, FALSE); | +gimp_tool_options_table_increment_next (&inc); | +} | +#endif | +button = gimp_prop_brush_box_new (NULL, GIMP_CONTEXT (tool_options), | +_(""Brush""), 2, | +""brush-view-type"", ""brush-view-size"", | +""gimp-brush-editor""); | +} | -button = gimp_prop_brush_box_new (NULL, GIMP_CONTEXT (tool_options), | -_(""Brush""), 2, | -""brush-view-type"", ""brush-view-size"", | -""gimp-brush-editor"");"	Tool options toolbar and compact standard controls	29.010,29.010/toolbar-ref-balance,29.010/standard-tool-options,29.011	29.020	95f6410f25c5186686db7a489d79c1e79187cd41	app/tools/gimppaintoptions-gui.c	02f3f40c3799b391753b947044fe4ddd0165e23c	Use the named current source with this separately assigned legacy contract; same path/feature name is not equivalence evidence	NOT_PROVEN
01.016/hunk-001356	DONE	01.002/001356	app/tools/gimppaintoptions-gui.c	64cd82d6995fd93f1e9329ca8ad0c42a64fb21bf	-127,3 -> 214,9	ad141f9d65f9fcd0e42a407a48a31165def3e31618923d11054d4e03b447f301	gimp_paint_options_gui (GimpToolOptions *tool_options)	+/* brush size */ | +if (horizontal) | +hbox = vbox; | +else | +{ | +hbox = gtk_box_new (GTK_ORIENTATION_HORIZONTAL, 2); | +gtk_box_pack_start (GTK_BOX (vbox), hbox, FALSE, FALSE, 0); | +gtk_widget_show (hbox); | +} | -hbox = gtk_box_new (GTK_ORIENTATION_HORIZONTAL, 2); | -gtk_box_pack_start (GTK_BOX (vbox), hbox, FALSE, FALSE, 0); | -gtk_widget_show (hbox);	Tool options toolbar and compact standard controls	29.010,29.010/toolbar-ref-balance,29.010/standard-tool-options,29.011	29.020	95f6410f25c5186686db7a489d79c1e79187cd41	app/tools/gimppaintoptions-gui.c	02f3f40c3799b391753b947044fe4ddd0165e23c	Use the named current source with this separately assigned legacy contract; same path/feature name is not equivalence evidence	NOT_PROVEN
01.016/hunk-001357	DONE	01.002/001357	app/tools/gimppaintoptions-gui.c	64cd82d6995fd93f1e9329ca8ad0c42a64fb21bf	-151,0 -> 245,2	2d9833fd5c6b17819b0676f1e540c1290fcc334f234baba2e8e0bfac5fb3666b	gimp_paint_options_gui (GimpToolOptions *tool_options)	+if (!horizontal) | +{	Tool options toolbar and compact standard controls	29.010,29.010/toolbar-ref-balance,29.010/standard-tool-options,29.011	29.020	95f6410f25c5186686db7a489d79c1e79187cd41	app/tools/gimppaintoptions-gui.c	02f3f40c3799b391753b947044fe4ddd0165e23c	Use the named current source with this separately assigned legacy contract; same path/feature name is not equivalence evidence	NOT_PROVEN
01.016/hunk-001358	DONE	01.002/001358	app/tools/gimppaintoptions-gui.c	64cd82d6995fd93f1e9329ca8ad0c42a64fb21bf	-197,2 -> 292,20	5c214601fcfa23f0745000b46ff2e7678e99c77be036b7c7b32f138fcdf34d18	gimp_paint_options_gui (GimpToolOptions *tool_options)	"+gimp_help_set_help_data (button, | +_(""Reset angle to zero""), NULL); | +button = gimp_prop_dynamics_box_new (NULL, GIMP_CONTEXT (tool_options), | +_(""Dynamics""), 2, | +""dynamics-view-type"", | +""dynamics-view-size"", | +""gimp-dynamics-editor""); | +gtk_box_pack_start (GTK_BOX (vbox), button, FALSE, FALSE, 0); | +gtk_widget_show (button); | +} | +else | +{ | +button = gimp_dynamics_button_with_popup (config); | +gtk_box_pack_start (GTK_BOX (vbox), button, FALSE, FALSE, 0); | +gtk_widget_show (button); | +} | +frame = dynamics_options_gui (options, tool_type, horizontal); | +gtk_box_pack_start (GTK_BOX (vbox), frame, FALSE, FALSE, 0); | +gtk_widget_show (frame); | -gimp_help_set_help_data (button, | -_(""Reset angle to zero""), NULL);"	Tool options toolbar and compact standard controls	29.010,29.010/toolbar-ref-balance,29.010/standard-tool-options,29.011	29.020	95f6410f25c5186686db7a489d79c1e79187cd41	app/tools/gimppaintoptions-gui.c	02f3f40c3799b391753b947044fe4ddd0165e23c	Use the named current source with this separately assigned legacy contract; same path/feature name is not equivalence evidence	NOT_PROVEN
01.016/hunk-001359	DONE	01.002/001359	app/tools/gimppaintoptions-gui.c	64cd82d6995fd93f1e9329ca8ad0c42a64fb21bf	-200,7 -> 313,4	d739386711d64ce7759a8db7bc97ac0b5351a3f1544302f9e516e881ec5d52be	gimp_paint_options_gui (GimpToolOptions *tool_options)	"+frame = jitter_options_gui (options, tool_type, horizontal); | +gtk_box_pack_start (GTK_BOX (vbox), frame, FALSE, FALSE, 0); | +gtk_widget_show (frame); | +} | -button = gimp_prop_dynamics_box_new (NULL, GIMP_CONTEXT (tool_options), | -_(""Dynamics""), 2, | -""dynamics-view-type"", | -""dynamics-view-size"", | -""gimp-dynamics-editor""); | -gtk_box_pack_start (GTK_BOX (vbox), button, FALSE, FALSE, 0); | -gtk_widget_show (button);"	Tool options toolbar and compact standard controls	29.010,29.010/toolbar-ref-balance,29.010/standard-tool-options,29.011	29.020	95f6410f25c5186686db7a489d79c1e79187cd41	app/tools/gimppaintoptions-gui.c	02f3f40c3799b391753b947044fe4ddd0165e23c	Use the named current source with this separately assigned legacy contract; same path/feature name is not equivalence evidence	NOT_PROVEN
01.016/hunk-001360	DONE	01.002/001360	app/tools/gimppaintoptions-gui.c	64cd82d6995fd93f1e9329ca8ad0c42a64fb21bf	-208 -> 318,8	4a0b0d30bc57a0c15f305d768de55156242524eb9e0c71c513f23117d0cf0c72	gimp_paint_options_gui (GimpToolOptions *tool_options)	"+#if 0 | +/* the ""smoothing"" toggle */ | +if (g_type_is_a (tool_type, GIMP_TYPE_BRUSH_TOOL) || | +tool_type == GIMP_TYPE_INK_TOOL || | +tool_type == GIMP_TYPE_SMUDGE_TOOL || | +tool_type == GIMP_TYPE_DODGE_BURN_TOOL) | +{ | +frame = smoothing_options_gui (options, tool_type, horizontal); | -frame = dynamics_options_gui (options, tool_type);"	Tool options toolbar and compact standard controls	29.010,29.010/toolbar-ref-balance,29.010/standard-tool-options,29.011	29.020	95f6410f25c5186686db7a489d79c1e79187cd41	app/tools/gimppaintoptions-gui.c	02f3f40c3799b391753b947044fe4ddd0165e23c	Use the named current source with this separately assigned legacy contract; same path/feature name is not equivalence evidence	NOT_PROVEN
01.016/hunk-001361	DONE	01.002/001361	app/tools/gimppaintoptions-gui.c	64cd82d6995fd93f1e9329ca8ad0c42a64fb21bf	-210,0 -> 328,2	4940d5c7b07f06db6a540a1508ca4888ada23ff20f57ddf8eed12d70109c4e63	gimp_paint_options_gui (GimpToolOptions *tool_options)	+} | +#endif	Tool options toolbar and compact standard controls	29.010,29.010/toolbar-ref-balance,29.010/standard-tool-options,29.011	29.020	95f6410f25c5186686db7a489d79c1e79187cd41	app/tools/gimppaintoptions-gui.c	02f3f40c3799b391753b947044fe4ddd0165e23c	Use the named current source with this separately assigned legacy contract; same path/feature name is not equivalence evidence	NOT_PROVEN
01.016/hunk-001362	DONE	01.002/001362	app/tools/gimppaintoptions-gui.c	64cd82d6995fd93f1e9329ca8ad0c42a64fb21bf	-212 -> 331,6	e90b14b71d092785a090b2623365252ff2fb38208eada5d73895939354aeeee5	gimp_paint_options_gui (GimpToolOptions *tool_options)	"+/* gimp-painter-2.7: the ""texture"" toggle */ | +if (g_type_is_a (tool_type, GIMP_TYPE_BRUSH_TOOL) || | +tool_type == GIMP_TYPE_SMUDGE_TOOL || | +tool_type == GIMP_TYPE_DODGE_BURN_TOOL) | +{ | +frame = texture_options_gui (options, tool_type, horizontal); | -frame = jitter_options_gui (options, tool_type);"	Tool options toolbar and compact standard controls	29.010,29.010/toolbar-ref-balance,29.010/standard-tool-options,29.011	29.020	95f6410f25c5186686db7a489d79c1e79187cd41	app/tools/gimppaintoptions-gui.c	02f3f40c3799b391753b947044fe4ddd0165e23c	Use the named current source with this separately assigned legacy contract; same path/feature name is not equivalence evidence	NOT_PROVEN
01.016/hunk-001363	DONE	01.002/001363	app/tools/gimppaintoptions-gui.c	64cd82d6995fd93f1e9329ca8ad0c42a64fb21bf	-219,0 -> 344,2	c672a3fe5f5ba402f346c2f51131be6edf19af34750c44917d8f0c90b752fb76	gimp_paint_options_gui (GimpToolOptions *tool_options)	+frame = smoothing_options_gui (options, tool_type, horizontal); | +#if 0	Tool options toolbar and compact standard controls	29.010,29.010/toolbar-ref-balance,29.010/standard-tool-options,29.011	29.020	95f6410f25c5186686db7a489d79c1e79187cd41	app/tools/gimppaintoptions-gui.c	02f3f40c3799b391753b947044fe4ddd0165e23c	Use the named current source with this separately assigned legacy contract; same path/feature name is not equivalence evidence	NOT_PROVEN
01.016/hunk-001364	DONE	01.002/001364	app/tools/gimppaintoptions-gui.c	64cd82d6995fd93f1e9329ca8ad0c42a64fb21bf	-222,0 -> 349	9bb41c2bdf539b1fb4e819f83915f240412c666c824efdc1cd2131a848e37a55	gimp_paint_options_gui (GimpToolOptions *tool_options)	+#endif	Tool options toolbar and compact standard controls	29.010,29.010/toolbar-ref-balance,29.010/standard-tool-options,29.011	29.020	95f6410f25c5186686db7a489d79c1e79187cd41	app/tools/gimppaintoptions-gui.c	02f3f40c3799b391753b947044fe4ddd0165e23c	Use the named current source with this separately assigned legacy contract; same path/feature name is not equivalence evidence	NOT_PROVEN
01.016/hunk-001365	DONE	01.002/001365	app/tools/gimppaintoptions-gui.c	64cd82d6995fd93f1e9329ca8ad0c42a64fb21bf	-258,0 -> 386,14	c4630abd565ca13a0a6598d321cb16e9fd672c6d7b8d35ec516dc80fe9cb077f	gimp_paint_options_gui (GimpToolOptions *tool_options)	"+if (tool_type == GIMP_TYPE_SMUDGE_TOOL) | +{ | +GtkWidget* button; | +button = gimp_prop_check_button_new (config, ""use-color-blending"", _(""Color Blending"")); | +gtk_box_pack_start (GTK_BOX (vbox), button, FALSE, FALSE, 0); | +gtk_widget_show (button); | +} | +if (horizontal) | +{ | +children = gtk_container_get_children (GTK_CONTAINER (vbox)); | +gimp_tool_options_setup_popup_layout (children, FALSE); | +}"	Tool options toolbar and compact standard controls	29.010,29.010/toolbar-ref-balance,29.010/standard-tool-options,29.011	29.020	95f6410f25c5186686db7a489d79c1e79187cd41	app/tools/gimppaintoptions-gui.c	02f3f40c3799b391753b947044fe4ddd0165e23c	Use the named current source with this separately assigned legacy contract; same path/feature name is not equivalence evidence	NOT_PROVEN
01.016/hunk-001366	DONE	01.002/001366	app/tools/gimppaintoptions-gui.c	64cd82d6995fd93f1e9329ca8ad0c42a64fb21bf	-264 -> 404,0	61d1954b9aba0c9aedb8d1338804e817c7262cfc36da94161dab8e3ed7a3a43a	gimp_paint_options_gui (GimpToolOptions *tool_options)	Whitespace-only source delta; no active token change	Tool options toolbar and compact standard controls	29.010,29.010/toolbar-ref-balance,29.010/standard-tool-options,29.011	29.020	95f6410f25c5186686db7a489d79c1e79187cd41	app/tools/gimppaintoptions-gui.c	02f3f40c3799b391753b947044fe4ddd0165e23c	Use the named current source with this separately assigned legacy contract; same path/feature name is not equivalence evidence	NOT_PROVEN
01.016/hunk-001367	DONE	01.002/001367	app/tools/gimppaintoptions-gui.c	64cd82d6995fd93f1e9329ca8ad0c42a64fb21bf	-267 -> 407,10	d083b79e56df4949f9e89f2d7c6df837ae906b9bab5209ec04095512186d19db	dynamics_options_gui (GimpPaintOptions *paint_options,	"+GType             tool_type, | +gboolean          horizontal) | +{ | +return gimp_tool_options_expander_gui_with_popup (G_OBJECT (paint_options), tool_type, | +""dynamics-expanded"", _(""Dynamics""), _(""Dynamics Options""), | +horizontal, dynamics_options_create_view); | +} | +static void | +dynamics_options_create_view (GtkWidget *button, GtkWidget **result, GObject *config) | -GType             tool_type)"	Tool options toolbar and compact standard controls	29.010,29.010/toolbar-ref-balance,29.010/standard-tool-options,29.011	29.020	95f6410f25c5186686db7a489d79c1e79187cd41	app/tools/gimppaintoptions-gui.c	02f3f40c3799b391753b947044fe4ddd0165e23c	Use the named current source with this separately assigned legacy contract; same path/feature name is not equivalence evidence	NOT_PROVEN
01.016/hunk-001368	DONE	01.002/001368	app/tools/gimppaintoptions-gui.c	64cd82d6995fd93f1e9329ca8ad0c42a64fb21bf	-269,2 -> 417,0	4533fc5ed3e27cd9786c8a104e0face55f5ed8ec1a73f590bbfdceb6b50016f2	dynamics_options_gui (GimpPaintOptions *paint_options,	-GObject   *config = G_OBJECT (paint_options); | -GtkWidget *frame;	Tool options toolbar and compact standard controls	29.010,29.010/toolbar-ref-balance,29.010/standard-tool-options,29.011	29.020	95f6410f25c5186686db7a489d79c1e79187cd41	app/tools/gimppaintoptions-gui.c	02f3f40c3799b391753b947044fe4ddd0165e23c	Use the named current source with this separately assigned legacy contract; same path/feature name is not equivalence evidence	NOT_PROVEN
01.016/hunk-001369	DONE	01.002/001369	app/tools/gimppaintoptions-gui.c	64cd82d6995fd93f1e9329ca8ad0c42a64fb21bf	-281,0 -> 429,2	94427b423bd3ad9f7f7ab0a938e290fcba034563778745625b92e823d86e2637	dynamics_options_gui (GimpPaintOptions *paint_options,	+vbox = gtk_box_new (GTK_ORIENTATION_VERTICAL, 2); | +#if 0	Tool options toolbar and compact standard controls	29.010,29.010/toolbar-ref-balance,29.010/standard-tool-options,29.011	29.020	95f6410f25c5186686db7a489d79c1e79187cd41	app/tools/gimppaintoptions-gui.c	02f3f40c3799b391753b947044fe4ddd0165e23c	Use the named current source with this separately assigned legacy contract; same path/feature name is not equivalence evidence	NOT_PROVEN
01.016/hunk-001370	DONE	01.002/001370	app/tools/gimppaintoptions-gui.c	64cd82d6995fd93f1e9329ca8ad0c42a64fb21bf	-286,0 -> 436	9bb41c2bdf539b1fb4e819f83915f240412c666c824efdc1cd2131a848e37a55	dynamics_options_gui (GimpPaintOptions *paint_options,	+#endif	Tool options toolbar and compact standard controls	29.010,29.010/toolbar-ref-balance,29.010/standard-tool-options,29.011	29.020	95f6410f25c5186686db7a489d79c1e79187cd41	app/tools/gimppaintoptions-gui.c	02f3f40c3799b391753b947044fe4ddd0165e23c	Use the named current source with this separately assigned legacy contract; same path/feature name is not equivalence evidence	NOT_PROVEN
01.016/hunk-001371	DONE	01.002/001371	app/tools/gimppaintoptions-gui.c	64cd82d6995fd93f1e9329ca8ad0c42a64fb21bf	-312,6 -> 461,0	b113e05868ae4b16b7a395939d3df0dac984245d79438c3d86372ee0bd94bf88	dynamics_options_gui (GimpPaintOptions *paint_options,	"-#if 0 | -/* FIXME pixel digits */ | -g_object_set_data (G_OBJECT (menu), ""set_digits"", spinbutton); | -gimp_unit_menu_set_pixel_digits (GIMP_UNIT_MENU (menu), 0); | -#endif"	Tool options toolbar and compact standard controls	29.010,29.010/toolbar-ref-balance,29.010/standard-tool-options,29.011	29.020	95f6410f25c5186686db7a489d79c1e79187cd41	app/tools/gimppaintoptions-gui.c	02f3f40c3799b391753b947044fe4ddd0165e23c	Use the named current source with this separately assigned legacy contract; same path/feature name is not equivalence evidence	NOT_PROVEN
01.016/hunk-001372	DONE	01.002/001372	app/tools/gimppaintoptions-gui.c	64cd82d6995fd93f1e9329ca8ad0c42a64fb21bf	-337 -> 481	72265bf955d1e586eb4b82f6eba2dd484f697d1fe738ed18b1cf439a608f76ef	dynamics_options_gui (GimpPaintOptions *paint_options,	+//  if (g_type_is_a (tool_type, GIMP_TYPE_PAINTBRUSH_TOOL)) | -if (g_type_is_a (tool_type, GIMP_TYPE_PAINTBRUSH_TOOL))	Tool options toolbar and compact standard controls	29.010,29.010/toolbar-ref-balance,29.010/standard-tool-options,29.011	29.020	95f6410f25c5186686db7a489d79c1e79187cd41	app/tools/gimppaintoptions-gui.c	02f3f40c3799b391753b947044fe4ddd0165e23c	Use the named current source with this separately assigned legacy contract; same path/feature name is not equivalence evidence	NOT_PROVEN
01.016/hunk-001373	DONE	01.002/001373	app/tools/gimppaintoptions-gui.c	64cd82d6995fd93f1e9329ca8ad0c42a64fb21bf	-353 -> 497,8	2f84e994fbf35319ef50bc6798ba03b99150f5951c084303f8f3fec9eb454635	dynamics_options_gui (GimpPaintOptions *paint_options,	+//  if (horizontal) | +{ | +GList *children; | +children = gtk_container_get_children (GTK_CONTAINER (hbox)); | +gimp_tool_options_setup_popup_layout (children, FALSE); | +} | +*result = vbox; | -return frame;	Tool options toolbar and compact standard controls	29.010,29.010/toolbar-ref-balance,29.010/standard-tool-options,29.011	29.020	95f6410f25c5186686db7a489d79c1e79187cd41	app/tools/gimppaintoptions-gui.c	02f3f40c3799b391753b947044fe4ddd0165e23c	Use the named current source with this separately assigned legacy contract; same path/feature name is not equivalence evidence	NOT_PROVEN
01.016/hunk-001374	DONE	01.002/001374	app/tools/gimppaintoptions-gui.c	64cd82d6995fd93f1e9329ca8ad0c42a64fb21bf	-357,2 -> 508,11	2df2c535feb99b2714ba140a1f8702ccedd99d6b8b314fab9db5e2a42a6d3976	static GtkWidget *	"+jitter_options_gui (GimpPaintOptions           *paint_options, | +GType                       tool_type, | +gboolean                    horizontal) | +{ | +return gimp_tool_options_toggle_gui_with_popup (G_OBJECT (paint_options), tool_type, | +""use-jitter"", _(""Jitter""), _(""Apply Jitter""), | +horizontal, jitter_options_create_view); | +} | +static void | +jitter_options_create_view (GtkWidget *button, GtkWidget **result, GObject *config) | -jitter_options_gui (GimpPaintOptions *paint_options, | -GType             tool_type)"	Tool options toolbar and compact standard controls	29.010,29.010/toolbar-ref-balance,29.010/standard-tool-options,29.011	29.020	95f6410f25c5186686db7a489d79c1e79187cd41	app/tools/gimppaintoptions-gui.c	02f3f40c3799b391753b947044fe4ddd0165e23c	Use the named current source with this separately assigned legacy contract; same path/feature name is not equivalence evidence	NOT_PROVEN
01.016/hunk-001375	DONE	01.002/001375	app/tools/gimppaintoptions-gui.c	64cd82d6995fd93f1e9329ca8ad0c42a64fb21bf	-360,2 -> 520	9891d2d56f7c00626d775b5ab6d705396ebc98a1a5732591c4340fef138b1b10	jitter_options_gui (GimpPaintOptions *paint_options,	+GtkWidget *vbox; | -GObject   *config = G_OBJECT (paint_options); | -GtkWidget *frame;	Tool options toolbar and compact standard controls	29.010,29.010/toolbar-ref-balance,29.010/standard-tool-options,29.011	29.020	95f6410f25c5186686db7a489d79c1e79187cd41	app/tools/gimppaintoptions-gui.c	02f3f40c3799b391753b947044fe4ddd0165e23c	Use the named current source with this separately assigned legacy contract; same path/feature name is not equivalence evidence	NOT_PROVEN
01.016/hunk-001376	DONE	01.002/001376	app/tools/gimppaintoptions-gui.c	64cd82d6995fd93f1e9329ca8ad0c42a64fb21bf	-362,0 -> 522	4312f38a92a23b9b419f3d5996215459c45789a3d7796a79e2b9c635f5584755	jitter_options_gui (GimpPaintOptions *paint_options,	+GList     *children;	Tool options toolbar and compact standard controls	29.010,29.010/toolbar-ref-balance,29.010/standard-tool-options,29.011	29.020	95f6410f25c5186686db7a489d79c1e79187cd41	app/tools/gimppaintoptions-gui.c	02f3f40c3799b391753b947044fe4ddd0165e23c	Use the named current source with this separately assigned legacy contract; same path/feature name is not equivalence evidence	NOT_PROVEN
01.016/hunk-001377	DONE	01.002/001377	app/tools/gimppaintoptions-gui.c	64cd82d6995fd93f1e9329ca8ad0c42a64fb21bf	-363,0 -> 524	1e1f226297b637dbec1afb5e2b6b24b213150e26961023d5cd23e3e08359ae94	jitter_options_gui (GimpPaintOptions *paint_options,	+vbox = gtk_vbox_new (FALSE, 2);	Tool options toolbar and compact standard controls	29.010,29.010/toolbar-ref-balance,29.010/standard-tool-options,29.011	29.020	95f6410f25c5186686db7a489d79c1e79187cd41	app/tools/gimppaintoptions-gui.c	02f3f40c3799b391753b947044fe4ddd0165e23c	Use the named current source with this separately assigned legacy contract; same path/feature name is not equivalence evidence	NOT_PROVEN
01.016/hunk-001378	DONE	01.002/001378	app/tools/gimppaintoptions-gui.c	64cd82d6995fd93f1e9329ca8ad0c42a64fb21bf	-366,0 -> 528,2	8797d5ecddb1b0a97ad4bb33f049fbbdcd6d7268ccd9456bc69a57e13f89a65d	jitter_options_gui (GimpPaintOptions *paint_options,	+gtk_box_pack_start (GTK_BOX (vbox), scale, TRUE, TRUE, 0); | +gtk_widget_show (scale);	Tool options toolbar and compact standard controls	29.010,29.010/toolbar-ref-balance,29.010/standard-tool-options,29.011	29.020	95f6410f25c5186686db7a489d79c1e79187cd41	app/tools/gimppaintoptions-gui.c	02f3f40c3799b391753b947044fe4ddd0165e23c	Use the named current source with this separately assigned legacy contract; same path/feature name is not equivalence evidence	NOT_PROVEN
01.016/hunk-001379	DONE	01.002/001379	app/tools/gimppaintoptions-gui.c	64cd82d6995fd93f1e9329ca8ad0c42a64fb21bf	-368,3 -> 531,2	7013dea9b538d91fa6178b455afc57b129ab6a6c23e45210b00ea1125709cd5a	jitter_options_gui (GimpPaintOptions *paint_options,	"+children = gtk_container_get_children (GTK_CONTAINER (vbox)); | +gimp_tool_options_setup_popup_layout (children, FALSE); | -frame = gimp_prop_expanding_frame_new (config, ""use-jitter"", | -_(""Apply Jitter""), | -scale, NULL);"	Tool options toolbar and compact standard controls	29.010,29.010/toolbar-ref-balance,29.010/standard-tool-options,29.011	29.020	95f6410f25c5186686db7a489d79c1e79187cd41	app/tools/gimppaintoptions-gui.c	02f3f40c3799b391753b947044fe4ddd0165e23c	Use the named current source with this separately assigned legacy contract; same path/feature name is not equivalence evidence	NOT_PROVEN
01.016/hunk-001380	DONE	01.002/001380	app/tools/gimppaintoptions-gui.c	64cd82d6995fd93f1e9329ca8ad0c42a64fb21bf	-372 -> 534,16	9152f2fefda557f7c335ac91ab93825cdaf9af5850287816d30bd9c59699f3d3	jitter_options_gui (GimpPaintOptions *paint_options,	"+*result = vbox; | +} | +static void | +gimp_paint_options_gui_reset_size (GtkWidget        *button, | +GimpPaintOptions *paint_options) | +{ | +GimpBrush *brush = gimp_context_get_brush (GIMP_CONTEXT (paint_options)); | +if (brush) | +{ | +g_object_set (paint_options, | +""brush-size"", (gdouble) MAX ((brush->mask->width), | +(brush->mask->height)), | +NULL); | +} | -return frame;"	Tool options toolbar and compact standard controls	29.010,29.010/toolbar-ref-balance,29.010/standard-tool-options,29.011	29.020	95f6410f25c5186686db7a489d79c1e79187cd41	app/tools/gimppaintoptions-gui.c	02f3f40c3799b391753b947044fe4ddd0165e23c	Use the named current source with this separately assigned legacy contract; same path/feature name is not equivalence evidence	NOT_PROVEN
01.016/hunk-001381	DONE	01.002/001381	app/tools/gimppaintoptions-gui.c	64cd82d6995fd93f1e9329ca8ad0c42a64fb21bf	-376,2 -> 553,11	afe35d49b80360c433d6c5e70d59b607c617fe7adb3d440dadafc744ccc7e21e	static GtkWidget *	"+smoothing_options_gui (GimpPaintOptions         *paint_options, | +GType                       tool_type, | +gboolean                    horizontal) | +{ | +return gimp_tool_options_toggle_gui_with_popup (G_OBJECT (paint_options), tool_type, | +""use-smoothing"", _(""Smooth""), _(""Smooth stroke""), | +horizontal, smoothing_options_create_view); | +} | +static void | +smoothing_options_create_view (GtkWidget *button, GtkWidget **result, GObject *config) | -smoothing_options_gui (GimpPaintOptions *paint_options, | -GType             tool_type)"	Tool options toolbar and compact standard controls	29.010,29.010/toolbar-ref-balance,29.010/standard-tool-options,29.011	29.020	95f6410f25c5186686db7a489d79c1e79187cd41	app/tools/gimppaintoptions-gui.c	02f3f40c3799b391753b947044fe4ddd0165e23c	Use the named current source with this separately assigned legacy contract; same path/feature name is not equivalence evidence	NOT_PROVEN
01.016/hunk-001382	DONE	01.002/001382	app/tools/gimppaintoptions-gui.c	64cd82d6995fd93f1e9329ca8ad0c42a64fb21bf	-379,2 -> 564,0	4533fc5ed3e27cd9786c8a104e0face55f5ed8ec1a73f590bbfdceb6b50016f2	smoothing_options_gui (GimpPaintOptions *paint_options,	-GObject   *config = G_OBJECT (paint_options); | -GtkWidget *frame;	Tool options toolbar and compact standard controls	29.010,29.010/toolbar-ref-balance,29.010/standard-tool-options,29.011	29.020	95f6410f25c5186686db7a489d79c1e79187cd41	app/tools/gimppaintoptions-gui.c	02f3f40c3799b391753b947044fe4ddd0165e23c	Use the named current source with this separately assigned legacy contract; same path/feature name is not equivalence evidence	NOT_PROVEN
01.016/hunk-001383	DONE	01.002/001383	app/tools/gimppaintoptions-gui.c	64cd82d6995fd93f1e9329ca8ad0c42a64fb21bf	-382,0 -> 567	4312f38a92a23b9b419f3d5996215459c45789a3d7796a79e2b9c635f5584755	smoothing_options_gui (GimpPaintOptions *paint_options,	+GList     *children;	Tool options toolbar and compact standard controls	29.010,29.010/toolbar-ref-balance,29.010/standard-tool-options,29.011	29.020	95f6410f25c5186686db7a489d79c1e79187cd41	app/tools/gimppaintoptions-gui.c	02f3f40c3799b391753b947044fe4ddd0165e23c	Use the named current source with this separately assigned legacy contract; same path/feature name is not equivalence evidence	NOT_PROVEN
01.016/hunk-001384	DONE	01.002/001384	app/tools/gimppaintoptions-gui.c	64cd82d6995fd93f1e9329ca8ad0c42a64fb21bf	-385 -> 570	d3a2ceda366f94490a38682b0e31c56c4331a2743f2690f2f9b52f378406d59d	smoothing_options_gui (GimpPaintOptions *paint_options,	+#if 0	Tool options toolbar and compact standard controls	29.010,29.010/toolbar-ref-balance,29.010/standard-tool-options,29.011	29.020	95f6410f25c5186686db7a489d79c1e79187cd41	app/tools/gimppaintoptions-gui.c	02f3f40c3799b391753b947044fe4ddd0165e23c	Use the named current source with this separately assigned legacy contract; same path/feature name is not equivalence evidence	NOT_PROVEN
01.016/hunk-001385	DONE	01.002/001385	app/tools/gimppaintoptions-gui.c	64cd82d6995fd93f1e9329ca8ad0c42a64fb21bf	-389 -> 574	e310fa8bd33a798fdd61ec5f949603edc9ce4eb0cfbc924f50df97b99ef36908	smoothing_options_gui (GimpPaintOptions *paint_options,	+#endif	Tool options toolbar and compact standard controls	29.010,29.010/toolbar-ref-balance,29.010/standard-tool-options,29.011	29.020	95f6410f25c5186686db7a489d79c1e79187cd41	app/tools/gimppaintoptions-gui.c	02f3f40c3799b391753b947044fe4ddd0165e23c	Use the named current source with this separately assigned legacy contract; same path/feature name is not equivalence evidence	NOT_PROVEN
01.016/hunk-001386	DONE	01.002/001386	app/tools/gimppaintoptions-gui.c	64cd82d6995fd93f1e9329ca8ad0c42a64fb21bf	-392,2 -> 577,2	eb51bb680ea3295b1044fc96a1c508bfac23e1f9c2ace41f9f238c1a36d55512	smoothing_options_gui (GimpPaintOptions *paint_options,	+1, 20, 0); | +gtk_box_pack_start (GTK_BOX (vbox), scale, TRUE, TRUE, 0); | -1, 10, 1); | -gtk_box_pack_start (GTK_BOX (vbox), scale, FALSE, FALSE, 0);	Tool options toolbar and compact standard controls	29.010,29.010/toolbar-ref-balance,29.010/standard-tool-options,29.011	29.020	95f6410f25c5186686db7a489d79c1e79187cd41	app/tools/gimppaintoptions-gui.c	02f3f40c3799b391753b947044fe4ddd0165e23c	Use the named current source with this separately assigned legacy contract; same path/feature name is not equivalence evidence	NOT_PROVEN
01.016/hunk-001387	DONE	01.002/001387	app/tools/gimppaintoptions-gui.c	64cd82d6995fd93f1e9329ca8ad0c42a64fb21bf	-399 -> 584	700d1a85897aa2bf395b4db119acc8be93c241d84279840dcbb726e02495f2e1	smoothing_options_gui (GimpPaintOptions *paint_options,	+gtk_box_pack_start (GTK_BOX (vbox), scale, TRUE, TRUE, 0); | -gtk_box_pack_start (GTK_BOX (vbox), scale, FALSE, FALSE, 0);	Tool options toolbar and compact standard controls	29.010,29.010/toolbar-ref-balance,29.010/standard-tool-options,29.011	29.020	95f6410f25c5186686db7a489d79c1e79187cd41	app/tools/gimppaintoptions-gui.c	02f3f40c3799b391753b947044fe4ddd0165e23c	Use the named current source with this separately assigned legacy contract; same path/feature name is not equivalence evidence	NOT_PROVEN
01.016/hunk-001388	DONE	01.002/001388	app/tools/gimppaintoptions-gui.c	64cd82d6995fd93f1e9329ca8ad0c42a64fb21bf	-402 -> 587,14	46f47572d2610b5fe2a17bde42c1403d6ce1e9adb0990dbe7aec89e73d440742	smoothing_options_gui (GimpPaintOptions *paint_options,	"+children = gtk_container_get_children (GTK_CONTAINER (vbox)); | +gimp_tool_options_setup_popup_layout (children, FALSE); | +*result = vbox; | +} | +static GtkWidget * | +texture_options_gui (GimpPaintOptions         *paint_options, | +GType                       tool_type, | +gboolean                    horizontal) | +{ | +return gimp_tool_options_toggle_gui_with_popup (G_OBJECT (paint_options), tool_type, | +""use-texture"", _(""Texture""), _(""Use texture""), | +horizontal, texture_options_create_view); | -return frame;"	Tool options toolbar and compact standard controls	29.010,29.010/toolbar-ref-balance,29.010/standard-tool-options,29.011	29.020	95f6410f25c5186686db7a489d79c1e79187cd41	app/tools/gimppaintoptions-gui.c	02f3f40c3799b391753b947044fe4ddd0165e23c	Use the named current source with this separately assigned legacy contract; same path/feature name is not equivalence evidence	NOT_PROVEN
01.016/hunk-001389	DONE	01.002/001389	app/tools/gimppaintoptions-gui.c	64cd82d6995fd93f1e9329ca8ad0c42a64fb21bf	-406,2 -> 604	8256180d2f90e41ae5b3f1be2a5c8091607a01ac395b20ded98d072d2caf32ed	static void	+texture_options_create_view (GtkWidget *button, GtkWidget **result, GObject *config) | -gimp_paint_options_gui_reset_size (GtkWidget        *button, | -GimpPaintOptions *paint_options)	Tool options toolbar and compact standard controls	29.010,29.010/toolbar-ref-balance,29.010/standard-tool-options,29.011	29.020	95f6410f25c5186686db7a489d79c1e79187cd41	app/tools/gimppaintoptions-gui.c	02f3f40c3799b391753b947044fe4ddd0165e23c	Use the named current source with this separately assigned legacy contract; same path/feature name is not equivalence evidence	NOT_PROVEN
01.016/hunk-001390	DONE	01.002/001390	app/tools/gimppaintoptions-gui.c	64cd82d6995fd93f1e9329ca8ad0c42a64fb21bf	-409 -> 606,10	5dd2d7771a118d288ed7458733348c721d8d91bd732eaf990ad2c06894243f1d	gimp_paint_options_gui_reset_size (GtkWidget        *button,	"+GtkWidget *vbox; | +GtkWidget *widget; | +GList     *children; | +vbox   = gtk_vbox_new (FALSE, 2); | +widget = gimp_prop_pattern_box_new (NULL, GIMP_CONTEXT (config), | +NULL, 2, | +""pattern-view-type"", ""pattern-view-size""); | +gtk_box_pack_start (GTK_BOX (vbox), widget, TRUE, TRUE, 0); | +gtk_widget_show (widget); | -GimpBrush *brush = gimp_context_get_brush (GIMP_CONTEXT (paint_options));"	Tool options toolbar and compact standard controls	29.010,29.010/toolbar-ref-balance,29.010/standard-tool-options,29.011	29.020	95f6410f25c5186686db7a489d79c1e79187cd41	app/tools/gimppaintoptions-gui.c	02f3f40c3799b391753b947044fe4ddd0165e23c	Use the named current source with this separately assigned legacy contract; same path/feature name is not equivalence evidence	NOT_PROVEN
01.016/hunk-001391	DONE	01.002/001391	app/tools/gimppaintoptions-gui.c	64cd82d6995fd93f1e9329ca8ad0c42a64fb21bf	-410,0 -> 617,5	ec029fa87a4c8b0b9453795c3027e675bd90930ede490102aa7cc2e67186be13	gimp_paint_options_gui_reset_size (GtkWidget        *button,	+children = gtk_container_get_children (GTK_CONTAINER (vbox)); | +gimp_tool_options_setup_popup_layout (children, FALSE); | +*result = vbox; | +#if 0	Tool options toolbar and compact standard controls	29.010,29.010/toolbar-ref-balance,29.010/standard-tool-options,29.011	29.020	95f6410f25c5186686db7a489d79c1e79187cd41	app/tools/gimppaintoptions-gui.c	02f3f40c3799b391753b947044fe4ddd0165e23c	Use the named current source with this separately assigned legacy contract; same path/feature name is not equivalence evidence	NOT_PROVEN
01.016/hunk-001392	DONE	01.002/001392	app/tools/gimppaintoptions-gui.c	64cd82d6995fd93f1e9329ca8ad0c42a64fb21bf	-412,0 -> 624	9bb41c2bdf539b1fb4e819f83915f240412c666c824efdc1cd2131a848e37a55	gimp_paint_options_gui_reset_size (GtkWidget        *button,	+#endif	Tool options toolbar and compact standard controls	29.010,29.010/toolbar-ref-balance,29.010/standard-tool-options,29.011	29.020	95f6410f25c5186686db7a489d79c1e79187cd41	app/tools/gimppaintoptions-gui.c	02f3f40c3799b391753b947044fe4ddd0165e23c	Use the named current source with this separately assigned legacy contract; same path/feature name is not equivalence evidence	NOT_PROVEN
01.016/hunk-001393	DONE	01.002/001393	app/tools/gimppaintoptions-gui.h	c55a794c642f2e6582d5ba83e9020afb9de148ba	-22,0 -> 23,2	ff4d37c0ff48e296966648583a387fc2437dc2532cbafa211022b32dc3224043	GtkWidget * gimp_paint_options_gui (GimpToolOptions *tool_options);	+GtkWidget * gimp_paint_options_gui_horizontal (GimpToolOptions *tool_options); | +GtkWidget * gimp_paint_options_gui_full (GimpToolOptions *tool_options, gboolean horizontal);	Tool options toolbar and compact standard controls	29.010,29.010/toolbar-ref-balance,29.010/standard-tool-options,29.011	29.020	95f6410f25c5186686db7a489d79c1e79187cd41	app/tools/gimppaintoptions-gui.h	d747bbe57650e68c7df5dbea051283c47931de5c	Use the named current source with this separately assigned legacy contract; same path/feature name is not equivalence evidence	NOT_PROVEN
01.016/hunk-001394	DONE	01.002/001394	app/tools/gimppainttool.c	e8a79052efe0fc0fb9306c4f226ee4f43ccf58d7	-256 -> 256	54c8bdd7db9c261e386387ba9e53560b618617a37c0f7a67756f46098f8edb13	gimp_paint_tool_button_press (GimpTool            *tool,	+if (! gimp_item_is_editable (GIMP_ITEM (drawable))) | -if (gimp_viewable_get_children (GIMP_VIEWABLE (drawable)))	Custom-layer editability and Undo suppression	14.006/editability-contract,15.006/editability-contract,16.021	09.017,14.019,18.010	95f6410f25c5186686db7a489d79c1e79187cd41	app/tools/gimppainttool.c	ccd967b8c19e135a023792d58497f2341ccde20e	Use the named current source with this separately assigned legacy contract; same path/feature name is not equivalence evidence	NOT_PROVEN
01.016/hunk-001395	DONE	01.002/001395	app/tools/gimppainttool.c	e8a79052efe0fc0fb9306c4f226ee4f43ccf58d7	-527 -> 527	f818c9858cfaf8d9215fbd7e10d0849ecb6cc1e5932abb075d35dac8e8cced5b	gimp_paint_tool_cursor_update (GimpTool         *tool,	+if (! gimp_item_is_editable (GIMP_ITEM (drawable)) || | -if (gimp_viewable_get_children (GIMP_VIEWABLE (drawable)) ||	Custom-layer editability and Undo suppression	14.006/editability-contract,15.006/editability-contract,16.021	09.017,14.019,18.010	95f6410f25c5186686db7a489d79c1e79187cd41	app/tools/gimppainttool.c	ccd967b8c19e135a023792d58497f2341ccde20e	Use the named current source with this separately assigned legacy contract; same path/feature name is not equivalence evidence	NOT_PROVEN
01.016/hunk-001455	DONE	01.002/001455	app/tools/gimpsmudgetool.c	c54fe94fa1293af426e1f0ed8246a8bdf12442bf	-31,0 -> 32	445612049f4df032527390bb9aa856462222e4b500578a4ba7e82c1b132486f6	file-level declarations/content	"+#include ""gimptooloptions-gui.h"""	Tool options toolbar and compact standard controls	29.010,29.010/toolbar-ref-balance,29.010/standard-tool-options,29.011	29.020	95f6410f25c5186686db7a489d79c1e79187cd41	app/tools/gimpsmudgetool.c	59b48a7e8f163c1f1e94b67992bd419d2ba18774	Use the named current source with this separately assigned legacy contract; same path/feature name is not equivalence evidence	NOT_PROVEN
01.016/hunk-001456	DONE	01.002/001456	app/tools/gimpsmudgetool.c	c54fe94fa1293af426e1f0ed8246a8bdf12442bf	-38,0 -> 40,2	89f634572fe80f21b3ab72b72dccb5f2b9ceeded11bec128c3ad343dab86a852	static GtkWidget * gimp_smudge_options_gui (GimpToolOptions *tool_options);	+static GtkWidget * gimp_smudge_options_gui_horizontal (GimpToolOptions *tool_options); | +static GtkWidget * gimp_smudge_options_gui_full (GimpToolOptions *tool_options, gboolean horizontal);	Tool options toolbar and compact standard controls	29.010,29.010/toolbar-ref-balance,29.010/standard-tool-options,29.011	29.020	95f6410f25c5186686db7a489d79c1e79187cd41	app/tools/gimpsmudgetool.c	59b48a7e8f163c1f1e94b67992bd419d2ba18774	Use the named current source with this separately assigned legacy contract; same path/feature name is not equivalence evidence	NOT_PROVEN
01.016/hunk-001457	DONE	01.002/001457	app/tools/gimpsmudgetool.c	c54fe94fa1293af426e1f0ed8246a8bdf12442bf	-50,0 -> 54	ff675c144c44445a72a17131bda2d09b4d3d56bfa97b59b30450db12fb8ae93e	gimp_smudge_tool_register (GimpToolRegisterCallback  callback,	+gimp_smudge_options_gui_horizontal,	Tool options toolbar and compact standard controls	29.010,29.010/toolbar-ref-balance,29.010/standard-tool-options,29.011	29.020	95f6410f25c5186686db7a489d79c1e79187cd41	app/tools/gimpsmudgetool.c	59b48a7e8f163c1f1e94b67992bd419d2ba18774	Use the named current source with this separately assigned legacy contract; same path/feature name is not equivalence evidence	NOT_PROVEN
01.016/hunk-001458	DONE	01.002/001458	app/tools/gimpsmudgetool.c	c54fe94fa1293af426e1f0ed8246a8bdf12442bf	-83,0 -> 88,12	05e7f7cd747d94315df6d9f848e0f8c080011d4322d87acb5d59f157113ac854	gimp_smudge_options_gui (GimpToolOptions *tool_options)	+{ | +return gimp_smudge_options_gui_full (tool_options, FALSE); | +} | +static GtkWidget * | +gimp_smudge_options_gui_horizontal (GimpToolOptions *tool_options) | +{ | +return gimp_smudge_options_gui_full (tool_options, TRUE); | +} | +static GtkWidget * | +gimp_smudge_options_gui_full (GimpToolOptions *tool_options, gboolean horizontal)	Tool options toolbar and compact standard controls	29.010,29.010/toolbar-ref-balance,29.010/standard-tool-options,29.011	29.020	95f6410f25c5186686db7a489d79c1e79187cd41	app/tools/gimpsmudgetool.c	59b48a7e8f163c1f1e94b67992bd419d2ba18774	Use the named current source with this separately assigned legacy contract; same path/feature name is not equivalence evidence	NOT_PROVEN
01.016/hunk-001459	DONE	01.002/001459	app/tools/gimpsmudgetool.c	c54fe94fa1293af426e1f0ed8246a8bdf12442bf	-86 -> 102	1fc43021e607a5e98bbb7cddcbd8153305e9f3e74d87409bea681eea45dd076e	gimp_smudge_options_gui (GimpToolOptions *tool_options)	+GtkWidget *vbox   = gimp_paint_options_gui_full (tool_options, horizontal); | -GtkWidget *vbox   = gimp_paint_options_gui (tool_options);	Tool options toolbar and compact standard controls	29.010,29.010/toolbar-ref-balance,29.010/standard-tool-options,29.011	29.020	95f6410f25c5186686db7a489d79c1e79187cd41	app/tools/gimpsmudgetool.c	59b48a7e8f163c1f1e94b67992bd419d2ba18774	Use the named current source with this separately assigned legacy contract; same path/feature name is not equivalence evidence	NOT_PROVEN
01.016/hunk-001460	DONE	01.002/001460	app/tools/gimpsmudgetool.c	c54fe94fa1293af426e1f0ed8246a8bdf12442bf	-87,0 -> 104	4312f38a92a23b9b419f3d5996215459c45789a3d7796a79e2b9c635f5584755	gimp_smudge_options_gui (GimpToolOptions *tool_options)	+GList     *children;	Tool options toolbar and compact standard controls	29.010,29.010/toolbar-ref-balance,29.010/standard-tool-options,29.011	29.020	95f6410f25c5186686db7a489d79c1e79187cd41	app/tools/gimpsmudgetool.c	59b48a7e8f163c1f1e94b67992bd419d2ba18774	Use the named current source with this separately assigned legacy contract; same path/feature name is not equivalence evidence	NOT_PROVEN
01.016/hunk-001461	DONE	01.002/001461	app/tools/gimpsmudgetool.c	c54fe94fa1293af426e1f0ed8246a8bdf12442bf	-95,0 -> 113,3	97602a5b8b1a295740e4f4e25a3869ea3257d18183f2704315fadbe020f1ac2a	gimp_smudge_options_gui (GimpToolOptions *tool_options)	+children = gtk_container_get_children (GTK_CONTAINER (vbox)); | +gimp_tool_options_setup_popup_layout (children, FALSE);	Tool options toolbar and compact standard controls	29.010,29.010/toolbar-ref-balance,29.010/standard-tool-options,29.011	29.020	95f6410f25c5186686db7a489d79c1e79187cd41	app/tools/gimpsmudgetool.c	59b48a7e8f163c1f1e94b67992bd419d2ba18774	Use the named current source with this separately assigned legacy contract; same path/feature name is not equivalence evidence	NOT_PROVEN
01.016/hunk-001555	DONE	01.002/001555	app/widgets/gimpdeviceinfo-coords.c	a67562249b84ccc380b42e3df19c9221d7fae0f5	-80,0 -> 81,4	4a57caf429e901507e4c4886eb569f1b0c391f60f25eeac928f1ed061cdfdd9e	gimp_device_info_get_event_coords (GimpDeviceInfo *info,	+else | +{ | +coords->pressure = (event->motion.state & GDK_BUTTON1_MASK)? 1.0: 0.0; | +}	Motion/pressure event semantics	23.007,23.008,23.009,23.010,23.011,23.012,23.014	23.015,26.013	95f6410f25c5186686db7a489d79c1e79187cd41	app/widgets/gimpdeviceinfo-coords.c	9bde9a59b87e8d35fb16dbc99cf5c3339d49f8cc	Use the named current source with this separately assigned legacy contract; same path/feature name is not equivalence evidence	NOT_PROVEN
01.016/hunk-001556	DONE	01.002/001556	app/widgets/gimpdevicemanager.c	7c91cdd73017176878aee15de3a2c690ace48e64	-235 -> 235	feba951779a2f6d25062c151c3bef380f170038b1ea68521db991f124280d94d	gimp_device_manager_new (Gimp *gimp)	"+""unique-names"",  TRUE, | -""unique-names"",  FALSE,"	Input device unique-name identity	30.007/device-name-identity	23.015,36.019	95f6410f25c5186686db7a489d79c1e79187cd41	app/widgets/gimpdevicemanager.c	41622a2f26f1807aa15b86ad5a5e5c692e36f93f	Device container unique-name policy affects restored device identity; compare duplicate names and saved state	NOT_PROVEN
01.016/hunk-001601	DONE	01.002/001601	app/widgets/gimpdynamicsoutputeditor.c	028856f1e08e97e262ca43987cc384db14b07262	-128,0 -> 129,3	8cb590ab8a18ad0c52d1d90602d6c8076e5f6ef13d2d8d7f6a53a61c8559eba5	static void   gimp_dynamics_output_editor_notify_output  (GimpDynamicsOutput	+static void     gimp_dynamics_output_editor_destroy       (GimpDynamicsOutputEditor *editor, | +gpointer data);	Nonfunctional/obsolete source candidate	31.018	31.020,38.001	95f6410f25c5186686db7a489d79c1e79187cd41	app/widgets/gimpdynamicsoutputeditor.c	a4a5bd1eecf8289e630d86c5f985f6d745f30bef	Use the named current source with this separately assigned legacy contract; same path/feature name is not equivalence evidence	NOT_PROVEN
01.016/hunk-001602	DONE	01.002/001602	app/widgets/gimpdynamicsoutputeditor.c	028856f1e08e97e262ca43987cc384db14b07262	-287,0 -> 291,6	6e162277f95e081ee0efda8eb6ed0a9b53c57e5923ddc45bc4b4605ede7ef14e	gimp_dynamics_output_editor_constructed (GObject *object)	"+#if 0 | +g_signal_connect (editor, ""destroy"", | +G_CALLBACK (gimp_dynamics_output_editor_destroy), NULL); | +return object; | +#endif"	Nonfunctional/obsolete source candidate	31.018	31.020,38.001	95f6410f25c5186686db7a489d79c1e79187cd41	app/widgets/gimpdynamicsoutputeditor.c	a4a5bd1eecf8289e630d86c5f985f6d745f30bef	Use the named current source with this separately assigned legacy contract; same path/feature name is not equivalence evidence	NOT_PROVEN
01.016/hunk-001603	DONE	01.002/001603	app/widgets/gimpdynamicsoutputeditor.c	028856f1e08e97e262ca43987cc384db14b07262	-493,0 -> 503,15	071e73f36b7d8b428758248c5c259d08e39f46b0fbd747b11d8adab7f3d334c5	gimp_dynamics_output_editor_notify_output (GimpDynamicsOutput       *output,	+#if 0 | +static void | +gimp_dynamics_output_editor_destroy (GimpDynamicsOutputEditor *editor, | +gpointer data) | +{ | +GimpDynamicsOutputEditorPrivate *private; | +private = GIMP_DYNAMICS_OUTPUT_EDITOR_GET_PRIVATE (G_OBJECT (editor)); | +g_signal_handlers_disconnect_by_func (private->output, | +gimp_dynamics_output_editor_notify_output, | +editor); | +} | +#endif	Nonfunctional/obsolete source candidate	31.018	31.020,38.001	95f6410f25c5186686db7a489d79c1e79187cd41	app/widgets/gimpdynamicsoutputeditor.c	a4a5bd1eecf8289e630d86c5f985f6d745f30bef	Use the named current source with this separately assigned legacy contract; same path/feature name is not equivalence evidence	NOT_PROVEN
