100	112	0	0	50	56	50	56	0	0
100	112	0	0	50	56	50	56	1	0
100	112	0	0	50	56	50	56	4	0
100	112	0	0	50	56	50	56	5	0
100	112	0	0	50	56	50	56	13	0
100	112	0	0	50	56	50	56	8	0
100	112	0	0	50	56	90	56	0	270
100	112	0	0	50	56	90	56	1	270
100	112	0	0	50	56	90	56	4	270
100	112	0	0	50	56	90	56	5	270
100	112	0	0	50	56	90	56	13	270
100	112	0	0	50	56	90	56	8	270
100	112	0	0	50	56	50	96	0	0
100	112	0	0	50	56	50	96	1	0
100	112	0	0	50	56	50	96	4	0
100	112	0	0	50	56	50	96	5	0
100	112	0	0	50	56	50	96	13	0
100	112	0	0	50	56	50	96	8	0
100	112	0	0	50	56	10	56	0	90
100	112	0	0	50	56	10	56	1	90
100	112	0	0	50	56	10	56	4	90
100	112	0	0	50	56	10	56	5	90
100	112	0	0	50	56	10	56	13	90
100	112	0	0	50	56	10	56	8	90
100	112	0	0	50	56	50	16	0	180
100	112	0	0	50	56	50	16	1	180
100	112	0	0	50	56	50	16	4	180
100	112	0	0	50	56	50	16	5	180
100	112	0	0	50	56	50	16	13	180
100	112	0	0	50	56	50	16	8	180
100	112	0	0	50	56	73	93	0	328.13402230639633
100	112	0	0	50	56	73	93	1	328.13402230639633
100	112	0	0	50	56	73	93	4	330
100	112	0	0	50	56	73	93	5	330
100	112	0	0	50	56	73	93	13	330
100	112	0	0	50	56	73	93	8	328.13402230639633
100	112	0	0	50	56	27	93	0	31.865977693603668
100	112	0	0	50	56	27	93	1	31.865977693603668
100	112	0	0	50	56	27	93	4	30
100	112	0	0	50	56	27	93	5	30
100	112	0	0	50	56	27	93	13	30
100	112	0	0	50	56	27	93	8	31.865977693603668
100	112	0	0	50	56	27	19	0	148.13402230639633
100	112	0	0	50	56	27	19	1	148.13402230639633
100	112	0	0	50	56	27	19	4	150
100	112	0	0	50	56	27	19	5	150
100	112	0	0	50	56	27	19	13	150
100	112	0	0	50	56	27	19	8	148.13402230639633
100	112	0	0	50	56	73	19	0	211.86597769360367
100	112	0	0	50	56	73	19	1	211.86597769360367
100	112	0	0	50	56	73	19	4	210
100	112	0	0	50	56	73	19	5	210
100	112	0	0	50	56	73	19	13	210
100	112	0	0	50	56	73	19	8	211.86597769360367
100	112	0	0	90	56	50	56	0	90
100	112	0	0	90	56	50	56	1	90
100	112	0	0	90	56	50	56	4	90
100	112	0	0	90	56	50	56	5	90
100	112	0	0	90	56	50	56	13	90
100	112	0	0	90	56	50	56	8	90
100	112	0	0	90	56	90	56	0	0
100	112	0	0	90	56	90	56	1	0
100	112	0	0	90	56	90	56	4	0
100	112	0	0	90	56	90	56	5	0
100	112	0	0	90	56	90	56	13	0
100	112	0	0	90	56	90	56	8	0
100	112	0	0	90	56	50	96	0	90
100	112	0	0	90	56	50	96	1	90
100	112	0	0	90	56	50	96	4	90
100	112	0	0	90	56	50	96	5	90
100	112	0	0	90	56	50	96	13	90
100	112	0	0	90	56	50	96	8	90
100	112	0	0	90	56	10	56	0	180
100	112	0	0	90	56	10	56	1	180
100	112	0	0	90	56	10	56	4	180
100	112	0	0	90	56	10	56	5	180
100	112	0	0	90	56	10	56	13	180
100	112	0	0	90	56	10	56	8	180
100	112	0	0	90	56	50	16	0	270
100	112	0	0	90	56	50	16	1	270
100	112	0	0	90	56	50	16	4	270
100	112	0	0	90	56	50	16	5	270
100	112	0	0	90	56	50	16	13	270
100	112	0	0	90	56	50	16	8	270
100	112	0	0	90	56	73	93	0	58.134022306396332
100	112	0	0	90	56	73	93	1	58.134022306396332
100	112	0	0	90	56	73	93	4	60
100	112	0	0	90	56	73	93	5	60
100	112	0	0	90	56	73	93	13	60
100	112	0	0	90	56	73	93	8	58.134022306396332
100	112	0	0	90	56	27	93	0	121.86597769360367
100	112	0	0	90	56	27	93	1	121.86597769360367
100	112	0	0	90	56	27	93	4	120
100	112	0	0	90	56	27	93	5	120
100	112	0	0	90	56	27	93	13	120
100	112	0	0	90	56	27	93	8	121.86597769360367
100	112	0	0	90	56	27	19	0	238.13402230639633
100	112	0	0	90	56	27	19	1	238.13402230639633
100	112	0	0	90	56	27	19	4	240
100	112	0	0	90	56	27	19	5	240
100	112	0	0	90	56	27	19	13	240
100	112	0	0	90	56	27	19	8	238.13402230639633
100	112	0	0	90	56	73	19	0	301.86597769360367
100	112	0	0	90	56	73	19	1	301.86597769360367
100	112	0	0	90	56	73	19	4	300
100	112	0	0	90	56	73	19	5	300
100	112	0	0	90	56	73	19	13	300
100	112	0	0	90	56	73	19	8	301.86597769360367
100	112	0	0	50	96	50	56	0	0
100	112	0	0	50	96	50	56	1	0
100	112	0	0	50	96	50	56	4	0
100	112	0	0	50	96	50	56	5	0
100	112	0	0	50	96	50	56	13	0
100	112	0	0	50	96	50	56	8	0
100	112	0	0	50	96	90	56	0	270
100	112	0	0	50	96	90	56	1	270
100	112	0	0	50	96	90	56	4	270
100	112	0	0	50	96	90	56	5	270
100	112	0	0	50	96	90	56	13	270
100	112	0	0	50	96	90	56	8	270
100	112	0	0	50	96	50	96	0	0
100	112	0	0	50	96	50	96	1	0
100	112	0	0	50	96	50	96	4	0
100	112	0	0	50	96	50	96	5	0
100	112	0	0	50	96	50	96	13	0
100	112	0	0	50	96	50	96	8	0
100	112	0	0	50	96	10	56	0	90
100	112	0	0	50	96	10	56	1	90
100	112	0	0	50	96	10	56	4	90
100	112	0	0	50	96	10	56	5	90
100	112	0	0	50	96	10	56	13	90
100	112	0	0	50	96	10	56	8	90
100	112	0	0	50	96	50	16	0	180
100	112	0	0	50	96	50	16	1	180
100	112	0	0	50	96	50	16	4	180
100	112	0	0	50	96	50	16	5	180
100	112	0	0	50	96	50	16	13	180
100	112	0	0	50	96	50	16	8	180
100	112	0	0	50	96	73	93	0	328.13402230639633
100	112	0	0	50	96	73	93	1	328.13402230639633
100	112	0	0	50	96	73	93	4	330
100	112	0	0	50	96	73	93	5	330
100	112	0	0	50	96	73	93	13	330
100	112	0	0	50	96	73	93	8	328.13402230639633
100	112	0	0	50	96	27	93	0	31.865977693603668
100	112	0	0	50	96	27	93	1	31.865977693603668
100	112	0	0	50	96	27	93	4	30
100	112	0	0	50	96	27	93	5	30
100	112	0	0	50	96	27	93	13	30
100	112	0	0	50	96	27	93	8	31.865977693603668
100	112	0	0	50	96	27	19	0	148.13402230639633
100	112	0	0	50	96	27	19	1	148.13402230639633
100	112	0	0	50	96	27	19	4	150
100	112	0	0	50	96	27	19	5	150
100	112	0	0	50	96	27	19	13	150
100	112	0	0	50	96	27	19	8	148.13402230639633
100	112	0	0	50	96	73	19	0	211.86597769360367
100	112	0	0	50	96	73	19	1	211.86597769360367
100	112	0	0	50	96	73	19	4	210
100	112	0	0	50	96	73	19	5	210
100	112	0	0	50	96	73	19	13	210
100	112	0	0	50	96	73	19	8	211.86597769360367
100	112	0	0	10	56	50	56	0	270
100	112	0	0	10	56	50	56	1	270
100	112	0	0	10	56	50	56	4	270
100	112	0	0	10	56	50	56	5	270
100	112	0	0	10	56	50	56	13	270
100	112	0	0	10	56	50	56	8	270
100	112	0	0	10	56	90	56	0	180
100	112	0	0	10	56	90	56	1	180
100	112	0	0	10	56	90	56	4	180
100	112	0	0	10	56	90	56	5	180
100	112	0	0	10	56	90	56	13	180
100	112	0	0	10	56	90	56	8	180
100	112	0	0	10	56	50	96	0	270
100	112	0	0	10	56	50	96	1	270
100	112	0	0	10	56	50	96	4	270
100	112	0	0	10	56	50	96	5	270
100	112	0	0	10	56	50	96	13	270
100	112	0	0	10	56	50	96	8	270
100	112	0	0	10	56	10	56	0	0
100	112	0	0	10	56	10	56	1	0
100	112	0	0	10	56	10	56	4	0
100	112	0	0	10	56	10	56	5	0
100	112	0	0	10	56	10	56	13	0
100	112	0	0	10	56	10	56	8	0
100	112	0	0	10	56	50	16	0	90
100	112	0	0	10	56	50	16	1	90
100	112	0	0	10	56	50	16	4	90
100	112	0	0	10	56	50	16	5	90
100	112	0	0	10	56	50	16	13	90
100	112	0	0	10	56	50	16	8	90
100	112	0	0	10	56	73	93	0	238.13402230639633
100	112	0	0	10	56	73	93	1	238.13402230639633
100	112	0	0	10	56	73	93	4	240
100	112	0	0	10	56	73	93	5	240
100	112	0	0	10	56	73	93	13	240
100	112	0	0	10	56	73	93	8	238.13402230639633
100	112	0	0	10	56	27	93	0	301.86597769360367
100	112	0	0	10	56	27	93	1	301.86597769360367
100	112	0	0	10	56	27	93	4	300
100	112	0	0	10	56	27	93	5	300
100	112	0	0	10	56	27	93	13	300
100	112	0	0	10	56	27	93	8	301.86597769360367
100	112	0	0	10	56	27	19	0	58.134022306396332
100	112	0	0	10	56	27	19	1	58.134022306396332
100	112	0	0	10	56	27	19	4	60
100	112	0	0	10	56	27	19	5	60
100	112	0	0	10	56	27	19	13	60
100	112	0	0	10	56	27	19	8	58.134022306396332
100	112	0	0	10	56	73	19	0	121.86597769360367
100	112	0	0	10	56	73	19	1	121.86597769360367
100	112	0	0	10	56	73	19	4	120
100	112	0	0	10	56	73	19	5	120
100	112	0	0	10	56	73	19	13	120
100	112	0	0	10	56	73	19	8	121.86597769360367
100	112	0	7.5	50	56	50	56	0	7.5
100	112	0	7.5	50	56	50	56	1	7.5
100	112	0	7.5	50	56	50	56	4	15
100	112	0	7.5	50	56	50	56	5	15
100	112	0	7.5	50	56	50	56	13	15
100	112	0	7.5	50	56	50	56	8	7.5
100	112	0	7.5	50	56	90	56	0	277.5
100	112	0	7.5	50	56	90	56	1	277.5
100	112	0	7.5	50	56	90	56	4	285
100	112	0	7.5	50	56	90	56	5	285
100	112	0	7.5	50	56	90	56	13	285
100	112	0	7.5	50	56	90	56	8	277.5
100	112	0	7.5	50	56	50	96	0	7.5
100	112	0	7.5	50	56	50	96	1	7.5
100	112	0	7.5	50	56	50	96	4	15
100	112	0	7.5	50	56	50	96	5	15
100	112	0	7.5	50	56	50	96	13	15
100	112	0	7.5	50	56	50	96	8	7.5
100	112	0	7.5	50	56	10	56	0	97.5
100	112	0	7.5	50	56	10	56	1	97.5
100	112	0	7.5	50	56	10	56	4	105
100	112	0	7.5	50	56	10	56	5	105
100	112	0	7.5	50	56	10	56	13	105
100	112	0	7.5	50	56	10	56	8	97.5
100	112	0	7.5	50	56	50	16	0	187.5
100	112	0	7.5	50	56	50	16	1	187.5
100	112	0	7.5	50	56	50	16	4	195
100	112	0	7.5	50	56	50	16	5	195
100	112	0	7.5	50	56	50	16	13	195
100	112	0	7.5	50	56	50	16	8	187.5
100	112	0	7.5	50	56	73	93	0	335.63402230639633
100	112	0	7.5	50	56	73	93	1	335.63402230639633
100	112	0	7.5	50	56	73	93	4	330
100	112	0	7.5	50	56	73	93	5	330
100	112	0	7.5	50	56	73	93	13	330
100	112	0	7.5	50	56	73	93	8	335.63402230639633
100	112	0	7.5	50	56	27	93	0	39.365977693603668
100	112	0	7.5	50	56	27	93	1	39.365977693603668
100	112	0	7.5	50	56	27	93	4	45
100	112	0	7.5	50	56	27	93	5	45
100	112	0	7.5	50	56	27	93	13	45
100	112	0	7.5	50	56	27	93	8	39.365977693603668
100	112	0	7.5	50	56	27	19	0	155.63402230639633
100	112	0	7.5	50	56	27	19	1	155.63402230639633
100	112	0	7.5	50	56	27	19	4	150
100	112	0	7.5	50	56	27	19	5	150
100	112	0	7.5	50	56	27	19	13	150
100	112	0	7.5	50	56	27	19	8	155.63402230639633
100	112	0	7.5	50	56	73	19	0	219.36597769360367
100	112	0	7.5	50	56	73	19	1	219.36597769360367
100	112	0	7.5	50	56	73	19	4	225
100	112	0	7.5	50	56	73	19	5	225
100	112	0	7.5	50	56	73	19	13	225
100	112	0	7.5	50	56	73	19	8	219.36597769360367
100	112	0	7.5	90	56	50	56	0	97.5
100	112	0	7.5	90	56	50	56	1	97.5
100	112	0	7.5	90	56	50	56	4	105
100	112	0	7.5	90	56	50	56	5	105
100	112	0	7.5	90	56	50	56	13	105
100	112	0	7.5	90	56	50	56	8	97.5
100	112	0	7.5	90	56	90	56	0	7.5
100	112	0	7.5	90	56	90	56	1	7.5
100	112	0	7.5	90	56	90	56	4	15
100	112	0	7.5	90	56	90	56	5	15
100	112	0	7.5	90	56	90	56	13	15
100	112	0	7.5	90	56	90	56	8	7.5
100	112	0	7.5	90	56	50	96	0	97.5
100	112	0	7.5	90	56	50	96	1	97.5
100	112	0	7.5	90	56	50	96	4	105
100	112	0	7.5	90	56	50	96	5	105
100	112	0	7.5	90	56	50	96	13	105
100	112	0	7.5	90	56	50	96	8	97.5
100	112	0	7.5	90	56	10	56	0	187.5
100	112	0	7.5	90	56	10	56	1	187.5
100	112	0	7.5	90	56	10	56	4	195
100	112	0	7.5	90	56	10	56	5	195
100	112	0	7.5	90	56	10	56	13	195
100	112	0	7.5	90	56	10	56	8	187.5
100	112	0	7.5	90	56	50	16	0	277.5
100	112	0	7.5	90	56	50	16	1	277.5
100	112	0	7.5	90	56	50	16	4	285
100	112	0	7.5	90	56	50	16	5	285
100	112	0	7.5	90	56	50	16	13	285
100	112	0	7.5	90	56	50	16	8	277.5
100	112	0	7.5	90	56	73	93	0	65.634022306396332
100	112	0	7.5	90	56	73	93	1	65.634022306396332
100	112	0	7.5	90	56	73	93	4	60
100	112	0	7.5	90	56	73	93	5	60
100	112	0	7.5	90	56	73	93	13	60
100	112	0	7.5	90	56	73	93	8	65.634022306396332
100	112	0	7.5	90	56	27	93	0	129.36597769360367
100	112	0	7.5	90	56	27	93	1	129.36597769360367
100	112	0	7.5	90	56	27	93	4	135
100	112	0	7.5	90	56	27	93	5	135
100	112	0	7.5	90	56	27	93	13	135
100	112	0	7.5	90	56	27	93	8	129.36597769360367
100	112	0	7.5	90	56	27	19	0	245.63402230639633
100	112	0	7.5	90	56	27	19	1	245.63402230639633
100	112	0	7.5	90	56	27	19	4	240
100	112	0	7.5	90	56	27	19	5	240
100	112	0	7.5	90	56	27	19	13	240
100	112	0	7.5	90	56	27	19	8	245.63402230639633
100	112	0	7.5	90	56	73	19	0	309.36597769360367
100	112	0	7.5	90	56	73	19	1	309.36597769360367
100	112	0	7.5	90	56	73	19	4	315
100	112	0	7.5	90	56	73	19	5	315
100	112	0	7.5	90	56	73	19	13	315
100	112	0	7.5	90	56	73	19	8	309.36597769360367
100	112	0	7.5	50	96	50	56	0	7.5
100	112	0	7.5	50	96	50	56	1	7.5
100	112	0	7.5	50	96	50	56	4	15
100	112	0	7.5	50	96	50	56	5	15
100	112	0	7.5	50	96	50	56	13	15
100	112	0	7.5	50	96	50	56	8	7.5
100	112	0	7.5	50	96	90	56	0	277.5
100	112	0	7.5	50	96	90	56	1	277.5
100	112	0	7.5	50	96	90	56	4	285
100	112	0	7.5	50	96	90	56	5	285
100	112	0	7.5	50	96	90	56	13	285
100	112	0	7.5	50	96	90	56	8	277.5
100	112	0	7.5	50	96	50	96	0	7.5
100	112	0	7.5	50	96	50	96	1	7.5
100	112	0	7.5	50	96	50	96	4	15
100	112	0	7.5	50	96	50	96	5	15
100	112	0	7.5	50	96	50	96	13	15
100	112	0	7.5	50	96	50	96	8	7.5
100	112	0	7.5	50	96	10	56	0	97.5
100	112	0	7.5	50	96	10	56	1	97.5
100	112	0	7.5	50	96	10	56	4	105
100	112	0	7.5	50	96	10	56	5	105
100	112	0	7.5	50	96	10	56	13	105
100	112	0	7.5	50	96	10	56	8	97.5
100	112	0	7.5	50	96	50	16	0	187.5
100	112	0	7.5	50	96	50	16	1	187.5
100	112	0	7.5	50	96	50	16	4	195
100	112	0	7.5	50	96	50	16	5	195
100	112	0	7.5	50	96	50	16	13	195
100	112	0	7.5	50	96	50	16	8	187.5
100	112	0	7.5	50	96	73	93	0	335.63402230639633
100	112	0	7.5	50	96	73	93	1	335.63402230639633
100	112	0	7.5	50	96	73	93	4	330
100	112	0	7.5	50	96	73	93	5	330
100	112	0	7.5	50	96	73	93	13	330
100	112	0	7.5	50	96	73	93	8	335.63402230639633
100	112	0	7.5	50	96	27	93	0	39.365977693603668
100	112	0	7.5	50	96	27	93	1	39.365977693603668
100	112	0	7.5	50	96	27	93	4	45
100	112	0	7.5	50	96	27	93	5	45
100	112	0	7.5	50	96	27	93	13	45
100	112	0	7.5	50	96	27	93	8	39.365977693603668
100	112	0	7.5	50	96	27	19	0	155.63402230639633
100	112	0	7.5	50	96	27	19	1	155.63402230639633
100	112	0	7.5	50	96	27	19	4	150
100	112	0	7.5	50	96	27	19	5	150
100	112	0	7.5	50	96	27	19	13	150
100	112	0	7.5	50	96	27	19	8	155.63402230639633
100	112	0	7.5	50	96	73	19	0	219.36597769360367
100	112	0	7.5	50	96	73	19	1	219.36597769360367
100	112	0	7.5	50	96	73	19	4	225
100	112	0	7.5	50	96	73	19	5	225
100	112	0	7.5	50	96	73	19	13	225
100	112	0	7.5	50	96	73	19	8	219.36597769360367
100	112	0	7.5	10	56	50	56	0	277.5
100	112	0	7.5	10	56	50	56	1	277.5
100	112	0	7.5	10	56	50	56	4	285
100	112	0	7.5	10	56	50	56	5	285
100	112	0	7.5	10	56	50	56	13	285
100	112	0	7.5	10	56	50	56	8	277.5
100	112	0	7.5	10	56	90	56	0	187.5
100	112	0	7.5	10	56	90	56	1	187.5
100	112	0	7.5	10	56	90	56	4	195
100	112	0	7.5	10	56	90	56	5	195
100	112	0	7.5	10	56	90	56	13	195
100	112	0	7.5	10	56	90	56	8	187.5
100	112	0	7.5	10	56	50	96	0	277.5
100	112	0	7.5	10	56	50	96	1	277.5
100	112	0	7.5	10	56	50	96	4	285
100	112	0	7.5	10	56	50	96	5	285
100	112	0	7.5	10	56	50	96	13	285
100	112	0	7.5	10	56	50	96	8	277.5
100	112	0	7.5	10	56	10	56	0	7.5
100	112	0	7.5	10	56	10	56	1	7.5
100	112	0	7.5	10	56	10	56	4	15
100	112	0	7.5	10	56	10	56	5	15
100	112	0	7.5	10	56	10	56	13	15
100	112	0	7.5	10	56	10	56	8	7.5
100	112	0	7.5	10	56	50	16	0	97.5
100	112	0	7.5	10	56	50	16	1	97.5
100	112	0	7.5	10	56	50	16	4	105
100	112	0	7.5	10	56	50	16	5	105
100	112	0	7.5	10	56	50	16	13	105
100	112	0	7.5	10	56	50	16	8	97.5
100	112	0	7.5	10	56	73	93	0	245.63402230639633
100	112	0	7.5	10	56	73	93	1	245.63402230639633
100	112	0	7.5	10	56	73	93	4	240
100	112	0	7.5	10	56	73	93	5	240
100	112	0	7.5	10	56	73	93	13	240
100	112	0	7.5	10	56	73	93	8	245.63402230639633
100	112	0	7.5	10	56	27	93	0	309.36597769360367
100	112	0	7.5	10	56	27	93	1	309.36597769360367
100	112	0	7.5	10	56	27	93	4	315
100	112	0	7.5	10	56	27	93	5	315
100	112	0	7.5	10	56	27	93	13	315
100	112	0	7.5	10	56	27	93	8	309.36597769360367
100	112	0	7.5	10	56	27	19	0	65.634022306396332
100	112	0	7.5	10	56	27	19	1	65.634022306396332
100	112	0	7.5	10	56	27	19	4	60
100	112	0	7.5	10	56	27	19	5	60
100	112	0	7.5	10	56	27	19	13	60
100	112	0	7.5	10	56	27	19	8	65.634022306396332
100	112	0	7.5	10	56	73	19	0	129.36597769360367
100	112	0	7.5	10	56	73	19	1	129.36597769360367
100	112	0	7.5	10	56	73	19	4	135
100	112	0	7.5	10	56	73	19	5	135
100	112	0	7.5	10	56	73	19	13	135
100	112	0	7.5	10	56	73	19	8	129.36597769360367
100	112	0	22.5	50	56	50	56	0	22.5
100	112	0	22.5	50	56	50	56	1	22.5
100	112	0	22.5	50	56	50	56	4	30
100	112	0	22.5	50	56	50	56	5	30
100	112	0	22.5	50	56	50	56	13	30
100	112	0	22.5	50	56	50	56	8	22.5
100	112	0	22.5	50	56	90	56	0	292.5
100	112	0	22.5	50	56	90	56	1	292.5
100	112	0	22.5	50	56	90	56	4	300
100	112	0	22.5	50	56	90	56	5	300
100	112	0	22.5	50	56	90	56	13	300
100	112	0	22.5	50	56	90	56	8	292.5
100	112	0	22.5	50	56	50	96	0	22.5
100	112	0	22.5	50	56	50	96	1	22.5
100	112	0	22.5	50	56	50	96	4	30
100	112	0	22.5	50	56	50	96	5	30
100	112	0	22.5	50	56	50	96	13	30
100	112	0	22.5	50	56	50	96	8	22.5
100	112	0	22.5	50	56	10	56	0	112.5
100	112	0	22.5	50	56	10	56	1	112.5
100	112	0	22.5	50	56	10	56	4	120
100	112	0	22.5	50	56	10	56	5	120
100	112	0	22.5	50	56	10	56	13	120
100	112	0	22.5	50	56	10	56	8	112.5
100	112	0	22.5	50	56	50	16	0	202.5
100	112	0	22.5	50	56	50	16	1	202.5
100	112	0	22.5	50	56	50	16	4	210
100	112	0	22.5	50	56	50	16	5	210
100	112	0	22.5	50	56	50	16	13	210
100	112	0	22.5	50	56	50	16	8	202.5
100	112	0	22.5	50	56	73	93	0	350.63402230639633
100	112	0	22.5	50	56	73	93	1	350.63402230639633
100	112	0	22.5	50	56	73	93	4	345
100	112	0	22.5	50	56	73	93	5	345
100	112	0	22.5	50	56	73	93	13	345
100	112	0	22.5	50	56	73	93	8	350.63402230639633
100	112	0	22.5	50	56	27	93	0	54.365977693603668
100	112	0	22.5	50	56	27	93	1	54.365977693603668
100	112	0	22.5	50	56	27	93	4	60
100	112	0	22.5	50	56	27	93	5	60
100	112	0	22.5	50	56	27	93	13	60
100	112	0	22.5	50	56	27	93	8	54.365977693603668
100	112	0	22.5	50	56	27	19	0	170.63402230639633
100	112	0	22.5	50	56	27	19	1	170.63402230639633
100	112	0	22.5	50	56	27	19	4	165
100	112	0	22.5	50	56	27	19	5	165
100	112	0	22.5	50	56	27	19	13	165
100	112	0	22.5	50	56	27	19	8	170.63402230639633
100	112	0	22.5	50	56	73	19	0	234.36597769360367
100	112	0	22.5	50	56	73	19	1	234.36597769360367
100	112	0	22.5	50	56	73	19	4	240
100	112	0	22.5	50	56	73	19	5	240
100	112	0	22.5	50	56	73	19	13	240
100	112	0	22.5	50	56	73	19	8	234.36597769360367
100	112	0	22.5	90	56	50	56	0	112.5
100	112	0	22.5	90	56	50	56	1	112.5
100	112	0	22.5	90	56	50	56	4	120
100	112	0	22.5	90	56	50	56	5	120
100	112	0	22.5	90	56	50	56	13	120
100	112	0	22.5	90	56	50	56	8	112.5
100	112	0	22.5	90	56	90	56	0	22.5
100	112	0	22.5	90	56	90	56	1	22.5
100	112	0	22.5	90	56	90	56	4	30
100	112	0	22.5	90	56	90	56	5	30
100	112	0	22.5	90	56	90	56	13	30
100	112	0	22.5	90	56	90	56	8	22.5
100	112	0	22.5	90	56	50	96	0	112.5
100	112	0	22.5	90	56	50	96	1	112.5
100	112	0	22.5	90	56	50	96	4	120
100	112	0	22.5	90	56	50	96	5	120
100	112	0	22.5	90	56	50	96	13	120
100	112	0	22.5	90	56	50	96	8	112.5
100	112	0	22.5	90	56	10	56	0	202.5
100	112	0	22.5	90	56	10	56	1	202.5
100	112	0	22.5	90	56	10	56	4	210
100	112	0	22.5	90	56	10	56	5	210
100	112	0	22.5	90	56	10	56	13	210
100	112	0	22.5	90	56	10	56	8	202.5
100	112	0	22.5	90	56	50	16	0	292.5
100	112	0	22.5	90	56	50	16	1	292.5
100	112	0	22.5	90	56	50	16	4	300
100	112	0	22.5	90	56	50	16	5	300
100	112	0	22.5	90	56	50	16	13	300
100	112	0	22.5	90	56	50	16	8	292.5
100	112	0	22.5	90	56	73	93	0	80.634022306396332
100	112	0	22.5	90	56	73	93	1	80.634022306396332
100	112	0	22.5	90	56	73	93	4	75
100	112	0	22.5	90	56	73	93	5	75
100	112	0	22.5	90	56	73	93	13	75
100	112	0	22.5	90	56	73	93	8	80.634022306396332
100	112	0	22.5	90	56	27	93	0	144.36597769360367
100	112	0	22.5	90	56	27	93	1	144.36597769360367
100	112	0	22.5	90	56	27	93	4	150
100	112	0	22.5	90	56	27	93	5	150
100	112	0	22.5	90	56	27	93	13	150
100	112	0	22.5	90	56	27	93	8	144.36597769360367
100	112	0	22.5	90	56	27	19	0	260.63402230639633
100	112	0	22.5	90	56	27	19	1	260.63402230639633
100	112	0	22.5	90	56	27	19	4	255
100	112	0	22.5	90	56	27	19	5	255
100	112	0	22.5	90	56	27	19	13	255
100	112	0	22.5	90	56	27	19	8	260.63402230639633
100	112	0	22.5	90	56	73	19	0	324.36597769360367
100	112	0	22.5	90	56	73	19	1	324.36597769360367
100	112	0	22.5	90	56	73	19	4	330
100	112	0	22.5	90	56	73	19	5	330
100	112	0	22.5	90	56	73	19	13	330
100	112	0	22.5	90	56	73	19	8	324.36597769360367
100	112	0	22.5	50	96	50	56	0	22.5
100	112	0	22.5	50	96	50	56	1	22.5
100	112	0	22.5	50	96	50	56	4	30
100	112	0	22.5	50	96	50	56	5	30
100	112	0	22.5	50	96	50	56	13	30
100	112	0	22.5	50	96	50	56	8	22.5
100	112	0	22.5	50	96	90	56	0	292.5
100	112	0	22.5	50	96	90	56	1	292.5
100	112	0	22.5	50	96	90	56	4	300
100	112	0	22.5	50	96	90	56	5	300
100	112	0	22.5	50	96	90	56	13	300
100	112	0	22.5	50	96	90	56	8	292.5
100	112	0	22.5	50	96	50	96	0	22.5
100	112	0	22.5	50	96	50	96	1	22.5
100	112	0	22.5	50	96	50	96	4	30
100	112	0	22.5	50	96	50	96	5	30
100	112	0	22.5	50	96	50	96	13	30
100	112	0	22.5	50	96	50	96	8	22.5
100	112	0	22.5	50	96	10	56	0	112.5
100	112	0	22.5	50	96	10	56	1	112.5
100	112	0	22.5	50	96	10	56	4	120
100	112	0	22.5	50	96	10	56	5	120
100	112	0	22.5	50	96	10	56	13	120
100	112	0	22.5	50	96	10	56	8	112.5
100	112	0	22.5	50	96	50	16	0	202.5
100	112	0	22.5	50	96	50	16	1	202.5
100	112	0	22.5	50	96	50	16	4	210
100	112	0	22.5	50	96	50	16	5	210
100	112	0	22.5	50	96	50	16	13	210
100	112	0	22.5	50	96	50	16	8	202.5
100	112	0	22.5	50	96	73	93	0	350.63402230639633
100	112	0	22.5	50	96	73	93	1	350.63402230639633
100	112	0	22.5	50	96	73	93	4	345
100	112	0	22.5	50	96	73	93	5	345
100	112	0	22.5	50	96	73	93	13	345
100	112	0	22.5	50	96	73	93	8	350.63402230639633
100	112	0	22.5	50	96	27	93	0	54.365977693603668
100	112	0	22.5	50	96	27	93	1	54.365977693603668
100	112	0	22.5	50	96	27	93	4	60
100	112	0	22.5	50	96	27	93	5	60
100	112	0	22.5	50	96	27	93	13	60
100	112	0	22.5	50	96	27	93	8	54.365977693603668
100	112	0	22.5	50	96	27	19	0	170.63402230639633
100	112	0	22.5	50	96	27	19	1	170.63402230639633
100	112	0	22.5	50	96	27	19	4	165
100	112	0	22.5	50	96	27	19	5	165
100	112	0	22.5	50	96	27	19	13	165
100	112	0	22.5	50	96	27	19	8	170.63402230639633
100	112	0	22.5	50	96	73	19	0	234.36597769360367
100	112	0	22.5	50	96	73	19	1	234.36597769360367
100	112	0	22.5	50	96	73	19	4	240
100	112	0	22.5	50	96	73	19	5	240
100	112	0	22.5	50	96	73	19	13	240
100	112	0	22.5	50	96	73	19	8	234.36597769360367
100	112	0	22.5	10	56	50	56	0	292.5
100	112	0	22.5	10	56	50	56	1	292.5
100	112	0	22.5	10	56	50	56	4	300
100	112	0	22.5	10	56	50	56	5	300
100	112	0	22.5	10	56	50	56	13	300
100	112	0	22.5	10	56	50	56	8	292.5
100	112	0	22.5	10	56	90	56	0	202.5
100	112	0	22.5	10	56	90	56	1	202.5
100	112	0	22.5	10	56	90	56	4	210
100	112	0	22.5	10	56	90	56	5	210
100	112	0	22.5	10	56	90	56	13	210
100	112	0	22.5	10	56	90	56	8	202.5
100	112	0	22.5	10	56	50	96	0	292.5
100	112	0	22.5	10	56	50	96	1	292.5
100	112	0	22.5	10	56	50	96	4	300
100	112	0	22.5	10	56	50	96	5	300
100	112	0	22.5	10	56	50	96	13	300
100	112	0	22.5	10	56	50	96	8	292.5
100	112	0	22.5	10	56	10	56	0	22.5
100	112	0	22.5	10	56	10	56	1	22.5
100	112	0	22.5	10	56	10	56	4	30
100	112	0	22.5	10	56	10	56	5	30
100	112	0	22.5	10	56	10	56	13	30
100	112	0	22.5	10	56	10	56	8	22.5
100	112	0	22.5	10	56	50	16	0	112.5
100	112	0	22.5	10	56	50	16	1	112.5
100	112	0	22.5	10	56	50	16	4	120
100	112	0	22.5	10	56	50	16	5	120
100	112	0	22.5	10	56	50	16	13	120
100	112	0	22.5	10	56	50	16	8	112.5
100	112	0	22.5	10	56	73	93	0	260.63402230639633
100	112	0	22.5	10	56	73	93	1	260.63402230639633
100	112	0	22.5	10	56	73	93	4	255
100	112	0	22.5	10	56	73	93	5	255
100	112	0	22.5	10	56	73	93	13	255
100	112	0	22.5	10	56	73	93	8	260.63402230639633
100	112	0	22.5	10	56	27	93	0	324.36597769360367
100	112	0	22.5	10	56	27	93	1	324.36597769360367
100	112	0	22.5	10	56	27	93	4	330
100	112	0	22.5	10	56	27	93	5	330
100	112	0	22.5	10	56	27	93	13	330
100	112	0	22.5	10	56	27	93	8	324.36597769360367
100	112	0	22.5	10	56	27	19	0	80.634022306396332
100	112	0	22.5	10	56	27	19	1	80.634022306396332
100	112	0	22.5	10	56	27	19	4	75
100	112	0	22.5	10	56	27	19	5	75
100	112	0	22.5	10	56	27	19	13	75
100	112	0	22.5	10	56	27	19	8	80.634022306396332
100	112	0	22.5	10	56	73	19	0	144.36597769360367
100	112	0	22.5	10	56	73	19	1	144.36597769360367
100	112	0	22.5	10	56	73	19	4	150
100	112	0	22.5	10	56	73	19	5	150
100	112	0	22.5	10	56	73	19	13	150
100	112	0	22.5	10	56	73	19	8	144.36597769360367
100	112	0	337.5	50	56	50	56	0	337.5
100	112	0	337.5	50	56	50	56	1	337.5
100	112	0	337.5	50	56	50	56	4	345
100	112	0	337.5	50	56	50	56	5	345
100	112	0	337.5	50	56	50	56	13	345
100	112	0	337.5	50	56	50	56	8	337.5
100	112	0	337.5	50	56	90	56	0	247.5
100	112	0	337.5	50	56	90	56	1	247.5
100	112	0	337.5	50	56	90	56	4	255
100	112	0	337.5	50	56	90	56	5	255
100	112	0	337.5	50	56	90	56	13	255
100	112	0	337.5	50	56	90	56	8	247.5
100	112	0	337.5	50	56	50	96	0	337.5
100	112	0	337.5	50	56	50	96	1	337.5
100	112	0	337.5	50	56	50	96	4	345
100	112	0	337.5	50	56	50	96	5	345
100	112	0	337.5	50	56	50	96	13	345
100	112	0	337.5	50	56	50	96	8	337.5
100	112	0	337.5	50	56	10	56	0	67.5
100	112	0	337.5	50	56	10	56	1	67.5
100	112	0	337.5	50	56	10	56	4	75
100	112	0	337.5	50	56	10	56	5	75
100	112	0	337.5	50	56	10	56	13	75
100	112	0	337.5	50	56	10	56	8	67.5
100	112	0	337.5	50	56	50	16	0	157.5
100	112	0	337.5	50	56	50	16	1	157.5
100	112	0	337.5	50	56	50	16	4	165
100	112	0	337.5	50	56	50	16	5	165
100	112	0	337.5	50	56	50	16	13	165
100	112	0	337.5	50	56	50	16	8	157.5
100	112	0	337.5	50	56	73	93	0	305.63402230639633
100	112	0	337.5	50	56	73	93	1	305.63402230639633
100	112	0	337.5	50	56	73	93	4	300
100	112	0	337.5	50	56	73	93	5	300
100	112	0	337.5	50	56	73	93	13	300
100	112	0	337.5	50	56	73	93	8	305.63402230639633
100	112	0	337.5	50	56	27	93	0	9.3659776936036678
100	112	0	337.5	50	56	27	93	1	9.3659776936036678
100	112	0	337.5	50	56	27	93	4	15
100	112	0	337.5	50	56	27	93	5	15
100	112	0	337.5	50	56	27	93	13	15
100	112	0	337.5	50	56	27	93	8	9.3659776936036678
100	112	0	337.5	50	56	27	19	0	125.63402230639633
100	112	0	337.5	50	56	27	19	1	125.63402230639633
100	112	0	337.5	50	56	27	19	4	120
100	112	0	337.5	50	56	27	19	5	120
100	112	0	337.5	50	56	27	19	13	120
100	112	0	337.5	50	56	27	19	8	125.63402230639633
100	112	0	337.5	50	56	73	19	0	189.36597769360367
100	112	0	337.5	50	56	73	19	1	189.36597769360367
100	112	0	337.5	50	56	73	19	4	195
100	112	0	337.5	50	56	73	19	5	195
100	112	0	337.5	50	56	73	19	13	195
100	112	0	337.5	50	56	73	19	8	189.36597769360367
100	112	0	337.5	90	56	50	56	0	67.5
100	112	0	337.5	90	56	50	56	1	67.5
100	112	0	337.5	90	56	50	56	4	75
100	112	0	337.5	90	56	50	56	5	75
100	112	0	337.5	90	56	50	56	13	75
100	112	0	337.5	90	56	50	56	8	67.5
100	112	0	337.5	90	56	90	56	0	337.5
100	112	0	337.5	90	56	90	56	1	337.5
100	112	0	337.5	90	56	90	56	4	345
100	112	0	337.5	90	56	90	56	5	345
100	112	0	337.5	90	56	90	56	13	345
100	112	0	337.5	90	56	90	56	8	337.5
100	112	0	337.5	90	56	50	96	0	67.5
100	112	0	337.5	90	56	50	96	1	67.5
100	112	0	337.5	90	56	50	96	4	75
100	112	0	337.5	90	56	50	96	5	75
100	112	0	337.5	90	56	50	96	13	75
100	112	0	337.5	90	56	50	96	8	67.5
100	112	0	337.5	90	56	10	56	0	157.5
100	112	0	337.5	90	56	10	56	1	157.5
100	112	0	337.5	90	56	10	56	4	165
100	112	0	337.5	90	56	10	56	5	165
100	112	0	337.5	90	56	10	56	13	165
100	112	0	337.5	90	56	10	56	8	157.5
100	112	0	337.5	90	56	50	16	0	247.5
100	112	0	337.5	90	56	50	16	1	247.5
100	112	0	337.5	90	56	50	16	4	255
100	112	0	337.5	90	56	50	16	5	255
100	112	0	337.5	90	56	50	16	13	255
100	112	0	337.5	90	56	50	16	8	247.5
100	112	0	337.5	90	56	73	93	0	35.634022306396332
100	112	0	337.5	90	56	73	93	1	35.634022306396332
100	112	0	337.5	90	56	73	93	4	30
100	112	0	337.5	90	56	73	93	5	30
100	112	0	337.5	90	56	73	93	13	30
100	112	0	337.5	90	56	73	93	8	35.634022306396332
100	112	0	337.5	90	56	27	93	0	99.365977693603668
100	112	0	337.5	90	56	27	93	1	99.365977693603668
100	112	0	337.5	90	56	27	93	4	105
100	112	0	337.5	90	56	27	93	5	105
100	112	0	337.5	90	56	27	93	13	105
100	112	0	337.5	90	56	27	93	8	99.365977693603668
100	112	0	337.5	90	56	27	19	0	215.63402230639633
100	112	0	337.5	90	56	27	19	1	215.63402230639633
100	112	0	337.5	90	56	27	19	4	210
100	112	0	337.5	90	56	27	19	5	210
100	112	0	337.5	90	56	27	19	13	210
100	112	0	337.5	90	56	27	19	8	215.63402230639633
100	112	0	337.5	90	56	73	19	0	279.36597769360367
100	112	0	337.5	90	56	73	19	1	279.36597769360367
100	112	0	337.5	90	56	73	19	4	285
100	112	0	337.5	90	56	73	19	5	285
100	112	0	337.5	90	56	73	19	13	285
100	112	0	337.5	90	56	73	19	8	279.36597769360367
100	112	0	337.5	50	96	50	56	0	337.5
100	112	0	337.5	50	96	50	56	1	337.5
100	112	0	337.5	50	96	50	56	4	345
100	112	0	337.5	50	96	50	56	5	345
100	112	0	337.5	50	96	50	56	13	345
100	112	0	337.5	50	96	50	56	8	337.5
100	112	0	337.5	50	96	90	56	0	247.5
100	112	0	337.5	50	96	90	56	1	247.5
100	112	0	337.5	50	96	90	56	4	255
100	112	0	337.5	50	96	90	56	5	255
100	112	0	337.5	50	96	90	56	13	255
100	112	0	337.5	50	96	90	56	8	247.5
100	112	0	337.5	50	96	50	96	0	337.5
100	112	0	337.5	50	96	50	96	1	337.5
100	112	0	337.5	50	96	50	96	4	345
100	112	0	337.5	50	96	50	96	5	345
100	112	0	337.5	50	96	50	96	13	345
100	112	0	337.5	50	96	50	96	8	337.5
100	112	0	337.5	50	96	10	56	0	67.5
100	112	0	337.5	50	96	10	56	1	67.5
100	112	0	337.5	50	96	10	56	4	75
100	112	0	337.5	50	96	10	56	5	75
100	112	0	337.5	50	96	10	56	13	75
100	112	0	337.5	50	96	10	56	8	67.5
100	112	0	337.5	50	96	50	16	0	157.5
100	112	0	337.5	50	96	50	16	1	157.5
100	112	0	337.5	50	96	50	16	4	165
100	112	0	337.5	50	96	50	16	5	165
100	112	0	337.5	50	96	50	16	13	165
100	112	0	337.5	50	96	50	16	8	157.5
100	112	0	337.5	50	96	73	93	0	305.63402230639633
100	112	0	337.5	50	96	73	93	1	305.63402230639633
100	112	0	337.5	50	96	73	93	4	300
100	112	0	337.5	50	96	73	93	5	300
100	112	0	337.5	50	96	73	93	13	300
100	112	0	337.5	50	96	73	93	8	305.63402230639633
100	112	0	337.5	50	96	27	93	0	9.3659776936036678
100	112	0	337.5	50	96	27	93	1	9.3659776936036678
100	112	0	337.5	50	96	27	93	4	15
100	112	0	337.5	50	96	27	93	5	15
100	112	0	337.5	50	96	27	93	13	15
100	112	0	337.5	50	96	27	93	8	9.3659776936036678
100	112	0	337.5	50	96	27	19	0	125.63402230639633
100	112	0	337.5	50	96	27	19	1	125.63402230639633
100	112	0	337.5	50	96	27	19	4	120
100	112	0	337.5	50	96	27	19	5	120
100	112	0	337.5	50	96	27	19	13	120
100	112	0	337.5	50	96	27	19	8	125.63402230639633
100	112	0	337.5	50	96	73	19	0	189.36597769360367
100	112	0	337.5	50	96	73	19	1	189.36597769360367
100	112	0	337.5	50	96	73	19	4	195
100	112	0	337.5	50	96	73	19	5	195
100	112	0	337.5	50	96	73	19	13	195
100	112	0	337.5	50	96	73	19	8	189.36597769360367
100	112	0	337.5	10	56	50	56	0	247.5
100	112	0	337.5	10	56	50	56	1	247.5
100	112	0	337.5	10	56	50	56	4	255
100	112	0	337.5	10	56	50	56	5	255
100	112	0	337.5	10	56	50	56	13	255
100	112	0	337.5	10	56	50	56	8	247.5
100	112	0	337.5	10	56	90	56	0	157.5
100	112	0	337.5	10	56	90	56	1	157.5
100	112	0	337.5	10	56	90	56	4	165
100	112	0	337.5	10	56	90	56	5	165
100	112	0	337.5	10	56	90	56	13	165
100	112	0	337.5	10	56	90	56	8	157.5
100	112	0	337.5	10	56	50	96	0	247.5
100	112	0	337.5	10	56	50	96	1	247.5
100	112	0	337.5	10	56	50	96	4	255
100	112	0	337.5	10	56	50	96	5	255
100	112	0	337.5	10	56	50	96	13	255
100	112	0	337.5	10	56	50	96	8	247.5
100	112	0	337.5	10	56	10	56	0	337.5
100	112	0	337.5	10	56	10	56	1	337.5
100	112	0	337.5	10	56	10	56	4	345
100	112	0	337.5	10	56	10	56	5	345
100	112	0	337.5	10	56	10	56	13	345
100	112	0	337.5	10	56	10	56	8	337.5
100	112	0	337.5	10	56	50	16	0	67.5
100	112	0	337.5	10	56	50	16	1	67.5
100	112	0	337.5	10	56	50	16	4	75
100	112	0	337.5	10	56	50	16	5	75
100	112	0	337.5	10	56	50	16	13	75
100	112	0	337.5	10	56	50	16	8	67.5
100	112	0	337.5	10	56	73	93	0	215.63402230639633
100	112	0	337.5	10	56	73	93	1	215.63402230639633
100	112	0	337.5	10	56	73	93	4	210
100	112	0	337.5	10	56	73	93	5	210
100	112	0	337.5	10	56	73	93	13	210
100	112	0	337.5	10	56	73	93	8	215.63402230639633
100	112	0	337.5	10	56	27	93	0	279.36597769360367
100	112	0	337.5	10	56	27	93	1	279.36597769360367
100	112	0	337.5	10	56	27	93	4	285
100	112	0	337.5	10	56	27	93	5	285
100	112	0	337.5	10	56	27	93	13	285
100	112	0	337.5	10	56	27	93	8	279.36597769360367
100	112	0	337.5	10	56	27	19	0	35.634022306396332
100	112	0	337.5	10	56	27	19	1	35.634022306396332
100	112	0	337.5	10	56	27	19	4	30
100	112	0	337.5	10	56	27	19	5	30
100	112	0	337.5	10	56	27	19	13	30
100	112	0	337.5	10	56	27	19	8	35.634022306396332
100	112	0	337.5	10	56	73	19	0	99.365977693603668
100	112	0	337.5	10	56	73	19	1	99.365977693603668
100	112	0	337.5	10	56	73	19	4	105
100	112	0	337.5	10	56	73	19	5	105
100	112	0	337.5	10	56	73	19	13	105
100	112	0	337.5	10	56	73	19	8	99.365977693603668
100	112	0	352.5	50	56	50	56	0	352.5
100	112	0	352.5	50	56	50	56	1	352.5
100	112	0	352.5	50	56	50	56	4	0
100	112	0	352.5	50	56	50	56	5	0
100	112	0	352.5	50	56	50	56	13	0
100	112	0	352.5	50	56	50	56	8	352.5
100	112	0	352.5	50	56	90	56	0	262.5
100	112	0	352.5	50	56	90	56	1	262.5
100	112	0	352.5	50	56	90	56	4	270
100	112	0	352.5	50	56	90	56	5	270
100	112	0	352.5	50	56	90	56	13	270
100	112	0	352.5	50	56	90	56	8	262.5
100	112	0	352.5	50	56	50	96	0	352.5
100	112	0	352.5	50	56	50	96	1	352.5
100	112	0	352.5	50	56	50	96	4	0
100	112	0	352.5	50	56	50	96	5	0
100	112	0	352.5	50	56	50	96	13	0
100	112	0	352.5	50	56	50	96	8	352.5
100	112	0	352.5	50	56	10	56	0	82.5
100	112	0	352.5	50	56	10	56	1	82.5
100	112	0	352.5	50	56	10	56	4	90
100	112	0	352.5	50	56	10	56	5	90
100	112	0	352.5	50	56	10	56	13	90
100	112	0	352.5	50	56	10	56	8	82.5
100	112	0	352.5	50	56	50	16	0	172.5
100	112	0	352.5	50	56	50	16	1	172.5
100	112	0	352.5	50	56	50	16	4	180
100	112	0	352.5	50	56	50	16	5	180
100	112	0	352.5	50	56	50	16	13	180
100	112	0	352.5	50	56	50	16	8	172.5
100	112	0	352.5	50	56	73	93	0	320.63402230639633
100	112	0	352.5	50	56	73	93	1	320.63402230639633
100	112	0	352.5	50	56	73	93	4	315
100	112	0	352.5	50	56	73	93	5	315
100	112	0	352.5	50	56	73	93	13	315
100	112	0	352.5	50	56	73	93	8	320.63402230639633
100	112	0	352.5	50	56	27	93	0	24.365977693603668
100	112	0	352.5	50	56	27	93	1	24.365977693603668
100	112	0	352.5	50	56	27	93	4	30
100	112	0	352.5	50	56	27	93	5	30
100	112	0	352.5	50	56	27	93	13	30
100	112	0	352.5	50	56	27	93	8	24.365977693603668
100	112	0	352.5	50	56	27	19	0	140.63402230639633
100	112	0	352.5	50	56	27	19	1	140.63402230639633
100	112	0	352.5	50	56	27	19	4	135
100	112	0	352.5	50	56	27	19	5	135
100	112	0	352.5	50	56	27	19	13	135
100	112	0	352.5	50	56	27	19	8	140.63402230639633
100	112	0	352.5	50	56	73	19	0	204.36597769360367
100	112	0	352.5	50	56	73	19	1	204.36597769360367
100	112	0	352.5	50	56	73	19	4	210
100	112	0	352.5	50	56	73	19	5	210
100	112	0	352.5	50	56	73	19	13	210
100	112	0	352.5	50	56	73	19	8	204.36597769360367
100	112	0	352.5	90	56	50	56	0	82.5
100	112	0	352.5	90	56	50	56	1	82.5
100	112	0	352.5	90	56	50	56	4	90
100	112	0	352.5	90	56	50	56	5	90
100	112	0	352.5	90	56	50	56	13	90
100	112	0	352.5	90	56	50	56	8	82.5
100	112	0	352.5	90	56	90	56	0	352.5
100	112	0	352.5	90	56	90	56	1	352.5
100	112	0	352.5	90	56	90	56	4	0
100	112	0	352.5	90	56	90	56	5	0
100	112	0	352.5	90	56	90	56	13	0
100	112	0	352.5	90	56	90	56	8	352.5
100	112	0	352.5	90	56	50	96	0	82.5
100	112	0	352.5	90	56	50	96	1	82.5
100	112	0	352.5	90	56	50	96	4	90
100	112	0	352.5	90	56	50	96	5	90
100	112	0	352.5	90	56	50	96	13	90
100	112	0	352.5	90	56	50	96	8	82.5
100	112	0	352.5	90	56	10	56	0	172.5
100	112	0	352.5	90	56	10	56	1	172.5
100	112	0	352.5	90	56	10	56	4	180
100	112	0	352.5	90	56	10	56	5	180
100	112	0	352.5	90	56	10	56	13	180
100	112	0	352.5	90	56	10	56	8	172.5
100	112	0	352.5	90	56	50	16	0	262.5
100	112	0	352.5	90	56	50	16	1	262.5
100	112	0	352.5	90	56	50	16	4	270
100	112	0	352.5	90	56	50	16	5	270
100	112	0	352.5	90	56	50	16	13	270
100	112	0	352.5	90	56	50	16	8	262.5
100	112	0	352.5	90	56	73	93	0	50.634022306396332
100	112	0	352.5	90	56	73	93	1	50.634022306396332
100	112	0	352.5	90	56	73	93	4	45
100	112	0	352.5	90	56	73	93	5	45
100	112	0	352.5	90	56	73	93	13	45
100	112	0	352.5	90	56	73	93	8	50.634022306396332
100	112	0	352.5	90	56	27	93	0	114.36597769360367
100	112	0	352.5	90	56	27	93	1	114.36597769360367
100	112	0	352.5	90	56	27	93	4	120
100	112	0	352.5	90	56	27	93	5	120
100	112	0	352.5	90	56	27	93	13	120
100	112	0	352.5	90	56	27	93	8	114.36597769360367
100	112	0	352.5	90	56	27	19	0	230.63402230639633
100	112	0	352.5	90	56	27	19	1	230.63402230639633
100	112	0	352.5	90	56	27	19	4	225
100	112	0	352.5	90	56	27	19	5	225
100	112	0	352.5	90	56	27	19	13	225
100	112	0	352.5	90	56	27	19	8	230.63402230639633
100	112	0	352.5	90	56	73	19	0	294.36597769360367
100	112	0	352.5	90	56	73	19	1	294.36597769360367
100	112	0	352.5	90	56	73	19	4	300
100	112	0	352.5	90	56	73	19	5	300
100	112	0	352.5	90	56	73	19	13	300
100	112	0	352.5	90	56	73	19	8	294.36597769360367
100	112	0	352.5	50	96	50	56	0	352.5
100	112	0	352.5	50	96	50	56	1	352.5
100	112	0	352.5	50	96	50	56	4	0
100	112	0	352.5	50	96	50	56	5	0
100	112	0	352.5	50	96	50	56	13	0
100	112	0	352.5	50	96	50	56	8	352.5
100	112	0	352.5	50	96	90	56	0	262.5
100	112	0	352.5	50	96	90	56	1	262.5
100	112	0	352.5	50	96	90	56	4	270
100	112	0	352.5	50	96	90	56	5	270
100	112	0	352.5	50	96	90	56	13	270
100	112	0	352.5	50	96	90	56	8	262.5
100	112	0	352.5	50	96	50	96	0	352.5
100	112	0	352.5	50	96	50	96	1	352.5
100	112	0	352.5	50	96	50	96	4	0
100	112	0	352.5	50	96	50	96	5	0
100	112	0	352.5	50	96	50	96	13	0
100	112	0	352.5	50	96	50	96	8	352.5
100	112	0	352.5	50	96	10	56	0	82.5
100	112	0	352.5	50	96	10	56	1	82.5
100	112	0	352.5	50	96	10	56	4	90
100	112	0	352.5	50	96	10	56	5	90
100	112	0	352.5	50	96	10	56	13	90
100	112	0	352.5	50	96	10	56	8	82.5
100	112	0	352.5	50	96	50	16	0	172.5
100	112	0	352.5	50	96	50	16	1	172.5
100	112	0	352.5	50	96	50	16	4	180
100	112	0	352.5	50	96	50	16	5	180
100	112	0	352.5	50	96	50	16	13	180
100	112	0	352.5	50	96	50	16	8	172.5
100	112	0	352.5	50	96	73	93	0	320.63402230639633
100	112	0	352.5	50	96	73	93	1	320.63402230639633
100	112	0	352.5	50	96	73	93	4	315
100	112	0	352.5	50	96	73	93	5	315
100	112	0	352.5	50	96	73	93	13	315
100	112	0	352.5	50	96	73	93	8	320.63402230639633
100	112	0	352.5	50	96	27	93	0	24.365977693603668
100	112	0	352.5	50	96	27	93	1	24.365977693603668
100	112	0	352.5	50	96	27	93	4	30
100	112	0	352.5	50	96	27	93	5	30
100	112	0	352.5	50	96	27	93	13	30
100	112	0	352.5	50	96	27	93	8	24.365977693603668
100	112	0	352.5	50	96	27	19	0	140.63402230639633
100	112	0	352.5	50	96	27	19	1	140.63402230639633
100	112	0	352.5	50	96	27	19	4	135
100	112	0	352.5	50	96	27	19	5	135
100	112	0	352.5	50	96	27	19	13	135
100	112	0	352.5	50	96	27	19	8	140.63402230639633
100	112	0	352.5	50	96	73	19	0	204.36597769360367
100	112	0	352.5	50	96	73	19	1	204.36597769360367
100	112	0	352.5	50	96	73	19	4	210
100	112	0	352.5	50	96	73	19	5	210
100	112	0	352.5	50	96	73	19	13	210
100	112	0	352.5	50	96	73	19	8	204.36597769360367
100	112	0	352.5	10	56	50	56	0	262.5
100	112	0	352.5	10	56	50	56	1	262.5
100	112	0	352.5	10	56	50	56	4	270
100	112	0	352.5	10	56	50	56	5	270
100	112	0	352.5	10	56	50	56	13	270
100	112	0	352.5	10	56	50	56	8	262.5
100	112	0	352.5	10	56	90	56	0	172.5
100	112	0	352.5	10	56	90	56	1	172.5
100	112	0	352.5	10	56	90	56	4	180
100	112	0	352.5	10	56	90	56	5	180
100	112	0	352.5	10	56	90	56	13	180
100	112	0	352.5	10	56	90	56	8	172.5
100	112	0	352.5	10	56	50	96	0	262.5
100	112	0	352.5	10	56	50	96	1	262.5
100	112	0	352.5	10	56	50	96	4	270
100	112	0	352.5	10	56	50	96	5	270
100	112	0	352.5	10	56	50	96	13	270
100	112	0	352.5	10	56	50	96	8	262.5
100	112	0	352.5	10	56	10	56	0	352.5
100	112	0	352.5	10	56	10	56	1	352.5
100	112	0	352.5	10	56	10	56	4	0
100	112	0	352.5	10	56	10	56	5	0
100	112	0	352.5	10	56	10	56	13	0
100	112	0	352.5	10	56	10	56	8	352.5
100	112	0	352.5	10	56	50	16	0	82.5
100	112	0	352.5	10	56	50	16	1	82.5
100	112	0	352.5	10	56	50	16	4	90
100	112	0	352.5	10	56	50	16	5	90
100	112	0	352.5	10	56	50	16	13	90
100	112	0	352.5	10	56	50	16	8	82.5
100	112	0	352.5	10	56	73	93	0	230.63402230639633
100	112	0	352.5	10	56	73	93	1	230.63402230639633
100	112	0	352.5	10	56	73	93	4	225
100	112	0	352.5	10	56	73	93	5	225
100	112	0	352.5	10	56	73	93	13	225
100	112	0	352.5	10	56	73	93	8	230.63402230639633
100	112	0	352.5	10	56	27	93	0	294.36597769360367
100	112	0	352.5	10	56	27	93	1	294.36597769360367
100	112	0	352.5	10	56	27	93	4	300
100	112	0	352.5	10	56	27	93	5	300
100	112	0	352.5	10	56	27	93	13	300
100	112	0	352.5	10	56	27	93	8	294.36597769360367
100	112	0	352.5	10	56	27	19	0	50.634022306396332
100	112	0	352.5	10	56	27	19	1	50.634022306396332
100	112	0	352.5	10	56	27	19	4	45
100	112	0	352.5	10	56	27	19	5	45
100	112	0	352.5	10	56	27	19	13	45
100	112	0	352.5	10	56	27	19	8	50.634022306396332
100	112	0	352.5	10	56	73	19	0	114.36597769360367
100	112	0	352.5	10	56	73	19	1	114.36597769360367
100	112	0	352.5	10	56	73	19	4	120
100	112	0	352.5	10	56	73	19	5	120
100	112	0	352.5	10	56	73	19	13	120
100	112	0	352.5	10	56	73	19	8	114.36597769360367
100	112	0	359.99900000000002	50	56	50	56	0	359.99900000000002
100	112	0	359.99900000000002	50	56	50	56	1	359.99900000000002
100	112	0	359.99900000000002	50	56	50	56	4	0
100	112	0	359.99900000000002	50	56	50	56	5	0
100	112	0	359.99900000000002	50	56	50	56	13	0
100	112	0	359.99900000000002	50	56	50	56	8	359.99900000000002
100	112	0	359.99900000000002	50	56	90	56	0	269.99900000000002
100	112	0	359.99900000000002	50	56	90	56	1	269.99900000000002
100	112	0	359.99900000000002	50	56	90	56	4	270
100	112	0	359.99900000000002	50	56	90	56	5	270
100	112	0	359.99900000000002	50	56	90	56	13	270
100	112	0	359.99900000000002	50	56	90	56	8	269.99900000000002
100	112	0	359.99900000000002	50	56	50	96	0	359.99900000000002
100	112	0	359.99900000000002	50	56	50	96	1	359.99900000000002
100	112	0	359.99900000000002	50	56	50	96	4	0
100	112	0	359.99900000000002	50	56	50	96	5	0
100	112	0	359.99900000000002	50	56	50	96	13	0
100	112	0	359.99900000000002	50	56	50	96	8	359.99900000000002
100	112	0	359.99900000000002	50	56	10	56	0	89.999000000000024
100	112	0	359.99900000000002	50	56	10	56	1	89.999000000000024
100	112	0	359.99900000000002	50	56	10	56	4	90
100	112	0	359.99900000000002	50	56	10	56	5	90
100	112	0	359.99900000000002	50	56	10	56	13	90
100	112	0	359.99900000000002	50	56	10	56	8	89.999000000000024
100	112	0	359.99900000000002	50	56	50	16	0	179.99900000000002
100	112	0	359.99900000000002	50	56	50	16	1	179.99900000000002
100	112	0	359.99900000000002	50	56	50	16	4	180
100	112	0	359.99900000000002	50	56	50	16	5	180
100	112	0	359.99900000000002	50	56	50	16	13	180
100	112	0	359.99900000000002	50	56	50	16	8	179.99900000000002
100	112	0	359.99900000000002	50	56	73	93	0	328.13302230639636
100	112	0	359.99900000000002	50	56	73	93	1	328.13302230639636
100	112	0	359.99900000000002	50	56	73	93	4	330
100	112	0	359.99900000000002	50	56	73	93	5	330
100	112	0	359.99900000000002	50	56	73	93	13	330
100	112	0	359.99900000000002	50	56	73	93	8	328.13302230639636
100	112	0	359.99900000000002	50	56	27	93	0	31.864977693603691
100	112	0	359.99900000000002	50	56	27	93	1	31.864977693603691
100	112	0	359.99900000000002	50	56	27	93	4	30
100	112	0	359.99900000000002	50	56	27	93	5	30
100	112	0	359.99900000000002	50	56	27	93	13	30
100	112	0	359.99900000000002	50	56	27	93	8	31.864977693603691
100	112	0	359.99900000000002	50	56	27	19	0	148.13302230639636
100	112	0	359.99900000000002	50	56	27	19	1	148.13302230639636
100	112	0	359.99900000000002	50	56	27	19	4	150
100	112	0	359.99900000000002	50	56	27	19	5	150
100	112	0	359.99900000000002	50	56	27	19	13	150
100	112	0	359.99900000000002	50	56	27	19	8	148.13302230639636
100	112	0	359.99900000000002	50	56	73	19	0	211.86497769360369
100	112	0	359.99900000000002	50	56	73	19	1	211.86497769360369
100	112	0	359.99900000000002	50	56	73	19	4	210
100	112	0	359.99900000000002	50	56	73	19	5	210
100	112	0	359.99900000000002	50	56	73	19	13	210
100	112	0	359.99900000000002	50	56	73	19	8	211.86497769360369
100	112	0	359.99900000000002	90	56	50	56	0	89.999000000000024
100	112	0	359.99900000000002	90	56	50	56	1	89.999000000000024
100	112	0	359.99900000000002	90	56	50	56	4	90
100	112	0	359.99900000000002	90	56	50	56	5	90
100	112	0	359.99900000000002	90	56	50	56	13	90
100	112	0	359.99900000000002	90	56	50	56	8	89.999000000000024
100	112	0	359.99900000000002	90	56	90	56	0	359.99900000000002
100	112	0	359.99900000000002	90	56	90	56	1	359.99900000000002
100	112	0	359.99900000000002	90	56	90	56	4	0
100	112	0	359.99900000000002	90	56	90	56	5	0
100	112	0	359.99900000000002	90	56	90	56	13	0
100	112	0	359.99900000000002	90	56	90	56	8	359.99900000000002
100	112	0	359.99900000000002	90	56	50	96	0	89.999000000000024
100	112	0	359.99900000000002	90	56	50	96	1	89.999000000000024
100	112	0	359.99900000000002	90	56	50	96	4	90
100	112	0	359.99900000000002	90	56	50	96	5	90
100	112	0	359.99900000000002	90	56	50	96	13	90
100	112	0	359.99900000000002	90	56	50	96	8	89.999000000000024
100	112	0	359.99900000000002	90	56	10	56	0	179.99900000000002
100	112	0	359.99900000000002	90	56	10	56	1	179.99900000000002
100	112	0	359.99900000000002	90	56	10	56	4	180
100	112	0	359.99900000000002	90	56	10	56	5	180
100	112	0	359.99900000000002	90	56	10	56	13	180
100	112	0	359.99900000000002	90	56	10	56	8	179.99900000000002
100	112	0	359.99900000000002	90	56	50	16	0	269.99900000000002
100	112	0	359.99900000000002	90	56	50	16	1	269.99900000000002
100	112	0	359.99900000000002	90	56	50	16	4	270
100	112	0	359.99900000000002	90	56	50	16	5	270
100	112	0	359.99900000000002	90	56	50	16	13	270
100	112	0	359.99900000000002	90	56	50	16	8	269.99900000000002
100	112	0	359.99900000000002	90	56	73	93	0	58.133022306396356
100	112	0	359.99900000000002	90	56	73	93	1	58.133022306396356
100	112	0	359.99900000000002	90	56	73	93	4	60
100	112	0	359.99900000000002	90	56	73	93	5	60
100	112	0	359.99900000000002	90	56	73	93	13	60
100	112	0	359.99900000000002	90	56	73	93	8	58.133022306396356
100	112	0	359.99900000000002	90	56	27	93	0	121.86497769360369
100	112	0	359.99900000000002	90	56	27	93	1	121.86497769360369
100	112	0	359.99900000000002	90	56	27	93	4	120
100	112	0	359.99900000000002	90	56	27	93	5	120
100	112	0	359.99900000000002	90	56	27	93	13	120
100	112	0	359.99900000000002	90	56	27	93	8	121.86497769360369
100	112	0	359.99900000000002	90	56	27	19	0	238.13302230639636
100	112	0	359.99900000000002	90	56	27	19	1	238.13302230639636
100	112	0	359.99900000000002	90	56	27	19	4	240
100	112	0	359.99900000000002	90	56	27	19	5	240
100	112	0	359.99900000000002	90	56	27	19	13	240
100	112	0	359.99900000000002	90	56	27	19	8	238.13302230639636
100	112	0	359.99900000000002	90	56	73	19	0	301.86497769360369
100	112	0	359.99900000000002	90	56	73	19	1	301.86497769360369
100	112	0	359.99900000000002	90	56	73	19	4	300
100	112	0	359.99900000000002	90	56	73	19	5	300
100	112	0	359.99900000000002	90	56	73	19	13	300
100	112	0	359.99900000000002	90	56	73	19	8	301.86497769360369
100	112	0	359.99900000000002	50	96	50	56	0	359.99900000000002
100	112	0	359.99900000000002	50	96	50	56	1	359.99900000000002
100	112	0	359.99900000000002	50	96	50	56	4	0
100	112	0	359.99900000000002	50	96	50	56	5	0
100	112	0	359.99900000000002	50	96	50	56	13	0
100	112	0	359.99900000000002	50	96	50	56	8	359.99900000000002
100	112	0	359.99900000000002	50	96	90	56	0	269.99900000000002
100	112	0	359.99900000000002	50	96	90	56	1	269.99900000000002
100	112	0	359.99900000000002	50	96	90	56	4	270
100	112	0	359.99900000000002	50	96	90	56	5	270
100	112	0	359.99900000000002	50	96	90	56	13	270
100	112	0	359.99900000000002	50	96	90	56	8	269.99900000000002
100	112	0	359.99900000000002	50	96	50	96	0	359.99900000000002
100	112	0	359.99900000000002	50	96	50	96	1	359.99900000000002
100	112	0	359.99900000000002	50	96	50	96	4	0
100	112	0	359.99900000000002	50	96	50	96	5	0
100	112	0	359.99900000000002	50	96	50	96	13	0
100	112	0	359.99900000000002	50	96	50	96	8	359.99900000000002
100	112	0	359.99900000000002	50	96	10	56	0	89.999000000000024
100	112	0	359.99900000000002	50	96	10	56	1	89.999000000000024
100	112	0	359.99900000000002	50	96	10	56	4	90
100	112	0	359.99900000000002	50	96	10	56	5	90
100	112	0	359.99900000000002	50	96	10	56	13	90
100	112	0	359.99900000000002	50	96	10	56	8	89.999000000000024
100	112	0	359.99900000000002	50	96	50	16	0	179.99900000000002
100	112	0	359.99900000000002	50	96	50	16	1	179.99900000000002
100	112	0	359.99900000000002	50	96	50	16	4	180
100	112	0	359.99900000000002	50	96	50	16	5	180
100	112	0	359.99900000000002	50	96	50	16	13	180
100	112	0	359.99900000000002	50	96	50	16	8	179.99900000000002
100	112	0	359.99900000000002	50	96	73	93	0	328.13302230639636
100	112	0	359.99900000000002	50	96	73	93	1	328.13302230639636
100	112	0	359.99900000000002	50	96	73	93	4	330
100	112	0	359.99900000000002	50	96	73	93	5	330
100	112	0	359.99900000000002	50	96	73	93	13	330
100	112	0	359.99900000000002	50	96	73	93	8	328.13302230639636
100	112	0	359.99900000000002	50	96	27	93	0	31.864977693603691
100	112	0	359.99900000000002	50	96	27	93	1	31.864977693603691
100	112	0	359.99900000000002	50	96	27	93	4	30
100	112	0	359.99900000000002	50	96	27	93	5	30
100	112	0	359.99900000000002	50	96	27	93	13	30
100	112	0	359.99900000000002	50	96	27	93	8	31.864977693603691
100	112	0	359.99900000000002	50	96	27	19	0	148.13302230639636
100	112	0	359.99900000000002	50	96	27	19	1	148.13302230639636
100	112	0	359.99900000000002	50	96	27	19	4	150
100	112	0	359.99900000000002	50	96	27	19	5	150
100	112	0	359.99900000000002	50	96	27	19	13	150
100	112	0	359.99900000000002	50	96	27	19	8	148.13302230639636
100	112	0	359.99900000000002	50	96	73	19	0	211.86497769360369
100	112	0	359.99900000000002	50	96	73	19	1	211.86497769360369
100	112	0	359.99900000000002	50	96	73	19	4	210
100	112	0	359.99900000000002	50	96	73	19	5	210
100	112	0	359.99900000000002	50	96	73	19	13	210
100	112	0	359.99900000000002	50	96	73	19	8	211.86497769360369
100	112	0	359.99900000000002	10	56	50	56	0	269.99900000000002
100	112	0	359.99900000000002	10	56	50	56	1	269.99900000000002
100	112	0	359.99900000000002	10	56	50	56	4	270
100	112	0	359.99900000000002	10	56	50	56	5	270
100	112	0	359.99900000000002	10	56	50	56	13	270
100	112	0	359.99900000000002	10	56	50	56	8	269.99900000000002
100	112	0	359.99900000000002	10	56	90	56	0	179.99900000000002
100	112	0	359.99900000000002	10	56	90	56	1	179.99900000000002
100	112	0	359.99900000000002	10	56	90	56	4	180
100	112	0	359.99900000000002	10	56	90	56	5	180
100	112	0	359.99900000000002	10	56	90	56	13	180
100	112	0	359.99900000000002	10	56	90	56	8	179.99900000000002
100	112	0	359.99900000000002	10	56	50	96	0	269.99900000000002
100	112	0	359.99900000000002	10	56	50	96	1	269.99900000000002
100	112	0	359.99900000000002	10	56	50	96	4	270
100	112	0	359.99900000000002	10	56	50	96	5	270
100	112	0	359.99900000000002	10	56	50	96	13	270
100	112	0	359.99900000000002	10	56	50	96	8	269.99900000000002
100	112	0	359.99900000000002	10	56	10	56	0	359.99900000000002
100	112	0	359.99900000000002	10	56	10	56	1	359.99900000000002
100	112	0	359.99900000000002	10	56	10	56	4	0
100	112	0	359.99900000000002	10	56	10	56	5	0
100	112	0	359.99900000000002	10	56	10	56	13	0
100	112	0	359.99900000000002	10	56	10	56	8	359.99900000000002
100	112	0	359.99900000000002	10	56	50	16	0	89.999000000000024
100	112	0	359.99900000000002	10	56	50	16	1	89.999000000000024
100	112	0	359.99900000000002	10	56	50	16	4	90
100	112	0	359.99900000000002	10	56	50	16	5	90
100	112	0	359.99900000000002	10	56	50	16	13	90
100	112	0	359.99900000000002	10	56	50	16	8	89.999000000000024
100	112	0	359.99900000000002	10	56	73	93	0	238.13302230639636
100	112	0	359.99900000000002	10	56	73	93	1	238.13302230639636
100	112	0	359.99900000000002	10	56	73	93	4	240
100	112	0	359.99900000000002	10	56	73	93	5	240
100	112	0	359.99900000000002	10	56	73	93	13	240
100	112	0	359.99900000000002	10	56	73	93	8	238.13302230639636
100	112	0	359.99900000000002	10	56	27	93	0	301.86497769360369
100	112	0	359.99900000000002	10	56	27	93	1	301.86497769360369
100	112	0	359.99900000000002	10	56	27	93	4	300
100	112	0	359.99900000000002	10	56	27	93	5	300
100	112	0	359.99900000000002	10	56	27	93	13	300
100	112	0	359.99900000000002	10	56	27	93	8	301.86497769360369
100	112	0	359.99900000000002	10	56	27	19	0	58.133022306396356
100	112	0	359.99900000000002	10	56	27	19	1	58.133022306396356
100	112	0	359.99900000000002	10	56	27	19	4	60
100	112	0	359.99900000000002	10	56	27	19	5	60
100	112	0	359.99900000000002	10	56	27	19	13	60
100	112	0	359.99900000000002	10	56	27	19	8	58.133022306396356
100	112	0	359.99900000000002	10	56	73	19	0	121.86497769360369
100	112	0	359.99900000000002	10	56	73	19	1	121.86497769360369
100	112	0	359.99900000000002	10	56	73	19	4	120
100	112	0	359.99900000000002	10	56	73	19	5	120
100	112	0	359.99900000000002	10	56	73	19	13	120
100	112	0	359.99900000000002	10	56	73	19	8	121.86497769360369
100	112	1	0	50	56	50	56	0	0
100	112	1	0	50	56	50	56	1	0
100	112	1	0	50	56	50	56	4	0
100	112	1	0	50	56	50	56	5	0
100	112	1	0	50	56	50	56	13	0
100	112	1	0	50	56	50	56	8	0
100	112	1	0	50	56	90	56	0	90
100	112	1	0	50	56	90	56	1	90
100	112	1	0	50	56	90	56	4	90
100	112	1	0	50	56	90	56	5	90
100	112	1	0	50	56	90	56	13	90
100	112	1	0	50	56	90	56	8	90
100	112	1	0	50	56	50	96	0	0
100	112	1	0	50	56	50	96	1	0
100	112	1	0	50	56	50	96	4	0
100	112	1	0	50	56	50	96	5	0
100	112	1	0	50	56	50	96	13	0
100	112	1	0	50	56	50	96	8	0
100	112	1	0	50	56	10	56	0	270
100	112	1	0	50	56	10	56	1	270
100	112	1	0	50	56	10	56	4	270
100	112	1	0	50	56	10	56	5	270
100	112	1	0	50	56	10	56	13	270
100	112	1	0	50	56	10	56	8	270
100	112	1	0	50	56	50	16	0	180
100	112	1	0	50	56	50	16	1	180
100	112	1	0	50	56	50	16	4	180
100	112	1	0	50	56	50	16	5	180
100	112	1	0	50	56	50	16	13	180
100	112	1	0	50	56	50	16	8	180
100	112	1	0	50	56	73	93	0	31.865977693603668
100	112	1	0	50	56	73	93	1	31.865977693603668
100	112	1	0	50	56	73	93	4	30
100	112	1	0	50	56	73	93	5	30
100	112	1	0	50	56	73	93	13	30
100	112	1	0	50	56	73	93	8	31.865977693603668
100	112	1	0	50	56	27	93	0	328.13402230639633
100	112	1	0	50	56	27	93	1	328.13402230639633
100	112	1	0	50	56	27	93	4	330
100	112	1	0	50	56	27	93	5	330
100	112	1	0	50	56	27	93	13	330
100	112	1	0	50	56	27	93	8	328.13402230639633
100	112	1	0	50	56	27	19	0	211.86597769360367
100	112	1	0	50	56	27	19	1	211.86597769360367
100	112	1	0	50	56	27	19	4	210
100	112	1	0	50	56	27	19	5	210
100	112	1	0	50	56	27	19	13	210
100	112	1	0	50	56	27	19	8	211.86597769360367
100	112	1	0	50	56	73	19	0	148.13402230639633
100	112	1	0	50	56	73	19	1	148.13402230639633
100	112	1	0	50	56	73	19	4	150
100	112	1	0	50	56	73	19	5	150
100	112	1	0	50	56	73	19	13	150
100	112	1	0	50	56	73	19	8	148.13402230639633
100	112	1	0	90	56	50	56	0	270
100	112	1	0	90	56	50	56	1	270
100	112	1	0	90	56	50	56	4	270
100	112	1	0	90	56	50	56	5	270
100	112	1	0	90	56	50	56	13	270
100	112	1	0	90	56	50	56	8	270
100	112	1	0	90	56	90	56	0	0
100	112	1	0	90	56	90	56	1	0
100	112	1	0	90	56	90	56	4	0
100	112	1	0	90	56	90	56	5	0
100	112	1	0	90	56	90	56	13	0
100	112	1	0	90	56	90	56	8	0
100	112	1	0	90	56	50	96	0	270
100	112	1	0	90	56	50	96	1	270
100	112	1	0	90	56	50	96	4	270
100	112	1	0	90	56	50	96	5	270
100	112	1	0	90	56	50	96	13	270
100	112	1	0	90	56	50	96	8	270
100	112	1	0	90	56	10	56	0	180
100	112	1	0	90	56	10	56	1	180
100	112	1	0	90	56	10	56	4	180
100	112	1	0	90	56	10	56	5	180
100	112	1	0	90	56	10	56	13	180
100	112	1	0	90	56	10	56	8	180
100	112	1	0	90	56	50	16	0	90
100	112	1	0	90	56	50	16	1	90
100	112	1	0	90	56	50	16	4	90
100	112	1	0	90	56	50	16	5	90
100	112	1	0	90	56	50	16	13	90
100	112	1	0	90	56	50	16	8	90
100	112	1	0	90	56	73	93	0	301.86597769360367
100	112	1	0	90	56	73	93	1	301.86597769360367
100	112	1	0	90	56	73	93	4	300
100	112	1	0	90	56	73	93	5	300
100	112	1	0	90	56	73	93	13	300
100	112	1	0	90	56	73	93	8	301.86597769360367
100	112	1	0	90	56	27	93	0	238.13402230639633
100	112	1	0	90	56	27	93	1	238.13402230639633
100	112	1	0	90	56	27	93	4	240
100	112	1	0	90	56	27	93	5	240
100	112	1	0	90	56	27	93	13	240
100	112	1	0	90	56	27	93	8	238.13402230639633
100	112	1	0	90	56	27	19	0	121.86597769360367
100	112	1	0	90	56	27	19	1	121.86597769360367
100	112	1	0	90	56	27	19	4	120
100	112	1	0	90	56	27	19	5	120
100	112	1	0	90	56	27	19	13	120
100	112	1	0	90	56	27	19	8	121.86597769360367
100	112	1	0	90	56	73	19	0	58.134022306396332
100	112	1	0	90	56	73	19	1	58.134022306396332
100	112	1	0	90	56	73	19	4	60
100	112	1	0	90	56	73	19	5	60
100	112	1	0	90	56	73	19	13	60
100	112	1	0	90	56	73	19	8	58.134022306396332
100	112	1	0	50	96	50	56	0	0
100	112	1	0	50	96	50	56	1	0
100	112	1	0	50	96	50	56	4	0
100	112	1	0	50	96	50	56	5	0
100	112	1	0	50	96	50	56	13	0
100	112	1	0	50	96	50	56	8	0
100	112	1	0	50	96	90	56	0	90
100	112	1	0	50	96	90	56	1	90
100	112	1	0	50	96	90	56	4	90
100	112	1	0	50	96	90	56	5	90
100	112	1	0	50	96	90	56	13	90
100	112	1	0	50	96	90	56	8	90
100	112	1	0	50	96	50	96	0	0
100	112	1	0	50	96	50	96	1	0
100	112	1	0	50	96	50	96	4	0
100	112	1	0	50	96	50	96	5	0
100	112	1	0	50	96	50	96	13	0
100	112	1	0	50	96	50	96	8	0
100	112	1	0	50	96	10	56	0	270
100	112	1	0	50	96	10	56	1	270
100	112	1	0	50	96	10	56	4	270
100	112	1	0	50	96	10	56	5	270
100	112	1	0	50	96	10	56	13	270
100	112	1	0	50	96	10	56	8	270
100	112	1	0	50	96	50	16	0	180
100	112	1	0	50	96	50	16	1	180
100	112	1	0	50	96	50	16	4	180
100	112	1	0	50	96	50	16	5	180
100	112	1	0	50	96	50	16	13	180
100	112	1	0	50	96	50	16	8	180
100	112	1	0	50	96	73	93	0	31.865977693603668
100	112	1	0	50	96	73	93	1	31.865977693603668
100	112	1	0	50	96	73	93	4	30
100	112	1	0	50	96	73	93	5	30
100	112	1	0	50	96	73	93	13	30
100	112	1	0	50	96	73	93	8	31.865977693603668
100	112	1	0	50	96	27	93	0	328.13402230639633
100	112	1	0	50	96	27	93	1	328.13402230639633
100	112	1	0	50	96	27	93	4	330
100	112	1	0	50	96	27	93	5	330
100	112	1	0	50	96	27	93	13	330
100	112	1	0	50	96	27	93	8	328.13402230639633
100	112	1	0	50	96	27	19	0	211.86597769360367
100	112	1	0	50	96	27	19	1	211.86597769360367
100	112	1	0	50	96	27	19	4	210
100	112	1	0	50	96	27	19	5	210
100	112	1	0	50	96	27	19	13	210
100	112	1	0	50	96	27	19	8	211.86597769360367
100	112	1	0	50	96	73	19	0	148.13402230639633
100	112	1	0	50	96	73	19	1	148.13402230639633
100	112	1	0	50	96	73	19	4	150
100	112	1	0	50	96	73	19	5	150
100	112	1	0	50	96	73	19	13	150
100	112	1	0	50	96	73	19	8	148.13402230639633
100	112	1	0	10	56	50	56	0	90
100	112	1	0	10	56	50	56	1	90
100	112	1	0	10	56	50	56	4	90
100	112	1	0	10	56	50	56	5	90
100	112	1	0	10	56	50	56	13	90
100	112	1	0	10	56	50	56	8	90
100	112	1	0	10	56	90	56	0	180
100	112	1	0	10	56	90	56	1	180
100	112	1	0	10	56	90	56	4	180
100	112	1	0	10	56	90	56	5	180
100	112	1	0	10	56	90	56	13	180
100	112	1	0	10	56	90	56	8	180
100	112	1	0	10	56	50	96	0	90
100	112	1	0	10	56	50	96	1	90
100	112	1	0	10	56	50	96	4	90
100	112	1	0	10	56	50	96	5	90
100	112	1	0	10	56	50	96	13	90
100	112	1	0	10	56	50	96	8	90
100	112	1	0	10	56	10	56	0	0
100	112	1	0	10	56	10	56	1	0
100	112	1	0	10	56	10	56	4	0
100	112	1	0	10	56	10	56	5	0
100	112	1	0	10	56	10	56	13	0
100	112	1	0	10	56	10	56	8	0
100	112	1	0	10	56	50	16	0	270
100	112	1	0	10	56	50	16	1	270
100	112	1	0	10	56	50	16	4	270
100	112	1	0	10	56	50	16	5	270
100	112	1	0	10	56	50	16	13	270
100	112	1	0	10	56	50	16	8	270
100	112	1	0	10	56	73	93	0	121.86597769360367
100	112	1	0	10	56	73	93	1	121.86597769360367
100	112	1	0	10	56	73	93	4	120
100	112	1	0	10	56	73	93	5	120
100	112	1	0	10	56	73	93	13	120
100	112	1	0	10	56	73	93	8	121.86597769360367
100	112	1	0	10	56	27	93	0	58.134022306396332
100	112	1	0	10	56	27	93	1	58.134022306396332
100	112	1	0	10	56	27	93	4	60
100	112	1	0	10	56	27	93	5	60
100	112	1	0	10	56	27	93	13	60
100	112	1	0	10	56	27	93	8	58.134022306396332
100	112	1	0	10	56	27	19	0	301.86597769360367
100	112	1	0	10	56	27	19	1	301.86597769360367
100	112	1	0	10	56	27	19	4	300
100	112	1	0	10	56	27	19	5	300
100	112	1	0	10	56	27	19	13	300
100	112	1	0	10	56	27	19	8	301.86597769360367
100	112	1	0	10	56	73	19	0	238.13402230639633
100	112	1	0	10	56	73	19	1	238.13402230639633
100	112	1	0	10	56	73	19	4	240
100	112	1	0	10	56	73	19	5	240
100	112	1	0	10	56	73	19	13	240
100	112	1	0	10	56	73	19	8	238.13402230639633
100	112	1	7.5	50	56	50	56	0	7.5
100	112	1	7.5	50	56	50	56	1	7.5
100	112	1	7.5	50	56	50	56	4	15
100	112	1	7.5	50	56	50	56	5	15
100	112	1	7.5	50	56	50	56	13	15
100	112	1	7.5	50	56	50	56	8	7.5
100	112	1	7.5	50	56	90	56	0	97.5
100	112	1	7.5	50	56	90	56	1	97.5
100	112	1	7.5	50	56	90	56	4	105
100	112	1	7.5	50	56	90	56	5	105
100	112	1	7.5	50	56	90	56	13	105
100	112	1	7.5	50	56	90	56	8	97.5
100	112	1	7.5	50	56	50	96	0	7.5
100	112	1	7.5	50	56	50	96	1	7.5
100	112	1	7.5	50	56	50	96	4	15
100	112	1	7.5	50	56	50	96	5	15
100	112	1	7.5	50	56	50	96	13	15
100	112	1	7.5	50	56	50	96	8	7.5
100	112	1	7.5	50	56	10	56	0	277.5
100	112	1	7.5	50	56	10	56	1	277.5
100	112	1	7.5	50	56	10	56	4	285
100	112	1	7.5	50	56	10	56	5	285
100	112	1	7.5	50	56	10	56	13	285
100	112	1	7.5	50	56	10	56	8	277.5
100	112	1	7.5	50	56	50	16	0	187.5
100	112	1	7.5	50	56	50	16	1	187.5
100	112	1	7.5	50	56	50	16	4	195
100	112	1	7.5	50	56	50	16	5	195
100	112	1	7.5	50	56	50	16	13	195
100	112	1	7.5	50	56	50	16	8	187.5
100	112	1	7.5	50	56	73	93	0	39.365977693603668
100	112	1	7.5	50	56	73	93	1	39.365977693603668
100	112	1	7.5	50	56	73	93	4	45
100	112	1	7.5	50	56	73	93	5	45
100	112	1	7.5	50	56	73	93	13	45
100	112	1	7.5	50	56	73	93	8	39.365977693603668
100	112	1	7.5	50	56	27	93	0	335.63402230639633
100	112	1	7.5	50	56	27	93	1	335.63402230639633
100	112	1	7.5	50	56	27	93	4	330
100	112	1	7.5	50	56	27	93	5	330
100	112	1	7.5	50	56	27	93	13	330
100	112	1	7.5	50	56	27	93	8	335.63402230639633
100	112	1	7.5	50	56	27	19	0	219.36597769360367
100	112	1	7.5	50	56	27	19	1	219.36597769360367
100	112	1	7.5	50	56	27	19	4	225
100	112	1	7.5	50	56	27	19	5	225
100	112	1	7.5	50	56	27	19	13	225
100	112	1	7.5	50	56	27	19	8	219.36597769360367
100	112	1	7.5	50	56	73	19	0	155.63402230639633
100	112	1	7.5	50	56	73	19	1	155.63402230639633
100	112	1	7.5	50	56	73	19	4	150
100	112	1	7.5	50	56	73	19	5	150
100	112	1	7.5	50	56	73	19	13	150
100	112	1	7.5	50	56	73	19	8	155.63402230639633
100	112	1	7.5	90	56	50	56	0	277.5
100	112	1	7.5	90	56	50	56	1	277.5
100	112	1	7.5	90	56	50	56	4	285
100	112	1	7.5	90	56	50	56	5	285
100	112	1	7.5	90	56	50	56	13	285
100	112	1	7.5	90	56	50	56	8	277.5
100	112	1	7.5	90	56	90	56	0	7.5
100	112	1	7.5	90	56	90	56	1	7.5
100	112	1	7.5	90	56	90	56	4	15
100	112	1	7.5	90	56	90	56	5	15
100	112	1	7.5	90	56	90	56	13	15
100	112	1	7.5	90	56	90	56	8	7.5
100	112	1	7.5	90	56	50	96	0	277.5
100	112	1	7.5	90	56	50	96	1	277.5
100	112	1	7.5	90	56	50	96	4	285
100	112	1	7.5	90	56	50	96	5	285
100	112	1	7.5	90	56	50	96	13	285
100	112	1	7.5	90	56	50	96	8	277.5
100	112	1	7.5	90	56	10	56	0	187.5
100	112	1	7.5	90	56	10	56	1	187.5
100	112	1	7.5	90	56	10	56	4	195
100	112	1	7.5	90	56	10	56	5	195
100	112	1	7.5	90	56	10	56	13	195
100	112	1	7.5	90	56	10	56	8	187.5
100	112	1	7.5	90	56	50	16	0	97.5
100	112	1	7.5	90	56	50	16	1	97.5
100	112	1	7.5	90	56	50	16	4	105
100	112	1	7.5	90	56	50	16	5	105
100	112	1	7.5	90	56	50	16	13	105
100	112	1	7.5	90	56	50	16	8	97.5
100	112	1	7.5	90	56	73	93	0	309.36597769360367
100	112	1	7.5	90	56	73	93	1	309.36597769360367
100	112	1	7.5	90	56	73	93	4	315
100	112	1	7.5	90	56	73	93	5	315
100	112	1	7.5	90	56	73	93	13	315
100	112	1	7.5	90	56	73	93	8	309.36597769360367
100	112	1	7.5	90	56	27	93	0	245.63402230639633
100	112	1	7.5	90	56	27	93	1	245.63402230639633
100	112	1	7.5	90	56	27	93	4	240
100	112	1	7.5	90	56	27	93	5	240
100	112	1	7.5	90	56	27	93	13	240
100	112	1	7.5	90	56	27	93	8	245.63402230639633
100	112	1	7.5	90	56	27	19	0	129.36597769360367
100	112	1	7.5	90	56	27	19	1	129.36597769360367
100	112	1	7.5	90	56	27	19	4	135
100	112	1	7.5	90	56	27	19	5	135
100	112	1	7.5	90	56	27	19	13	135
100	112	1	7.5	90	56	27	19	8	129.36597769360367
100	112	1	7.5	90	56	73	19	0	65.634022306396332
100	112	1	7.5	90	56	73	19	1	65.634022306396332
100	112	1	7.5	90	56	73	19	4	60
100	112	1	7.5	90	56	73	19	5	60
100	112	1	7.5	90	56	73	19	13	60
100	112	1	7.5	90	56	73	19	8	65.634022306396332
100	112	1	7.5	50	96	50	56	0	7.5
100	112	1	7.5	50	96	50	56	1	7.5
100	112	1	7.5	50	96	50	56	4	15
100	112	1	7.5	50	96	50	56	5	15
100	112	1	7.5	50	96	50	56	13	15
100	112	1	7.5	50	96	50	56	8	7.5
100	112	1	7.5	50	96	90	56	0	97.5
100	112	1	7.5	50	96	90	56	1	97.5
100	112	1	7.5	50	96	90	56	4	105
100	112	1	7.5	50	96	90	56	5	105
100	112	1	7.5	50	96	90	56	13	105
100	112	1	7.5	50	96	90	56	8	97.5
100	112	1	7.5	50	96	50	96	0	7.5
100	112	1	7.5	50	96	50	96	1	7.5
100	112	1	7.5	50	96	50	96	4	15
100	112	1	7.5	50	96	50	96	5	15
100	112	1	7.5	50	96	50	96	13	15
100	112	1	7.5	50	96	50	96	8	7.5
100	112	1	7.5	50	96	10	56	0	277.5
100	112	1	7.5	50	96	10	56	1	277.5
100	112	1	7.5	50	96	10	56	4	285
100	112	1	7.5	50	96	10	56	5	285
100	112	1	7.5	50	96	10	56	13	285
100	112	1	7.5	50	96	10	56	8	277.5
100	112	1	7.5	50	96	50	16	0	187.5
100	112	1	7.5	50	96	50	16	1	187.5
100	112	1	7.5	50	96	50	16	4	195
100	112	1	7.5	50	96	50	16	5	195
100	112	1	7.5	50	96	50	16	13	195
100	112	1	7.5	50	96	50	16	8	187.5
100	112	1	7.5	50	96	73	93	0	39.365977693603668
100	112	1	7.5	50	96	73	93	1	39.365977693603668
100	112	1	7.5	50	96	73	93	4	45
100	112	1	7.5	50	96	73	93	5	45
100	112	1	7.5	50	96	73	93	13	45
100	112	1	7.5	50	96	73	93	8	39.365977693603668
100	112	1	7.5	50	96	27	93	0	335.63402230639633
100	112	1	7.5	50	96	27	93	1	335.63402230639633
100	112	1	7.5	50	96	27	93	4	330
100	112	1	7.5	50	96	27	93	5	330
100	112	1	7.5	50	96	27	93	13	330
100	112	1	7.5	50	96	27	93	8	335.63402230639633
100	112	1	7.5	50	96	27	19	0	219.36597769360367
100	112	1	7.5	50	96	27	19	1	219.36597769360367
100	112	1	7.5	50	96	27	19	4	225
100	112	1	7.5	50	96	27	19	5	225
100	112	1	7.5	50	96	27	19	13	225
100	112	1	7.5	50	96	27	19	8	219.36597769360367
100	112	1	7.5	50	96	73	19	0	155.63402230639633
100	112	1	7.5	50	96	73	19	1	155.63402230639633
100	112	1	7.5	50	96	73	19	4	150
100	112	1	7.5	50	96	73	19	5	150
100	112	1	7.5	50	96	73	19	13	150
100	112	1	7.5	50	96	73	19	8	155.63402230639633
100	112	1	7.5	10	56	50	56	0	97.5
100	112	1	7.5	10	56	50	56	1	97.5
100	112	1	7.5	10	56	50	56	4	105
100	112	1	7.5	10	56	50	56	5	105
100	112	1	7.5	10	56	50	56	13	105
100	112	1	7.5	10	56	50	56	8	97.5
100	112	1	7.5	10	56	90	56	0	187.5
100	112	1	7.5	10	56	90	56	1	187.5
100	112	1	7.5	10	56	90	56	4	195
100	112	1	7.5	10	56	90	56	5	195
100	112	1	7.5	10	56	90	56	13	195
100	112	1	7.5	10	56	90	56	8	187.5
100	112	1	7.5	10	56	50	96	0	97.5
100	112	1	7.5	10	56	50	96	1	97.5
100	112	1	7.5	10	56	50	96	4	105
100	112	1	7.5	10	56	50	96	5	105
100	112	1	7.5	10	56	50	96	13	105
100	112	1	7.5	10	56	50	96	8	97.5
100	112	1	7.5	10	56	10	56	0	7.5
100	112	1	7.5	10	56	10	56	1	7.5
100	112	1	7.5	10	56	10	56	4	15
100	112	1	7.5	10	56	10	56	5	15
100	112	1	7.5	10	56	10	56	13	15
100	112	1	7.5	10	56	10	56	8	7.5
100	112	1	7.5	10	56	50	16	0	277.5
100	112	1	7.5	10	56	50	16	1	277.5
100	112	1	7.5	10	56	50	16	4	285
100	112	1	7.5	10	56	50	16	5	285
100	112	1	7.5	10	56	50	16	13	285
100	112	1	7.5	10	56	50	16	8	277.5
100	112	1	7.5	10	56	73	93	0	129.36597769360367
100	112	1	7.5	10	56	73	93	1	129.36597769360367
100	112	1	7.5	10	56	73	93	4	135
100	112	1	7.5	10	56	73	93	5	135
100	112	1	7.5	10	56	73	93	13	135
100	112	1	7.5	10	56	73	93	8	129.36597769360367
100	112	1	7.5	10	56	27	93	0	65.634022306396332
100	112	1	7.5	10	56	27	93	1	65.634022306396332
100	112	1	7.5	10	56	27	93	4	60
100	112	1	7.5	10	56	27	93	5	60
100	112	1	7.5	10	56	27	93	13	60
100	112	1	7.5	10	56	27	93	8	65.634022306396332
100	112	1	7.5	10	56	27	19	0	309.36597769360367
100	112	1	7.5	10	56	27	19	1	309.36597769360367
100	112	1	7.5	10	56	27	19	4	315
100	112	1	7.5	10	56	27	19	5	315
100	112	1	7.5	10	56	27	19	13	315
100	112	1	7.5	10	56	27	19	8	309.36597769360367
100	112	1	7.5	10	56	73	19	0	245.63402230639633
100	112	1	7.5	10	56	73	19	1	245.63402230639633
100	112	1	7.5	10	56	73	19	4	240
100	112	1	7.5	10	56	73	19	5	240
100	112	1	7.5	10	56	73	19	13	240
100	112	1	7.5	10	56	73	19	8	245.63402230639633
100	112	1	22.5	50	56	50	56	0	22.5
100	112	1	22.5	50	56	50	56	1	22.5
100	112	1	22.5	50	56	50	56	4	30
100	112	1	22.5	50	56	50	56	5	30
100	112	1	22.5	50	56	50	56	13	30
100	112	1	22.5	50	56	50	56	8	22.5
100	112	1	22.5	50	56	90	56	0	112.5
100	112	1	22.5	50	56	90	56	1	112.5
100	112	1	22.5	50	56	90	56	4	120
100	112	1	22.5	50	56	90	56	5	120
100	112	1	22.5	50	56	90	56	13	120
100	112	1	22.5	50	56	90	56	8	112.5
100	112	1	22.5	50	56	50	96	0	22.5
100	112	1	22.5	50	56	50	96	1	22.5
100	112	1	22.5	50	56	50	96	4	30
100	112	1	22.5	50	56	50	96	5	30
100	112	1	22.5	50	56	50	96	13	30
100	112	1	22.5	50	56	50	96	8	22.5
100	112	1	22.5	50	56	10	56	0	292.5
100	112	1	22.5	50	56	10	56	1	292.5
100	112	1	22.5	50	56	10	56	4	300
100	112	1	22.5	50	56	10	56	5	300
100	112	1	22.5	50	56	10	56	13	300
100	112	1	22.5	50	56	10	56	8	292.5
100	112	1	22.5	50	56	50	16	0	202.5
100	112	1	22.5	50	56	50	16	1	202.5
100	112	1	22.5	50	56	50	16	4	210
100	112	1	22.5	50	56	50	16	5	210
100	112	1	22.5	50	56	50	16	13	210
100	112	1	22.5	50	56	50	16	8	202.5
100	112	1	22.5	50	56	73	93	0	54.365977693603668
100	112	1	22.5	50	56	73	93	1	54.365977693603668
100	112	1	22.5	50	56	73	93	4	60
100	112	1	22.5	50	56	73	93	5	60
100	112	1	22.5	50	56	73	93	13	60
100	112	1	22.5	50	56	73	93	8	54.365977693603668
100	112	1	22.5	50	56	27	93	0	350.63402230639633
100	112	1	22.5	50	56	27	93	1	350.63402230639633
100	112	1	22.5	50	56	27	93	4	345
100	112	1	22.5	50	56	27	93	5	345
100	112	1	22.5	50	56	27	93	13	345
100	112	1	22.5	50	56	27	93	8	350.63402230639633
100	112	1	22.5	50	56	27	19	0	234.36597769360367
100	112	1	22.5	50	56	27	19	1	234.36597769360367
100	112	1	22.5	50	56	27	19	4	240
100	112	1	22.5	50	56	27	19	5	240
100	112	1	22.5	50	56	27	19	13	240
100	112	1	22.5	50	56	27	19	8	234.36597769360367
100	112	1	22.5	50	56	73	19	0	170.63402230639633
100	112	1	22.5	50	56	73	19	1	170.63402230639633
100	112	1	22.5	50	56	73	19	4	165
100	112	1	22.5	50	56	73	19	5	165
100	112	1	22.5	50	56	73	19	13	165
100	112	1	22.5	50	56	73	19	8	170.63402230639633
100	112	1	22.5	90	56	50	56	0	292.5
100	112	1	22.5	90	56	50	56	1	292.5
100	112	1	22.5	90	56	50	56	4	300
100	112	1	22.5	90	56	50	56	5	300
100	112	1	22.5	90	56	50	56	13	300
100	112	1	22.5	90	56	50	56	8	292.5
100	112	1	22.5	90	56	90	56	0	22.5
100	112	1	22.5	90	56	90	56	1	22.5
100	112	1	22.5	90	56	90	56	4	30
100	112	1	22.5	90	56	90	56	5	30
100	112	1	22.5	90	56	90	56	13	30
100	112	1	22.5	90	56	90	56	8	22.5
100	112	1	22.5	90	56	50	96	0	292.5
100	112	1	22.5	90	56	50	96	1	292.5
100	112	1	22.5	90	56	50	96	4	300
100	112	1	22.5	90	56	50	96	5	300
100	112	1	22.5	90	56	50	96	13	300
100	112	1	22.5	90	56	50	96	8	292.5
100	112	1	22.5	90	56	10	56	0	202.5
100	112	1	22.5	90	56	10	56	1	202.5
100	112	1	22.5	90	56	10	56	4	210
100	112	1	22.5	90	56	10	56	5	210
100	112	1	22.5	90	56	10	56	13	210
100	112	1	22.5	90	56	10	56	8	202.5
100	112	1	22.5	90	56	50	16	0	112.5
100	112	1	22.5	90	56	50	16	1	112.5
100	112	1	22.5	90	56	50	16	4	120
100	112	1	22.5	90	56	50	16	5	120
100	112	1	22.5	90	56	50	16	13	120
100	112	1	22.5	90	56	50	16	8	112.5
100	112	1	22.5	90	56	73	93	0	324.36597769360367
100	112	1	22.5	90	56	73	93	1	324.36597769360367
100	112	1	22.5	90	56	73	93	4	330
100	112	1	22.5	90	56	73	93	5	330
100	112	1	22.5	90	56	73	93	13	330
100	112	1	22.5	90	56	73	93	8	324.36597769360367
100	112	1	22.5	90	56	27	93	0	260.63402230639633
100	112	1	22.5	90	56	27	93	1	260.63402230639633
100	112	1	22.5	90	56	27	93	4	255
100	112	1	22.5	90	56	27	93	5	255
100	112	1	22.5	90	56	27	93	13	255
100	112	1	22.5	90	56	27	93	8	260.63402230639633
100	112	1	22.5	90	56	27	19	0	144.36597769360367
100	112	1	22.5	90	56	27	19	1	144.36597769360367
100	112	1	22.5	90	56	27	19	4	150
100	112	1	22.5	90	56	27	19	5	150
100	112	1	22.5	90	56	27	19	13	150
100	112	1	22.5	90	56	27	19	8	144.36597769360367
100	112	1	22.5	90	56	73	19	0	80.634022306396332
100	112	1	22.5	90	56	73	19	1	80.634022306396332
100	112	1	22.5	90	56	73	19	4	75
100	112	1	22.5	90	56	73	19	5	75
100	112	1	22.5	90	56	73	19	13	75
100	112	1	22.5	90	56	73	19	8	80.634022306396332
100	112	1	22.5	50	96	50	56	0	22.5
100	112	1	22.5	50	96	50	56	1	22.5
100	112	1	22.5	50	96	50	56	4	30
100	112	1	22.5	50	96	50	56	5	30
100	112	1	22.5	50	96	50	56	13	30
100	112	1	22.5	50	96	50	56	8	22.5
100	112	1	22.5	50	96	90	56	0	112.5
100	112	1	22.5	50	96	90	56	1	112.5
100	112	1	22.5	50	96	90	56	4	120
100	112	1	22.5	50	96	90	56	5	120
100	112	1	22.5	50	96	90	56	13	120
100	112	1	22.5	50	96	90	56	8	112.5
100	112	1	22.5	50	96	50	96	0	22.5
100	112	1	22.5	50	96	50	96	1	22.5
100	112	1	22.5	50	96	50	96	4	30
100	112	1	22.5	50	96	50	96	5	30
100	112	1	22.5	50	96	50	96	13	30
100	112	1	22.5	50	96	50	96	8	22.5
100	112	1	22.5	50	96	10	56	0	292.5
100	112	1	22.5	50	96	10	56	1	292.5
100	112	1	22.5	50	96	10	56	4	300
100	112	1	22.5	50	96	10	56	5	300
100	112	1	22.5	50	96	10	56	13	300
100	112	1	22.5	50	96	10	56	8	292.5
100	112	1	22.5	50	96	50	16	0	202.5
100	112	1	22.5	50	96	50	16	1	202.5
100	112	1	22.5	50	96	50	16	4	210
100	112	1	22.5	50	96	50	16	5	210
100	112	1	22.5	50	96	50	16	13	210
100	112	1	22.5	50	96	50	16	8	202.5
100	112	1	22.5	50	96	73	93	0	54.365977693603668
100	112	1	22.5	50	96	73	93	1	54.365977693603668
100	112	1	22.5	50	96	73	93	4	60
100	112	1	22.5	50	96	73	93	5	60
100	112	1	22.5	50	96	73	93	13	60
100	112	1	22.5	50	96	73	93	8	54.365977693603668
100	112	1	22.5	50	96	27	93	0	350.63402230639633
100	112	1	22.5	50	96	27	93	1	350.63402230639633
100	112	1	22.5	50	96	27	93	4	345
100	112	1	22.5	50	96	27	93	5	345
100	112	1	22.5	50	96	27	93	13	345
100	112	1	22.5	50	96	27	93	8	350.63402230639633
100	112	1	22.5	50	96	27	19	0	234.36597769360367
100	112	1	22.5	50	96	27	19	1	234.36597769360367
100	112	1	22.5	50	96	27	19	4	240
100	112	1	22.5	50	96	27	19	5	240
100	112	1	22.5	50	96	27	19	13	240
100	112	1	22.5	50	96	27	19	8	234.36597769360367
100	112	1	22.5	50	96	73	19	0	170.63402230639633
100	112	1	22.5	50	96	73	19	1	170.63402230639633
100	112	1	22.5	50	96	73	19	4	165
100	112	1	22.5	50	96	73	19	5	165
100	112	1	22.5	50	96	73	19	13	165
100	112	1	22.5	50	96	73	19	8	170.63402230639633
100	112	1	22.5	10	56	50	56	0	112.5
100	112	1	22.5	10	56	50	56	1	112.5
100	112	1	22.5	10	56	50	56	4	120
100	112	1	22.5	10	56	50	56	5	120
100	112	1	22.5	10	56	50	56	13	120
100	112	1	22.5	10	56	50	56	8	112.5
100	112	1	22.5	10	56	90	56	0	202.5
100	112	1	22.5	10	56	90	56	1	202.5
100	112	1	22.5	10	56	90	56	4	210
100	112	1	22.5	10	56	90	56	5	210
100	112	1	22.5	10	56	90	56	13	210
100	112	1	22.5	10	56	90	56	8	202.5
100	112	1	22.5	10	56	50	96	0	112.5
100	112	1	22.5	10	56	50	96	1	112.5
100	112	1	22.5	10	56	50	96	4	120
100	112	1	22.5	10	56	50	96	5	120
100	112	1	22.5	10	56	50	96	13	120
100	112	1	22.5	10	56	50	96	8	112.5
100	112	1	22.5	10	56	10	56	0	22.5
100	112	1	22.5	10	56	10	56	1	22.5
100	112	1	22.5	10	56	10	56	4	30
100	112	1	22.5	10	56	10	56	5	30
100	112	1	22.5	10	56	10	56	13	30
100	112	1	22.5	10	56	10	56	8	22.5
100	112	1	22.5	10	56	50	16	0	292.5
100	112	1	22.5	10	56	50	16	1	292.5
100	112	1	22.5	10	56	50	16	4	300
100	112	1	22.5	10	56	50	16	5	300
100	112	1	22.5	10	56	50	16	13	300
100	112	1	22.5	10	56	50	16	8	292.5
100	112	1	22.5	10	56	73	93	0	144.36597769360367
100	112	1	22.5	10	56	73	93	1	144.36597769360367
100	112	1	22.5	10	56	73	93	4	150
100	112	1	22.5	10	56	73	93	5	150
100	112	1	22.5	10	56	73	93	13	150
100	112	1	22.5	10	56	73	93	8	144.36597769360367
100	112	1	22.5	10	56	27	93	0	80.634022306396332
100	112	1	22.5	10	56	27	93	1	80.634022306396332
100	112	1	22.5	10	56	27	93	4	75
100	112	1	22.5	10	56	27	93	5	75
100	112	1	22.5	10	56	27	93	13	75
100	112	1	22.5	10	56	27	93	8	80.634022306396332
100	112	1	22.5	10	56	27	19	0	324.36597769360367
100	112	1	22.5	10	56	27	19	1	324.36597769360367
100	112	1	22.5	10	56	27	19	4	330
100	112	1	22.5	10	56	27	19	5	330
100	112	1	22.5	10	56	27	19	13	330
100	112	1	22.5	10	56	27	19	8	324.36597769360367
100	112	1	22.5	10	56	73	19	0	260.63402230639633
100	112	1	22.5	10	56	73	19	1	260.63402230639633
100	112	1	22.5	10	56	73	19	4	255
100	112	1	22.5	10	56	73	19	5	255
100	112	1	22.5	10	56	73	19	13	255
100	112	1	22.5	10	56	73	19	8	260.63402230639633
100	112	1	337.5	50	56	50	56	0	337.5
100	112	1	337.5	50	56	50	56	1	337.5
100	112	1	337.5	50	56	50	56	4	345
100	112	1	337.5	50	56	50	56	5	345
100	112	1	337.5	50	56	50	56	13	345
100	112	1	337.5	50	56	50	56	8	337.5
100	112	1	337.5	50	56	90	56	0	67.5
100	112	1	337.5	50	56	90	56	1	67.5
100	112	1	337.5	50	56	90	56	4	75
100	112	1	337.5	50	56	90	56	5	75
100	112	1	337.5	50	56	90	56	13	75
100	112	1	337.5	50	56	90	56	8	67.5
100	112	1	337.5	50	56	50	96	0	337.5
100	112	1	337.5	50	56	50	96	1	337.5
100	112	1	337.5	50	56	50	96	4	345
100	112	1	337.5	50	56	50	96	5	345
100	112	1	337.5	50	56	50	96	13	345
100	112	1	337.5	50	56	50	96	8	337.5
100	112	1	337.5	50	56	10	56	0	247.5
100	112	1	337.5	50	56	10	56	1	247.5
100	112	1	337.5	50	56	10	56	4	255
100	112	1	337.5	50	56	10	56	5	255
100	112	1	337.5	50	56	10	56	13	255
100	112	1	337.5	50	56	10	56	8	247.5
100	112	1	337.5	50	56	50	16	0	157.5
100	112	1	337.5	50	56	50	16	1	157.5
100	112	1	337.5	50	56	50	16	4	165
100	112	1	337.5	50	56	50	16	5	165
100	112	1	337.5	50	56	50	16	13	165
100	112	1	337.5	50	56	50	16	8	157.5
100	112	1	337.5	50	56	73	93	0	9.3659776936036678
100	112	1	337.5	50	56	73	93	1	9.3659776936036678
100	112	1	337.5	50	56	73	93	4	15
100	112	1	337.5	50	56	73	93	5	15
100	112	1	337.5	50	56	73	93	13	15
100	112	1	337.5	50	56	73	93	8	9.3659776936036678
100	112	1	337.5	50	56	27	93	0	305.63402230639633
100	112	1	337.5	50	56	27	93	1	305.63402230639633
100	112	1	337.5	50	56	27	93	4	300
100	112	1	337.5	50	56	27	93	5	300
100	112	1	337.5	50	56	27	93	13	300
100	112	1	337.5	50	56	27	93	8	305.63402230639633
100	112	1	337.5	50	56	27	19	0	189.36597769360367
100	112	1	337.5	50	56	27	19	1	189.36597769360367
100	112	1	337.5	50	56	27	19	4	195
100	112	1	337.5	50	56	27	19	5	195
100	112	1	337.5	50	56	27	19	13	195
100	112	1	337.5	50	56	27	19	8	189.36597769360367
100	112	1	337.5	50	56	73	19	0	125.63402230639633
100	112	1	337.5	50	56	73	19	1	125.63402230639633
100	112	1	337.5	50	56	73	19	4	120
100	112	1	337.5	50	56	73	19	5	120
100	112	1	337.5	50	56	73	19	13	120
100	112	1	337.5	50	56	73	19	8	125.63402230639633
100	112	1	337.5	90	56	50	56	0	247.5
100	112	1	337.5	90	56	50	56	1	247.5
100	112	1	337.5	90	56	50	56	4	255
100	112	1	337.5	90	56	50	56	5	255
100	112	1	337.5	90	56	50	56	13	255
100	112	1	337.5	90	56	50	56	8	247.5
100	112	1	337.5	90	56	90	56	0	337.5
100	112	1	337.5	90	56	90	56	1	337.5
100	112	1	337.5	90	56	90	56	4	345
100	112	1	337.5	90	56	90	56	5	345
100	112	1	337.5	90	56	90	56	13	345
100	112	1	337.5	90	56	90	56	8	337.5
100	112	1	337.5	90	56	50	96	0	247.5
100	112	1	337.5	90	56	50	96	1	247.5
100	112	1	337.5	90	56	50	96	4	255
100	112	1	337.5	90	56	50	96	5	255
100	112	1	337.5	90	56	50	96	13	255
100	112	1	337.5	90	56	50	96	8	247.5
100	112	1	337.5	90	56	10	56	0	157.5
100	112	1	337.5	90	56	10	56	1	157.5
100	112	1	337.5	90	56	10	56	4	165
100	112	1	337.5	90	56	10	56	5	165
100	112	1	337.5	90	56	10	56	13	165
100	112	1	337.5	90	56	10	56	8	157.5
100	112	1	337.5	90	56	50	16	0	67.5
100	112	1	337.5	90	56	50	16	1	67.5
100	112	1	337.5	90	56	50	16	4	75
100	112	1	337.5	90	56	50	16	5	75
100	112	1	337.5	90	56	50	16	13	75
100	112	1	337.5	90	56	50	16	8	67.5
100	112	1	337.5	90	56	73	93	0	279.36597769360367
100	112	1	337.5	90	56	73	93	1	279.36597769360367
100	112	1	337.5	90	56	73	93	4	285
100	112	1	337.5	90	56	73	93	5	285
100	112	1	337.5	90	56	73	93	13	285
100	112	1	337.5	90	56	73	93	8	279.36597769360367
100	112	1	337.5	90	56	27	93	0	215.63402230639633
100	112	1	337.5	90	56	27	93	1	215.63402230639633
100	112	1	337.5	90	56	27	93	4	210
100	112	1	337.5	90	56	27	93	5	210
100	112	1	337.5	90	56	27	93	13	210
100	112	1	337.5	90	56	27	93	8	215.63402230639633
100	112	1	337.5	90	56	27	19	0	99.365977693603668
100	112	1	337.5	90	56	27	19	1	99.365977693603668
100	112	1	337.5	90	56	27	19	4	105
100	112	1	337.5	90	56	27	19	5	105
100	112	1	337.5	90	56	27	19	13	105
100	112	1	337.5	90	56	27	19	8	99.365977693603668
100	112	1	337.5	90	56	73	19	0	35.634022306396332
100	112	1	337.5	90	56	73	19	1	35.634022306396332
100	112	1	337.5	90	56	73	19	4	30
100	112	1	337.5	90	56	73	19	5	30
100	112	1	337.5	90	56	73	19	13	30
100	112	1	337.5	90	56	73	19	8	35.634022306396332
100	112	1	337.5	50	96	50	56	0	337.5
100	112	1	337.5	50	96	50	56	1	337.5
100	112	1	337.5	50	96	50	56	4	345
100	112	1	337.5	50	96	50	56	5	345
100	112	1	337.5	50	96	50	56	13	345
100	112	1	337.5	50	96	50	56	8	337.5
100	112	1	337.5	50	96	90	56	0	67.5
100	112	1	337.5	50	96	90	56	1	67.5
100	112	1	337.5	50	96	90	56	4	75
100	112	1	337.5	50	96	90	56	5	75
100	112	1	337.5	50	96	90	56	13	75
100	112	1	337.5	50	96	90	56	8	67.5
100	112	1	337.5	50	96	50	96	0	337.5
100	112	1	337.5	50	96	50	96	1	337.5
100	112	1	337.5	50	96	50	96	4	345
100	112	1	337.5	50	96	50	96	5	345
100	112	1	337.5	50	96	50	96	13	345
100	112	1	337.5	50	96	50	96	8	337.5
100	112	1	337.5	50	96	10	56	0	247.5
100	112	1	337.5	50	96	10	56	1	247.5
100	112	1	337.5	50	96	10	56	4	255
100	112	1	337.5	50	96	10	56	5	255
100	112	1	337.5	50	96	10	56	13	255
100	112	1	337.5	50	96	10	56	8	247.5
100	112	1	337.5	50	96	50	16	0	157.5
100	112	1	337.5	50	96	50	16	1	157.5
100	112	1	337.5	50	96	50	16	4	165
100	112	1	337.5	50	96	50	16	5	165
100	112	1	337.5	50	96	50	16	13	165
100	112	1	337.5	50	96	50	16	8	157.5
100	112	1	337.5	50	96	73	93	0	9.3659776936036678
100	112	1	337.5	50	96	73	93	1	9.3659776936036678
100	112	1	337.5	50	96	73	93	4	15
100	112	1	337.5	50	96	73	93	5	15
100	112	1	337.5	50	96	73	93	13	15
100	112	1	337.5	50	96	73	93	8	9.3659776936036678
100	112	1	337.5	50	96	27	93	0	305.63402230639633
100	112	1	337.5	50	96	27	93	1	305.63402230639633
100	112	1	337.5	50	96	27	93	4	300
100	112	1	337.5	50	96	27	93	5	300
100	112	1	337.5	50	96	27	93	13	300
100	112	1	337.5	50	96	27	93	8	305.63402230639633
100	112	1	337.5	50	96	27	19	0	189.36597769360367
100	112	1	337.5	50	96	27	19	1	189.36597769360367
100	112	1	337.5	50	96	27	19	4	195
100	112	1	337.5	50	96	27	19	5	195
100	112	1	337.5	50	96	27	19	13	195
100	112	1	337.5	50	96	27	19	8	189.36597769360367
100	112	1	337.5	50	96	73	19	0	125.63402230639633
100	112	1	337.5	50	96	73	19	1	125.63402230639633
100	112	1	337.5	50	96	73	19	4	120
100	112	1	337.5	50	96	73	19	5	120
100	112	1	337.5	50	96	73	19	13	120
100	112	1	337.5	50	96	73	19	8	125.63402230639633
100	112	1	337.5	10	56	50	56	0	67.5
100	112	1	337.5	10	56	50	56	1	67.5
100	112	1	337.5	10	56	50	56	4	75
100	112	1	337.5	10	56	50	56	5	75
100	112	1	337.5	10	56	50	56	13	75
100	112	1	337.5	10	56	50	56	8	67.5
100	112	1	337.5	10	56	90	56	0	157.5
100	112	1	337.5	10	56	90	56	1	157.5
100	112	1	337.5	10	56	90	56	4	165
100	112	1	337.5	10	56	90	56	5	165
100	112	1	337.5	10	56	90	56	13	165
100	112	1	337.5	10	56	90	56	8	157.5
100	112	1	337.5	10	56	50	96	0	67.5
100	112	1	337.5	10	56	50	96	1	67.5
100	112	1	337.5	10	56	50	96	4	75
100	112	1	337.5	10	56	50	96	5	75
100	112	1	337.5	10	56	50	96	13	75
100	112	1	337.5	10	56	50	96	8	67.5
100	112	1	337.5	10	56	10	56	0	337.5
100	112	1	337.5	10	56	10	56	1	337.5
100	112	1	337.5	10	56	10	56	4	345
100	112	1	337.5	10	56	10	56	5	345
100	112	1	337.5	10	56	10	56	13	345
100	112	1	337.5	10	56	10	56	8	337.5
100	112	1	337.5	10	56	50	16	0	247.5
100	112	1	337.5	10	56	50	16	1	247.5
100	112	1	337.5	10	56	50	16	4	255
100	112	1	337.5	10	56	50	16	5	255
100	112	1	337.5	10	56	50	16	13	255
100	112	1	337.5	10	56	50	16	8	247.5
100	112	1	337.5	10	56	73	93	0	99.365977693603668
100	112	1	337.5	10	56	73	93	1	99.365977693603668
100	112	1	337.5	10	56	73	93	4	105
100	112	1	337.5	10	56	73	93	5	105
100	112	1	337.5	10	56	73	93	13	105
100	112	1	337.5	10	56	73	93	8	99.365977693603668
100	112	1	337.5	10	56	27	93	0	35.634022306396332
100	112	1	337.5	10	56	27	93	1	35.634022306396332
100	112	1	337.5	10	56	27	93	4	30
100	112	1	337.5	10	56	27	93	5	30
100	112	1	337.5	10	56	27	93	13	30
100	112	1	337.5	10	56	27	93	8	35.634022306396332
100	112	1	337.5	10	56	27	19	0	279.36597769360367
100	112	1	337.5	10	56	27	19	1	279.36597769360367
100	112	1	337.5	10	56	27	19	4	285
100	112	1	337.5	10	56	27	19	5	285
100	112	1	337.5	10	56	27	19	13	285
100	112	1	337.5	10	56	27	19	8	279.36597769360367
100	112	1	337.5	10	56	73	19	0	215.63402230639633
100	112	1	337.5	10	56	73	19	1	215.63402230639633
100	112	1	337.5	10	56	73	19	4	210
100	112	1	337.5	10	56	73	19	5	210
100	112	1	337.5	10	56	73	19	13	210
100	112	1	337.5	10	56	73	19	8	215.63402230639633
100	112	1	352.5	50	56	50	56	0	352.5
100	112	1	352.5	50	56	50	56	1	352.5
100	112	1	352.5	50	56	50	56	4	0
100	112	1	352.5	50	56	50	56	5	0
100	112	1	352.5	50	56	50	56	13	0
100	112	1	352.5	50	56	50	56	8	352.5
100	112	1	352.5	50	56	90	56	0	82.5
100	112	1	352.5	50	56	90	56	1	82.5
100	112	1	352.5	50	56	90	56	4	90
100	112	1	352.5	50	56	90	56	5	90
100	112	1	352.5	50	56	90	56	13	90
100	112	1	352.5	50	56	90	56	8	82.5
100	112	1	352.5	50	56	50	96	0	352.5
100	112	1	352.5	50	56	50	96	1	352.5
100	112	1	352.5	50	56	50	96	4	0
100	112	1	352.5	50	56	50	96	5	0
100	112	1	352.5	50	56	50	96	13	0
100	112	1	352.5	50	56	50	96	8	352.5
100	112	1	352.5	50	56	10	56	0	262.5
100	112	1	352.5	50	56	10	56	1	262.5
100	112	1	352.5	50	56	10	56	4	270
100	112	1	352.5	50	56	10	56	5	270
100	112	1	352.5	50	56	10	56	13	270
100	112	1	352.5	50	56	10	56	8	262.5
100	112	1	352.5	50	56	50	16	0	172.5
100	112	1	352.5	50	56	50	16	1	172.5
100	112	1	352.5	50	56	50	16	4	180
100	112	1	352.5	50	56	50	16	5	180
100	112	1	352.5	50	56	50	16	13	180
100	112	1	352.5	50	56	50	16	8	172.5
100	112	1	352.5	50	56	73	93	0	24.365977693603668
100	112	1	352.5	50	56	73	93	1	24.365977693603668
100	112	1	352.5	50	56	73	93	4	30
100	112	1	352.5	50	56	73	93	5	30
100	112	1	352.5	50	56	73	93	13	30
100	112	1	352.5	50	56	73	93	8	24.365977693603668
100	112	1	352.5	50	56	27	93	0	320.63402230639633
100	112	1	352.5	50	56	27	93	1	320.63402230639633
100	112	1	352.5	50	56	27	93	4	315
100	112	1	352.5	50	56	27	93	5	315
100	112	1	352.5	50	56	27	93	13	315
100	112	1	352.5	50	56	27	93	8	320.63402230639633
100	112	1	352.5	50	56	27	19	0	204.36597769360367
100	112	1	352.5	50	56	27	19	1	204.36597769360367
100	112	1	352.5	50	56	27	19	4	210
100	112	1	352.5	50	56	27	19	5	210
100	112	1	352.5	50	56	27	19	13	210
100	112	1	352.5	50	56	27	19	8	204.36597769360367
100	112	1	352.5	50	56	73	19	0	140.63402230639633
100	112	1	352.5	50	56	73	19	1	140.63402230639633
100	112	1	352.5	50	56	73	19	4	135
100	112	1	352.5	50	56	73	19	5	135
100	112	1	352.5	50	56	73	19	13	135
100	112	1	352.5	50	56	73	19	8	140.63402230639633
100	112	1	352.5	90	56	50	56	0	262.5
100	112	1	352.5	90	56	50	56	1	262.5
100	112	1	352.5	90	56	50	56	4	270
100	112	1	352.5	90	56	50	56	5	270
100	112	1	352.5	90	56	50	56	13	270
100	112	1	352.5	90	56	50	56	8	262.5
100	112	1	352.5	90	56	90	56	0	352.5
100	112	1	352.5	90	56	90	56	1	352.5
100	112	1	352.5	90	56	90	56	4	0
100	112	1	352.5	90	56	90	56	5	0
100	112	1	352.5	90	56	90	56	13	0
100	112	1	352.5	90	56	90	56	8	352.5
100	112	1	352.5	90	56	50	96	0	262.5
100	112	1	352.5	90	56	50	96	1	262.5
100	112	1	352.5	90	56	50	96	4	270
100	112	1	352.5	90	56	50	96	5	270
100	112	1	352.5	90	56	50	96	13	270
100	112	1	352.5	90	56	50	96	8	262.5
100	112	1	352.5	90	56	10	56	0	172.5
100	112	1	352.5	90	56	10	56	1	172.5
100	112	1	352.5	90	56	10	56	4	180
100	112	1	352.5	90	56	10	56	5	180
100	112	1	352.5	90	56	10	56	13	180
100	112	1	352.5	90	56	10	56	8	172.5
100	112	1	352.5	90	56	50	16	0	82.5
100	112	1	352.5	90	56	50	16	1	82.5
100	112	1	352.5	90	56	50	16	4	90
100	112	1	352.5	90	56	50	16	5	90
100	112	1	352.5	90	56	50	16	13	90
100	112	1	352.5	90	56	50	16	8	82.5
100	112	1	352.5	90	56	73	93	0	294.36597769360367
100	112	1	352.5	90	56	73	93	1	294.36597769360367
100	112	1	352.5	90	56	73	93	4	300
100	112	1	352.5	90	56	73	93	5	300
100	112	1	352.5	90	56	73	93	13	300
100	112	1	352.5	90	56	73	93	8	294.36597769360367
100	112	1	352.5	90	56	27	93	0	230.63402230639633
100	112	1	352.5	90	56	27	93	1	230.63402230639633
100	112	1	352.5	90	56	27	93	4	225
100	112	1	352.5	90	56	27	93	5	225
100	112	1	352.5	90	56	27	93	13	225
100	112	1	352.5	90	56	27	93	8	230.63402230639633
100	112	1	352.5	90	56	27	19	0	114.36597769360367
100	112	1	352.5	90	56	27	19	1	114.36597769360367
100	112	1	352.5	90	56	27	19	4	120
100	112	1	352.5	90	56	27	19	5	120
100	112	1	352.5	90	56	27	19	13	120
100	112	1	352.5	90	56	27	19	8	114.36597769360367
100	112	1	352.5	90	56	73	19	0	50.634022306396332
100	112	1	352.5	90	56	73	19	1	50.634022306396332
100	112	1	352.5	90	56	73	19	4	45
100	112	1	352.5	90	56	73	19	5	45
100	112	1	352.5	90	56	73	19	13	45
100	112	1	352.5	90	56	73	19	8	50.634022306396332
100	112	1	352.5	50	96	50	56	0	352.5
100	112	1	352.5	50	96	50	56	1	352.5
100	112	1	352.5	50	96	50	56	4	0
100	112	1	352.5	50	96	50	56	5	0
100	112	1	352.5	50	96	50	56	13	0
100	112	1	352.5	50	96	50	56	8	352.5
100	112	1	352.5	50	96	90	56	0	82.5
100	112	1	352.5	50	96	90	56	1	82.5
100	112	1	352.5	50	96	90	56	4	90
100	112	1	352.5	50	96	90	56	5	90
100	112	1	352.5	50	96	90	56	13	90
100	112	1	352.5	50	96	90	56	8	82.5
100	112	1	352.5	50	96	50	96	0	352.5
100	112	1	352.5	50	96	50	96	1	352.5
100	112	1	352.5	50	96	50	96	4	0
100	112	1	352.5	50	96	50	96	5	0
100	112	1	352.5	50	96	50	96	13	0
100	112	1	352.5	50	96	50	96	8	352.5
100	112	1	352.5	50	96	10	56	0	262.5
100	112	1	352.5	50	96	10	56	1	262.5
100	112	1	352.5	50	96	10	56	4	270
100	112	1	352.5	50	96	10	56	5	270
100	112	1	352.5	50	96	10	56	13	270
100	112	1	352.5	50	96	10	56	8	262.5
100	112	1	352.5	50	96	50	16	0	172.5
100	112	1	352.5	50	96	50	16	1	172.5
100	112	1	352.5	50	96	50	16	4	180
100	112	1	352.5	50	96	50	16	5	180
100	112	1	352.5	50	96	50	16	13	180
100	112	1	352.5	50	96	50	16	8	172.5
100	112	1	352.5	50	96	73	93	0	24.365977693603668
100	112	1	352.5	50	96	73	93	1	24.365977693603668
100	112	1	352.5	50	96	73	93	4	30
100	112	1	352.5	50	96	73	93	5	30
100	112	1	352.5	50	96	73	93	13	30
100	112	1	352.5	50	96	73	93	8	24.365977693603668
100	112	1	352.5	50	96	27	93	0	320.63402230639633
100	112	1	352.5	50	96	27	93	1	320.63402230639633
100	112	1	352.5	50	96	27	93	4	315
100	112	1	352.5	50	96	27	93	5	315
100	112	1	352.5	50	96	27	93	13	315
100	112	1	352.5	50	96	27	93	8	320.63402230639633
100	112	1	352.5	50	96	27	19	0	204.36597769360367
100	112	1	352.5	50	96	27	19	1	204.36597769360367
100	112	1	352.5	50	96	27	19	4	210
100	112	1	352.5	50	96	27	19	5	210
100	112	1	352.5	50	96	27	19	13	210
100	112	1	352.5	50	96	27	19	8	204.36597769360367
100	112	1	352.5	50	96	73	19	0	140.63402230639633
100	112	1	352.5	50	96	73	19	1	140.63402230639633
100	112	1	352.5	50	96	73	19	4	135
100	112	1	352.5	50	96	73	19	5	135
100	112	1	352.5	50	96	73	19	13	135
100	112	1	352.5	50	96	73	19	8	140.63402230639633
100	112	1	352.5	10	56	50	56	0	82.5
100	112	1	352.5	10	56	50	56	1	82.5
100	112	1	352.5	10	56	50	56	4	90
100	112	1	352.5	10	56	50	56	5	90
100	112	1	352.5	10	56	50	56	13	90
100	112	1	352.5	10	56	50	56	8	82.5
100	112	1	352.5	10	56	90	56	0	172.5
100	112	1	352.5	10	56	90	56	1	172.5
100	112	1	352.5	10	56	90	56	4	180
100	112	1	352.5	10	56	90	56	5	180
100	112	1	352.5	10	56	90	56	13	180
100	112	1	352.5	10	56	90	56	8	172.5
100	112	1	352.5	10	56	50	96	0	82.5
100	112	1	352.5	10	56	50	96	1	82.5
100	112	1	352.5	10	56	50	96	4	90
100	112	1	352.5	10	56	50	96	5	90
100	112	1	352.5	10	56	50	96	13	90
100	112	1	352.5	10	56	50	96	8	82.5
100	112	1	352.5	10	56	10	56	0	352.5
100	112	1	352.5	10	56	10	56	1	352.5
100	112	1	352.5	10	56	10	56	4	0
100	112	1	352.5	10	56	10	56	5	0
100	112	1	352.5	10	56	10	56	13	0
100	112	1	352.5	10	56	10	56	8	352.5
100	112	1	352.5	10	56	50	16	0	262.5
100	112	1	352.5	10	56	50	16	1	262.5
100	112	1	352.5	10	56	50	16	4	270
100	112	1	352.5	10	56	50	16	5	270
100	112	1	352.5	10	56	50	16	13	270
100	112	1	352.5	10	56	50	16	8	262.5
100	112	1	352.5	10	56	73	93	0	114.36597769360367
100	112	1	352.5	10	56	73	93	1	114.36597769360367
100	112	1	352.5	10	56	73	93	4	120
100	112	1	352.5	10	56	73	93	5	120
100	112	1	352.5	10	56	73	93	13	120
100	112	1	352.5	10	56	73	93	8	114.36597769360367
100	112	1	352.5	10	56	27	93	0	50.634022306396332
100	112	1	352.5	10	56	27	93	1	50.634022306396332
100	112	1	352.5	10	56	27	93	4	45
100	112	1	352.5	10	56	27	93	5	45
100	112	1	352.5	10	56	27	93	13	45
100	112	1	352.5	10	56	27	93	8	50.634022306396332
100	112	1	352.5	10	56	27	19	0	294.36597769360367
100	112	1	352.5	10	56	27	19	1	294.36597769360367
100	112	1	352.5	10	56	27	19	4	300
100	112	1	352.5	10	56	27	19	5	300
100	112	1	352.5	10	56	27	19	13	300
100	112	1	352.5	10	56	27	19	8	294.36597769360367
100	112	1	352.5	10	56	73	19	0	230.63402230639633
100	112	1	352.5	10	56	73	19	1	230.63402230639633
100	112	1	352.5	10	56	73	19	4	225
100	112	1	352.5	10	56	73	19	5	225
100	112	1	352.5	10	56	73	19	13	225
100	112	1	352.5	10	56	73	19	8	230.63402230639633
100	112	1	359.99900000000002	50	56	50	56	0	359.99900000000002
100	112	1	359.99900000000002	50	56	50	56	1	359.99900000000002
100	112	1	359.99900000000002	50	56	50	56	4	0
100	112	1	359.99900000000002	50	56	50	56	5	0
100	112	1	359.99900000000002	50	56	50	56	13	0
100	112	1	359.99900000000002	50	56	50	56	8	359.99900000000002
100	112	1	359.99900000000002	50	56	90	56	0	89.999000000000024
100	112	1	359.99900000000002	50	56	90	56	1	89.999000000000024
100	112	1	359.99900000000002	50	56	90	56	4	90
100	112	1	359.99900000000002	50	56	90	56	5	90
100	112	1	359.99900000000002	50	56	90	56	13	90
100	112	1	359.99900000000002	50	56	90	56	8	89.999000000000024
100	112	1	359.99900000000002	50	56	50	96	0	359.99900000000002
100	112	1	359.99900000000002	50	56	50	96	1	359.99900000000002
100	112	1	359.99900000000002	50	56	50	96	4	0
100	112	1	359.99900000000002	50	56	50	96	5	0
100	112	1	359.99900000000002	50	56	50	96	13	0
100	112	1	359.99900000000002	50	56	50	96	8	359.99900000000002
100	112	1	359.99900000000002	50	56	10	56	0	269.99900000000002
100	112	1	359.99900000000002	50	56	10	56	1	269.99900000000002
100	112	1	359.99900000000002	50	56	10	56	4	270
100	112	1	359.99900000000002	50	56	10	56	5	270
100	112	1	359.99900000000002	50	56	10	56	13	270
100	112	1	359.99900000000002	50	56	10	56	8	269.99900000000002
100	112	1	359.99900000000002	50	56	50	16	0	179.99900000000002
100	112	1	359.99900000000002	50	56	50	16	1	179.99900000000002
100	112	1	359.99900000000002	50	56	50	16	4	180
100	112	1	359.99900000000002	50	56	50	16	5	180
100	112	1	359.99900000000002	50	56	50	16	13	180
100	112	1	359.99900000000002	50	56	50	16	8	179.99900000000002
100	112	1	359.99900000000002	50	56	73	93	0	31.864977693603691
100	112	1	359.99900000000002	50	56	73	93	1	31.864977693603691
100	112	1	359.99900000000002	50	56	73	93	4	30
100	112	1	359.99900000000002	50	56	73	93	5	30
100	112	1	359.99900000000002	50	56	73	93	13	30
100	112	1	359.99900000000002	50	56	73	93	8	31.864977693603691
100	112	1	359.99900000000002	50	56	27	93	0	328.13302230639636
100	112	1	359.99900000000002	50	56	27	93	1	328.13302230639636
100	112	1	359.99900000000002	50	56	27	93	4	330
100	112	1	359.99900000000002	50	56	27	93	5	330
100	112	1	359.99900000000002	50	56	27	93	13	330
100	112	1	359.99900000000002	50	56	27	93	8	328.13302230639636
100	112	1	359.99900000000002	50	56	27	19	0	211.86497769360369
100	112	1	359.99900000000002	50	56	27	19	1	211.86497769360369
100	112	1	359.99900000000002	50	56	27	19	4	210
100	112	1	359.99900000000002	50	56	27	19	5	210
100	112	1	359.99900000000002	50	56	27	19	13	210
100	112	1	359.99900000000002	50	56	27	19	8	211.86497769360369
100	112	1	359.99900000000002	50	56	73	19	0	148.13302230639636
100	112	1	359.99900000000002	50	56	73	19	1	148.13302230639636
100	112	1	359.99900000000002	50	56	73	19	4	150
100	112	1	359.99900000000002	50	56	73	19	5	150
100	112	1	359.99900000000002	50	56	73	19	13	150
100	112	1	359.99900000000002	50	56	73	19	8	148.13302230639636
100	112	1	359.99900000000002	90	56	50	56	0	269.99900000000002
100	112	1	359.99900000000002	90	56	50	56	1	269.99900000000002
100	112	1	359.99900000000002	90	56	50	56	4	270
100	112	1	359.99900000000002	90	56	50	56	5	270
100	112	1	359.99900000000002	90	56	50	56	13	270
100	112	1	359.99900000000002	90	56	50	56	8	269.99900000000002
100	112	1	359.99900000000002	90	56	90	56	0	359.99900000000002
100	112	1	359.99900000000002	90	56	90	56	1	359.99900000000002
100	112	1	359.99900000000002	90	56	90	56	4	0
100	112	1	359.99900000000002	90	56	90	56	5	0
100	112	1	359.99900000000002	90	56	90	56	13	0
100	112	1	359.99900000000002	90	56	90	56	8	359.99900000000002
100	112	1	359.99900000000002	90	56	50	96	0	269.99900000000002
100	112	1	359.99900000000002	90	56	50	96	1	269.99900000000002
100	112	1	359.99900000000002	90	56	50	96	4	270
100	112	1	359.99900000000002	90	56	50	96	5	270
100	112	1	359.99900000000002	90	56	50	96	13	270
100	112	1	359.99900000000002	90	56	50	96	8	269.99900000000002
100	112	1	359.99900000000002	90	56	10	56	0	179.99900000000002
100	112	1	359.99900000000002	90	56	10	56	1	179.99900000000002
100	112	1	359.99900000000002	90	56	10	56	4	180
100	112	1	359.99900000000002	90	56	10	56	5	180
100	112	1	359.99900000000002	90	56	10	56	13	180
100	112	1	359.99900000000002	90	56	10	56	8	179.99900000000002
100	112	1	359.99900000000002	90	56	50	16	0	89.999000000000024
100	112	1	359.99900000000002	90	56	50	16	1	89.999000000000024
100	112	1	359.99900000000002	90	56	50	16	4	90
100	112	1	359.99900000000002	90	56	50	16	5	90
100	112	1	359.99900000000002	90	56	50	16	13	90
100	112	1	359.99900000000002	90	56	50	16	8	89.999000000000024
100	112	1	359.99900000000002	90	56	73	93	0	301.86497769360369
100	112	1	359.99900000000002	90	56	73	93	1	301.86497769360369
100	112	1	359.99900000000002	90	56	73	93	4	300
100	112	1	359.99900000000002	90	56	73	93	5	300
100	112	1	359.99900000000002	90	56	73	93	13	300
100	112	1	359.99900000000002	90	56	73	93	8	301.86497769360369
100	112	1	359.99900000000002	90	56	27	93	0	238.13302230639636
100	112	1	359.99900000000002	90	56	27	93	1	238.13302230639636
100	112	1	359.99900000000002	90	56	27	93	4	240
100	112	1	359.99900000000002	90	56	27	93	5	240
100	112	1	359.99900000000002	90	56	27	93	13	240
100	112	1	359.99900000000002	90	56	27	93	8	238.13302230639636
100	112	1	359.99900000000002	90	56	27	19	0	121.86497769360369
100	112	1	359.99900000000002	90	56	27	19	1	121.86497769360369
100	112	1	359.99900000000002	90	56	27	19	4	120
100	112	1	359.99900000000002	90	56	27	19	5	120
100	112	1	359.99900000000002	90	56	27	19	13	120
100	112	1	359.99900000000002	90	56	27	19	8	121.86497769360369
100	112	1	359.99900000000002	90	56	73	19	0	58.133022306396356
100	112	1	359.99900000000002	90	56	73	19	1	58.133022306396356
100	112	1	359.99900000000002	90	56	73	19	4	60
100	112	1	359.99900000000002	90	56	73	19	5	60
100	112	1	359.99900000000002	90	56	73	19	13	60
100	112	1	359.99900000000002	90	56	73	19	8	58.133022306396356
100	112	1	359.99900000000002	50	96	50	56	0	359.99900000000002
100	112	1	359.99900000000002	50	96	50	56	1	359.99900000000002
100	112	1	359.99900000000002	50	96	50	56	4	0
100	112	1	359.99900000000002	50	96	50	56	5	0
100	112	1	359.99900000000002	50	96	50	56	13	0
100	112	1	359.99900000000002	50	96	50	56	8	359.99900000000002
100	112	1	359.99900000000002	50	96	90	56	0	89.999000000000024
100	112	1	359.99900000000002	50	96	90	56	1	89.999000000000024
100	112	1	359.99900000000002	50	96	90	56	4	90
100	112	1	359.99900000000002	50	96	90	56	5	90
100	112	1	359.99900000000002	50	96	90	56	13	90
100	112	1	359.99900000000002	50	96	90	56	8	89.999000000000024
100	112	1	359.99900000000002	50	96	50	96	0	359.99900000000002
100	112	1	359.99900000000002	50	96	50	96	1	359.99900000000002
100	112	1	359.99900000000002	50	96	50	96	4	0
100	112	1	359.99900000000002	50	96	50	96	5	0
100	112	1	359.99900000000002	50	96	50	96	13	0
100	112	1	359.99900000000002	50	96	50	96	8	359.99900000000002
100	112	1	359.99900000000002	50	96	10	56	0	269.99900000000002
100	112	1	359.99900000000002	50	96	10	56	1	269.99900000000002
100	112	1	359.99900000000002	50	96	10	56	4	270
100	112	1	359.99900000000002	50	96	10	56	5	270
100	112	1	359.99900000000002	50	96	10	56	13	270
100	112	1	359.99900000000002	50	96	10	56	8	269.99900000000002
100	112	1	359.99900000000002	50	96	50	16	0	179.99900000000002
100	112	1	359.99900000000002	50	96	50	16	1	179.99900000000002
100	112	1	359.99900000000002	50	96	50	16	4	180
100	112	1	359.99900000000002	50	96	50	16	5	180
100	112	1	359.99900000000002	50	96	50	16	13	180
100	112	1	359.99900000000002	50	96	50	16	8	179.99900000000002
100	112	1	359.99900000000002	50	96	73	93	0	31.864977693603691
100	112	1	359.99900000000002	50	96	73	93	1	31.864977693603691
100	112	1	359.99900000000002	50	96	73	93	4	30
100	112	1	359.99900000000002	50	96	73	93	5	30
100	112	1	359.99900000000002	50	96	73	93	13	30
100	112	1	359.99900000000002	50	96	73	93	8	31.864977693603691
100	112	1	359.99900000000002	50	96	27	93	0	328.13302230639636
100	112	1	359.99900000000002	50	96	27	93	1	328.13302230639636
100	112	1	359.99900000000002	50	96	27	93	4	330
100	112	1	359.99900000000002	50	96	27	93	5	330
100	112	1	359.99900000000002	50	96	27	93	13	330
100	112	1	359.99900000000002	50	96	27	93	8	328.13302230639636
100	112	1	359.99900000000002	50	96	27	19	0	211.86497769360369
100	112	1	359.99900000000002	50	96	27	19	1	211.86497769360369
100	112	1	359.99900000000002	50	96	27	19	4	210
100	112	1	359.99900000000002	50	96	27	19	5	210
100	112	1	359.99900000000002	50	96	27	19	13	210
100	112	1	359.99900000000002	50	96	27	19	8	211.86497769360369
100	112	1	359.99900000000002	50	96	73	19	0	148.13302230639636
100	112	1	359.99900000000002	50	96	73	19	1	148.13302230639636
100	112	1	359.99900000000002	50	96	73	19	4	150
100	112	1	359.99900000000002	50	96	73	19	5	150
100	112	1	359.99900000000002	50	96	73	19	13	150
100	112	1	359.99900000000002	50	96	73	19	8	148.13302230639636
100	112	1	359.99900000000002	10	56	50	56	0	89.999000000000024
100	112	1	359.99900000000002	10	56	50	56	1	89.999000000000024
100	112	1	359.99900000000002	10	56	50	56	4	90
100	112	1	359.99900000000002	10	56	50	56	5	90
100	112	1	359.99900000000002	10	56	50	56	13	90
100	112	1	359.99900000000002	10	56	50	56	8	89.999000000000024
100	112	1	359.99900000000002	10	56	90	56	0	179.99900000000002
100	112	1	359.99900000000002	10	56	90	56	1	179.99900000000002
100	112	1	359.99900000000002	10	56	90	56	4	180
100	112	1	359.99900000000002	10	56	90	56	5	180
100	112	1	359.99900000000002	10	56	90	56	13	180
100	112	1	359.99900000000002	10	56	90	56	8	179.99900000000002
100	112	1	359.99900000000002	10	56	50	96	0	89.999000000000024
100	112	1	359.99900000000002	10	56	50	96	1	89.999000000000024
100	112	1	359.99900000000002	10	56	50	96	4	90
100	112	1	359.99900000000002	10	56	50	96	5	90
100	112	1	359.99900000000002	10	56	50	96	13	90
100	112	1	359.99900000000002	10	56	50	96	8	89.999000000000024
100	112	1	359.99900000000002	10	56	10	56	0	359.99900000000002
100	112	1	359.99900000000002	10	56	10	56	1	359.99900000000002
100	112	1	359.99900000000002	10	56	10	56	4	0
100	112	1	359.99900000000002	10	56	10	56	5	0
100	112	1	359.99900000000002	10	56	10	56	13	0
100	112	1	359.99900000000002	10	56	10	56	8	359.99900000000002
100	112	1	359.99900000000002	10	56	50	16	0	269.99900000000002
100	112	1	359.99900000000002	10	56	50	16	1	269.99900000000002
100	112	1	359.99900000000002	10	56	50	16	4	270
100	112	1	359.99900000000002	10	56	50	16	5	270
100	112	1	359.99900000000002	10	56	50	16	13	270
100	112	1	359.99900000000002	10	56	50	16	8	269.99900000000002
100	112	1	359.99900000000002	10	56	73	93	0	121.86497769360369
100	112	1	359.99900000000002	10	56	73	93	1	121.86497769360369
100	112	1	359.99900000000002	10	56	73	93	4	120
100	112	1	359.99900000000002	10	56	73	93	5	120
100	112	1	359.99900000000002	10	56	73	93	13	120
100	112	1	359.99900000000002	10	56	73	93	8	121.86497769360369
100	112	1	359.99900000000002	10	56	27	93	0	58.133022306396356
100	112	1	359.99900000000002	10	56	27	93	1	58.133022306396356
100	112	1	359.99900000000002	10	56	27	93	4	60
100	112	1	359.99900000000002	10	56	27	93	5	60
100	112	1	359.99900000000002	10	56	27	93	13	60
100	112	1	359.99900000000002	10	56	27	93	8	58.133022306396356
100	112	1	359.99900000000002	10	56	27	19	0	301.86497769360369
100	112	1	359.99900000000002	10	56	27	19	1	301.86497769360369
100	112	1	359.99900000000002	10	56	27	19	4	300
100	112	1	359.99900000000002	10	56	27	19	5	300
100	112	1	359.99900000000002	10	56	27	19	13	300
100	112	1	359.99900000000002	10	56	27	19	8	301.86497769360369
100	112	1	359.99900000000002	10	56	73	19	0	238.13302230639636
100	112	1	359.99900000000002	10	56	73	19	1	238.13302230639636
100	112	1	359.99900000000002	10	56	73	19	4	240
100	112	1	359.99900000000002	10	56	73	19	5	240
100	112	1	359.99900000000002	10	56	73	19	13	240
100	112	1	359.99900000000002	10	56	73	19	8	238.13302230639636
101	113	0	0	50	56	50	56	0	0
101	113	0	0	50	56	50	56	1	0
101	113	0	0	50	56	50	56	4	0
101	113	0	0	50	56	50	56	5	0
101	113	0	0	50	56	50	56	13	0
101	113	0	0	50	56	50	56	8	0
101	113	0	0	50	56	90	56	0	270
101	113	0	0	50	56	90	56	1	270
101	113	0	0	50	56	90	56	4	270
101	113	0	0	50	56	90	56	5	270
101	113	0	0	50	56	90	56	13	270
101	113	0	0	50	56	90	56	8	270
101	113	0	0	50	56	50	96	0	0
101	113	0	0	50	56	50	96	1	0
101	113	0	0	50	56	50	96	4	0
101	113	0	0	50	56	50	96	5	0
101	113	0	0	50	56	50	96	13	0
101	113	0	0	50	56	50	96	8	0
101	113	0	0	50	56	10	56	0	90
101	113	0	0	50	56	10	56	1	90
101	113	0	0	50	56	10	56	4	90
101	113	0	0	50	56	10	56	5	90
101	113	0	0	50	56	10	56	13	90
101	113	0	0	50	56	10	56	8	90
101	113	0	0	50	56	50	16	0	180
101	113	0	0	50	56	50	16	1	180
101	113	0	0	50	56	50	16	4	180
101	113	0	0	50	56	50	16	5	180
101	113	0	0	50	56	50	16	13	180
101	113	0	0	50	56	50	16	8	180
101	113	0	0	50	56	73	93	0	328.13402230639633
101	113	0	0	50	56	73	93	1	328.13402230639633
101	113	0	0	50	56	73	93	4	330
101	113	0	0	50	56	73	93	5	330
101	113	0	0	50	56	73	93	13	330
101	113	0	0	50	56	73	93	8	328.13402230639633
101	113	0	0	50	56	27	93	0	31.865977693603668
101	113	0	0	50	56	27	93	1	31.865977693603668
101	113	0	0	50	56	27	93	4	30
101	113	0	0	50	56	27	93	5	30
101	113	0	0	50	56	27	93	13	30
101	113	0	0	50	56	27	93	8	31.865977693603668
101	113	0	0	50	56	27	19	0	148.13402230639633
101	113	0	0	50	56	27	19	1	148.13402230639633
101	113	0	0	50	56	27	19	4	150
101	113	0	0	50	56	27	19	5	150
101	113	0	0	50	56	27	19	13	150
101	113	0	0	50	56	27	19	8	148.13402230639633
101	113	0	0	50	56	73	19	0	211.86597769360367
101	113	0	0	50	56	73	19	1	211.86597769360367
101	113	0	0	50	56	73	19	4	210
101	113	0	0	50	56	73	19	5	210
101	113	0	0	50	56	73	19	13	210
101	113	0	0	50	56	73	19	8	211.86597769360367
101	113	0	0	90	56	50	56	0	90
101	113	0	0	90	56	50	56	1	90
101	113	0	0	90	56	50	56	4	90
101	113	0	0	90	56	50	56	5	90
101	113	0	0	90	56	50	56	13	90
101	113	0	0	90	56	50	56	8	90
101	113	0	0	90	56	90	56	0	0
101	113	0	0	90	56	90	56	1	0
101	113	0	0	90	56	90	56	4	0
101	113	0	0	90	56	90	56	5	0
101	113	0	0	90	56	90	56	13	0
101	113	0	0	90	56	90	56	8	0
101	113	0	0	90	56	50	96	0	90
101	113	0	0	90	56	50	96	1	90
101	113	0	0	90	56	50	96	4	90
101	113	0	0	90	56	50	96	5	90
101	113	0	0	90	56	50	96	13	90
101	113	0	0	90	56	50	96	8	90
101	113	0	0	90	56	10	56	0	180
101	113	0	0	90	56	10	56	1	180
101	113	0	0	90	56	10	56	4	180
101	113	0	0	90	56	10	56	5	180
101	113	0	0	90	56	10	56	13	180
101	113	0	0	90	56	10	56	8	180
101	113	0	0	90	56	50	16	0	270
101	113	0	0	90	56	50	16	1	270
101	113	0	0	90	56	50	16	4	270
101	113	0	0	90	56	50	16	5	270
101	113	0	0	90	56	50	16	13	270
101	113	0	0	90	56	50	16	8	270
101	113	0	0	90	56	73	93	0	58.134022306396332
101	113	0	0	90	56	73	93	1	58.134022306396332
101	113	0	0	90	56	73	93	4	60
101	113	0	0	90	56	73	93	5	60
101	113	0	0	90	56	73	93	13	60
101	113	0	0	90	56	73	93	8	58.134022306396332
101	113	0	0	90	56	27	93	0	121.86597769360367
101	113	0	0	90	56	27	93	1	121.86597769360367
101	113	0	0	90	56	27	93	4	120
101	113	0	0	90	56	27	93	5	120
101	113	0	0	90	56	27	93	13	120
101	113	0	0	90	56	27	93	8	121.86597769360367
101	113	0	0	90	56	27	19	0	238.13402230639633
101	113	0	0	90	56	27	19	1	238.13402230639633
101	113	0	0	90	56	27	19	4	240
101	113	0	0	90	56	27	19	5	240
101	113	0	0	90	56	27	19	13	240
101	113	0	0	90	56	27	19	8	238.13402230639633
101	113	0	0	90	56	73	19	0	301.86597769360367
101	113	0	0	90	56	73	19	1	301.86597769360367
101	113	0	0	90	56	73	19	4	300
101	113	0	0	90	56	73	19	5	300
101	113	0	0	90	56	73	19	13	300
101	113	0	0	90	56	73	19	8	301.86597769360367
101	113	0	0	50	96	50	56	0	0
101	113	0	0	50	96	50	56	1	0
101	113	0	0	50	96	50	56	4	0
101	113	0	0	50	96	50	56	5	0
101	113	0	0	50	96	50	56	13	0
101	113	0	0	50	96	50	56	8	0
101	113	0	0	50	96	90	56	0	270
101	113	0	0	50	96	90	56	1	270
101	113	0	0	50	96	90	56	4	270
101	113	0	0	50	96	90	56	5	270
101	113	0	0	50	96	90	56	13	270
101	113	0	0	50	96	90	56	8	270
101	113	0	0	50	96	50	96	0	0
101	113	0	0	50	96	50	96	1	0
101	113	0	0	50	96	50	96	4	0
101	113	0	0	50	96	50	96	5	0
101	113	0	0	50	96	50	96	13	0
101	113	0	0	50	96	50	96	8	0
101	113	0	0	50	96	10	56	0	90
101	113	0	0	50	96	10	56	1	90
101	113	0	0	50	96	10	56	4	90
101	113	0	0	50	96	10	56	5	90
101	113	0	0	50	96	10	56	13	90
101	113	0	0	50	96	10	56	8	90
101	113	0	0	50	96	50	16	0	180
101	113	0	0	50	96	50	16	1	180
101	113	0	0	50	96	50	16	4	180
101	113	0	0	50	96	50	16	5	180
101	113	0	0	50	96	50	16	13	180
101	113	0	0	50	96	50	16	8	180
101	113	0	0	50	96	73	93	0	328.13402230639633
101	113	0	0	50	96	73	93	1	328.13402230639633
101	113	0	0	50	96	73	93	4	330
101	113	0	0	50	96	73	93	5	330
101	113	0	0	50	96	73	93	13	330
101	113	0	0	50	96	73	93	8	328.13402230639633
101	113	0	0	50	96	27	93	0	31.865977693603668
101	113	0	0	50	96	27	93	1	31.865977693603668
101	113	0	0	50	96	27	93	4	30
101	113	0	0	50	96	27	93	5	30
101	113	0	0	50	96	27	93	13	30
101	113	0	0	50	96	27	93	8	31.865977693603668
101	113	0	0	50	96	27	19	0	148.13402230639633
101	113	0	0	50	96	27	19	1	148.13402230639633
101	113	0	0	50	96	27	19	4	150
101	113	0	0	50	96	27	19	5	150
101	113	0	0	50	96	27	19	13	150
101	113	0	0	50	96	27	19	8	148.13402230639633
101	113	0	0	50	96	73	19	0	211.86597769360367
101	113	0	0	50	96	73	19	1	211.86597769360367
101	113	0	0	50	96	73	19	4	210
101	113	0	0	50	96	73	19	5	210
101	113	0	0	50	96	73	19	13	210
101	113	0	0	50	96	73	19	8	211.86597769360367
101	113	0	0	10	56	50	56	0	270
101	113	0	0	10	56	50	56	1	270
101	113	0	0	10	56	50	56	4	270
101	113	0	0	10	56	50	56	5	270
101	113	0	0	10	56	50	56	13	270
101	113	0	0	10	56	50	56	8	270
101	113	0	0	10	56	90	56	0	180
101	113	0	0	10	56	90	56	1	180
101	113	0	0	10	56	90	56	4	180
101	113	0	0	10	56	90	56	5	180
101	113	0	0	10	56	90	56	13	180
101	113	0	0	10	56	90	56	8	180
101	113	0	0	10	56	50	96	0	270
101	113	0	0	10	56	50	96	1	270
101	113	0	0	10	56	50	96	4	270
101	113	0	0	10	56	50	96	5	270
101	113	0	0	10	56	50	96	13	270
101	113	0	0	10	56	50	96	8	270
101	113	0	0	10	56	10	56	0	0
101	113	0	0	10	56	10	56	1	0
101	113	0	0	10	56	10	56	4	0
101	113	0	0	10	56	10	56	5	0
101	113	0	0	10	56	10	56	13	0
101	113	0	0	10	56	10	56	8	0
101	113	0	0	10	56	50	16	0	90
101	113	0	0	10	56	50	16	1	90
101	113	0	0	10	56	50	16	4	90
101	113	0	0	10	56	50	16	5	90
101	113	0	0	10	56	50	16	13	90
101	113	0	0	10	56	50	16	8	90
101	113	0	0	10	56	73	93	0	238.13402230639633
101	113	0	0	10	56	73	93	1	238.13402230639633
101	113	0	0	10	56	73	93	4	240
101	113	0	0	10	56	73	93	5	240
101	113	0	0	10	56	73	93	13	240
101	113	0	0	10	56	73	93	8	238.13402230639633
101	113	0	0	10	56	27	93	0	301.86597769360367
101	113	0	0	10	56	27	93	1	301.86597769360367
101	113	0	0	10	56	27	93	4	300
101	113	0	0	10	56	27	93	5	300
101	113	0	0	10	56	27	93	13	300
101	113	0	0	10	56	27	93	8	301.86597769360367
101	113	0	0	10	56	27	19	0	58.134022306396332
101	113	0	0	10	56	27	19	1	58.134022306396332
101	113	0	0	10	56	27	19	4	60
101	113	0	0	10	56	27	19	5	60
101	113	0	0	10	56	27	19	13	60
101	113	0	0	10	56	27	19	8	58.134022306396332
101	113	0	0	10	56	73	19	0	121.86597769360367
101	113	0	0	10	56	73	19	1	121.86597769360367
101	113	0	0	10	56	73	19	4	120
101	113	0	0	10	56	73	19	5	120
101	113	0	0	10	56	73	19	13	120
101	113	0	0	10	56	73	19	8	121.86597769360367
101	113	0	7.5	50	56	50	56	0	7.5
101	113	0	7.5	50	56	50	56	1	7.5
101	113	0	7.5	50	56	50	56	4	15
101	113	0	7.5	50	56	50	56	5	15
101	113	0	7.5	50	56	50	56	13	15
101	113	0	7.5	50	56	50	56	8	7.5
101	113	0	7.5	50	56	90	56	0	277.5
101	113	0	7.5	50	56	90	56	1	277.5
101	113	0	7.5	50	56	90	56	4	285
101	113	0	7.5	50	56	90	56	5	285
101	113	0	7.5	50	56	90	56	13	285
101	113	0	7.5	50	56	90	56	8	277.5
101	113	0	7.5	50	56	50	96	0	7.5
101	113	0	7.5	50	56	50	96	1	7.5
101	113	0	7.5	50	56	50	96	4	15
101	113	0	7.5	50	56	50	96	5	15
101	113	0	7.5	50	56	50	96	13	15
101	113	0	7.5	50	56	50	96	8	7.5
101	113	0	7.5	50	56	10	56	0	97.5
101	113	0	7.5	50	56	10	56	1	97.5
101	113	0	7.5	50	56	10	56	4	105
101	113	0	7.5	50	56	10	56	5	105
101	113	0	7.5	50	56	10	56	13	105
101	113	0	7.5	50	56	10	56	8	97.5
101	113	0	7.5	50	56	50	16	0	187.5
101	113	0	7.5	50	56	50	16	1	187.5
101	113	0	7.5	50	56	50	16	4	195
101	113	0	7.5	50	56	50	16	5	195
101	113	0	7.5	50	56	50	16	13	195
101	113	0	7.5	50	56	50	16	8	187.5
101	113	0	7.5	50	56	73	93	0	335.63402230639633
101	113	0	7.5	50	56	73	93	1	335.63402230639633
101	113	0	7.5	50	56	73	93	4	330
101	113	0	7.5	50	56	73	93	5	330
101	113	0	7.5	50	56	73	93	13	330
101	113	0	7.5	50	56	73	93	8	335.63402230639633
101	113	0	7.5	50	56	27	93	0	39.365977693603668
101	113	0	7.5	50	56	27	93	1	39.365977693603668
101	113	0	7.5	50	56	27	93	4	45
101	113	0	7.5	50	56	27	93	5	45
101	113	0	7.5	50	56	27	93	13	45
101	113	0	7.5	50	56	27	93	8	39.365977693603668
101	113	0	7.5	50	56	27	19	0	155.63402230639633
101	113	0	7.5	50	56	27	19	1	155.63402230639633
101	113	0	7.5	50	56	27	19	4	150
101	113	0	7.5	50	56	27	19	5	150
101	113	0	7.5	50	56	27	19	13	150
101	113	0	7.5	50	56	27	19	8	155.63402230639633
101	113	0	7.5	50	56	73	19	0	219.36597769360367
101	113	0	7.5	50	56	73	19	1	219.36597769360367
101	113	0	7.5	50	56	73	19	4	225
101	113	0	7.5	50	56	73	19	5	225
101	113	0	7.5	50	56	73	19	13	225
101	113	0	7.5	50	56	73	19	8	219.36597769360367
101	113	0	7.5	90	56	50	56	0	97.5
101	113	0	7.5	90	56	50	56	1	97.5
101	113	0	7.5	90	56	50	56	4	105
101	113	0	7.5	90	56	50	56	5	105
101	113	0	7.5	90	56	50	56	13	105
101	113	0	7.5	90	56	50	56	8	97.5
101	113	0	7.5	90	56	90	56	0	7.5
101	113	0	7.5	90	56	90	56	1	7.5
101	113	0	7.5	90	56	90	56	4	15
101	113	0	7.5	90	56	90	56	5	15
101	113	0	7.5	90	56	90	56	13	15
101	113	0	7.5	90	56	90	56	8	7.5
101	113	0	7.5	90	56	50	96	0	97.5
101	113	0	7.5	90	56	50	96	1	97.5
101	113	0	7.5	90	56	50	96	4	105
101	113	0	7.5	90	56	50	96	5	105
101	113	0	7.5	90	56	50	96	13	105
101	113	0	7.5	90	56	50	96	8	97.5
101	113	0	7.5	90	56	10	56	0	187.5
101	113	0	7.5	90	56	10	56	1	187.5
101	113	0	7.5	90	56	10	56	4	195
101	113	0	7.5	90	56	10	56	5	195
101	113	0	7.5	90	56	10	56	13	195
101	113	0	7.5	90	56	10	56	8	187.5
101	113	0	7.5	90	56	50	16	0	277.5
101	113	0	7.5	90	56	50	16	1	277.5
101	113	0	7.5	90	56	50	16	4	285
101	113	0	7.5	90	56	50	16	5	285
101	113	0	7.5	90	56	50	16	13	285
101	113	0	7.5	90	56	50	16	8	277.5
101	113	0	7.5	90	56	73	93	0	65.634022306396332
101	113	0	7.5	90	56	73	93	1	65.634022306396332
101	113	0	7.5	90	56	73	93	4	60
101	113	0	7.5	90	56	73	93	5	60
101	113	0	7.5	90	56	73	93	13	60
101	113	0	7.5	90	56	73	93	8	65.634022306396332
101	113	0	7.5	90	56	27	93	0	129.36597769360367
101	113	0	7.5	90	56	27	93	1	129.36597769360367
101	113	0	7.5	90	56	27	93	4	135
101	113	0	7.5	90	56	27	93	5	135
101	113	0	7.5	90	56	27	93	13	135
101	113	0	7.5	90	56	27	93	8	129.36597769360367
101	113	0	7.5	90	56	27	19	0	245.63402230639633
101	113	0	7.5	90	56	27	19	1	245.63402230639633
101	113	0	7.5	90	56	27	19	4	240
101	113	0	7.5	90	56	27	19	5	240
101	113	0	7.5	90	56	27	19	13	240
101	113	0	7.5	90	56	27	19	8	245.63402230639633
101	113	0	7.5	90	56	73	19	0	309.36597769360367
101	113	0	7.5	90	56	73	19	1	309.36597769360367
101	113	0	7.5	90	56	73	19	4	315
101	113	0	7.5	90	56	73	19	5	315
101	113	0	7.5	90	56	73	19	13	315
101	113	0	7.5	90	56	73	19	8	309.36597769360367
101	113	0	7.5	50	96	50	56	0	7.5
101	113	0	7.5	50	96	50	56	1	7.5
101	113	0	7.5	50	96	50	56	4	15
101	113	0	7.5	50	96	50	56	5	15
101	113	0	7.5	50	96	50	56	13	15
101	113	0	7.5	50	96	50	56	8	7.5
101	113	0	7.5	50	96	90	56	0	277.5
101	113	0	7.5	50	96	90	56	1	277.5
101	113	0	7.5	50	96	90	56	4	285
101	113	0	7.5	50	96	90	56	5	285
101	113	0	7.5	50	96	90	56	13	285
101	113	0	7.5	50	96	90	56	8	277.5
101	113	0	7.5	50	96	50	96	0	7.5
101	113	0	7.5	50	96	50	96	1	7.5
101	113	0	7.5	50	96	50	96	4	15
101	113	0	7.5	50	96	50	96	5	15
101	113	0	7.5	50	96	50	96	13	15
101	113	0	7.5	50	96	50	96	8	7.5
101	113	0	7.5	50	96	10	56	0	97.5
101	113	0	7.5	50	96	10	56	1	97.5
101	113	0	7.5	50	96	10	56	4	105
101	113	0	7.5	50	96	10	56	5	105
101	113	0	7.5	50	96	10	56	13	105
101	113	0	7.5	50	96	10	56	8	97.5
101	113	0	7.5	50	96	50	16	0	187.5
101	113	0	7.5	50	96	50	16	1	187.5
101	113	0	7.5	50	96	50	16	4	195
101	113	0	7.5	50	96	50	16	5	195
101	113	0	7.5	50	96	50	16	13	195
101	113	0	7.5	50	96	50	16	8	187.5
101	113	0	7.5	50	96	73	93	0	335.63402230639633
101	113	0	7.5	50	96	73	93	1	335.63402230639633
101	113	0	7.5	50	96	73	93	4	330
101	113	0	7.5	50	96	73	93	5	330
101	113	0	7.5	50	96	73	93	13	330
101	113	0	7.5	50	96	73	93	8	335.63402230639633
101	113	0	7.5	50	96	27	93	0	39.365977693603668
101	113	0	7.5	50	96	27	93	1	39.365977693603668
101	113	0	7.5	50	96	27	93	4	45
101	113	0	7.5	50	96	27	93	5	45
101	113	0	7.5	50	96	27	93	13	45
101	113	0	7.5	50	96	27	93	8	39.365977693603668
101	113	0	7.5	50	96	27	19	0	155.63402230639633
101	113	0	7.5	50	96	27	19	1	155.63402230639633
101	113	0	7.5	50	96	27	19	4	150
101	113	0	7.5	50	96	27	19	5	150
101	113	0	7.5	50	96	27	19	13	150
101	113	0	7.5	50	96	27	19	8	155.63402230639633
101	113	0	7.5	50	96	73	19	0	219.36597769360367
101	113	0	7.5	50	96	73	19	1	219.36597769360367
101	113	0	7.5	50	96	73	19	4	225
101	113	0	7.5	50	96	73	19	5	225
101	113	0	7.5	50	96	73	19	13	225
101	113	0	7.5	50	96	73	19	8	219.36597769360367
101	113	0	7.5	10	56	50	56	0	277.5
101	113	0	7.5	10	56	50	56	1	277.5
101	113	0	7.5	10	56	50	56	4	285
101	113	0	7.5	10	56	50	56	5	285
101	113	0	7.5	10	56	50	56	13	285
101	113	0	7.5	10	56	50	56	8	277.5
101	113	0	7.5	10	56	90	56	0	187.5
101	113	0	7.5	10	56	90	56	1	187.5
101	113	0	7.5	10	56	90	56	4	195
101	113	0	7.5	10	56	90	56	5	195
101	113	0	7.5	10	56	90	56	13	195
101	113	0	7.5	10	56	90	56	8	187.5
101	113	0	7.5	10	56	50	96	0	277.5
101	113	0	7.5	10	56	50	96	1	277.5
101	113	0	7.5	10	56	50	96	4	285
101	113	0	7.5	10	56	50	96	5	285
101	113	0	7.5	10	56	50	96	13	285
101	113	0	7.5	10	56	50	96	8	277.5
101	113	0	7.5	10	56	10	56	0	7.5
101	113	0	7.5	10	56	10	56	1	7.5
101	113	0	7.5	10	56	10	56	4	15
101	113	0	7.5	10	56	10	56	5	15
101	113	0	7.5	10	56	10	56	13	15
101	113	0	7.5	10	56	10	56	8	7.5
101	113	0	7.5	10	56	50	16	0	97.5
101	113	0	7.5	10	56	50	16	1	97.5
101	113	0	7.5	10	56	50	16	4	105
101	113	0	7.5	10	56	50	16	5	105
101	113	0	7.5	10	56	50	16	13	105
101	113	0	7.5	10	56	50	16	8	97.5
101	113	0	7.5	10	56	73	93	0	245.63402230639633
101	113	0	7.5	10	56	73	93	1	245.63402230639633
101	113	0	7.5	10	56	73	93	4	240
101	113	0	7.5	10	56	73	93	5	240
101	113	0	7.5	10	56	73	93	13	240
101	113	0	7.5	10	56	73	93	8	245.63402230639633
101	113	0	7.5	10	56	27	93	0	309.36597769360367
101	113	0	7.5	10	56	27	93	1	309.36597769360367
101	113	0	7.5	10	56	27	93	4	315
101	113	0	7.5	10	56	27	93	5	315
101	113	0	7.5	10	56	27	93	13	315
101	113	0	7.5	10	56	27	93	8	309.36597769360367
101	113	0	7.5	10	56	27	19	0	65.634022306396332
101	113	0	7.5	10	56	27	19	1	65.634022306396332
101	113	0	7.5	10	56	27	19	4	60
101	113	0	7.5	10	56	27	19	5	60
101	113	0	7.5	10	56	27	19	13	60
101	113	0	7.5	10	56	27	19	8	65.634022306396332
101	113	0	7.5	10	56	73	19	0	129.36597769360367
101	113	0	7.5	10	56	73	19	1	129.36597769360367
101	113	0	7.5	10	56	73	19	4	135
101	113	0	7.5	10	56	73	19	5	135
101	113	0	7.5	10	56	73	19	13	135
101	113	0	7.5	10	56	73	19	8	129.36597769360367
101	113	0	22.5	50	56	50	56	0	22.5
101	113	0	22.5	50	56	50	56	1	22.5
101	113	0	22.5	50	56	50	56	4	30
101	113	0	22.5	50	56	50	56	5	30
101	113	0	22.5	50	56	50	56	13	30
101	113	0	22.5	50	56	50	56	8	22.5
101	113	0	22.5	50	56	90	56	0	292.5
101	113	0	22.5	50	56	90	56	1	292.5
101	113	0	22.5	50	56	90	56	4	300
101	113	0	22.5	50	56	90	56	5	300
101	113	0	22.5	50	56	90	56	13	300
101	113	0	22.5	50	56	90	56	8	292.5
101	113	0	22.5	50	56	50	96	0	22.5
101	113	0	22.5	50	56	50	96	1	22.5
101	113	0	22.5	50	56	50	96	4	30
101	113	0	22.5	50	56	50	96	5	30
101	113	0	22.5	50	56	50	96	13	30
101	113	0	22.5	50	56	50	96	8	22.5
101	113	0	22.5	50	56	10	56	0	112.5
101	113	0	22.5	50	56	10	56	1	112.5
101	113	0	22.5	50	56	10	56	4	120
101	113	0	22.5	50	56	10	56	5	120
101	113	0	22.5	50	56	10	56	13	120
101	113	0	22.5	50	56	10	56	8	112.5
101	113	0	22.5	50	56	50	16	0	202.5
101	113	0	22.5	50	56	50	16	1	202.5
101	113	0	22.5	50	56	50	16	4	210
101	113	0	22.5	50	56	50	16	5	210
101	113	0	22.5	50	56	50	16	13	210
101	113	0	22.5	50	56	50	16	8	202.5
101	113	0	22.5	50	56	73	93	0	350.63402230639633
101	113	0	22.5	50	56	73	93	1	350.63402230639633
101	113	0	22.5	50	56	73	93	4	345
101	113	0	22.5	50	56	73	93	5	345
101	113	0	22.5	50	56	73	93	13	345
101	113	0	22.5	50	56	73	93	8	350.63402230639633
101	113	0	22.5	50	56	27	93	0	54.365977693603668
101	113	0	22.5	50	56	27	93	1	54.365977693603668
101	113	0	22.5	50	56	27	93	4	60
101	113	0	22.5	50	56	27	93	5	60
101	113	0	22.5	50	56	27	93	13	60
101	113	0	22.5	50	56	27	93	8	54.365977693603668
101	113	0	22.5	50	56	27	19	0	170.63402230639633
101	113	0	22.5	50	56	27	19	1	170.63402230639633
101	113	0	22.5	50	56	27	19	4	165
101	113	0	22.5	50	56	27	19	5	165
101	113	0	22.5	50	56	27	19	13	165
101	113	0	22.5	50	56	27	19	8	170.63402230639633
101	113	0	22.5	50	56	73	19	0	234.36597769360367
101	113	0	22.5	50	56	73	19	1	234.36597769360367
101	113	0	22.5	50	56	73	19	4	240
101	113	0	22.5	50	56	73	19	5	240
101	113	0	22.5	50	56	73	19	13	240
101	113	0	22.5	50	56	73	19	8	234.36597769360367
101	113	0	22.5	90	56	50	56	0	112.5
101	113	0	22.5	90	56	50	56	1	112.5
101	113	0	22.5	90	56	50	56	4	120
101	113	0	22.5	90	56	50	56	5	120
101	113	0	22.5	90	56	50	56	13	120
101	113	0	22.5	90	56	50	56	8	112.5
101	113	0	22.5	90	56	90	56	0	22.5
101	113	0	22.5	90	56	90	56	1	22.5
101	113	0	22.5	90	56	90	56	4	30
101	113	0	22.5	90	56	90	56	5	30
101	113	0	22.5	90	56	90	56	13	30
101	113	0	22.5	90	56	90	56	8	22.5
101	113	0	22.5	90	56	50	96	0	112.5
101	113	0	22.5	90	56	50	96	1	112.5
101	113	0	22.5	90	56	50	96	4	120
101	113	0	22.5	90	56	50	96	5	120
101	113	0	22.5	90	56	50	96	13	120
101	113	0	22.5	90	56	50	96	8	112.5
101	113	0	22.5	90	56	10	56	0	202.5
101	113	0	22.5	90	56	10	56	1	202.5
101	113	0	22.5	90	56	10	56	4	210
101	113	0	22.5	90	56	10	56	5	210
101	113	0	22.5	90	56	10	56	13	210
101	113	0	22.5	90	56	10	56	8	202.5
101	113	0	22.5	90	56	50	16	0	292.5
101	113	0	22.5	90	56	50	16	1	292.5
101	113	0	22.5	90	56	50	16	4	300
101	113	0	22.5	90	56	50	16	5	300
101	113	0	22.5	90	56	50	16	13	300
101	113	0	22.5	90	56	50	16	8	292.5
101	113	0	22.5	90	56	73	93	0	80.634022306396332
101	113	0	22.5	90	56	73	93	1	80.634022306396332
101	113	0	22.5	90	56	73	93	4	75
101	113	0	22.5	90	56	73	93	5	75
101	113	0	22.5	90	56	73	93	13	75
101	113	0	22.5	90	56	73	93	8	80.634022306396332
101	113	0	22.5	90	56	27	93	0	144.36597769360367
101	113	0	22.5	90	56	27	93	1	144.36597769360367
101	113	0	22.5	90	56	27	93	4	150
101	113	0	22.5	90	56	27	93	5	150
101	113	0	22.5	90	56	27	93	13	150
101	113	0	22.5	90	56	27	93	8	144.36597769360367
101	113	0	22.5	90	56	27	19	0	260.63402230639633
101	113	0	22.5	90	56	27	19	1	260.63402230639633
101	113	0	22.5	90	56	27	19	4	255
101	113	0	22.5	90	56	27	19	5	255
101	113	0	22.5	90	56	27	19	13	255
101	113	0	22.5	90	56	27	19	8	260.63402230639633
101	113	0	22.5	90	56	73	19	0	324.36597769360367
101	113	0	22.5	90	56	73	19	1	324.36597769360367
101	113	0	22.5	90	56	73	19	4	330
101	113	0	22.5	90	56	73	19	5	330
101	113	0	22.5	90	56	73	19	13	330
101	113	0	22.5	90	56	73	19	8	324.36597769360367
101	113	0	22.5	50	96	50	56	0	22.5
101	113	0	22.5	50	96	50	56	1	22.5
101	113	0	22.5	50	96	50	56	4	30
101	113	0	22.5	50	96	50	56	5	30
101	113	0	22.5	50	96	50	56	13	30
101	113	0	22.5	50	96	50	56	8	22.5
101	113	0	22.5	50	96	90	56	0	292.5
101	113	0	22.5	50	96	90	56	1	292.5
101	113	0	22.5	50	96	90	56	4	300
101	113	0	22.5	50	96	90	56	5	300
101	113	0	22.5	50	96	90	56	13	300
101	113	0	22.5	50	96	90	56	8	292.5
101	113	0	22.5	50	96	50	96	0	22.5
101	113	0	22.5	50	96	50	96	1	22.5
101	113	0	22.5	50	96	50	96	4	30
101	113	0	22.5	50	96	50	96	5	30
101	113	0	22.5	50	96	50	96	13	30
101	113	0	22.5	50	96	50	96	8	22.5
101	113	0	22.5	50	96	10	56	0	112.5
101	113	0	22.5	50	96	10	56	1	112.5
101	113	0	22.5	50	96	10	56	4	120
101	113	0	22.5	50	96	10	56	5	120
101	113	0	22.5	50	96	10	56	13	120
101	113	0	22.5	50	96	10	56	8	112.5
101	113	0	22.5	50	96	50	16	0	202.5
101	113	0	22.5	50	96	50	16	1	202.5
101	113	0	22.5	50	96	50	16	4	210
101	113	0	22.5	50	96	50	16	5	210
101	113	0	22.5	50	96	50	16	13	210
101	113	0	22.5	50	96	50	16	8	202.5
101	113	0	22.5	50	96	73	93	0	350.63402230639633
101	113	0	22.5	50	96	73	93	1	350.63402230639633
101	113	0	22.5	50	96	73	93	4	345
101	113	0	22.5	50	96	73	93	5	345
101	113	0	22.5	50	96	73	93	13	345
101	113	0	22.5	50	96	73	93	8	350.63402230639633
101	113	0	22.5	50	96	27	93	0	54.365977693603668
101	113	0	22.5	50	96	27	93	1	54.365977693603668
101	113	0	22.5	50	96	27	93	4	60
101	113	0	22.5	50	96	27	93	5	60
101	113	0	22.5	50	96	27	93	13	60
101	113	0	22.5	50	96	27	93	8	54.365977693603668
101	113	0	22.5	50	96	27	19	0	170.63402230639633
101	113	0	22.5	50	96	27	19	1	170.63402230639633
101	113	0	22.5	50	96	27	19	4	165
101	113	0	22.5	50	96	27	19	5	165
101	113	0	22.5	50	96	27	19	13	165
101	113	0	22.5	50	96	27	19	8	170.63402230639633
101	113	0	22.5	50	96	73	19	0	234.36597769360367
101	113	0	22.5	50	96	73	19	1	234.36597769360367
101	113	0	22.5	50	96	73	19	4	240
101	113	0	22.5	50	96	73	19	5	240
101	113	0	22.5	50	96	73	19	13	240
101	113	0	22.5	50	96	73	19	8	234.36597769360367
101	113	0	22.5	10	56	50	56	0	292.5
101	113	0	22.5	10	56	50	56	1	292.5
101	113	0	22.5	10	56	50	56	4	300
101	113	0	22.5	10	56	50	56	5	300
101	113	0	22.5	10	56	50	56	13	300
101	113	0	22.5	10	56	50	56	8	292.5
101	113	0	22.5	10	56	90	56	0	202.5
101	113	0	22.5	10	56	90	56	1	202.5
101	113	0	22.5	10	56	90	56	4	210
101	113	0	22.5	10	56	90	56	5	210
101	113	0	22.5	10	56	90	56	13	210
101	113	0	22.5	10	56	90	56	8	202.5
101	113	0	22.5	10	56	50	96	0	292.5
101	113	0	22.5	10	56	50	96	1	292.5
101	113	0	22.5	10	56	50	96	4	300
101	113	0	22.5	10	56	50	96	5	300
101	113	0	22.5	10	56	50	96	13	300
101	113	0	22.5	10	56	50	96	8	292.5
101	113	0	22.5	10	56	10	56	0	22.5
101	113	0	22.5	10	56	10	56	1	22.5
101	113	0	22.5	10	56	10	56	4	30
101	113	0	22.5	10	56	10	56	5	30
101	113	0	22.5	10	56	10	56	13	30
101	113	0	22.5	10	56	10	56	8	22.5
101	113	0	22.5	10	56	50	16	0	112.5
101	113	0	22.5	10	56	50	16	1	112.5
101	113	0	22.5	10	56	50	16	4	120
101	113	0	22.5	10	56	50	16	5	120
101	113	0	22.5	10	56	50	16	13	120
101	113	0	22.5	10	56	50	16	8	112.5
101	113	0	22.5	10	56	73	93	0	260.63402230639633
101	113	0	22.5	10	56	73	93	1	260.63402230639633
101	113	0	22.5	10	56	73	93	4	255
101	113	0	22.5	10	56	73	93	5	255
101	113	0	22.5	10	56	73	93	13	255
101	113	0	22.5	10	56	73	93	8	260.63402230639633
101	113	0	22.5	10	56	27	93	0	324.36597769360367
101	113	0	22.5	10	56	27	93	1	324.36597769360367
101	113	0	22.5	10	56	27	93	4	330
101	113	0	22.5	10	56	27	93	5	330
101	113	0	22.5	10	56	27	93	13	330
101	113	0	22.5	10	56	27	93	8	324.36597769360367
101	113	0	22.5	10	56	27	19	0	80.634022306396332
101	113	0	22.5	10	56	27	19	1	80.634022306396332
101	113	0	22.5	10	56	27	19	4	75
101	113	0	22.5	10	56	27	19	5	75
101	113	0	22.5	10	56	27	19	13	75
101	113	0	22.5	10	56	27	19	8	80.634022306396332
101	113	0	22.5	10	56	73	19	0	144.36597769360367
101	113	0	22.5	10	56	73	19	1	144.36597769360367
101	113	0	22.5	10	56	73	19	4	150
101	113	0	22.5	10	56	73	19	5	150
101	113	0	22.5	10	56	73	19	13	150
101	113	0	22.5	10	56	73	19	8	144.36597769360367
101	113	0	337.5	50	56	50	56	0	337.5
101	113	0	337.5	50	56	50	56	1	337.5
101	113	0	337.5	50	56	50	56	4	345
101	113	0	337.5	50	56	50	56	5	345
101	113	0	337.5	50	56	50	56	13	345
101	113	0	337.5	50	56	50	56	8	337.5
101	113	0	337.5	50	56	90	56	0	247.5
101	113	0	337.5	50	56	90	56	1	247.5
101	113	0	337.5	50	56	90	56	4	255
101	113	0	337.5	50	56	90	56	5	255
101	113	0	337.5	50	56	90	56	13	255
101	113	0	337.5	50	56	90	56	8	247.5
101	113	0	337.5	50	56	50	96	0	337.5
101	113	0	337.5	50	56	50	96	1	337.5
101	113	0	337.5	50	56	50	96	4	345
101	113	0	337.5	50	56	50	96	5	345
101	113	0	337.5	50	56	50	96	13	345
101	113	0	337.5	50	56	50	96	8	337.5
101	113	0	337.5	50	56	10	56	0	67.5
101	113	0	337.5	50	56	10	56	1	67.5
101	113	0	337.5	50	56	10	56	4	75
101	113	0	337.5	50	56	10	56	5	75
101	113	0	337.5	50	56	10	56	13	75
101	113	0	337.5	50	56	10	56	8	67.5
101	113	0	337.5	50	56	50	16	0	157.5
101	113	0	337.5	50	56	50	16	1	157.5
101	113	0	337.5	50	56	50	16	4	165
101	113	0	337.5	50	56	50	16	5	165
101	113	0	337.5	50	56	50	16	13	165
101	113	0	337.5	50	56	50	16	8	157.5
101	113	0	337.5	50	56	73	93	0	305.63402230639633
101	113	0	337.5	50	56	73	93	1	305.63402230639633
101	113	0	337.5	50	56	73	93	4	300
101	113	0	337.5	50	56	73	93	5	300
101	113	0	337.5	50	56	73	93	13	300
101	113	0	337.5	50	56	73	93	8	305.63402230639633
101	113	0	337.5	50	56	27	93	0	9.3659776936036678
101	113	0	337.5	50	56	27	93	1	9.3659776936036678
101	113	0	337.5	50	56	27	93	4	15
101	113	0	337.5	50	56	27	93	5	15
101	113	0	337.5	50	56	27	93	13	15
101	113	0	337.5	50	56	27	93	8	9.3659776936036678
101	113	0	337.5	50	56	27	19	0	125.63402230639633
101	113	0	337.5	50	56	27	19	1	125.63402230639633
101	113	0	337.5	50	56	27	19	4	120
101	113	0	337.5	50	56	27	19	5	120
101	113	0	337.5	50	56	27	19	13	120
101	113	0	337.5	50	56	27	19	8	125.63402230639633
101	113	0	337.5	50	56	73	19	0	189.36597769360367
101	113	0	337.5	50	56	73	19	1	189.36597769360367
101	113	0	337.5	50	56	73	19	4	195
101	113	0	337.5	50	56	73	19	5	195
101	113	0	337.5	50	56	73	19	13	195
101	113	0	337.5	50	56	73	19	8	189.36597769360367
101	113	0	337.5	90	56	50	56	0	67.5
101	113	0	337.5	90	56	50	56	1	67.5
101	113	0	337.5	90	56	50	56	4	75
101	113	0	337.5	90	56	50	56	5	75
101	113	0	337.5	90	56	50	56	13	75
101	113	0	337.5	90	56	50	56	8	67.5
101	113	0	337.5	90	56	90	56	0	337.5
101	113	0	337.5	90	56	90	56	1	337.5
101	113	0	337.5	90	56	90	56	4	345
101	113	0	337.5	90	56	90	56	5	345
101	113	0	337.5	90	56	90	56	13	345
101	113	0	337.5	90	56	90	56	8	337.5
101	113	0	337.5	90	56	50	96	0	67.5
101	113	0	337.5	90	56	50	96	1	67.5
101	113	0	337.5	90	56	50	96	4	75
101	113	0	337.5	90	56	50	96	5	75
101	113	0	337.5	90	56	50	96	13	75
101	113	0	337.5	90	56	50	96	8	67.5
101	113	0	337.5	90	56	10	56	0	157.5
101	113	0	337.5	90	56	10	56	1	157.5
101	113	0	337.5	90	56	10	56	4	165
101	113	0	337.5	90	56	10	56	5	165
101	113	0	337.5	90	56	10	56	13	165
101	113	0	337.5	90	56	10	56	8	157.5
101	113	0	337.5	90	56	50	16	0	247.5
101	113	0	337.5	90	56	50	16	1	247.5
101	113	0	337.5	90	56	50	16	4	255
101	113	0	337.5	90	56	50	16	5	255
101	113	0	337.5	90	56	50	16	13	255
101	113	0	337.5	90	56	50	16	8	247.5
101	113	0	337.5	90	56	73	93	0	35.634022306396332
101	113	0	337.5	90	56	73	93	1	35.634022306396332
101	113	0	337.5	90	56	73	93	4	30
101	113	0	337.5	90	56	73	93	5	30
101	113	0	337.5	90	56	73	93	13	30
101	113	0	337.5	90	56	73	93	8	35.634022306396332
101	113	0	337.5	90	56	27	93	0	99.365977693603668
101	113	0	337.5	90	56	27	93	1	99.365977693603668
101	113	0	337.5	90	56	27	93	4	105
101	113	0	337.5	90	56	27	93	5	105
101	113	0	337.5	90	56	27	93	13	105
101	113	0	337.5	90	56	27	93	8	99.365977693603668
101	113	0	337.5	90	56	27	19	0	215.63402230639633
101	113	0	337.5	90	56	27	19	1	215.63402230639633
101	113	0	337.5	90	56	27	19	4	210
101	113	0	337.5	90	56	27	19	5	210
101	113	0	337.5	90	56	27	19	13	210
101	113	0	337.5	90	56	27	19	8	215.63402230639633
101	113	0	337.5	90	56	73	19	0	279.36597769360367
101	113	0	337.5	90	56	73	19	1	279.36597769360367
101	113	0	337.5	90	56	73	19	4	285
101	113	0	337.5	90	56	73	19	5	285
101	113	0	337.5	90	56	73	19	13	285
101	113	0	337.5	90	56	73	19	8	279.36597769360367
101	113	0	337.5	50	96	50	56	0	337.5
101	113	0	337.5	50	96	50	56	1	337.5
101	113	0	337.5	50	96	50	56	4	345
101	113	0	337.5	50	96	50	56	5	345
101	113	0	337.5	50	96	50	56	13	345
101	113	0	337.5	50	96	50	56	8	337.5
101	113	0	337.5	50	96	90	56	0	247.5
101	113	0	337.5	50	96	90	56	1	247.5
101	113	0	337.5	50	96	90	56	4	255
101	113	0	337.5	50	96	90	56	5	255
101	113	0	337.5	50	96	90	56	13	255
101	113	0	337.5	50	96	90	56	8	247.5
101	113	0	337.5	50	96	50	96	0	337.5
101	113	0	337.5	50	96	50	96	1	337.5
101	113	0	337.5	50	96	50	96	4	345
101	113	0	337.5	50	96	50	96	5	345
101	113	0	337.5	50	96	50	96	13	345
101	113	0	337.5	50	96	50	96	8	337.5
101	113	0	337.5	50	96	10	56	0	67.5
101	113	0	337.5	50	96	10	56	1	67.5
101	113	0	337.5	50	96	10	56	4	75
101	113	0	337.5	50	96	10	56	5	75
101	113	0	337.5	50	96	10	56	13	75
101	113	0	337.5	50	96	10	56	8	67.5
101	113	0	337.5	50	96	50	16	0	157.5
101	113	0	337.5	50	96	50	16	1	157.5
101	113	0	337.5	50	96	50	16	4	165
101	113	0	337.5	50	96	50	16	5	165
101	113	0	337.5	50	96	50	16	13	165
101	113	0	337.5	50	96	50	16	8	157.5
101	113	0	337.5	50	96	73	93	0	305.63402230639633
101	113	0	337.5	50	96	73	93	1	305.63402230639633
101	113	0	337.5	50	96	73	93	4	300
101	113	0	337.5	50	96	73	93	5	300
101	113	0	337.5	50	96	73	93	13	300
101	113	0	337.5	50	96	73	93	8	305.63402230639633
101	113	0	337.5	50	96	27	93	0	9.3659776936036678
101	113	0	337.5	50	96	27	93	1	9.3659776936036678
101	113	0	337.5	50	96	27	93	4	15
101	113	0	337.5	50	96	27	93	5	15
101	113	0	337.5	50	96	27	93	13	15
101	113	0	337.5	50	96	27	93	8	9.3659776936036678
101	113	0	337.5	50	96	27	19	0	125.63402230639633
101	113	0	337.5	50	96	27	19	1	125.63402230639633
101	113	0	337.5	50	96	27	19	4	120
101	113	0	337.5	50	96	27	19	5	120
101	113	0	337.5	50	96	27	19	13	120
101	113	0	337.5	50	96	27	19	8	125.63402230639633
101	113	0	337.5	50	96	73	19	0	189.36597769360367
101	113	0	337.5	50	96	73	19	1	189.36597769360367
101	113	0	337.5	50	96	73	19	4	195
101	113	0	337.5	50	96	73	19	5	195
101	113	0	337.5	50	96	73	19	13	195
101	113	0	337.5	50	96	73	19	8	189.36597769360367
101	113	0	337.5	10	56	50	56	0	247.5
101	113	0	337.5	10	56	50	56	1	247.5
101	113	0	337.5	10	56	50	56	4	255
101	113	0	337.5	10	56	50	56	5	255
101	113	0	337.5	10	56	50	56	13	255
101	113	0	337.5	10	56	50	56	8	247.5
101	113	0	337.5	10	56	90	56	0	157.5
101	113	0	337.5	10	56	90	56	1	157.5
101	113	0	337.5	10	56	90	56	4	165
101	113	0	337.5	10	56	90	56	5	165
101	113	0	337.5	10	56	90	56	13	165
101	113	0	337.5	10	56	90	56	8	157.5
101	113	0	337.5	10	56	50	96	0	247.5
101	113	0	337.5	10	56	50	96	1	247.5
101	113	0	337.5	10	56	50	96	4	255
101	113	0	337.5	10	56	50	96	5	255
101	113	0	337.5	10	56	50	96	13	255
101	113	0	337.5	10	56	50	96	8	247.5
101	113	0	337.5	10	56	10	56	0	337.5
101	113	0	337.5	10	56	10	56	1	337.5
101	113	0	337.5	10	56	10	56	4	345
101	113	0	337.5	10	56	10	56	5	345
101	113	0	337.5	10	56	10	56	13	345
101	113	0	337.5	10	56	10	56	8	337.5
101	113	0	337.5	10	56	50	16	0	67.5
101	113	0	337.5	10	56	50	16	1	67.5
101	113	0	337.5	10	56	50	16	4	75
101	113	0	337.5	10	56	50	16	5	75
101	113	0	337.5	10	56	50	16	13	75
101	113	0	337.5	10	56	50	16	8	67.5
101	113	0	337.5	10	56	73	93	0	215.63402230639633
101	113	0	337.5	10	56	73	93	1	215.63402230639633
101	113	0	337.5	10	56	73	93	4	210
101	113	0	337.5	10	56	73	93	5	210
101	113	0	337.5	10	56	73	93	13	210
101	113	0	337.5	10	56	73	93	8	215.63402230639633
101	113	0	337.5	10	56	27	93	0	279.36597769360367
101	113	0	337.5	10	56	27	93	1	279.36597769360367
101	113	0	337.5	10	56	27	93	4	285
101	113	0	337.5	10	56	27	93	5	285
101	113	0	337.5	10	56	27	93	13	285
101	113	0	337.5	10	56	27	93	8	279.36597769360367
101	113	0	337.5	10	56	27	19	0	35.634022306396332
101	113	0	337.5	10	56	27	19	1	35.634022306396332
101	113	0	337.5	10	56	27	19	4	30
101	113	0	337.5	10	56	27	19	5	30
101	113	0	337.5	10	56	27	19	13	30
101	113	0	337.5	10	56	27	19	8	35.634022306396332
101	113	0	337.5	10	56	73	19	0	99.365977693603668
101	113	0	337.5	10	56	73	19	1	99.365977693603668
101	113	0	337.5	10	56	73	19	4	105
101	113	0	337.5	10	56	73	19	5	105
101	113	0	337.5	10	56	73	19	13	105
101	113	0	337.5	10	56	73	19	8	99.365977693603668
101	113	0	352.5	50	56	50	56	0	352.5
101	113	0	352.5	50	56	50	56	1	352.5
101	113	0	352.5	50	56	50	56	4	0
101	113	0	352.5	50	56	50	56	5	0
101	113	0	352.5	50	56	50	56	13	0
101	113	0	352.5	50	56	50	56	8	352.5
101	113	0	352.5	50	56	90	56	0	262.5
101	113	0	352.5	50	56	90	56	1	262.5
101	113	0	352.5	50	56	90	56	4	270
101	113	0	352.5	50	56	90	56	5	270
101	113	0	352.5	50	56	90	56	13	270
101	113	0	352.5	50	56	90	56	8	262.5
101	113	0	352.5	50	56	50	96	0	352.5
101	113	0	352.5	50	56	50	96	1	352.5
101	113	0	352.5	50	56	50	96	4	0
101	113	0	352.5	50	56	50	96	5	0
101	113	0	352.5	50	56	50	96	13	0
101	113	0	352.5	50	56	50	96	8	352.5
101	113	0	352.5	50	56	10	56	0	82.5
101	113	0	352.5	50	56	10	56	1	82.5
101	113	0	352.5	50	56	10	56	4	90
101	113	0	352.5	50	56	10	56	5	90
101	113	0	352.5	50	56	10	56	13	90
101	113	0	352.5	50	56	10	56	8	82.5
101	113	0	352.5	50	56	50	16	0	172.5
101	113	0	352.5	50	56	50	16	1	172.5
101	113	0	352.5	50	56	50	16	4	180
101	113	0	352.5	50	56	50	16	5	180
101	113	0	352.5	50	56	50	16	13	180
101	113	0	352.5	50	56	50	16	8	172.5
101	113	0	352.5	50	56	73	93	0	320.63402230639633
101	113	0	352.5	50	56	73	93	1	320.63402230639633
101	113	0	352.5	50	56	73	93	4	315
101	113	0	352.5	50	56	73	93	5	315
101	113	0	352.5	50	56	73	93	13	315
101	113	0	352.5	50	56	73	93	8	320.63402230639633
101	113	0	352.5	50	56	27	93	0	24.365977693603668
101	113	0	352.5	50	56	27	93	1	24.365977693603668
101	113	0	352.5	50	56	27	93	4	30
101	113	0	352.5	50	56	27	93	5	30
101	113	0	352.5	50	56	27	93	13	30
101	113	0	352.5	50	56	27	93	8	24.365977693603668
101	113	0	352.5	50	56	27	19	0	140.63402230639633
101	113	0	352.5	50	56	27	19	1	140.63402230639633
101	113	0	352.5	50	56	27	19	4	135
101	113	0	352.5	50	56	27	19	5	135
101	113	0	352.5	50	56	27	19	13	135
101	113	0	352.5	50	56	27	19	8	140.63402230639633
101	113	0	352.5	50	56	73	19	0	204.36597769360367
101	113	0	352.5	50	56	73	19	1	204.36597769360367
101	113	0	352.5	50	56	73	19	4	210
101	113	0	352.5	50	56	73	19	5	210
101	113	0	352.5	50	56	73	19	13	210
101	113	0	352.5	50	56	73	19	8	204.36597769360367
101	113	0	352.5	90	56	50	56	0	82.5
101	113	0	352.5	90	56	50	56	1	82.5
101	113	0	352.5	90	56	50	56	4	90
101	113	0	352.5	90	56	50	56	5	90
101	113	0	352.5	90	56	50	56	13	90
101	113	0	352.5	90	56	50	56	8	82.5
101	113	0	352.5	90	56	90	56	0	352.5
101	113	0	352.5	90	56	90	56	1	352.5
101	113	0	352.5	90	56	90	56	4	0
101	113	0	352.5	90	56	90	56	5	0
101	113	0	352.5	90	56	90	56	13	0
101	113	0	352.5	90	56	90	56	8	352.5
101	113	0	352.5	90	56	50	96	0	82.5
101	113	0	352.5	90	56	50	96	1	82.5
101	113	0	352.5	90	56	50	96	4	90
101	113	0	352.5	90	56	50	96	5	90
101	113	0	352.5	90	56	50	96	13	90
101	113	0	352.5	90	56	50	96	8	82.5
101	113	0	352.5	90	56	10	56	0	172.5
101	113	0	352.5	90	56	10	56	1	172.5
101	113	0	352.5	90	56	10	56	4	180
101	113	0	352.5	90	56	10	56	5	180
101	113	0	352.5	90	56	10	56	13	180
101	113	0	352.5	90	56	10	56	8	172.5
101	113	0	352.5	90	56	50	16	0	262.5
101	113	0	352.5	90	56	50	16	1	262.5
101	113	0	352.5	90	56	50	16	4	270
101	113	0	352.5	90	56	50	16	5	270
101	113	0	352.5	90	56	50	16	13	270
101	113	0	352.5	90	56	50	16	8	262.5
101	113	0	352.5	90	56	73	93	0	50.634022306396332
101	113	0	352.5	90	56	73	93	1	50.634022306396332
101	113	0	352.5	90	56	73	93	4	45
101	113	0	352.5	90	56	73	93	5	45
101	113	0	352.5	90	56	73	93	13	45
101	113	0	352.5	90	56	73	93	8	50.634022306396332
101	113	0	352.5	90	56	27	93	0	114.36597769360367
101	113	0	352.5	90	56	27	93	1	114.36597769360367
101	113	0	352.5	90	56	27	93	4	120
101	113	0	352.5	90	56	27	93	5	120
101	113	0	352.5	90	56	27	93	13	120
101	113	0	352.5	90	56	27	93	8	114.36597769360367
101	113	0	352.5	90	56	27	19	0	230.63402230639633
101	113	0	352.5	90	56	27	19	1	230.63402230639633
101	113	0	352.5	90	56	27	19	4	225
101	113	0	352.5	90	56	27	19	5	225
101	113	0	352.5	90	56	27	19	13	225
101	113	0	352.5	90	56	27	19	8	230.63402230639633
101	113	0	352.5	90	56	73	19	0	294.36597769360367
101	113	0	352.5	90	56	73	19	1	294.36597769360367
101	113	0	352.5	90	56	73	19	4	300
101	113	0	352.5	90	56	73	19	5	300
101	113	0	352.5	90	56	73	19	13	300
101	113	0	352.5	90	56	73	19	8	294.36597769360367
101	113	0	352.5	50	96	50	56	0	352.5
101	113	0	352.5	50	96	50	56	1	352.5
101	113	0	352.5	50	96	50	56	4	0
101	113	0	352.5	50	96	50	56	5	0
101	113	0	352.5	50	96	50	56	13	0
101	113	0	352.5	50	96	50	56	8	352.5
101	113	0	352.5	50	96	90	56	0	262.5
101	113	0	352.5	50	96	90	56	1	262.5
101	113	0	352.5	50	96	90	56	4	270
101	113	0	352.5	50	96	90	56	5	270
101	113	0	352.5	50	96	90	56	13	270
101	113	0	352.5	50	96	90	56	8	262.5
101	113	0	352.5	50	96	50	96	0	352.5
101	113	0	352.5	50	96	50	96	1	352.5
101	113	0	352.5	50	96	50	96	4	0
101	113	0	352.5	50	96	50	96	5	0
101	113	0	352.5	50	96	50	96	13	0
101	113	0	352.5	50	96	50	96	8	352.5
101	113	0	352.5	50	96	10	56	0	82.5
101	113	0	352.5	50	96	10	56	1	82.5
101	113	0	352.5	50	96	10	56	4	90
101	113	0	352.5	50	96	10	56	5	90
101	113	0	352.5	50	96	10	56	13	90
101	113	0	352.5	50	96	10	56	8	82.5
101	113	0	352.5	50	96	50	16	0	172.5
101	113	0	352.5	50	96	50	16	1	172.5
101	113	0	352.5	50	96	50	16	4	180
101	113	0	352.5	50	96	50	16	5	180
101	113	0	352.5	50	96	50	16	13	180
101	113	0	352.5	50	96	50	16	8	172.5
101	113	0	352.5	50	96	73	93	0	320.63402230639633
101	113	0	352.5	50	96	73	93	1	320.63402230639633
101	113	0	352.5	50	96	73	93	4	315
101	113	0	352.5	50	96	73	93	5	315
101	113	0	352.5	50	96	73	93	13	315
101	113	0	352.5	50	96	73	93	8	320.63402230639633
101	113	0	352.5	50	96	27	93	0	24.365977693603668
101	113	0	352.5	50	96	27	93	1	24.365977693603668
101	113	0	352.5	50	96	27	93	4	30
101	113	0	352.5	50	96	27	93	5	30
101	113	0	352.5	50	96	27	93	13	30
101	113	0	352.5	50	96	27	93	8	24.365977693603668
101	113	0	352.5	50	96	27	19	0	140.63402230639633
101	113	0	352.5	50	96	27	19	1	140.63402230639633
101	113	0	352.5	50	96	27	19	4	135
101	113	0	352.5	50	96	27	19	5	135
101	113	0	352.5	50	96	27	19	13	135
101	113	0	352.5	50	96	27	19	8	140.63402230639633
101	113	0	352.5	50	96	73	19	0	204.36597769360367
101	113	0	352.5	50	96	73	19	1	204.36597769360367
101	113	0	352.5	50	96	73	19	4	210
101	113	0	352.5	50	96	73	19	5	210
101	113	0	352.5	50	96	73	19	13	210
101	113	0	352.5	50	96	73	19	8	204.36597769360367
101	113	0	352.5	10	56	50	56	0	262.5
101	113	0	352.5	10	56	50	56	1	262.5
101	113	0	352.5	10	56	50	56	4	270
101	113	0	352.5	10	56	50	56	5	270
101	113	0	352.5	10	56	50	56	13	270
101	113	0	352.5	10	56	50	56	8	262.5
101	113	0	352.5	10	56	90	56	0	172.5
101	113	0	352.5	10	56	90	56	1	172.5
101	113	0	352.5	10	56	90	56	4	180
101	113	0	352.5	10	56	90	56	5	180
101	113	0	352.5	10	56	90	56	13	180
101	113	0	352.5	10	56	90	56	8	172.5
101	113	0	352.5	10	56	50	96	0	262.5
101	113	0	352.5	10	56	50	96	1	262.5
101	113	0	352.5	10	56	50	96	4	270
101	113	0	352.5	10	56	50	96	5	270
101	113	0	352.5	10	56	50	96	13	270
101	113	0	352.5	10	56	50	96	8	262.5
101	113	0	352.5	10	56	10	56	0	352.5
101	113	0	352.5	10	56	10	56	1	352.5
101	113	0	352.5	10	56	10	56	4	0
101	113	0	352.5	10	56	10	56	5	0
101	113	0	352.5	10	56	10	56	13	0
101	113	0	352.5	10	56	10	56	8	352.5
101	113	0	352.5	10	56	50	16	0	82.5
101	113	0	352.5	10	56	50	16	1	82.5
101	113	0	352.5	10	56	50	16	4	90
101	113	0	352.5	10	56	50	16	5	90
101	113	0	352.5	10	56	50	16	13	90
101	113	0	352.5	10	56	50	16	8	82.5
101	113	0	352.5	10	56	73	93	0	230.63402230639633
101	113	0	352.5	10	56	73	93	1	230.63402230639633
101	113	0	352.5	10	56	73	93	4	225
101	113	0	352.5	10	56	73	93	5	225
101	113	0	352.5	10	56	73	93	13	225
101	113	0	352.5	10	56	73	93	8	230.63402230639633
101	113	0	352.5	10	56	27	93	0	294.36597769360367
101	113	0	352.5	10	56	27	93	1	294.36597769360367
101	113	0	352.5	10	56	27	93	4	300
101	113	0	352.5	10	56	27	93	5	300
101	113	0	352.5	10	56	27	93	13	300
101	113	0	352.5	10	56	27	93	8	294.36597769360367
101	113	0	352.5	10	56	27	19	0	50.634022306396332
101	113	0	352.5	10	56	27	19	1	50.634022306396332
101	113	0	352.5	10	56	27	19	4	45
101	113	0	352.5	10	56	27	19	5	45
101	113	0	352.5	10	56	27	19	13	45
101	113	0	352.5	10	56	27	19	8	50.634022306396332
101	113	0	352.5	10	56	73	19	0	114.36597769360367
101	113	0	352.5	10	56	73	19	1	114.36597769360367
101	113	0	352.5	10	56	73	19	4	120
101	113	0	352.5	10	56	73	19	5	120
101	113	0	352.5	10	56	73	19	13	120
101	113	0	352.5	10	56	73	19	8	114.36597769360367
101	113	0	359.99900000000002	50	56	50	56	0	359.99900000000002
101	113	0	359.99900000000002	50	56	50	56	1	359.99900000000002
101	113	0	359.99900000000002	50	56	50	56	4	0
101	113	0	359.99900000000002	50	56	50	56	5	0
101	113	0	359.99900000000002	50	56	50	56	13	0
101	113	0	359.99900000000002	50	56	50	56	8	359.99900000000002
101	113	0	359.99900000000002	50	56	90	56	0	269.99900000000002
101	113	0	359.99900000000002	50	56	90	56	1	269.99900000000002
101	113	0	359.99900000000002	50	56	90	56	4	270
101	113	0	359.99900000000002	50	56	90	56	5	270
101	113	0	359.99900000000002	50	56	90	56	13	270
101	113	0	359.99900000000002	50	56	90	56	8	269.99900000000002
101	113	0	359.99900000000002	50	56	50	96	0	359.99900000000002
101	113	0	359.99900000000002	50	56	50	96	1	359.99900000000002
101	113	0	359.99900000000002	50	56	50	96	4	0
101	113	0	359.99900000000002	50	56	50	96	5	0
101	113	0	359.99900000000002	50	56	50	96	13	0
101	113	0	359.99900000000002	50	56	50	96	8	359.99900000000002
101	113	0	359.99900000000002	50	56	10	56	0	89.999000000000024
101	113	0	359.99900000000002	50	56	10	56	1	89.999000000000024
101	113	0	359.99900000000002	50	56	10	56	4	90
101	113	0	359.99900000000002	50	56	10	56	5	90
101	113	0	359.99900000000002	50	56	10	56	13	90
101	113	0	359.99900000000002	50	56	10	56	8	89.999000000000024
101	113	0	359.99900000000002	50	56	50	16	0	179.99900000000002
101	113	0	359.99900000000002	50	56	50	16	1	179.99900000000002
101	113	0	359.99900000000002	50	56	50	16	4	180
101	113	0	359.99900000000002	50	56	50	16	5	180
101	113	0	359.99900000000002	50	56	50	16	13	180
101	113	0	359.99900000000002	50	56	50	16	8	179.99900000000002
101	113	0	359.99900000000002	50	56	73	93	0	328.13302230639636
101	113	0	359.99900000000002	50	56	73	93	1	328.13302230639636
101	113	0	359.99900000000002	50	56	73	93	4	330
101	113	0	359.99900000000002	50	56	73	93	5	330
101	113	0	359.99900000000002	50	56	73	93	13	330
101	113	0	359.99900000000002	50	56	73	93	8	328.13302230639636
101	113	0	359.99900000000002	50	56	27	93	0	31.864977693603691
101	113	0	359.99900000000002	50	56	27	93	1	31.864977693603691
101	113	0	359.99900000000002	50	56	27	93	4	30
101	113	0	359.99900000000002	50	56	27	93	5	30
101	113	0	359.99900000000002	50	56	27	93	13	30
101	113	0	359.99900000000002	50	56	27	93	8	31.864977693603691
101	113	0	359.99900000000002	50	56	27	19	0	148.13302230639636
101	113	0	359.99900000000002	50	56	27	19	1	148.13302230639636
101	113	0	359.99900000000002	50	56	27	19	4	150
101	113	0	359.99900000000002	50	56	27	19	5	150
101	113	0	359.99900000000002	50	56	27	19	13	150
101	113	0	359.99900000000002	50	56	27	19	8	148.13302230639636
101	113	0	359.99900000000002	50	56	73	19	0	211.86497769360369
101	113	0	359.99900000000002	50	56	73	19	1	211.86497769360369
101	113	0	359.99900000000002	50	56	73	19	4	210
101	113	0	359.99900000000002	50	56	73	19	5	210
101	113	0	359.99900000000002	50	56	73	19	13	210
101	113	0	359.99900000000002	50	56	73	19	8	211.86497769360369
101	113	0	359.99900000000002	90	56	50	56	0	89.999000000000024
101	113	0	359.99900000000002	90	56	50	56	1	89.999000000000024
101	113	0	359.99900000000002	90	56	50	56	4	90
101	113	0	359.99900000000002	90	56	50	56	5	90
101	113	0	359.99900000000002	90	56	50	56	13	90
101	113	0	359.99900000000002	90	56	50	56	8	89.999000000000024
101	113	0	359.99900000000002	90	56	90	56	0	359.99900000000002
101	113	0	359.99900000000002	90	56	90	56	1	359.99900000000002
101	113	0	359.99900000000002	90	56	90	56	4	0
101	113	0	359.99900000000002	90	56	90	56	5	0
101	113	0	359.99900000000002	90	56	90	56	13	0
101	113	0	359.99900000000002	90	56	90	56	8	359.99900000000002
101	113	0	359.99900000000002	90	56	50	96	0	89.999000000000024
101	113	0	359.99900000000002	90	56	50	96	1	89.999000000000024
101	113	0	359.99900000000002	90	56	50	96	4	90
101	113	0	359.99900000000002	90	56	50	96	5	90
101	113	0	359.99900000000002	90	56	50	96	13	90
101	113	0	359.99900000000002	90	56	50	96	8	89.999000000000024
101	113	0	359.99900000000002	90	56	10	56	0	179.99900000000002
101	113	0	359.99900000000002	90	56	10	56	1	179.99900000000002
101	113	0	359.99900000000002	90	56	10	56	4	180
101	113	0	359.99900000000002	90	56	10	56	5	180
101	113	0	359.99900000000002	90	56	10	56	13	180
101	113	0	359.99900000000002	90	56	10	56	8	179.99900000000002
101	113	0	359.99900000000002	90	56	50	16	0	269.99900000000002
101	113	0	359.99900000000002	90	56	50	16	1	269.99900000000002
101	113	0	359.99900000000002	90	56	50	16	4	270
101	113	0	359.99900000000002	90	56	50	16	5	270
101	113	0	359.99900000000002	90	56	50	16	13	270
101	113	0	359.99900000000002	90	56	50	16	8	269.99900000000002
101	113	0	359.99900000000002	90	56	73	93	0	58.133022306396356
101	113	0	359.99900000000002	90	56	73	93	1	58.133022306396356
101	113	0	359.99900000000002	90	56	73	93	4	60
101	113	0	359.99900000000002	90	56	73	93	5	60
101	113	0	359.99900000000002	90	56	73	93	13	60
101	113	0	359.99900000000002	90	56	73	93	8	58.133022306396356
101	113	0	359.99900000000002	90	56	27	93	0	121.86497769360369
101	113	0	359.99900000000002	90	56	27	93	1	121.86497769360369
101	113	0	359.99900000000002	90	56	27	93	4	120
101	113	0	359.99900000000002	90	56	27	93	5	120
101	113	0	359.99900000000002	90	56	27	93	13	120
101	113	0	359.99900000000002	90	56	27	93	8	121.86497769360369
101	113	0	359.99900000000002	90	56	27	19	0	238.13302230639636
101	113	0	359.99900000000002	90	56	27	19	1	238.13302230639636
101	113	0	359.99900000000002	90	56	27	19	4	240
101	113	0	359.99900000000002	90	56	27	19	5	240
101	113	0	359.99900000000002	90	56	27	19	13	240
101	113	0	359.99900000000002	90	56	27	19	8	238.13302230639636
101	113	0	359.99900000000002	90	56	73	19	0	301.86497769360369
101	113	0	359.99900000000002	90	56	73	19	1	301.86497769360369
101	113	0	359.99900000000002	90	56	73	19	4	300
101	113	0	359.99900000000002	90	56	73	19	5	300
101	113	0	359.99900000000002	90	56	73	19	13	300
101	113	0	359.99900000000002	90	56	73	19	8	301.86497769360369
101	113	0	359.99900000000002	50	96	50	56	0	359.99900000000002
101	113	0	359.99900000000002	50	96	50	56	1	359.99900000000002
101	113	0	359.99900000000002	50	96	50	56	4	0
101	113	0	359.99900000000002	50	96	50	56	5	0
101	113	0	359.99900000000002	50	96	50	56	13	0
101	113	0	359.99900000000002	50	96	50	56	8	359.99900000000002
101	113	0	359.99900000000002	50	96	90	56	0	269.99900000000002
101	113	0	359.99900000000002	50	96	90	56	1	269.99900000000002
101	113	0	359.99900000000002	50	96	90	56	4	270
101	113	0	359.99900000000002	50	96	90	56	5	270
101	113	0	359.99900000000002	50	96	90	56	13	270
101	113	0	359.99900000000002	50	96	90	56	8	269.99900000000002
101	113	0	359.99900000000002	50	96	50	96	0	359.99900000000002
101	113	0	359.99900000000002	50	96	50	96	1	359.99900000000002
101	113	0	359.99900000000002	50	96	50	96	4	0
101	113	0	359.99900000000002	50	96	50	96	5	0
101	113	0	359.99900000000002	50	96	50	96	13	0
101	113	0	359.99900000000002	50	96	50	96	8	359.99900000000002
101	113	0	359.99900000000002	50	96	10	56	0	89.999000000000024
101	113	0	359.99900000000002	50	96	10	56	1	89.999000000000024
101	113	0	359.99900000000002	50	96	10	56	4	90
101	113	0	359.99900000000002	50	96	10	56	5	90
101	113	0	359.99900000000002	50	96	10	56	13	90
101	113	0	359.99900000000002	50	96	10	56	8	89.999000000000024
101	113	0	359.99900000000002	50	96	50	16	0	179.99900000000002
101	113	0	359.99900000000002	50	96	50	16	1	179.99900000000002
101	113	0	359.99900000000002	50	96	50	16	4	180
101	113	0	359.99900000000002	50	96	50	16	5	180
101	113	0	359.99900000000002	50	96	50	16	13	180
101	113	0	359.99900000000002	50	96	50	16	8	179.99900000000002
101	113	0	359.99900000000002	50	96	73	93	0	328.13302230639636
101	113	0	359.99900000000002	50	96	73	93	1	328.13302230639636
101	113	0	359.99900000000002	50	96	73	93	4	330
101	113	0	359.99900000000002	50	96	73	93	5	330
101	113	0	359.99900000000002	50	96	73	93	13	330
101	113	0	359.99900000000002	50	96	73	93	8	328.13302230639636
101	113	0	359.99900000000002	50	96	27	93	0	31.864977693603691
101	113	0	359.99900000000002	50	96	27	93	1	31.864977693603691
101	113	0	359.99900000000002	50	96	27	93	4	30
101	113	0	359.99900000000002	50	96	27	93	5	30
101	113	0	359.99900000000002	50	96	27	93	13	30
101	113	0	359.99900000000002	50	96	27	93	8	31.864977693603691
101	113	0	359.99900000000002	50	96	27	19	0	148.13302230639636
101	113	0	359.99900000000002	50	96	27	19	1	148.13302230639636
101	113	0	359.99900000000002	50	96	27	19	4	150
101	113	0	359.99900000000002	50	96	27	19	5	150
101	113	0	359.99900000000002	50	96	27	19	13	150
101	113	0	359.99900000000002	50	96	27	19	8	148.13302230639636
101	113	0	359.99900000000002	50	96	73	19	0	211.86497769360369
101	113	0	359.99900000000002	50	96	73	19	1	211.86497769360369
101	113	0	359.99900000000002	50	96	73	19	4	210
101	113	0	359.99900000000002	50	96	73	19	5	210
101	113	0	359.99900000000002	50	96	73	19	13	210
101	113	0	359.99900000000002	50	96	73	19	8	211.86497769360369
101	113	0	359.99900000000002	10	56	50	56	0	269.99900000000002
101	113	0	359.99900000000002	10	56	50	56	1	269.99900000000002
101	113	0	359.99900000000002	10	56	50	56	4	270
101	113	0	359.99900000000002	10	56	50	56	5	270
101	113	0	359.99900000000002	10	56	50	56	13	270
101	113	0	359.99900000000002	10	56	50	56	8	269.99900000000002
101	113	0	359.99900000000002	10	56	90	56	0	179.99900000000002
101	113	0	359.99900000000002	10	56	90	56	1	179.99900000000002
101	113	0	359.99900000000002	10	56	90	56	4	180
101	113	0	359.99900000000002	10	56	90	56	5	180
101	113	0	359.99900000000002	10	56	90	56	13	180
101	113	0	359.99900000000002	10	56	90	56	8	179.99900000000002
101	113	0	359.99900000000002	10	56	50	96	0	269.99900000000002
101	113	0	359.99900000000002	10	56	50	96	1	269.99900000000002
101	113	0	359.99900000000002	10	56	50	96	4	270
101	113	0	359.99900000000002	10	56	50	96	5	270
101	113	0	359.99900000000002	10	56	50	96	13	270
101	113	0	359.99900000000002	10	56	50	96	8	269.99900000000002
101	113	0	359.99900000000002	10	56	10	56	0	359.99900000000002
101	113	0	359.99900000000002	10	56	10	56	1	359.99900000000002
101	113	0	359.99900000000002	10	56	10	56	4	0
101	113	0	359.99900000000002	10	56	10	56	5	0
101	113	0	359.99900000000002	10	56	10	56	13	0
101	113	0	359.99900000000002	10	56	10	56	8	359.99900000000002
101	113	0	359.99900000000002	10	56	50	16	0	89.999000000000024
101	113	0	359.99900000000002	10	56	50	16	1	89.999000000000024
101	113	0	359.99900000000002	10	56	50	16	4	90
101	113	0	359.99900000000002	10	56	50	16	5	90
101	113	0	359.99900000000002	10	56	50	16	13	90
101	113	0	359.99900000000002	10	56	50	16	8	89.999000000000024
101	113	0	359.99900000000002	10	56	73	93	0	238.13302230639636
101	113	0	359.99900000000002	10	56	73	93	1	238.13302230639636
101	113	0	359.99900000000002	10	56	73	93	4	240
101	113	0	359.99900000000002	10	56	73	93	5	240
101	113	0	359.99900000000002	10	56	73	93	13	240
101	113	0	359.99900000000002	10	56	73	93	8	238.13302230639636
101	113	0	359.99900000000002	10	56	27	93	0	301.86497769360369
101	113	0	359.99900000000002	10	56	27	93	1	301.86497769360369
101	113	0	359.99900000000002	10	56	27	93	4	300
101	113	0	359.99900000000002	10	56	27	93	5	300
101	113	0	359.99900000000002	10	56	27	93	13	300
101	113	0	359.99900000000002	10	56	27	93	8	301.86497769360369
101	113	0	359.99900000000002	10	56	27	19	0	58.133022306396356
101	113	0	359.99900000000002	10	56	27	19	1	58.133022306396356
101	113	0	359.99900000000002	10	56	27	19	4	60
101	113	0	359.99900000000002	10	56	27	19	5	60
101	113	0	359.99900000000002	10	56	27	19	13	60
101	113	0	359.99900000000002	10	56	27	19	8	58.133022306396356
101	113	0	359.99900000000002	10	56	73	19	0	121.86497769360369
101	113	0	359.99900000000002	10	56	73	19	1	121.86497769360369
101	113	0	359.99900000000002	10	56	73	19	4	120
101	113	0	359.99900000000002	10	56	73	19	5	120
101	113	0	359.99900000000002	10	56	73	19	13	120
101	113	0	359.99900000000002	10	56	73	19	8	121.86497769360369
101	113	1	0	50	56	50	56	0	0
101	113	1	0	50	56	50	56	1	0
101	113	1	0	50	56	50	56	4	0
101	113	1	0	50	56	50	56	5	0
101	113	1	0	50	56	50	56	13	0
101	113	1	0	50	56	50	56	8	0
101	113	1	0	50	56	90	56	0	90
101	113	1	0	50	56	90	56	1	90
101	113	1	0	50	56	90	56	4	90
101	113	1	0	50	56	90	56	5	90
101	113	1	0	50	56	90	56	13	90
101	113	1	0	50	56	90	56	8	90
101	113	1	0	50	56	50	96	0	0
101	113	1	0	50	56	50	96	1	0
101	113	1	0	50	56	50	96	4	0
101	113	1	0	50	56	50	96	5	0
101	113	1	0	50	56	50	96	13	0
101	113	1	0	50	56	50	96	8	0
101	113	1	0	50	56	10	56	0	270
101	113	1	0	50	56	10	56	1	270
101	113	1	0	50	56	10	56	4	270
101	113	1	0	50	56	10	56	5	270
101	113	1	0	50	56	10	56	13	270
101	113	1	0	50	56	10	56	8	270
101	113	1	0	50	56	50	16	0	180
101	113	1	0	50	56	50	16	1	180
101	113	1	0	50	56	50	16	4	180
101	113	1	0	50	56	50	16	5	180
101	113	1	0	50	56	50	16	13	180
101	113	1	0	50	56	50	16	8	180
101	113	1	0	50	56	73	93	0	31.865977693603668
101	113	1	0	50	56	73	93	1	31.865977693603668
101	113	1	0	50	56	73	93	4	30
101	113	1	0	50	56	73	93	5	30
101	113	1	0	50	56	73	93	13	30
101	113	1	0	50	56	73	93	8	31.865977693603668
101	113	1	0	50	56	27	93	0	328.13402230639633
101	113	1	0	50	56	27	93	1	328.13402230639633
101	113	1	0	50	56	27	93	4	330
101	113	1	0	50	56	27	93	5	330
101	113	1	0	50	56	27	93	13	330
101	113	1	0	50	56	27	93	8	328.13402230639633
101	113	1	0	50	56	27	19	0	211.86597769360367
101	113	1	0	50	56	27	19	1	211.86597769360367
101	113	1	0	50	56	27	19	4	210
101	113	1	0	50	56	27	19	5	210
101	113	1	0	50	56	27	19	13	210
101	113	1	0	50	56	27	19	8	211.86597769360367
101	113	1	0	50	56	73	19	0	148.13402230639633
101	113	1	0	50	56	73	19	1	148.13402230639633
101	113	1	0	50	56	73	19	4	150
101	113	1	0	50	56	73	19	5	150
101	113	1	0	50	56	73	19	13	150
101	113	1	0	50	56	73	19	8	148.13402230639633
101	113	1	0	90	56	50	56	0	270
101	113	1	0	90	56	50	56	1	270
101	113	1	0	90	56	50	56	4	270
101	113	1	0	90	56	50	56	5	270
101	113	1	0	90	56	50	56	13	270
101	113	1	0	90	56	50	56	8	270
101	113	1	0	90	56	90	56	0	0
101	113	1	0	90	56	90	56	1	0
101	113	1	0	90	56	90	56	4	0
101	113	1	0	90	56	90	56	5	0
101	113	1	0	90	56	90	56	13	0
101	113	1	0	90	56	90	56	8	0
101	113	1	0	90	56	50	96	0	270
101	113	1	0	90	56	50	96	1	270
101	113	1	0	90	56	50	96	4	270
101	113	1	0	90	56	50	96	5	270
101	113	1	0	90	56	50	96	13	270
101	113	1	0	90	56	50	96	8	270
101	113	1	0	90	56	10	56	0	180
101	113	1	0	90	56	10	56	1	180
101	113	1	0	90	56	10	56	4	180
101	113	1	0	90	56	10	56	5	180
101	113	1	0	90	56	10	56	13	180
101	113	1	0	90	56	10	56	8	180
101	113	1	0	90	56	50	16	0	90
101	113	1	0	90	56	50	16	1	90
101	113	1	0	90	56	50	16	4	90
101	113	1	0	90	56	50	16	5	90
101	113	1	0	90	56	50	16	13	90
101	113	1	0	90	56	50	16	8	90
101	113	1	0	90	56	73	93	0	301.86597769360367
101	113	1	0	90	56	73	93	1	301.86597769360367
101	113	1	0	90	56	73	93	4	300
101	113	1	0	90	56	73	93	5	300
101	113	1	0	90	56	73	93	13	300
101	113	1	0	90	56	73	93	8	301.86597769360367
101	113	1	0	90	56	27	93	0	238.13402230639633
101	113	1	0	90	56	27	93	1	238.13402230639633
101	113	1	0	90	56	27	93	4	240
101	113	1	0	90	56	27	93	5	240
101	113	1	0	90	56	27	93	13	240
101	113	1	0	90	56	27	93	8	238.13402230639633
101	113	1	0	90	56	27	19	0	121.86597769360367
101	113	1	0	90	56	27	19	1	121.86597769360367
101	113	1	0	90	56	27	19	4	120
101	113	1	0	90	56	27	19	5	120
101	113	1	0	90	56	27	19	13	120
101	113	1	0	90	56	27	19	8	121.86597769360367
101	113	1	0	90	56	73	19	0	58.134022306396332
101	113	1	0	90	56	73	19	1	58.134022306396332
101	113	1	0	90	56	73	19	4	60
101	113	1	0	90	56	73	19	5	60
101	113	1	0	90	56	73	19	13	60
101	113	1	0	90	56	73	19	8	58.134022306396332
101	113	1	0	50	96	50	56	0	0
101	113	1	0	50	96	50	56	1	0
101	113	1	0	50	96	50	56	4	0
101	113	1	0	50	96	50	56	5	0
101	113	1	0	50	96	50	56	13	0
101	113	1	0	50	96	50	56	8	0
101	113	1	0	50	96	90	56	0	90
101	113	1	0	50	96	90	56	1	90
101	113	1	0	50	96	90	56	4	90
101	113	1	0	50	96	90	56	5	90
101	113	1	0	50	96	90	56	13	90
101	113	1	0	50	96	90	56	8	90
101	113	1	0	50	96	50	96	0	0
101	113	1	0	50	96	50	96	1	0
101	113	1	0	50	96	50	96	4	0
101	113	1	0	50	96	50	96	5	0
101	113	1	0	50	96	50	96	13	0
101	113	1	0	50	96	50	96	8	0
101	113	1	0	50	96	10	56	0	270
101	113	1	0	50	96	10	56	1	270
101	113	1	0	50	96	10	56	4	270
101	113	1	0	50	96	10	56	5	270
101	113	1	0	50	96	10	56	13	270
101	113	1	0	50	96	10	56	8	270
101	113	1	0	50	96	50	16	0	180
101	113	1	0	50	96	50	16	1	180
101	113	1	0	50	96	50	16	4	180
101	113	1	0	50	96	50	16	5	180
101	113	1	0	50	96	50	16	13	180
101	113	1	0	50	96	50	16	8	180
101	113	1	0	50	96	73	93	0	31.865977693603668
101	113	1	0	50	96	73	93	1	31.865977693603668
101	113	1	0	50	96	73	93	4	30
101	113	1	0	50	96	73	93	5	30
101	113	1	0	50	96	73	93	13	30
101	113	1	0	50	96	73	93	8	31.865977693603668
101	113	1	0	50	96	27	93	0	328.13402230639633
101	113	1	0	50	96	27	93	1	328.13402230639633
101	113	1	0	50	96	27	93	4	330
101	113	1	0	50	96	27	93	5	330
101	113	1	0	50	96	27	93	13	330
101	113	1	0	50	96	27	93	8	328.13402230639633
101	113	1	0	50	96	27	19	0	211.86597769360367
101	113	1	0	50	96	27	19	1	211.86597769360367
101	113	1	0	50	96	27	19	4	210
101	113	1	0	50	96	27	19	5	210
101	113	1	0	50	96	27	19	13	210
101	113	1	0	50	96	27	19	8	211.86597769360367
101	113	1	0	50	96	73	19	0	148.13402230639633
101	113	1	0	50	96	73	19	1	148.13402230639633
101	113	1	0	50	96	73	19	4	150
101	113	1	0	50	96	73	19	5	150
101	113	1	0	50	96	73	19	13	150
101	113	1	0	50	96	73	19	8	148.13402230639633
101	113	1	0	10	56	50	56	0	90
101	113	1	0	10	56	50	56	1	90
101	113	1	0	10	56	50	56	4	90
101	113	1	0	10	56	50	56	5	90
101	113	1	0	10	56	50	56	13	90
101	113	1	0	10	56	50	56	8	90
101	113	1	0	10	56	90	56	0	180
101	113	1	0	10	56	90	56	1	180
101	113	1	0	10	56	90	56	4	180
101	113	1	0	10	56	90	56	5	180
101	113	1	0	10	56	90	56	13	180
101	113	1	0	10	56	90	56	8	180
101	113	1	0	10	56	50	96	0	90
101	113	1	0	10	56	50	96	1	90
101	113	1	0	10	56	50	96	4	90
101	113	1	0	10	56	50	96	5	90
101	113	1	0	10	56	50	96	13	90
101	113	1	0	10	56	50	96	8	90
101	113	1	0	10	56	10	56	0	0
101	113	1	0	10	56	10	56	1	0
101	113	1	0	10	56	10	56	4	0
101	113	1	0	10	56	10	56	5	0
101	113	1	0	10	56	10	56	13	0
101	113	1	0	10	56	10	56	8	0
101	113	1	0	10	56	50	16	0	270
101	113	1	0	10	56	50	16	1	270
101	113	1	0	10	56	50	16	4	270
101	113	1	0	10	56	50	16	5	270
101	113	1	0	10	56	50	16	13	270
101	113	1	0	10	56	50	16	8	270
101	113	1	0	10	56	73	93	0	121.86597769360367
101	113	1	0	10	56	73	93	1	121.86597769360367
101	113	1	0	10	56	73	93	4	120
101	113	1	0	10	56	73	93	5	120
101	113	1	0	10	56	73	93	13	120
101	113	1	0	10	56	73	93	8	121.86597769360367
101	113	1	0	10	56	27	93	0	58.134022306396332
101	113	1	0	10	56	27	93	1	58.134022306396332
101	113	1	0	10	56	27	93	4	60
101	113	1	0	10	56	27	93	5	60
101	113	1	0	10	56	27	93	13	60
101	113	1	0	10	56	27	93	8	58.134022306396332
101	113	1	0	10	56	27	19	0	301.86597769360367
101	113	1	0	10	56	27	19	1	301.86597769360367
101	113	1	0	10	56	27	19	4	300
101	113	1	0	10	56	27	19	5	300
101	113	1	0	10	56	27	19	13	300
101	113	1	0	10	56	27	19	8	301.86597769360367
101	113	1	0	10	56	73	19	0	238.13402230639633
101	113	1	0	10	56	73	19	1	238.13402230639633
101	113	1	0	10	56	73	19	4	240
101	113	1	0	10	56	73	19	5	240
101	113	1	0	10	56	73	19	13	240
101	113	1	0	10	56	73	19	8	238.13402230639633
101	113	1	7.5	50	56	50	56	0	7.5
101	113	1	7.5	50	56	50	56	1	7.5
101	113	1	7.5	50	56	50	56	4	15
101	113	1	7.5	50	56	50	56	5	15
101	113	1	7.5	50	56	50	56	13	15
101	113	1	7.5	50	56	50	56	8	7.5
101	113	1	7.5	50	56	90	56	0	97.5
101	113	1	7.5	50	56	90	56	1	97.5
101	113	1	7.5	50	56	90	56	4	105
101	113	1	7.5	50	56	90	56	5	105
101	113	1	7.5	50	56	90	56	13	105
101	113	1	7.5	50	56	90	56	8	97.5
101	113	1	7.5	50	56	50	96	0	7.5
101	113	1	7.5	50	56	50	96	1	7.5
101	113	1	7.5	50	56	50	96	4	15
101	113	1	7.5	50	56	50	96	5	15
101	113	1	7.5	50	56	50	96	13	15
101	113	1	7.5	50	56	50	96	8	7.5
101	113	1	7.5	50	56	10	56	0	277.5
101	113	1	7.5	50	56	10	56	1	277.5
101	113	1	7.5	50	56	10	56	4	285
101	113	1	7.5	50	56	10	56	5	285
101	113	1	7.5	50	56	10	56	13	285
101	113	1	7.5	50	56	10	56	8	277.5
101	113	1	7.5	50	56	50	16	0	187.5
101	113	1	7.5	50	56	50	16	1	187.5
101	113	1	7.5	50	56	50	16	4	195
101	113	1	7.5	50	56	50	16	5	195
101	113	1	7.5	50	56	50	16	13	195
101	113	1	7.5	50	56	50	16	8	187.5
101	113	1	7.5	50	56	73	93	0	39.365977693603668
101	113	1	7.5	50	56	73	93	1	39.365977693603668
101	113	1	7.5	50	56	73	93	4	45
101	113	1	7.5	50	56	73	93	5	45
101	113	1	7.5	50	56	73	93	13	45
101	113	1	7.5	50	56	73	93	8	39.365977693603668
101	113	1	7.5	50	56	27	93	0	335.63402230639633
101	113	1	7.5	50	56	27	93	1	335.63402230639633
101	113	1	7.5	50	56	27	93	4	330
101	113	1	7.5	50	56	27	93	5	330
101	113	1	7.5	50	56	27	93	13	330
101	113	1	7.5	50	56	27	93	8	335.63402230639633
101	113	1	7.5	50	56	27	19	0	219.36597769360367
101	113	1	7.5	50	56	27	19	1	219.36597769360367
101	113	1	7.5	50	56	27	19	4	225
101	113	1	7.5	50	56	27	19	5	225
101	113	1	7.5	50	56	27	19	13	225
101	113	1	7.5	50	56	27	19	8	219.36597769360367
101	113	1	7.5	50	56	73	19	0	155.63402230639633
101	113	1	7.5	50	56	73	19	1	155.63402230639633
101	113	1	7.5	50	56	73	19	4	150
101	113	1	7.5	50	56	73	19	5	150
101	113	1	7.5	50	56	73	19	13	150
101	113	1	7.5	50	56	73	19	8	155.63402230639633
101	113	1	7.5	90	56	50	56	0	277.5
101	113	1	7.5	90	56	50	56	1	277.5
101	113	1	7.5	90	56	50	56	4	285
101	113	1	7.5	90	56	50	56	5	285
101	113	1	7.5	90	56	50	56	13	285
101	113	1	7.5	90	56	50	56	8	277.5
101	113	1	7.5	90	56	90	56	0	7.5
101	113	1	7.5	90	56	90	56	1	7.5
101	113	1	7.5	90	56	90	56	4	15
101	113	1	7.5	90	56	90	56	5	15
101	113	1	7.5	90	56	90	56	13	15
101	113	1	7.5	90	56	90	56	8	7.5
101	113	1	7.5	90	56	50	96	0	277.5
101	113	1	7.5	90	56	50	96	1	277.5
101	113	1	7.5	90	56	50	96	4	285
101	113	1	7.5	90	56	50	96	5	285
101	113	1	7.5	90	56	50	96	13	285
101	113	1	7.5	90	56	50	96	8	277.5
101	113	1	7.5	90	56	10	56	0	187.5
101	113	1	7.5	90	56	10	56	1	187.5
101	113	1	7.5	90	56	10	56	4	195
101	113	1	7.5	90	56	10	56	5	195
101	113	1	7.5	90	56	10	56	13	195
101	113	1	7.5	90	56	10	56	8	187.5
101	113	1	7.5	90	56	50	16	0	97.5
101	113	1	7.5	90	56	50	16	1	97.5
101	113	1	7.5	90	56	50	16	4	105
101	113	1	7.5	90	56	50	16	5	105
101	113	1	7.5	90	56	50	16	13	105
101	113	1	7.5	90	56	50	16	8	97.5
101	113	1	7.5	90	56	73	93	0	309.36597769360367
101	113	1	7.5	90	56	73	93	1	309.36597769360367
101	113	1	7.5	90	56	73	93	4	315
101	113	1	7.5	90	56	73	93	5	315
101	113	1	7.5	90	56	73	93	13	315
101	113	1	7.5	90	56	73	93	8	309.36597769360367
101	113	1	7.5	90	56	27	93	0	245.63402230639633
101	113	1	7.5	90	56	27	93	1	245.63402230639633
101	113	1	7.5	90	56	27	93	4	240
101	113	1	7.5	90	56	27	93	5	240
101	113	1	7.5	90	56	27	93	13	240
101	113	1	7.5	90	56	27	93	8	245.63402230639633
101	113	1	7.5	90	56	27	19	0	129.36597769360367
101	113	1	7.5	90	56	27	19	1	129.36597769360367
101	113	1	7.5	90	56	27	19	4	135
101	113	1	7.5	90	56	27	19	5	135
101	113	1	7.5	90	56	27	19	13	135
101	113	1	7.5	90	56	27	19	8	129.36597769360367
101	113	1	7.5	90	56	73	19	0	65.634022306396332
101	113	1	7.5	90	56	73	19	1	65.634022306396332
101	113	1	7.5	90	56	73	19	4	60
101	113	1	7.5	90	56	73	19	5	60
101	113	1	7.5	90	56	73	19	13	60
101	113	1	7.5	90	56	73	19	8	65.634022306396332
101	113	1	7.5	50	96	50	56	0	7.5
101	113	1	7.5	50	96	50	56	1	7.5
101	113	1	7.5	50	96	50	56	4	15
101	113	1	7.5	50	96	50	56	5	15
101	113	1	7.5	50	96	50	56	13	15
101	113	1	7.5	50	96	50	56	8	7.5
101	113	1	7.5	50	96	90	56	0	97.5
101	113	1	7.5	50	96	90	56	1	97.5
101	113	1	7.5	50	96	90	56	4	105
101	113	1	7.5	50	96	90	56	5	105
101	113	1	7.5	50	96	90	56	13	105
101	113	1	7.5	50	96	90	56	8	97.5
101	113	1	7.5	50	96	50	96	0	7.5
101	113	1	7.5	50	96	50	96	1	7.5
101	113	1	7.5	50	96	50	96	4	15
101	113	1	7.5	50	96	50	96	5	15
101	113	1	7.5	50	96	50	96	13	15
101	113	1	7.5	50	96	50	96	8	7.5
101	113	1	7.5	50	96	10	56	0	277.5
101	113	1	7.5	50	96	10	56	1	277.5
101	113	1	7.5	50	96	10	56	4	285
101	113	1	7.5	50	96	10	56	5	285
101	113	1	7.5	50	96	10	56	13	285
101	113	1	7.5	50	96	10	56	8	277.5
101	113	1	7.5	50	96	50	16	0	187.5
101	113	1	7.5	50	96	50	16	1	187.5
101	113	1	7.5	50	96	50	16	4	195
101	113	1	7.5	50	96	50	16	5	195
101	113	1	7.5	50	96	50	16	13	195
101	113	1	7.5	50	96	50	16	8	187.5
101	113	1	7.5	50	96	73	93	0	39.365977693603668
101	113	1	7.5	50	96	73	93	1	39.365977693603668
101	113	1	7.5	50	96	73	93	4	45
101	113	1	7.5	50	96	73	93	5	45
101	113	1	7.5	50	96	73	93	13	45
101	113	1	7.5	50	96	73	93	8	39.365977693603668
101	113	1	7.5	50	96	27	93	0	335.63402230639633
101	113	1	7.5	50	96	27	93	1	335.63402230639633
101	113	1	7.5	50	96	27	93	4	330
101	113	1	7.5	50	96	27	93	5	330
101	113	1	7.5	50	96	27	93	13	330
101	113	1	7.5	50	96	27	93	8	335.63402230639633
101	113	1	7.5	50	96	27	19	0	219.36597769360367
101	113	1	7.5	50	96	27	19	1	219.36597769360367
101	113	1	7.5	50	96	27	19	4	225
101	113	1	7.5	50	96	27	19	5	225
101	113	1	7.5	50	96	27	19	13	225
101	113	1	7.5	50	96	27	19	8	219.36597769360367
101	113	1	7.5	50	96	73	19	0	155.63402230639633
101	113	1	7.5	50	96	73	19	1	155.63402230639633
101	113	1	7.5	50	96	73	19	4	150
101	113	1	7.5	50	96	73	19	5	150
101	113	1	7.5	50	96	73	19	13	150
101	113	1	7.5	50	96	73	19	8	155.63402230639633
101	113	1	7.5	10	56	50	56	0	97.5
101	113	1	7.5	10	56	50	56	1	97.5
101	113	1	7.5	10	56	50	56	4	105
101	113	1	7.5	10	56	50	56	5	105
101	113	1	7.5	10	56	50	56	13	105
101	113	1	7.5	10	56	50	56	8	97.5
101	113	1	7.5	10	56	90	56	0	187.5
101	113	1	7.5	10	56	90	56	1	187.5
101	113	1	7.5	10	56	90	56	4	195
101	113	1	7.5	10	56	90	56	5	195
101	113	1	7.5	10	56	90	56	13	195
101	113	1	7.5	10	56	90	56	8	187.5
101	113	1	7.5	10	56	50	96	0	97.5
101	113	1	7.5	10	56	50	96	1	97.5
101	113	1	7.5	10	56	50	96	4	105
101	113	1	7.5	10	56	50	96	5	105
101	113	1	7.5	10	56	50	96	13	105
101	113	1	7.5	10	56	50	96	8	97.5
101	113	1	7.5	10	56	10	56	0	7.5
101	113	1	7.5	10	56	10	56	1	7.5
101	113	1	7.5	10	56	10	56	4	15
101	113	1	7.5	10	56	10	56	5	15
101	113	1	7.5	10	56	10	56	13	15
101	113	1	7.5	10	56	10	56	8	7.5
101	113	1	7.5	10	56	50	16	0	277.5
101	113	1	7.5	10	56	50	16	1	277.5
101	113	1	7.5	10	56	50	16	4	285
101	113	1	7.5	10	56	50	16	5	285
101	113	1	7.5	10	56	50	16	13	285
101	113	1	7.5	10	56	50	16	8	277.5
101	113	1	7.5	10	56	73	93	0	129.36597769360367
101	113	1	7.5	10	56	73	93	1	129.36597769360367
101	113	1	7.5	10	56	73	93	4	135
101	113	1	7.5	10	56	73	93	5	135
101	113	1	7.5	10	56	73	93	13	135
101	113	1	7.5	10	56	73	93	8	129.36597769360367
101	113	1	7.5	10	56	27	93	0	65.634022306396332
101	113	1	7.5	10	56	27	93	1	65.634022306396332
101	113	1	7.5	10	56	27	93	4	60
101	113	1	7.5	10	56	27	93	5	60
101	113	1	7.5	10	56	27	93	13	60
101	113	1	7.5	10	56	27	93	8	65.634022306396332
101	113	1	7.5	10	56	27	19	0	309.36597769360367
101	113	1	7.5	10	56	27	19	1	309.36597769360367
101	113	1	7.5	10	56	27	19	4	315
101	113	1	7.5	10	56	27	19	5	315
101	113	1	7.5	10	56	27	19	13	315
101	113	1	7.5	10	56	27	19	8	309.36597769360367
101	113	1	7.5	10	56	73	19	0	245.63402230639633
101	113	1	7.5	10	56	73	19	1	245.63402230639633
101	113	1	7.5	10	56	73	19	4	240
101	113	1	7.5	10	56	73	19	5	240
101	113	1	7.5	10	56	73	19	13	240
101	113	1	7.5	10	56	73	19	8	245.63402230639633
101	113	1	22.5	50	56	50	56	0	22.5
101	113	1	22.5	50	56	50	56	1	22.5
101	113	1	22.5	50	56	50	56	4	30
101	113	1	22.5	50	56	50	56	5	30
101	113	1	22.5	50	56	50	56	13	30
101	113	1	22.5	50	56	50	56	8	22.5
101	113	1	22.5	50	56	90	56	0	112.5
101	113	1	22.5	50	56	90	56	1	112.5
101	113	1	22.5	50	56	90	56	4	120
101	113	1	22.5	50	56	90	56	5	120
101	113	1	22.5	50	56	90	56	13	120
101	113	1	22.5	50	56	90	56	8	112.5
101	113	1	22.5	50	56	50	96	0	22.5
101	113	1	22.5	50	56	50	96	1	22.5
101	113	1	22.5	50	56	50	96	4	30
101	113	1	22.5	50	56	50	96	5	30
101	113	1	22.5	50	56	50	96	13	30
101	113	1	22.5	50	56	50	96	8	22.5
101	113	1	22.5	50	56	10	56	0	292.5
101	113	1	22.5	50	56	10	56	1	292.5
101	113	1	22.5	50	56	10	56	4	300
101	113	1	22.5	50	56	10	56	5	300
101	113	1	22.5	50	56	10	56	13	300
101	113	1	22.5	50	56	10	56	8	292.5
101	113	1	22.5	50	56	50	16	0	202.5
101	113	1	22.5	50	56	50	16	1	202.5
101	113	1	22.5	50	56	50	16	4	210
101	113	1	22.5	50	56	50	16	5	210
101	113	1	22.5	50	56	50	16	13	210
101	113	1	22.5	50	56	50	16	8	202.5
101	113	1	22.5	50	56	73	93	0	54.365977693603668
101	113	1	22.5	50	56	73	93	1	54.365977693603668
101	113	1	22.5	50	56	73	93	4	60
101	113	1	22.5	50	56	73	93	5	60
101	113	1	22.5	50	56	73	93	13	60
101	113	1	22.5	50	56	73	93	8	54.365977693603668
101	113	1	22.5	50	56	27	93	0	350.63402230639633
101	113	1	22.5	50	56	27	93	1	350.63402230639633
101	113	1	22.5	50	56	27	93	4	345
101	113	1	22.5	50	56	27	93	5	345
101	113	1	22.5	50	56	27	93	13	345
101	113	1	22.5	50	56	27	93	8	350.63402230639633
101	113	1	22.5	50	56	27	19	0	234.36597769360367
101	113	1	22.5	50	56	27	19	1	234.36597769360367
101	113	1	22.5	50	56	27	19	4	240
101	113	1	22.5	50	56	27	19	5	240
101	113	1	22.5	50	56	27	19	13	240
101	113	1	22.5	50	56	27	19	8	234.36597769360367
101	113	1	22.5	50	56	73	19	0	170.63402230639633
101	113	1	22.5	50	56	73	19	1	170.63402230639633
101	113	1	22.5	50	56	73	19	4	165
101	113	1	22.5	50	56	73	19	5	165
101	113	1	22.5	50	56	73	19	13	165
101	113	1	22.5	50	56	73	19	8	170.63402230639633
101	113	1	22.5	90	56	50	56	0	292.5
101	113	1	22.5	90	56	50	56	1	292.5
101	113	1	22.5	90	56	50	56	4	300
101	113	1	22.5	90	56	50	56	5	300
101	113	1	22.5	90	56	50	56	13	300
101	113	1	22.5	90	56	50	56	8	292.5
101	113	1	22.5	90	56	90	56	0	22.5
101	113	1	22.5	90	56	90	56	1	22.5
101	113	1	22.5	90	56	90	56	4	30
101	113	1	22.5	90	56	90	56	5	30
101	113	1	22.5	90	56	90	56	13	30
101	113	1	22.5	90	56	90	56	8	22.5
101	113	1	22.5	90	56	50	96	0	292.5
101	113	1	22.5	90	56	50	96	1	292.5
101	113	1	22.5	90	56	50	96	4	300
101	113	1	22.5	90	56	50	96	5	300
101	113	1	22.5	90	56	50	96	13	300
101	113	1	22.5	90	56	50	96	8	292.5
101	113	1	22.5	90	56	10	56	0	202.5
101	113	1	22.5	90	56	10	56	1	202.5
101	113	1	22.5	90	56	10	56	4	210
101	113	1	22.5	90	56	10	56	5	210
101	113	1	22.5	90	56	10	56	13	210
101	113	1	22.5	90	56	10	56	8	202.5
101	113	1	22.5	90	56	50	16	0	112.5
101	113	1	22.5	90	56	50	16	1	112.5
101	113	1	22.5	90	56	50	16	4	120
101	113	1	22.5	90	56	50	16	5	120
101	113	1	22.5	90	56	50	16	13	120
101	113	1	22.5	90	56	50	16	8	112.5
101	113	1	22.5	90	56	73	93	0	324.36597769360367
101	113	1	22.5	90	56	73	93	1	324.36597769360367
101	113	1	22.5	90	56	73	93	4	330
101	113	1	22.5	90	56	73	93	5	330
101	113	1	22.5	90	56	73	93	13	330
101	113	1	22.5	90	56	73	93	8	324.36597769360367
101	113	1	22.5	90	56	27	93	0	260.63402230639633
101	113	1	22.5	90	56	27	93	1	260.63402230639633
101	113	1	22.5	90	56	27	93	4	255
101	113	1	22.5	90	56	27	93	5	255
101	113	1	22.5	90	56	27	93	13	255
101	113	1	22.5	90	56	27	93	8	260.63402230639633
101	113	1	22.5	90	56	27	19	0	144.36597769360367
101	113	1	22.5	90	56	27	19	1	144.36597769360367
101	113	1	22.5	90	56	27	19	4	150
101	113	1	22.5	90	56	27	19	5	150
101	113	1	22.5	90	56	27	19	13	150
101	113	1	22.5	90	56	27	19	8	144.36597769360367
101	113	1	22.5	90	56	73	19	0	80.634022306396332
101	113	1	22.5	90	56	73	19	1	80.634022306396332
101	113	1	22.5	90	56	73	19	4	75
101	113	1	22.5	90	56	73	19	5	75
101	113	1	22.5	90	56	73	19	13	75
101	113	1	22.5	90	56	73	19	8	80.634022306396332
101	113	1	22.5	50	96	50	56	0	22.5
101	113	1	22.5	50	96	50	56	1	22.5
101	113	1	22.5	50	96	50	56	4	30
101	113	1	22.5	50	96	50	56	5	30
101	113	1	22.5	50	96	50	56	13	30
101	113	1	22.5	50	96	50	56	8	22.5
101	113	1	22.5	50	96	90	56	0	112.5
101	113	1	22.5	50	96	90	56	1	112.5
101	113	1	22.5	50	96	90	56	4	120
101	113	1	22.5	50	96	90	56	5	120
101	113	1	22.5	50	96	90	56	13	120
101	113	1	22.5	50	96	90	56	8	112.5
101	113	1	22.5	50	96	50	96	0	22.5
101	113	1	22.5	50	96	50	96	1	22.5
101	113	1	22.5	50	96	50	96	4	30
101	113	1	22.5	50	96	50	96	5	30
101	113	1	22.5	50	96	50	96	13	30
101	113	1	22.5	50	96	50	96	8	22.5
101	113	1	22.5	50	96	10	56	0	292.5
101	113	1	22.5	50	96	10	56	1	292.5
101	113	1	22.5	50	96	10	56	4	300
101	113	1	22.5	50	96	10	56	5	300
101	113	1	22.5	50	96	10	56	13	300
101	113	1	22.5	50	96	10	56	8	292.5
101	113	1	22.5	50	96	50	16	0	202.5
101	113	1	22.5	50	96	50	16	1	202.5
101	113	1	22.5	50	96	50	16	4	210
101	113	1	22.5	50	96	50	16	5	210
101	113	1	22.5	50	96	50	16	13	210
101	113	1	22.5	50	96	50	16	8	202.5
101	113	1	22.5	50	96	73	93	0	54.365977693603668
101	113	1	22.5	50	96	73	93	1	54.365977693603668
101	113	1	22.5	50	96	73	93	4	60
101	113	1	22.5	50	96	73	93	5	60
101	113	1	22.5	50	96	73	93	13	60
101	113	1	22.5	50	96	73	93	8	54.365977693603668
101	113	1	22.5	50	96	27	93	0	350.63402230639633
101	113	1	22.5	50	96	27	93	1	350.63402230639633
101	113	1	22.5	50	96	27	93	4	345
101	113	1	22.5	50	96	27	93	5	345
101	113	1	22.5	50	96	27	93	13	345
101	113	1	22.5	50	96	27	93	8	350.63402230639633
101	113	1	22.5	50	96	27	19	0	234.36597769360367
101	113	1	22.5	50	96	27	19	1	234.36597769360367
101	113	1	22.5	50	96	27	19	4	240
101	113	1	22.5	50	96	27	19	5	240
101	113	1	22.5	50	96	27	19	13	240
101	113	1	22.5	50	96	27	19	8	234.36597769360367
101	113	1	22.5	50	96	73	19	0	170.63402230639633
101	113	1	22.5	50	96	73	19	1	170.63402230639633
101	113	1	22.5	50	96	73	19	4	165
101	113	1	22.5	50	96	73	19	5	165
101	113	1	22.5	50	96	73	19	13	165
101	113	1	22.5	50	96	73	19	8	170.63402230639633
101	113	1	22.5	10	56	50	56	0	112.5
101	113	1	22.5	10	56	50	56	1	112.5
101	113	1	22.5	10	56	50	56	4	120
101	113	1	22.5	10	56	50	56	5	120
101	113	1	22.5	10	56	50	56	13	120
101	113	1	22.5	10	56	50	56	8	112.5
101	113	1	22.5	10	56	90	56	0	202.5
101	113	1	22.5	10	56	90	56	1	202.5
101	113	1	22.5	10	56	90	56	4	210
101	113	1	22.5	10	56	90	56	5	210
101	113	1	22.5	10	56	90	56	13	210
101	113	1	22.5	10	56	90	56	8	202.5
101	113	1	22.5	10	56	50	96	0	112.5
101	113	1	22.5	10	56	50	96	1	112.5
101	113	1	22.5	10	56	50	96	4	120
101	113	1	22.5	10	56	50	96	5	120
101	113	1	22.5	10	56	50	96	13	120
101	113	1	22.5	10	56	50	96	8	112.5
101	113	1	22.5	10	56	10	56	0	22.5
101	113	1	22.5	10	56	10	56	1	22.5
101	113	1	22.5	10	56	10	56	4	30
101	113	1	22.5	10	56	10	56	5	30
101	113	1	22.5	10	56	10	56	13	30
101	113	1	22.5	10	56	10	56	8	22.5
101	113	1	22.5	10	56	50	16	0	292.5
101	113	1	22.5	10	56	50	16	1	292.5
101	113	1	22.5	10	56	50	16	4	300
101	113	1	22.5	10	56	50	16	5	300
101	113	1	22.5	10	56	50	16	13	300
101	113	1	22.5	10	56	50	16	8	292.5
101	113	1	22.5	10	56	73	93	0	144.36597769360367
101	113	1	22.5	10	56	73	93	1	144.36597769360367
101	113	1	22.5	10	56	73	93	4	150
101	113	1	22.5	10	56	73	93	5	150
101	113	1	22.5	10	56	73	93	13	150
101	113	1	22.5	10	56	73	93	8	144.36597769360367
101	113	1	22.5	10	56	27	93	0	80.634022306396332
101	113	1	22.5	10	56	27	93	1	80.634022306396332
101	113	1	22.5	10	56	27	93	4	75
101	113	1	22.5	10	56	27	93	5	75
101	113	1	22.5	10	56	27	93	13	75
101	113	1	22.5	10	56	27	93	8	80.634022306396332
101	113	1	22.5	10	56	27	19	0	324.36597769360367
101	113	1	22.5	10	56	27	19	1	324.36597769360367
101	113	1	22.5	10	56	27	19	4	330
101	113	1	22.5	10	56	27	19	5	330
101	113	1	22.5	10	56	27	19	13	330
101	113	1	22.5	10	56	27	19	8	324.36597769360367
101	113	1	22.5	10	56	73	19	0	260.63402230639633
101	113	1	22.5	10	56	73	19	1	260.63402230639633
101	113	1	22.5	10	56	73	19	4	255
101	113	1	22.5	10	56	73	19	5	255
101	113	1	22.5	10	56	73	19	13	255
101	113	1	22.5	10	56	73	19	8	260.63402230639633
101	113	1	337.5	50	56	50	56	0	337.5
101	113	1	337.5	50	56	50	56	1	337.5
101	113	1	337.5	50	56	50	56	4	345
101	113	1	337.5	50	56	50	56	5	345
101	113	1	337.5	50	56	50	56	13	345
101	113	1	337.5	50	56	50	56	8	337.5
101	113	1	337.5	50	56	90	56	0	67.5
101	113	1	337.5	50	56	90	56	1	67.5
101	113	1	337.5	50	56	90	56	4	75
101	113	1	337.5	50	56	90	56	5	75
101	113	1	337.5	50	56	90	56	13	75
101	113	1	337.5	50	56	90	56	8	67.5
101	113	1	337.5	50	56	50	96	0	337.5
101	113	1	337.5	50	56	50	96	1	337.5
101	113	1	337.5	50	56	50	96	4	345
101	113	1	337.5	50	56	50	96	5	345
101	113	1	337.5	50	56	50	96	13	345
101	113	1	337.5	50	56	50	96	8	337.5
101	113	1	337.5	50	56	10	56	0	247.5
101	113	1	337.5	50	56	10	56	1	247.5
101	113	1	337.5	50	56	10	56	4	255
101	113	1	337.5	50	56	10	56	5	255
101	113	1	337.5	50	56	10	56	13	255
101	113	1	337.5	50	56	10	56	8	247.5
101	113	1	337.5	50	56	50	16	0	157.5
101	113	1	337.5	50	56	50	16	1	157.5
101	113	1	337.5	50	56	50	16	4	165
101	113	1	337.5	50	56	50	16	5	165
101	113	1	337.5	50	56	50	16	13	165
101	113	1	337.5	50	56	50	16	8	157.5
101	113	1	337.5	50	56	73	93	0	9.3659776936036678
101	113	1	337.5	50	56	73	93	1	9.3659776936036678
101	113	1	337.5	50	56	73	93	4	15
101	113	1	337.5	50	56	73	93	5	15
101	113	1	337.5	50	56	73	93	13	15
101	113	1	337.5	50	56	73	93	8	9.3659776936036678
101	113	1	337.5	50	56	27	93	0	305.63402230639633
101	113	1	337.5	50	56	27	93	1	305.63402230639633
101	113	1	337.5	50	56	27	93	4	300
101	113	1	337.5	50	56	27	93	5	300
101	113	1	337.5	50	56	27	93	13	300
101	113	1	337.5	50	56	27	93	8	305.63402230639633
101	113	1	337.5	50	56	27	19	0	189.36597769360367
101	113	1	337.5	50	56	27	19	1	189.36597769360367
101	113	1	337.5	50	56	27	19	4	195
101	113	1	337.5	50	56	27	19	5	195
101	113	1	337.5	50	56	27	19	13	195
101	113	1	337.5	50	56	27	19	8	189.36597769360367
101	113	1	337.5	50	56	73	19	0	125.63402230639633
101	113	1	337.5	50	56	73	19	1	125.63402230639633
101	113	1	337.5	50	56	73	19	4	120
101	113	1	337.5	50	56	73	19	5	120
101	113	1	337.5	50	56	73	19	13	120
101	113	1	337.5	50	56	73	19	8	125.63402230639633
101	113	1	337.5	90	56	50	56	0	247.5
101	113	1	337.5	90	56	50	56	1	247.5
101	113	1	337.5	90	56	50	56	4	255
101	113	1	337.5	90	56	50	56	5	255
101	113	1	337.5	90	56	50	56	13	255
101	113	1	337.5	90	56	50	56	8	247.5
101	113	1	337.5	90	56	90	56	0	337.5
101	113	1	337.5	90	56	90	56	1	337.5
101	113	1	337.5	90	56	90	56	4	345
101	113	1	337.5	90	56	90	56	5	345
101	113	1	337.5	90	56	90	56	13	345
101	113	1	337.5	90	56	90	56	8	337.5
101	113	1	337.5	90	56	50	96	0	247.5
101	113	1	337.5	90	56	50	96	1	247.5
101	113	1	337.5	90	56	50	96	4	255
101	113	1	337.5	90	56	50	96	5	255
101	113	1	337.5	90	56	50	96	13	255
101	113	1	337.5	90	56	50	96	8	247.5
101	113	1	337.5	90	56	10	56	0	157.5
101	113	1	337.5	90	56	10	56	1	157.5
101	113	1	337.5	90	56	10	56	4	165
101	113	1	337.5	90	56	10	56	5	165
101	113	1	337.5	90	56	10	56	13	165
101	113	1	337.5	90	56	10	56	8	157.5
101	113	1	337.5	90	56	50	16	0	67.5
101	113	1	337.5	90	56	50	16	1	67.5
101	113	1	337.5	90	56	50	16	4	75
101	113	1	337.5	90	56	50	16	5	75
101	113	1	337.5	90	56	50	16	13	75
101	113	1	337.5	90	56	50	16	8	67.5
101	113	1	337.5	90	56	73	93	0	279.36597769360367
101	113	1	337.5	90	56	73	93	1	279.36597769360367
101	113	1	337.5	90	56	73	93	4	285
101	113	1	337.5	90	56	73	93	5	285
101	113	1	337.5	90	56	73	93	13	285
101	113	1	337.5	90	56	73	93	8	279.36597769360367
101	113	1	337.5	90	56	27	93	0	215.63402230639633
101	113	1	337.5	90	56	27	93	1	215.63402230639633
101	113	1	337.5	90	56	27	93	4	210
101	113	1	337.5	90	56	27	93	5	210
101	113	1	337.5	90	56	27	93	13	210
101	113	1	337.5	90	56	27	93	8	215.63402230639633
101	113	1	337.5	90	56	27	19	0	99.365977693603668
101	113	1	337.5	90	56	27	19	1	99.365977693603668
101	113	1	337.5	90	56	27	19	4	105
101	113	1	337.5	90	56	27	19	5	105
101	113	1	337.5	90	56	27	19	13	105
101	113	1	337.5	90	56	27	19	8	99.365977693603668
101	113	1	337.5	90	56	73	19	0	35.634022306396332
101	113	1	337.5	90	56	73	19	1	35.634022306396332
101	113	1	337.5	90	56	73	19	4	30
101	113	1	337.5	90	56	73	19	5	30
101	113	1	337.5	90	56	73	19	13	30
101	113	1	337.5	90	56	73	19	8	35.634022306396332
101	113	1	337.5	50	96	50	56	0	337.5
101	113	1	337.5	50	96	50	56	1	337.5
101	113	1	337.5	50	96	50	56	4	345
101	113	1	337.5	50	96	50	56	5	345
101	113	1	337.5	50	96	50	56	13	345
101	113	1	337.5	50	96	50	56	8	337.5
101	113	1	337.5	50	96	90	56	0	67.5
101	113	1	337.5	50	96	90	56	1	67.5
101	113	1	337.5	50	96	90	56	4	75
101	113	1	337.5	50	96	90	56	5	75
101	113	1	337.5	50	96	90	56	13	75
101	113	1	337.5	50	96	90	56	8	67.5
101	113	1	337.5	50	96	50	96	0	337.5
101	113	1	337.5	50	96	50	96	1	337.5
101	113	1	337.5	50	96	50	96	4	345
101	113	1	337.5	50	96	50	96	5	345
101	113	1	337.5	50	96	50	96	13	345
101	113	1	337.5	50	96	50	96	8	337.5
101	113	1	337.5	50	96	10	56	0	247.5
101	113	1	337.5	50	96	10	56	1	247.5
101	113	1	337.5	50	96	10	56	4	255
101	113	1	337.5	50	96	10	56	5	255
101	113	1	337.5	50	96	10	56	13	255
101	113	1	337.5	50	96	10	56	8	247.5
101	113	1	337.5	50	96	50	16	0	157.5
101	113	1	337.5	50	96	50	16	1	157.5
101	113	1	337.5	50	96	50	16	4	165
101	113	1	337.5	50	96	50	16	5	165
101	113	1	337.5	50	96	50	16	13	165
101	113	1	337.5	50	96	50	16	8	157.5
101	113	1	337.5	50	96	73	93	0	9.3659776936036678
101	113	1	337.5	50	96	73	93	1	9.3659776936036678
101	113	1	337.5	50	96	73	93	4	15
101	113	1	337.5	50	96	73	93	5	15
101	113	1	337.5	50	96	73	93	13	15
101	113	1	337.5	50	96	73	93	8	9.3659776936036678
101	113	1	337.5	50	96	27	93	0	305.63402230639633
101	113	1	337.5	50	96	27	93	1	305.63402230639633
101	113	1	337.5	50	96	27	93	4	300
101	113	1	337.5	50	96	27	93	5	300
101	113	1	337.5	50	96	27	93	13	300
101	113	1	337.5	50	96	27	93	8	305.63402230639633
101	113	1	337.5	50	96	27	19	0	189.36597769360367
101	113	1	337.5	50	96	27	19	1	189.36597769360367
101	113	1	337.5	50	96	27	19	4	195
101	113	1	337.5	50	96	27	19	5	195
101	113	1	337.5	50	96	27	19	13	195
101	113	1	337.5	50	96	27	19	8	189.36597769360367
101	113	1	337.5	50	96	73	19	0	125.63402230639633
101	113	1	337.5	50	96	73	19	1	125.63402230639633
101	113	1	337.5	50	96	73	19	4	120
101	113	1	337.5	50	96	73	19	5	120
101	113	1	337.5	50	96	73	19	13	120
101	113	1	337.5	50	96	73	19	8	125.63402230639633
101	113	1	337.5	10	56	50	56	0	67.5
101	113	1	337.5	10	56	50	56	1	67.5
101	113	1	337.5	10	56	50	56	4	75
101	113	1	337.5	10	56	50	56	5	75
101	113	1	337.5	10	56	50	56	13	75
101	113	1	337.5	10	56	50	56	8	67.5
101	113	1	337.5	10	56	90	56	0	157.5
101	113	1	337.5	10	56	90	56	1	157.5
101	113	1	337.5	10	56	90	56	4	165
101	113	1	337.5	10	56	90	56	5	165
101	113	1	337.5	10	56	90	56	13	165
101	113	1	337.5	10	56	90	56	8	157.5
101	113	1	337.5	10	56	50	96	0	67.5
101	113	1	337.5	10	56	50	96	1	67.5
101	113	1	337.5	10	56	50	96	4	75
101	113	1	337.5	10	56	50	96	5	75
101	113	1	337.5	10	56	50	96	13	75
101	113	1	337.5	10	56	50	96	8	67.5
101	113	1	337.5	10	56	10	56	0	337.5
101	113	1	337.5	10	56	10	56	1	337.5
101	113	1	337.5	10	56	10	56	4	345
101	113	1	337.5	10	56	10	56	5	345
101	113	1	337.5	10	56	10	56	13	345
101	113	1	337.5	10	56	10	56	8	337.5
101	113	1	337.5	10	56	50	16	0	247.5
101	113	1	337.5	10	56	50	16	1	247.5
101	113	1	337.5	10	56	50	16	4	255
101	113	1	337.5	10	56	50	16	5	255
101	113	1	337.5	10	56	50	16	13	255
101	113	1	337.5	10	56	50	16	8	247.5
101	113	1	337.5	10	56	73	93	0	99.365977693603668
101	113	1	337.5	10	56	73	93	1	99.365977693603668
101	113	1	337.5	10	56	73	93	4	105
101	113	1	337.5	10	56	73	93	5	105
101	113	1	337.5	10	56	73	93	13	105
101	113	1	337.5	10	56	73	93	8	99.365977693603668
101	113	1	337.5	10	56	27	93	0	35.634022306396332
101	113	1	337.5	10	56	27	93	1	35.634022306396332
101	113	1	337.5	10	56	27	93	4	30
101	113	1	337.5	10	56	27	93	5	30
101	113	1	337.5	10	56	27	93	13	30
101	113	1	337.5	10	56	27	93	8	35.634022306396332
101	113	1	337.5	10	56	27	19	0	279.36597769360367
101	113	1	337.5	10	56	27	19	1	279.36597769360367
101	113	1	337.5	10	56	27	19	4	285
101	113	1	337.5	10	56	27	19	5	285
101	113	1	337.5	10	56	27	19	13	285
101	113	1	337.5	10	56	27	19	8	279.36597769360367
101	113	1	337.5	10	56	73	19	0	215.63402230639633
101	113	1	337.5	10	56	73	19	1	215.63402230639633
101	113	1	337.5	10	56	73	19	4	210
101	113	1	337.5	10	56	73	19	5	210
101	113	1	337.5	10	56	73	19	13	210
101	113	1	337.5	10	56	73	19	8	215.63402230639633
101	113	1	352.5	50	56	50	56	0	352.5
101	113	1	352.5	50	56	50	56	1	352.5
101	113	1	352.5	50	56	50	56	4	0
101	113	1	352.5	50	56	50	56	5	0
101	113	1	352.5	50	56	50	56	13	0
101	113	1	352.5	50	56	50	56	8	352.5
101	113	1	352.5	50	56	90	56	0	82.5
101	113	1	352.5	50	56	90	56	1	82.5
101	113	1	352.5	50	56	90	56	4	90
101	113	1	352.5	50	56	90	56	5	90
101	113	1	352.5	50	56	90	56	13	90
101	113	1	352.5	50	56	90	56	8	82.5
101	113	1	352.5	50	56	50	96	0	352.5
101	113	1	352.5	50	56	50	96	1	352.5
101	113	1	352.5	50	56	50	96	4	0
101	113	1	352.5	50	56	50	96	5	0
101	113	1	352.5	50	56	50	96	13	0
101	113	1	352.5	50	56	50	96	8	352.5
101	113	1	352.5	50	56	10	56	0	262.5
101	113	1	352.5	50	56	10	56	1	262.5
101	113	1	352.5	50	56	10	56	4	270
101	113	1	352.5	50	56	10	56	5	270
101	113	1	352.5	50	56	10	56	13	270
101	113	1	352.5	50	56	10	56	8	262.5
101	113	1	352.5	50	56	50	16	0	172.5
101	113	1	352.5	50	56	50	16	1	172.5
101	113	1	352.5	50	56	50	16	4	180
101	113	1	352.5	50	56	50	16	5	180
101	113	1	352.5	50	56	50	16	13	180
101	113	1	352.5	50	56	50	16	8	172.5
101	113	1	352.5	50	56	73	93	0	24.365977693603668
101	113	1	352.5	50	56	73	93	1	24.365977693603668
101	113	1	352.5	50	56	73	93	4	30
101	113	1	352.5	50	56	73	93	5	30
101	113	1	352.5	50	56	73	93	13	30
101	113	1	352.5	50	56	73	93	8	24.365977693603668
101	113	1	352.5	50	56	27	93	0	320.63402230639633
101	113	1	352.5	50	56	27	93	1	320.63402230639633
101	113	1	352.5	50	56	27	93	4	315
101	113	1	352.5	50	56	27	93	5	315
101	113	1	352.5	50	56	27	93	13	315
101	113	1	352.5	50	56	27	93	8	320.63402230639633
101	113	1	352.5	50	56	27	19	0	204.36597769360367
101	113	1	352.5	50	56	27	19	1	204.36597769360367
101	113	1	352.5	50	56	27	19	4	210
101	113	1	352.5	50	56	27	19	5	210
101	113	1	352.5	50	56	27	19	13	210
101	113	1	352.5	50	56	27	19	8	204.36597769360367
101	113	1	352.5	50	56	73	19	0	140.63402230639633
101	113	1	352.5	50	56	73	19	1	140.63402230639633
101	113	1	352.5	50	56	73	19	4	135
101	113	1	352.5	50	56	73	19	5	135
101	113	1	352.5	50	56	73	19	13	135
101	113	1	352.5	50	56	73	19	8	140.63402230639633
101	113	1	352.5	90	56	50	56	0	262.5
101	113	1	352.5	90	56	50	56	1	262.5
101	113	1	352.5	90	56	50	56	4	270
101	113	1	352.5	90	56	50	56	5	270
101	113	1	352.5	90	56	50	56	13	270
101	113	1	352.5	90	56	50	56	8	262.5
101	113	1	352.5	90	56	90	56	0	352.5
101	113	1	352.5	90	56	90	56	1	352.5
101	113	1	352.5	90	56	90	56	4	0
101	113	1	352.5	90	56	90	56	5	0
101	113	1	352.5	90	56	90	56	13	0
101	113	1	352.5	90	56	90	56	8	352.5
101	113	1	352.5	90	56	50	96	0	262.5
101	113	1	352.5	90	56	50	96	1	262.5
101	113	1	352.5	90	56	50	96	4	270
101	113	1	352.5	90	56	50	96	5	270
101	113	1	352.5	90	56	50	96	13	270
101	113	1	352.5	90	56	50	96	8	262.5
101	113	1	352.5	90	56	10	56	0	172.5
101	113	1	352.5	90	56	10	56	1	172.5
101	113	1	352.5	90	56	10	56	4	180
101	113	1	352.5	90	56	10	56	5	180
101	113	1	352.5	90	56	10	56	13	180
101	113	1	352.5	90	56	10	56	8	172.5
101	113	1	352.5	90	56	50	16	0	82.5
101	113	1	352.5	90	56	50	16	1	82.5
101	113	1	352.5	90	56	50	16	4	90
101	113	1	352.5	90	56	50	16	5	90
101	113	1	352.5	90	56	50	16	13	90
101	113	1	352.5	90	56	50	16	8	82.5
101	113	1	352.5	90	56	73	93	0	294.36597769360367
101	113	1	352.5	90	56	73	93	1	294.36597769360367
101	113	1	352.5	90	56	73	93	4	300
101	113	1	352.5	90	56	73	93	5	300
101	113	1	352.5	90	56	73	93	13	300
101	113	1	352.5	90	56	73	93	8	294.36597769360367
101	113	1	352.5	90	56	27	93	0	230.63402230639633
101	113	1	352.5	90	56	27	93	1	230.63402230639633
101	113	1	352.5	90	56	27	93	4	225
101	113	1	352.5	90	56	27	93	5	225
101	113	1	352.5	90	56	27	93	13	225
101	113	1	352.5	90	56	27	93	8	230.63402230639633
101	113	1	352.5	90	56	27	19	0	114.36597769360367
101	113	1	352.5	90	56	27	19	1	114.36597769360367
101	113	1	352.5	90	56	27	19	4	120
101	113	1	352.5	90	56	27	19	5	120
101	113	1	352.5	90	56	27	19	13	120
101	113	1	352.5	90	56	27	19	8	114.36597769360367
101	113	1	352.5	90	56	73	19	0	50.634022306396332
101	113	1	352.5	90	56	73	19	1	50.634022306396332
101	113	1	352.5	90	56	73	19	4	45
101	113	1	352.5	90	56	73	19	5	45
101	113	1	352.5	90	56	73	19	13	45
101	113	1	352.5	90	56	73	19	8	50.634022306396332
101	113	1	352.5	50	96	50	56	0	352.5
101	113	1	352.5	50	96	50	56	1	352.5
101	113	1	352.5	50	96	50	56	4	0
101	113	1	352.5	50	96	50	56	5	0
101	113	1	352.5	50	96	50	56	13	0
101	113	1	352.5	50	96	50	56	8	352.5
101	113	1	352.5	50	96	90	56	0	82.5
101	113	1	352.5	50	96	90	56	1	82.5
101	113	1	352.5	50	96	90	56	4	90
101	113	1	352.5	50	96	90	56	5	90
101	113	1	352.5	50	96	90	56	13	90
101	113	1	352.5	50	96	90	56	8	82.5
101	113	1	352.5	50	96	50	96	0	352.5
101	113	1	352.5	50	96	50	96	1	352.5
101	113	1	352.5	50	96	50	96	4	0
101	113	1	352.5	50	96	50	96	5	0
101	113	1	352.5	50	96	50	96	13	0
101	113	1	352.5	50	96	50	96	8	352.5
101	113	1	352.5	50	96	10	56	0	262.5
101	113	1	352.5	50	96	10	56	1	262.5
101	113	1	352.5	50	96	10	56	4	270
101	113	1	352.5	50	96	10	56	5	270
101	113	1	352.5	50	96	10	56	13	270
101	113	1	352.5	50	96	10	56	8	262.5
101	113	1	352.5	50	96	50	16	0	172.5
101	113	1	352.5	50	96	50	16	1	172.5
101	113	1	352.5	50	96	50	16	4	180
101	113	1	352.5	50	96	50	16	5	180
101	113	1	352.5	50	96	50	16	13	180
101	113	1	352.5	50	96	50	16	8	172.5
101	113	1	352.5	50	96	73	93	0	24.365977693603668
101	113	1	352.5	50	96	73	93	1	24.365977693603668
101	113	1	352.5	50	96	73	93	4	30
101	113	1	352.5	50	96	73	93	5	30
101	113	1	352.5	50	96	73	93	13	30
101	113	1	352.5	50	96	73	93	8	24.365977693603668
101	113	1	352.5	50	96	27	93	0	320.63402230639633
101	113	1	352.5	50	96	27	93	1	320.63402230639633
101	113	1	352.5	50	96	27	93	4	315
101	113	1	352.5	50	96	27	93	5	315
101	113	1	352.5	50	96	27	93	13	315
101	113	1	352.5	50	96	27	93	8	320.63402230639633
101	113	1	352.5	50	96	27	19	0	204.36597769360367
101	113	1	352.5	50	96	27	19	1	204.36597769360367
101	113	1	352.5	50	96	27	19	4	210
101	113	1	352.5	50	96	27	19	5	210
101	113	1	352.5	50	96	27	19	13	210
101	113	1	352.5	50	96	27	19	8	204.36597769360367
101	113	1	352.5	50	96	73	19	0	140.63402230639633
101	113	1	352.5	50	96	73	19	1	140.63402230639633
101	113	1	352.5	50	96	73	19	4	135
101	113	1	352.5	50	96	73	19	5	135
101	113	1	352.5	50	96	73	19	13	135
101	113	1	352.5	50	96	73	19	8	140.63402230639633
101	113	1	352.5	10	56	50	56	0	82.5
101	113	1	352.5	10	56	50	56	1	82.5
101	113	1	352.5	10	56	50	56	4	90
101	113	1	352.5	10	56	50	56	5	90
101	113	1	352.5	10	56	50	56	13	90
101	113	1	352.5	10	56	50	56	8	82.5
101	113	1	352.5	10	56	90	56	0	172.5
101	113	1	352.5	10	56	90	56	1	172.5
101	113	1	352.5	10	56	90	56	4	180
101	113	1	352.5	10	56	90	56	5	180
101	113	1	352.5	10	56	90	56	13	180
101	113	1	352.5	10	56	90	56	8	172.5
101	113	1	352.5	10	56	50	96	0	82.5
101	113	1	352.5	10	56	50	96	1	82.5
101	113	1	352.5	10	56	50	96	4	90
101	113	1	352.5	10	56	50	96	5	90
101	113	1	352.5	10	56	50	96	13	90
101	113	1	352.5	10	56	50	96	8	82.5
101	113	1	352.5	10	56	10	56	0	352.5
101	113	1	352.5	10	56	10	56	1	352.5
101	113	1	352.5	10	56	10	56	4	0
101	113	1	352.5	10	56	10	56	5	0
101	113	1	352.5	10	56	10	56	13	0
101	113	1	352.5	10	56	10	56	8	352.5
101	113	1	352.5	10	56	50	16	0	262.5
101	113	1	352.5	10	56	50	16	1	262.5
101	113	1	352.5	10	56	50	16	4	270
101	113	1	352.5	10	56	50	16	5	270
101	113	1	352.5	10	56	50	16	13	270
101	113	1	352.5	10	56	50	16	8	262.5
101	113	1	352.5	10	56	73	93	0	114.36597769360367
101	113	1	352.5	10	56	73	93	1	114.36597769360367
101	113	1	352.5	10	56	73	93	4	120
101	113	1	352.5	10	56	73	93	5	120
101	113	1	352.5	10	56	73	93	13	120
101	113	1	352.5	10	56	73	93	8	114.36597769360367
101	113	1	352.5	10	56	27	93	0	50.634022306396332
101	113	1	352.5	10	56	27	93	1	50.634022306396332
101	113	1	352.5	10	56	27	93	4	45
101	113	1	352.5	10	56	27	93	5	45
101	113	1	352.5	10	56	27	93	13	45
101	113	1	352.5	10	56	27	93	8	50.634022306396332
101	113	1	352.5	10	56	27	19	0	294.36597769360367
101	113	1	352.5	10	56	27	19	1	294.36597769360367
101	113	1	352.5	10	56	27	19	4	300
101	113	1	352.5	10	56	27	19	5	300
101	113	1	352.5	10	56	27	19	13	300
101	113	1	352.5	10	56	27	19	8	294.36597769360367
101	113	1	352.5	10	56	73	19	0	230.63402230639633
101	113	1	352.5	10	56	73	19	1	230.63402230639633
101	113	1	352.5	10	56	73	19	4	225
101	113	1	352.5	10	56	73	19	5	225
101	113	1	352.5	10	56	73	19	13	225
101	113	1	352.5	10	56	73	19	8	230.63402230639633
101	113	1	359.99900000000002	50	56	50	56	0	359.99900000000002
101	113	1	359.99900000000002	50	56	50	56	1	359.99900000000002
101	113	1	359.99900000000002	50	56	50	56	4	0
101	113	1	359.99900000000002	50	56	50	56	5	0
101	113	1	359.99900000000002	50	56	50	56	13	0
101	113	1	359.99900000000002	50	56	50	56	8	359.99900000000002
101	113	1	359.99900000000002	50	56	90	56	0	89.999000000000024
101	113	1	359.99900000000002	50	56	90	56	1	89.999000000000024
101	113	1	359.99900000000002	50	56	90	56	4	90
101	113	1	359.99900000000002	50	56	90	56	5	90
101	113	1	359.99900000000002	50	56	90	56	13	90
101	113	1	359.99900000000002	50	56	90	56	8	89.999000000000024
101	113	1	359.99900000000002	50	56	50	96	0	359.99900000000002
101	113	1	359.99900000000002	50	56	50	96	1	359.99900000000002
101	113	1	359.99900000000002	50	56	50	96	4	0
101	113	1	359.99900000000002	50	56	50	96	5	0
101	113	1	359.99900000000002	50	56	50	96	13	0
101	113	1	359.99900000000002	50	56	50	96	8	359.99900000000002
101	113	1	359.99900000000002	50	56	10	56	0	269.99900000000002
101	113	1	359.99900000000002	50	56	10	56	1	269.99900000000002
101	113	1	359.99900000000002	50	56	10	56	4	270
101	113	1	359.99900000000002	50	56	10	56	5	270
101	113	1	359.99900000000002	50	56	10	56	13	270
101	113	1	359.99900000000002	50	56	10	56	8	269.99900000000002
101	113	1	359.99900000000002	50	56	50	16	0	179.99900000000002
101	113	1	359.99900000000002	50	56	50	16	1	179.99900000000002
101	113	1	359.99900000000002	50	56	50	16	4	180
101	113	1	359.99900000000002	50	56	50	16	5	180
101	113	1	359.99900000000002	50	56	50	16	13	180
101	113	1	359.99900000000002	50	56	50	16	8	179.99900000000002
101	113	1	359.99900000000002	50	56	73	93	0	31.864977693603691
101	113	1	359.99900000000002	50	56	73	93	1	31.864977693603691
101	113	1	359.99900000000002	50	56	73	93	4	30
101	113	1	359.99900000000002	50	56	73	93	5	30
101	113	1	359.99900000000002	50	56	73	93	13	30
101	113	1	359.99900000000002	50	56	73	93	8	31.864977693603691
101	113	1	359.99900000000002	50	56	27	93	0	328.13302230639636
101	113	1	359.99900000000002	50	56	27	93	1	328.13302230639636
101	113	1	359.99900000000002	50	56	27	93	4	330
101	113	1	359.99900000000002	50	56	27	93	5	330
101	113	1	359.99900000000002	50	56	27	93	13	330
101	113	1	359.99900000000002	50	56	27	93	8	328.13302230639636
101	113	1	359.99900000000002	50	56	27	19	0	211.86497769360369
101	113	1	359.99900000000002	50	56	27	19	1	211.86497769360369
101	113	1	359.99900000000002	50	56	27	19	4	210
101	113	1	359.99900000000002	50	56	27	19	5	210
101	113	1	359.99900000000002	50	56	27	19	13	210
101	113	1	359.99900000000002	50	56	27	19	8	211.86497769360369
101	113	1	359.99900000000002	50	56	73	19	0	148.13302230639636
101	113	1	359.99900000000002	50	56	73	19	1	148.13302230639636
101	113	1	359.99900000000002	50	56	73	19	4	150
101	113	1	359.99900000000002	50	56	73	19	5	150
101	113	1	359.99900000000002	50	56	73	19	13	150
101	113	1	359.99900000000002	50	56	73	19	8	148.13302230639636
101	113	1	359.99900000000002	90	56	50	56	0	269.99900000000002
101	113	1	359.99900000000002	90	56	50	56	1	269.99900000000002
101	113	1	359.99900000000002	90	56	50	56	4	270
101	113	1	359.99900000000002	90	56	50	56	5	270
101	113	1	359.99900000000002	90	56	50	56	13	270
101	113	1	359.99900000000002	90	56	50	56	8	269.99900000000002
101	113	1	359.99900000000002	90	56	90	56	0	359.99900000000002
101	113	1	359.99900000000002	90	56	90	56	1	359.99900000000002
101	113	1	359.99900000000002	90	56	90	56	4	0
101	113	1	359.99900000000002	90	56	90	56	5	0
101	113	1	359.99900000000002	90	56	90	56	13	0
101	113	1	359.99900000000002	90	56	90	56	8	359.99900000000002
101	113	1	359.99900000000002	90	56	50	96	0	269.99900000000002
101	113	1	359.99900000000002	90	56	50	96	1	269.99900000000002
101	113	1	359.99900000000002	90	56	50	96	4	270
101	113	1	359.99900000000002	90	56	50	96	5	270
101	113	1	359.99900000000002	90	56	50	96	13	270
101	113	1	359.99900000000002	90	56	50	96	8	269.99900000000002
101	113	1	359.99900000000002	90	56	10	56	0	179.99900000000002
101	113	1	359.99900000000002	90	56	10	56	1	179.99900000000002
101	113	1	359.99900000000002	90	56	10	56	4	180
101	113	1	359.99900000000002	90	56	10	56	5	180
101	113	1	359.99900000000002	90	56	10	56	13	180
101	113	1	359.99900000000002	90	56	10	56	8	179.99900000000002
101	113	1	359.99900000000002	90	56	50	16	0	89.999000000000024
101	113	1	359.99900000000002	90	56	50	16	1	89.999000000000024
101	113	1	359.99900000000002	90	56	50	16	4	90
101	113	1	359.99900000000002	90	56	50	16	5	90
101	113	1	359.99900000000002	90	56	50	16	13	90
101	113	1	359.99900000000002	90	56	50	16	8	89.999000000000024
101	113	1	359.99900000000002	90	56	73	93	0	301.86497769360369
101	113	1	359.99900000000002	90	56	73	93	1	301.86497769360369
101	113	1	359.99900000000002	90	56	73	93	4	300
101	113	1	359.99900000000002	90	56	73	93	5	300
101	113	1	359.99900000000002	90	56	73	93	13	300
101	113	1	359.99900000000002	90	56	73	93	8	301.86497769360369
101	113	1	359.99900000000002	90	56	27	93	0	238.13302230639636
101	113	1	359.99900000000002	90	56	27	93	1	238.13302230639636
101	113	1	359.99900000000002	90	56	27	93	4	240
101	113	1	359.99900000000002	90	56	27	93	5	240
101	113	1	359.99900000000002	90	56	27	93	13	240
101	113	1	359.99900000000002	90	56	27	93	8	238.13302230639636
101	113	1	359.99900000000002	90	56	27	19	0	121.86497769360369
101	113	1	359.99900000000002	90	56	27	19	1	121.86497769360369
101	113	1	359.99900000000002	90	56	27	19	4	120
101	113	1	359.99900000000002	90	56	27	19	5	120
101	113	1	359.99900000000002	90	56	27	19	13	120
101	113	1	359.99900000000002	90	56	27	19	8	121.86497769360369
101	113	1	359.99900000000002	90	56	73	19	0	58.133022306396356
101	113	1	359.99900000000002	90	56	73	19	1	58.133022306396356
101	113	1	359.99900000000002	90	56	73	19	4	60
101	113	1	359.99900000000002	90	56	73	19	5	60
101	113	1	359.99900000000002	90	56	73	19	13	60
101	113	1	359.99900000000002	90	56	73	19	8	58.133022306396356
101	113	1	359.99900000000002	50	96	50	56	0	359.99900000000002
101	113	1	359.99900000000002	50	96	50	56	1	359.99900000000002
101	113	1	359.99900000000002	50	96	50	56	4	0
101	113	1	359.99900000000002	50	96	50	56	5	0
101	113	1	359.99900000000002	50	96	50	56	13	0
101	113	1	359.99900000000002	50	96	50	56	8	359.99900000000002
101	113	1	359.99900000000002	50	96	90	56	0	89.999000000000024
101	113	1	359.99900000000002	50	96	90	56	1	89.999000000000024
101	113	1	359.99900000000002	50	96	90	56	4	90
101	113	1	359.99900000000002	50	96	90	56	5	90
101	113	1	359.99900000000002	50	96	90	56	13	90
101	113	1	359.99900000000002	50	96	90	56	8	89.999000000000024
101	113	1	359.99900000000002	50	96	50	96	0	359.99900000000002
101	113	1	359.99900000000002	50	96	50	96	1	359.99900000000002
101	113	1	359.99900000000002	50	96	50	96	4	0
101	113	1	359.99900000000002	50	96	50	96	5	0
101	113	1	359.99900000000002	50	96	50	96	13	0
101	113	1	359.99900000000002	50	96	50	96	8	359.99900000000002
101	113	1	359.99900000000002	50	96	10	56	0	269.99900000000002
101	113	1	359.99900000000002	50	96	10	56	1	269.99900000000002
101	113	1	359.99900000000002	50	96	10	56	4	270
101	113	1	359.99900000000002	50	96	10	56	5	270
101	113	1	359.99900000000002	50	96	10	56	13	270
101	113	1	359.99900000000002	50	96	10	56	8	269.99900000000002
101	113	1	359.99900000000002	50	96	50	16	0	179.99900000000002
101	113	1	359.99900000000002	50	96	50	16	1	179.99900000000002
101	113	1	359.99900000000002	50	96	50	16	4	180
101	113	1	359.99900000000002	50	96	50	16	5	180
101	113	1	359.99900000000002	50	96	50	16	13	180
101	113	1	359.99900000000002	50	96	50	16	8	179.99900000000002
101	113	1	359.99900000000002	50	96	73	93	0	31.864977693603691
101	113	1	359.99900000000002	50	96	73	93	1	31.864977693603691
101	113	1	359.99900000000002	50	96	73	93	4	30
101	113	1	359.99900000000002	50	96	73	93	5	30
101	113	1	359.99900000000002	50	96	73	93	13	30
101	113	1	359.99900000000002	50	96	73	93	8	31.864977693603691
101	113	1	359.99900000000002	50	96	27	93	0	328.13302230639636
101	113	1	359.99900000000002	50	96	27	93	1	328.13302230639636
101	113	1	359.99900000000002	50	96	27	93	4	330
101	113	1	359.99900000000002	50	96	27	93	5	330
101	113	1	359.99900000000002	50	96	27	93	13	330
101	113	1	359.99900000000002	50	96	27	93	8	328.13302230639636
101	113	1	359.99900000000002	50	96	27	19	0	211.86497769360369
101	113	1	359.99900000000002	50	96	27	19	1	211.86497769360369
101	113	1	359.99900000000002	50	96	27	19	4	210
101	113	1	359.99900000000002	50	96	27	19	5	210
101	113	1	359.99900000000002	50	96	27	19	13	210
101	113	1	359.99900000000002	50	96	27	19	8	211.86497769360369
101	113	1	359.99900000000002	50	96	73	19	0	148.13302230639636
101	113	1	359.99900000000002	50	96	73	19	1	148.13302230639636
101	113	1	359.99900000000002	50	96	73	19	4	150
101	113	1	359.99900000000002	50	96	73	19	5	150
101	113	1	359.99900000000002	50	96	73	19	13	150
101	113	1	359.99900000000002	50	96	73	19	8	148.13302230639636
101	113	1	359.99900000000002	10	56	50	56	0	89.999000000000024
101	113	1	359.99900000000002	10	56	50	56	1	89.999000000000024
101	113	1	359.99900000000002	10	56	50	56	4	90
101	113	1	359.99900000000002	10	56	50	56	5	90
101	113	1	359.99900000000002	10	56	50	56	13	90
101	113	1	359.99900000000002	10	56	50	56	8	89.999000000000024
101	113	1	359.99900000000002	10	56	90	56	0	179.99900000000002
101	113	1	359.99900000000002	10	56	90	56	1	179.99900000000002
101	113	1	359.99900000000002	10	56	90	56	4	180
101	113	1	359.99900000000002	10	56	90	56	5	180
101	113	1	359.99900000000002	10	56	90	56	13	180
101	113	1	359.99900000000002	10	56	90	56	8	179.99900000000002
101	113	1	359.99900000000002	10	56	50	96	0	89.999000000000024
101	113	1	359.99900000000002	10	56	50	96	1	89.999000000000024
101	113	1	359.99900000000002	10	56	50	96	4	90
101	113	1	359.99900000000002	10	56	50	96	5	90
101	113	1	359.99900000000002	10	56	50	96	13	90
101	113	1	359.99900000000002	10	56	50	96	8	89.999000000000024
101	113	1	359.99900000000002	10	56	10	56	0	359.99900000000002
101	113	1	359.99900000000002	10	56	10	56	1	359.99900000000002
101	113	1	359.99900000000002	10	56	10	56	4	0
101	113	1	359.99900000000002	10	56	10	56	5	0
101	113	1	359.99900000000002	10	56	10	56	13	0
101	113	1	359.99900000000002	10	56	10	56	8	359.99900000000002
101	113	1	359.99900000000002	10	56	50	16	0	269.99900000000002
101	113	1	359.99900000000002	10	56	50	16	1	269.99900000000002
101	113	1	359.99900000000002	10	56	50	16	4	270
101	113	1	359.99900000000002	10	56	50	16	5	270
101	113	1	359.99900000000002	10	56	50	16	13	270
101	113	1	359.99900000000002	10	56	50	16	8	269.99900000000002
101	113	1	359.99900000000002	10	56	73	93	0	121.86497769360369
101	113	1	359.99900000000002	10	56	73	93	1	121.86497769360369
101	113	1	359.99900000000002	10	56	73	93	4	120
101	113	1	359.99900000000002	10	56	73	93	5	120
101	113	1	359.99900000000002	10	56	73	93	13	120
101	113	1	359.99900000000002	10	56	73	93	8	121.86497769360369
101	113	1	359.99900000000002	10	56	27	93	0	58.133022306396356
101	113	1	359.99900000000002	10	56	27	93	1	58.133022306396356
101	113	1	359.99900000000002	10	56	27	93	4	60
101	113	1	359.99900000000002	10	56	27	93	5	60
101	113	1	359.99900000000002	10	56	27	93	13	60
101	113	1	359.99900000000002	10	56	27	93	8	58.133022306396356
101	113	1	359.99900000000002	10	56	27	19	0	301.86497769360369
101	113	1	359.99900000000002	10	56	27	19	1	301.86497769360369
101	113	1	359.99900000000002	10	56	27	19	4	300
101	113	1	359.99900000000002	10	56	27	19	5	300
101	113	1	359.99900000000002	10	56	27	19	13	300
101	113	1	359.99900000000002	10	56	27	19	8	301.86497769360369
101	113	1	359.99900000000002	10	56	73	19	0	238.13302230639636
101	113	1	359.99900000000002	10	56	73	19	1	238.13302230639636
101	113	1	359.99900000000002	10	56	73	19	4	240
101	113	1	359.99900000000002	10	56	73	19	5	240
101	113	1	359.99900000000002	10	56	73	19	13	240
101	113	1	359.99900000000002	10	56	73	19	8	238.13302230639636
